timestamp,returns
2019-06-15 20:00:00+00:00,0.0
2019-06-15 21:00:00+00:00,0.0
2019-06-15 22:00:00+00:00,0.0
2019-06-15 23:00:00+00:00,0.0
2019-06-16 00:00:00+00:00,0.0
2019-06-16 01:00:00+00:00,0.0
2019-06-16 02:00:00+00:00,0.0
2019-06-16 03:00:00+00:00,0.0
2019-06-16 04:00:00+00:00,0.0
2019-06-16 05:00:00+00:00,0.0
2019-06-16 06:00:00+00:00,0.0
2019-06-16 07:00:00+00:00,0.0
2019-06-16 08:00:00+00:00,0.0
2019-06-16 09:00:00+00:00,0.0
2019-06-16 10:00:00+00:00,0.0
2019-06-16 11:00:00+00:00,0.0
2019-06-16 12:00:00+00:00,0.0
2019-06-16 13:00:00+00:00,0.0
2019-06-16 14:00:00+00:00,0.0
2019-06-16 15:00:00+00:00,0.0
2019-06-16 16:00:00+00:00,0.0
2019-06-16 17:00:00+00:00,0.0
2019-06-16 18:00:00+00:00,0.0
2019-06-16 19:00:00+00:00,0.0
2019-06-16 20:00:00+00:00,0.0
2019-06-16 21:00:00+00:00,0.0
2019-06-16 22:00:00+00:00,0.0
2019-06-16 23:00:00+00:00,0.0
2019-06-17 00:00:00+00:00,0.0
2019-06-17 01:00:00+00:00,0.0
2019-06-17 02:00:00+00:00,0.0
2019-06-17 03:00:00+00:00,0.0
2019-06-17 04:00:00+00:00,0.0
2019-06-17 05:00:00+00:00,0.0
2019-06-17 06:00:00+00:00,0.0
2019-06-17 07:00:00+00:00,0.0
2019-06-17 08:00:00+00:00,0.0
2019-06-17 09:00:00+00:00,0.0
2019-06-17 10:00:00+00:00,0.0
2019-06-17 11:00:00+00:00,0.0
2019-06-17 12:00:00+00:00,0.0
2019-06-17 13:00:00+00:00,0.0
2019-06-17 14:00:00+00:00,0.0
2019-06-17 15:00:00+00:00,0.0
2019-06-17 16:00:00+00:00,0.0
2019-06-17 17:00:00+00:00,0.0
2019-06-17 18:00:00+00:00,0.0
2019-06-17 19:00:00+00:00,0.0
2019-06-17 20:00:00+00:00,0.0
2019-06-17 21:00:00+00:00,0.0
2019-06-17 22:00:00+00:00,0.0
2019-06-17 23:00:00+00:00,0.0
2019-06-18 00:00:00+00:00,0.0
2019-06-18 01:00:00+00:00,0.0
2019-06-18 02:00:00+00:00,0.0
2019-06-18 03:00:00+00:00,0.0
2019-06-18 04:00:00+00:00,0.0
2019-06-18 05:00:00+00:00,-0.031958124485492956
2019-06-18 06:00:00+00:00,0.0
2019-06-18 07:00:00+00:00,0.0
2019-06-18 08:00:00+00:00,0.0
2019-06-18 09:00:00+00:00,0.0
2019-06-18 10:00:00+00:00,0.0
2019-06-18 11:00:00+00:00,-0.034411920769175014
2019-06-18 12:00:00+00:00,0.0
2019-06-18 13:00:00+00:00,0.0
2019-06-18 14:00:00+00:00,0.0
2019-06-18 15:00:00+00:00,0.0
2019-06-18 16:00:00+00:00,0.0
2019-06-18 17:00:00+00:00,0.0
2019-06-18 18:00:00+00:00,0.0
2019-06-18 19:00:00+00:00,0.0
2019-06-18 20:00:00+00:00,0.0
2019-06-18 21:00:00+00:00,0.0
2019-06-18 22:00:00+00:00,0.0
2019-06-18 23:00:00+00:00,0.0
2019-06-19 00:00:00+00:00,0.0
2019-06-19 01:00:00+00:00,0.0
2019-06-19 02:00:00+00:00,0.0
2019-06-19 03:00:00+00:00,0.0
2019-06-19 04:00:00+00:00,0.0
2019-06-19 05:00:00+00:00,0.0
2019-06-19 06:00:00+00:00,0.0
2019-06-19 07:00:00+00:00,0.0
2019-06-19 08:00:00+00:00,0.0
2019-06-19 09:00:00+00:00,0.0
2019-06-19 10:00:00+00:00,0.0
2019-06-19 11:00:00+00:00,0.0
2019-06-19 12:00:00+00:00,0.0
2019-06-19 13:00:00+00:00,0.0
2019-06-19 14:00:00+00:00,0.0
2019-06-19 15:00:00+00:00,0.0
2019-06-19 16:00:00+00:00,0.0
2019-06-19 17:00:00+00:00,0.0
2019-06-19 18:00:00+00:00,0.0
2019-06-19 19:00:00+00:00,0.0
2019-06-19 20:00:00+00:00,0.0
2019-06-19 21:00:00+00:00,0.0
2019-06-19 22:00:00+00:00,0.0
2019-06-19 23:00:00+00:00,0.0
2019-06-20 00:00:00+00:00,0.0
2019-06-20 01:00:00+00:00,0.0
2019-06-20 02:00:00+00:00,0.0
2019-06-20 03:00:00+00:00,0.0
2019-06-20 04:00:00+00:00,0.0
2019-06-20 05:00:00+00:00,0.0
2019-06-20 06:00:00+00:00,0.0
2019-06-20 07:00:00+00:00,0.0
2019-06-20 08:00:00+00:00,0.0
2019-06-20 09:00:00+00:00,0.0
2019-06-20 10:00:00+00:00,0.0
2019-06-20 11:00:00+00:00,0.0
2019-06-20 12:00:00+00:00,0.0
2019-06-20 13:00:00+00:00,0.0
2019-06-20 14:00:00+00:00,0.0
2019-06-20 15:00:00+00:00,0.0
2019-06-20 16:00:00+00:00,0.0
2019-06-20 17:00:00+00:00,0.0
2019-06-20 18:00:00+00:00,0.0
2019-06-20 19:00:00+00:00,0.0
2019-06-20 20:00:00+00:00,0.0
2019-06-20 21:00:00+00:00,0.0
2019-06-20 22:00:00+00:00,0.0
2019-06-20 23:00:00+00:00,0.0
2019-06-21 00:00:00+00:00,0.0
2019-06-21 01:00:00+00:00,0.0
2019-06-21 02:00:00+00:00,0.0
2019-06-21 03:00:00+00:00,0.0
2019-06-21 04:00:00+00:00,0.0
2019-06-21 05:00:00+00:00,0.0
2019-06-21 06:00:00+00:00,0.0
2019-06-21 07:00:00+00:00,0.0
2019-06-21 08:00:00+00:00,0.0
2019-06-21 09:00:00+00:00,0.0
2019-06-21 10:00:00+00:00,0.0
2019-06-21 11:00:00+00:00,0.0
2019-06-21 12:00:00+00:00,0.0
2019-06-21 13:00:00+00:00,0.0
2019-06-21 14:00:00+00:00,0.0
2019-06-21 15:00:00+00:00,0.0
2019-06-21 16:00:00+00:00,0.0
2019-06-21 17:00:00+00:00,0.0
2019-06-21 18:00:00+00:00,0.0
2019-06-21 19:00:00+00:00,0.0
2019-06-21 20:00:00+00:00,0.0
2019-06-21 21:00:00+00:00,0.0
2019-06-21 22:00:00+00:00,0.0
2019-06-21 23:00:00+00:00,0.0
2019-06-22 00:00:00+00:00,0.0
2019-06-22 01:00:00+00:00,0.0
2019-06-22 02:00:00+00:00,0.0
2019-06-22 03:00:00+00:00,0.0
2019-06-22 04:00:00+00:00,0.0
2019-06-22 05:00:00+00:00,0.0
2019-06-22 06:00:00+00:00,0.0
2019-06-22 07:00:00+00:00,0.0
2019-06-22 08:00:00+00:00,0.0
2019-06-22 09:00:00+00:00,0.0
2019-06-22 10:00:00+00:00,0.0
2019-06-22 11:00:00+00:00,0.0
2019-06-22 12:00:00+00:00,0.0
2019-06-22 13:00:00+00:00,0.0
2019-06-22 14:00:00+00:00,0.0
2019-06-22 15:00:00+00:00,0.0
2019-06-22 16:00:00+00:00,0.0
2019-06-22 17:00:00+00:00,0.0
2019-06-22 18:00:00+00:00,0.0
2019-06-22 19:00:00+00:00,0.0
2019-06-22 20:00:00+00:00,0.0
2019-06-22 21:00:00+00:00,0.0
2019-06-22 22:00:00+00:00,0.0
2019-06-22 23:00:00+00:00,0.0
2019-06-23 00:00:00+00:00,0.0
2019-06-23 01:00:00+00:00,0.0
2019-06-23 02:00:00+00:00,0.0
2019-06-23 03:00:00+00:00,0.0
2019-06-23 04:00:00+00:00,0.0
2019-06-23 05:00:00+00:00,0.0
2019-06-23 06:00:00+00:00,0.0
2019-06-23 07:00:00+00:00,0.0
2019-06-23 08:00:00+00:00,0.0
2019-06-23 09:00:00+00:00,-0.035903202274948684
2019-06-23 10:00:00+00:00,0.0
2019-06-23 11:00:00+00:00,0.0
2019-06-23 12:00:00+00:00,0.0
2019-06-23 13:00:00+00:00,0.0
2019-06-23 14:00:00+00:00,0.0
2019-06-23 15:00:00+00:00,0.0
2019-06-23 16:00:00+00:00,0.0
2019-06-23 17:00:00+00:00,0.0
2019-06-23 18:00:00+00:00,0.0
2019-06-23 19:00:00+00:00,0.0
2019-06-23 20:00:00+00:00,0.0
2019-06-23 21:00:00+00:00,0.0
2019-06-23 22:00:00+00:00,0.0
2019-06-23 23:00:00+00:00,0.0
2019-06-24 00:00:00+00:00,-0.04150506971211438
2019-06-24 01:00:00+00:00,0.0
2019-06-24 02:00:00+00:00,0.0
2019-06-24 03:00:00+00:00,0.0
2019-06-24 04:00:00+00:00,0.0
2019-06-24 05:00:00+00:00,0.0
2019-06-24 06:00:00+00:00,0.0
2019-06-24 07:00:00+00:00,0.0
2019-06-24 08:00:00+00:00,0.0
2019-06-24 09:00:00+00:00,0.0
2019-06-24 10:00:00+00:00,0.0
2019-06-24 11:00:00+00:00,0.0
2019-06-24 12:00:00+00:00,0.0
2019-06-24 13:00:00+00:00,0.0
2019-06-24 14:00:00+00:00,0.0
2019-06-24 15:00:00+00:00,0.0
2019-06-24 16:00:00+00:00,0.0
2019-06-24 17:00:00+00:00,0.0
2019-06-24 18:00:00+00:00,0.0
2019-06-24 19:00:00+00:00,0.0
2019-06-24 20:00:00+00:00,0.0
2019-06-24 21:00:00+00:00,0.0
2019-06-24 22:00:00+00:00,0.0
2019-06-24 23:00:00+00:00,0.0
2019-06-25 00:00:00+00:00,0.0
2019-06-25 01:00:00+00:00,0.0
2019-06-25 02:00:00+00:00,0.0
2019-06-25 03:00:00+00:00,0.0
2019-06-25 04:00:00+00:00,0.0
2019-06-25 05:00:00+00:00,0.0
2019-06-25 06:00:00+00:00,0.0
2019-06-25 07:00:00+00:00,0.0
2019-06-25 08:00:00+00:00,0.0
2019-06-25 09:00:00+00:00,0.0
2019-06-25 10:00:00+00:00,0.0
2019-06-25 11:00:00+00:00,0.0
2019-06-25 12:00:00+00:00,0.0
2019-06-25 13:00:00+00:00,0.0
2019-06-25 14:00:00+00:00,0.0
2019-06-25 15:00:00+00:00,0.0
2019-06-25 16:00:00+00:00,0.0
2019-06-25 17:00:00+00:00,0.0
2019-06-25 18:00:00+00:00,0.0
2019-06-25 19:00:00+00:00,0.0
2019-06-25 20:00:00+00:00,0.0
2019-06-25 21:00:00+00:00,0.0
2019-06-25 22:00:00+00:00,0.0
2019-06-25 23:00:00+00:00,0.0
2019-06-26 00:00:00+00:00,0.0
2019-06-26 01:00:00+00:00,0.0
2019-06-26 02:00:00+00:00,0.0
2019-06-26 03:00:00+00:00,0.0
2019-06-26 04:00:00+00:00,0.0
2019-06-26 05:00:00+00:00,0.0
2019-06-26 06:00:00+00:00,0.0
2019-06-26 07:00:00+00:00,0.0
2019-06-26 08:00:00+00:00,0.0
2019-06-26 09:00:00+00:00,0.0
2019-06-26 10:00:00+00:00,0.0
2019-06-26 11:00:00+00:00,0.0
2019-06-26 12:00:00+00:00,0.0
2019-06-26 13:00:00+00:00,0.0
2019-06-26 14:00:00+00:00,0.0
2019-06-26 15:00:00+00:00,0.0
2019-06-26 16:00:00+00:00,0.0
2019-06-26 17:00:00+00:00,0.0
2019-06-26 18:00:00+00:00,0.0
2019-06-26 19:00:00+00:00,0.0
2019-06-26 20:00:00+00:00,0.0
2019-06-26 21:00:00+00:00,0.0
2019-06-26 22:00:00+00:00,0.0
2019-06-26 23:00:00+00:00,0.0
2019-06-27 00:00:00+00:00,0.0
2019-06-27 01:00:00+00:00,0.0
2019-06-27 02:00:00+00:00,0.0
2019-06-27 03:00:00+00:00,0.0
2019-06-27 04:00:00+00:00,0.0
2019-06-27 05:00:00+00:00,0.0
2019-06-27 06:00:00+00:00,0.0
2019-06-27 07:00:00+00:00,0.0
2019-06-27 08:00:00+00:00,0.0
2019-06-27 09:00:00+00:00,0.0
2019-06-27 10:00:00+00:00,0.0
2019-06-27 11:00:00+00:00,0.0
2019-06-27 12:00:00+00:00,0.0
2019-06-27 13:00:00+00:00,0.0
2019-06-27 14:00:00+00:00,0.0
2019-06-27 15:00:00+00:00,0.0
2019-06-27 16:00:00+00:00,0.0
2019-06-27 17:00:00+00:00,0.0
2019-06-27 18:00:00+00:00,0.0
2019-06-27 19:00:00+00:00,0.0
2019-06-27 20:00:00+00:00,0.0
2019-06-27 21:00:00+00:00,0.0
2019-06-27 22:00:00+00:00,0.0
2019-06-27 23:00:00+00:00,0.0
2019-06-28 00:00:00+00:00,0.0
2019-06-28 01:00:00+00:00,0.0
2019-06-28 02:00:00+00:00,0.0
2019-06-28 03:00:00+00:00,0.0
2019-06-28 04:00:00+00:00,0.0
2019-06-28 05:00:00+00:00,0.0
2019-06-28 06:00:00+00:00,0.0
2019-06-28 07:00:00+00:00,0.0
2019-06-28 08:00:00+00:00,0.0
2019-06-28 09:00:00+00:00,0.0
2019-06-28 10:00:00+00:00,0.0
2019-06-28 11:00:00+00:00,0.0
2019-06-28 12:00:00+00:00,0.0
2019-06-28 13:00:00+00:00,0.0
2019-06-28 14:00:00+00:00,0.0
2019-06-28 15:00:00+00:00,0.0
2019-06-28 16:00:00+00:00,0.0
2019-06-28 17:00:00+00:00,0.0
2019-06-28 18:00:00+00:00,0.0
2019-06-28 19:00:00+00:00,0.0
2019-06-28 20:00:00+00:00,0.0
2019-06-28 21:00:00+00:00,0.0
2019-06-28 22:00:00+00:00,0.0
2019-06-28 23:00:00+00:00,0.0
2019-06-29 00:00:00+00:00,0.0
2019-06-29 01:00:00+00:00,0.0
2019-06-29 02:00:00+00:00,0.0
2019-06-29 03:00:00+00:00,0.0
2019-06-29 04:00:00+00:00,0.0
2019-06-29 05:00:00+00:00,0.0
2019-06-29 06:00:00+00:00,0.0
2019-06-29 07:00:00+00:00,0.0
2019-06-29 08:00:00+00:00,0.0
2019-06-29 09:00:00+00:00,0.0
2019-06-29 10:00:00+00:00,0.0
2019-06-29 11:00:00+00:00,0.0
2019-06-29 12:00:00+00:00,0.0
2019-06-29 13:00:00+00:00,0.0
2019-06-29 14:00:00+00:00,0.0
2019-06-29 15:00:00+00:00,0.0
2019-06-29 16:00:00+00:00,0.0
2019-06-29 17:00:00+00:00,0.0
2019-06-29 18:00:00+00:00,0.0
2019-06-29 19:00:00+00:00,0.0
2019-06-29 20:00:00+00:00,0.0
2019-06-29 21:00:00+00:00,0.0
2019-06-29 22:00:00+00:00,0.0
2019-06-29 23:00:00+00:00,0.0
2019-06-30 00:00:00+00:00,0.08798037385034238
2019-06-30 01:00:00+00:00,0.0
2019-06-30 02:00:00+00:00,0.0
2019-06-30 03:00:00+00:00,0.0
2019-06-30 04:00:00+00:00,0.0
2019-06-30 05:00:00+00:00,0.0
2019-06-30 06:00:00+00:00,0.0
2019-06-30 07:00:00+00:00,0.0
2019-06-30 08:00:00+00:00,0.0
2019-06-30 09:00:00+00:00,0.0
2019-06-30 10:00:00+00:00,0.0
2019-06-30 11:00:00+00:00,0.0
2019-06-30 12:00:00+00:00,0.0
2019-06-30 13:00:00+00:00,0.0
2019-06-30 14:00:00+00:00,0.0
2019-06-30 15:00:00+00:00,0.0
2019-06-30 16:00:00+00:00,0.0
2019-06-30 17:00:00+00:00,0.0
2019-06-30 18:00:00+00:00,0.0
2019-06-30 19:00:00+00:00,0.0
2019-06-30 20:00:00+00:00,0.0
2019-06-30 21:00:00+00:00,0.0
2019-06-30 22:00:00+00:00,0.0
2019-06-30 23:00:00+00:00,0.0
2019-07-01 00:00:00+00:00,0.0
2019-07-01 01:00:00+00:00,0.0
2019-07-01 02:00:00+00:00,0.0
2019-07-01 03:00:00+00:00,0.0
2019-07-01 04:00:00+00:00,0.0
2019-07-01 05:00:00+00:00,0.0
2019-07-01 06:00:00+00:00,0.0
2019-07-01 07:00:00+00:00,0.0
2019-07-01 08:00:00+00:00,0.0
2019-07-01 09:00:00+00:00,0.0
2019-07-01 10:00:00+00:00,0.0
2019-07-01 11:00:00+00:00,0.0
2019-07-01 12:00:00+00:00,0.0
2019-07-01 13:00:00+00:00,0.0
2019-07-01 14:00:00+00:00,0.0
2019-07-01 15:00:00+00:00,0.0
2019-07-01 16:00:00+00:00,0.0
2019-07-01 17:00:00+00:00,0.0
2019-07-01 18:00:00+00:00,0.0
2019-07-01 19:00:00+00:00,0.0
2019-07-01 20:00:00+00:00,0.0
2019-07-01 21:00:00+00:00,0.0
2019-07-01 22:00:00+00:00,0.0
2019-07-01 23:00:00+00:00,0.0
2019-07-02 00:00:00+00:00,0.0
2019-07-02 01:00:00+00:00,0.0
2019-07-02 02:00:00+00:00,0.0
2019-07-02 03:00:00+00:00,0.0
2019-07-02 04:00:00+00:00,-0.046878196408542704
2019-07-02 05:00:00+00:00,0.0
2019-07-02 06:00:00+00:00,0.0
2019-07-02 07:00:00+00:00,0.0
2019-07-02 08:00:00+00:00,0.0
2019-07-02 09:00:00+00:00,0.0
2019-07-02 10:00:00+00:00,0.0
2019-07-02 11:00:00+00:00,0.0
2019-07-02 12:00:00+00:00,0.0
2019-07-02 13:00:00+00:00,0.0
2019-07-02 14:00:00+00:00,0.0
2019-07-02 15:00:00+00:00,0.0
2019-07-02 16:00:00+00:00,0.0
2019-07-02 17:00:00+00:00,0.0
2019-07-02 18:00:00+00:00,0.0
2019-07-02 19:00:00+00:00,0.0
2019-07-02 20:00:00+00:00,0.0
2019-07-02 21:00:00+00:00,0.0
2019-07-02 22:00:00+00:00,0.0
2019-07-02 23:00:00+00:00,0.0
2019-07-03 00:00:00+00:00,0.0
2019-07-03 01:00:00+00:00,0.0
2019-07-03 02:00:00+00:00,0.0
2019-07-03 03:00:00+00:00,0.0
2019-07-03 04:00:00+00:00,0.0
2019-07-03 05:00:00+00:00,0.0
2019-07-03 06:00:00+00:00,0.0
2019-07-03 07:00:00+00:00,0.0
2019-07-03 08:00:00+00:00,0.0
2019-07-03 09:00:00+00:00,0.0
2019-07-03 10:00:00+00:00,0.0
2019-07-03 11:00:00+00:00,0.0
2019-07-03 12:00:00+00:00,0.0
2019-07-03 13:00:00+00:00,0.0
2019-07-03 14:00:00+00:00,0.0
2019-07-03 15:00:00+00:00,0.0
2019-07-03 16:00:00+00:00,0.0
2019-07-03 17:00:00+00:00,0.0
2019-07-03 18:00:00+00:00,0.0
2019-07-03 19:00:00+00:00,0.0
2019-07-03 20:00:00+00:00,0.0
2019-07-03 21:00:00+00:00,0.0
2019-07-03 22:00:00+00:00,0.0
2019-07-03 23:00:00+00:00,0.0
2019-07-04 00:00:00+00:00,0.0
2019-07-04 01:00:00+00:00,0.0
2019-07-04 02:00:00+00:00,0.0
2019-07-04 03:00:00+00:00,0.0
2019-07-04 04:00:00+00:00,0.0
2019-07-04 05:00:00+00:00,0.0
2019-07-04 06:00:00+00:00,0.0
2019-07-04 07:00:00+00:00,0.0
2019-07-04 08:00:00+00:00,0.0
2019-07-04 09:00:00+00:00,0.0
2019-07-04 10:00:00+00:00,0.0
2019-07-04 11:00:00+00:00,0.0
2019-07-04 12:00:00+00:00,0.0
2019-07-04 13:00:00+00:00,0.0
2019-07-04 14:00:00+00:00,0.0
2019-07-04 15:00:00+00:00,0.0
2019-07-04 16:00:00+00:00,0.0
2019-07-04 17:00:00+00:00,0.0
2019-07-04 18:00:00+00:00,0.0
2019-07-04 19:00:00+00:00,0.0
2019-07-04 20:00:00+00:00,0.0
2019-07-04 21:00:00+00:00,0.0
2019-07-04 22:00:00+00:00,0.0
2019-07-04 23:00:00+00:00,0.0
2019-07-05 00:00:00+00:00,0.0
2019-07-05 01:00:00+00:00,0.0
2019-07-05 02:00:00+00:00,0.0
2019-07-05 03:00:00+00:00,0.0
2019-07-05 04:00:00+00:00,0.0
2019-07-05 05:00:00+00:00,0.0
2019-07-05 06:00:00+00:00,0.0
2019-07-05 07:00:00+00:00,0.0
2019-07-05 08:00:00+00:00,0.0
2019-07-05 09:00:00+00:00,0.0
2019-07-05 10:00:00+00:00,0.0
2019-07-05 11:00:00+00:00,0.0
2019-07-05 12:00:00+00:00,0.0
2019-07-05 13:00:00+00:00,0.0
2019-07-05 14:00:00+00:00,0.0
2019-07-05 15:00:00+00:00,0.0
2019-07-05 16:00:00+00:00,0.0
2019-07-05 17:00:00+00:00,0.0
2019-07-05 18:00:00+00:00,0.0
2019-07-05 19:00:00+00:00,0.0
2019-07-05 20:00:00+00:00,0.0
2019-07-05 21:00:00+00:00,0.0
2019-07-05 22:00:00+00:00,0.0
2019-07-05 23:00:00+00:00,0.0
2019-07-06 00:00:00+00:00,0.0
2019-07-06 01:00:00+00:00,0.0
2019-07-06 02:00:00+00:00,0.0
2019-07-06 03:00:00+00:00,0.0
2019-07-06 04:00:00+00:00,0.0
2019-07-06 05:00:00+00:00,0.0
2019-07-06 06:00:00+00:00,0.0
2019-07-06 07:00:00+00:00,0.0
2019-07-06 08:00:00+00:00,0.0
2019-07-06 09:00:00+00:00,0.0
2019-07-06 10:00:00+00:00,0.0
2019-07-06 11:00:00+00:00,0.0
2019-07-06 12:00:00+00:00,0.0
2019-07-06 13:00:00+00:00,0.0
2019-07-06 14:00:00+00:00,0.0
2019-07-06 15:00:00+00:00,0.0
2019-07-06 16:00:00+00:00,0.0
2019-07-06 17:00:00+00:00,0.0
2019-07-06 18:00:00+00:00,0.0
2019-07-06 19:00:00+00:00,0.0
2019-07-06 20:00:00+00:00,0.0
2019-07-06 21:00:00+00:00,0.0
2019-07-06 22:00:00+00:00,0.0
2019-07-06 23:00:00+00:00,0.0
2019-07-07 00:00:00+00:00,0.0
2019-07-07 01:00:00+00:00,0.0
2019-07-07 02:00:00+00:00,0.0
2019-07-07 03:00:00+00:00,0.0
2019-07-07 04:00:00+00:00,0.0
2019-07-07 05:00:00+00:00,0.0
2019-07-07 06:00:00+00:00,0.0
2019-07-07 07:00:00+00:00,0.0
2019-07-07 08:00:00+00:00,0.0
2019-07-07 09:00:00+00:00,0.0
2019-07-07 10:00:00+00:00,0.0
2019-07-07 11:00:00+00:00,0.0
2019-07-07 12:00:00+00:00,0.0
2019-07-07 13:00:00+00:00,0.0
2019-07-07 14:00:00+00:00,0.0
2019-07-07 15:00:00+00:00,0.0
2019-07-07 16:00:00+00:00,0.0
2019-07-07 17:00:00+00:00,0.0
2019-07-07 18:00:00+00:00,0.0
2019-07-07 19:00:00+00:00,0.0
2019-07-07 20:00:00+00:00,0.0
2019-07-07 21:00:00+00:00,0.0
2019-07-07 22:00:00+00:00,0.0
2019-07-07 23:00:00+00:00,0.0
2019-07-08 00:00:00+00:00,0.0
2019-07-08 01:00:00+00:00,0.0
2019-07-08 02:00:00+00:00,0.0
2019-07-08 03:00:00+00:00,0.0
2019-07-08 04:00:00+00:00,0.0
2019-07-08 05:00:00+00:00,0.0
2019-07-08 06:00:00+00:00,0.0
2019-07-08 07:00:00+00:00,0.0
2019-07-08 08:00:00+00:00,0.0
2019-07-08 09:00:00+00:00,0.0
2019-07-08 10:00:00+00:00,0.0
2019-07-08 11:00:00+00:00,0.0
2019-07-08 12:00:00+00:00,0.0
2019-07-08 13:00:00+00:00,0.0
2019-07-08 14:00:00+00:00,0.0
2019-07-08 15:00:00+00:00,0.0
2019-07-08 16:00:00+00:00,0.0
2019-07-08 17:00:00+00:00,0.0
2019-07-08 18:00:00+00:00,0.0
2019-07-08 19:00:00+00:00,0.0
2019-07-08 20:00:00+00:00,0.0
2019-07-08 21:00:00+00:00,0.0
2019-07-08 22:00:00+00:00,0.0
2019-07-08 23:00:00+00:00,0.0
2019-07-09 00:00:00+00:00,0.0
2019-07-09 01:00:00+00:00,0.0
2019-07-09 02:00:00+00:00,0.0
2019-07-09 03:00:00+00:00,0.0
2019-07-09 04:00:00+00:00,0.0
2019-07-09 05:00:00+00:00,0.0
2019-07-09 06:00:00+00:00,0.0
2019-07-09 07:00:00+00:00,0.0
2019-07-09 08:00:00+00:00,0.0
2019-07-09 09:00:00+00:00,0.0
2019-07-09 10:00:00+00:00,0.0
2019-07-09 11:00:00+00:00,0.0
2019-07-09 12:00:00+00:00,0.0
2019-07-09 13:00:00+00:00,0.0
2019-07-09 14:00:00+00:00,0.0
2019-07-09 15:00:00+00:00,0.0
2019-07-09 16:00:00+00:00,0.0
2019-07-09 17:00:00+00:00,0.0
2019-07-09 18:00:00+00:00,0.0
2019-07-09 19:00:00+00:00,0.0
2019-07-09 20:00:00+00:00,0.0
2019-07-09 21:00:00+00:00,0.0
2019-07-09 22:00:00+00:00,0.0
2019-07-09 23:00:00+00:00,0.0
2019-07-10 00:00:00+00:00,0.0
2019-07-10 01:00:00+00:00,0.0
2019-07-10 02:00:00+00:00,0.0
2019-07-10 03:00:00+00:00,0.0
2019-07-10 04:00:00+00:00,0.0
2019-07-10 05:00:00+00:00,0.0
2019-07-10 06:00:00+00:00,0.0
2019-07-10 07:00:00+00:00,0.0
2019-07-10 08:00:00+00:00,0.0
2019-07-10 09:00:00+00:00,0.0
2019-07-10 10:00:00+00:00,0.0
2019-07-10 11:00:00+00:00,0.0
2019-07-10 12:00:00+00:00,0.0
2019-07-10 13:00:00+00:00,0.0
2019-07-10 14:00:00+00:00,0.0
2019-07-10 15:00:00+00:00,0.0
2019-07-10 16:00:00+00:00,0.0
2019-07-10 17:00:00+00:00,0.0
2019-07-10 18:00:00+00:00,0.0
2019-07-10 19:00:00+00:00,0.0
2019-07-10 20:00:00+00:00,0.0
2019-07-10 21:00:00+00:00,0.0
2019-07-10 22:00:00+00:00,0.0
2019-07-10 23:00:00+00:00,0.0
2019-07-11 00:00:00+00:00,0.0
2019-07-11 01:00:00+00:00,0.0
2019-07-11 02:00:00+00:00,0.0
2019-07-11 03:00:00+00:00,0.0
2019-07-11 04:00:00+00:00,-0.1376203626742122
2019-07-11 05:00:00+00:00,0.0
2019-07-11 06:00:00+00:00,0.0
2019-07-11 07:00:00+00:00,0.0
2019-07-11 08:00:00+00:00,0.0
2019-07-11 09:00:00+00:00,0.0
2019-07-11 10:00:00+00:00,0.0
2019-07-11 11:00:00+00:00,0.0
2019-07-11 12:00:00+00:00,0.0
2019-07-11 13:00:00+00:00,0.0
2019-07-11 14:00:00+00:00,0.0
2019-07-11 15:00:00+00:00,0.0
2019-07-11 16:00:00+00:00,0.0
2019-07-11 17:00:00+00:00,0.0
2019-07-11 18:00:00+00:00,0.0
2019-07-11 19:00:00+00:00,0.0
2019-07-11 20:00:00+00:00,0.0
2019-07-11 21:00:00+00:00,0.0
2019-07-11 22:00:00+00:00,0.0
2019-07-11 23:00:00+00:00,0.0
2019-07-12 00:00:00+00:00,0.0
2019-07-12 01:00:00+00:00,0.0
2019-07-12 02:00:00+00:00,0.0
2019-07-12 03:00:00+00:00,0.0
2019-07-12 04:00:00+00:00,0.0
2019-07-12 05:00:00+00:00,0.0
2019-07-12 06:00:00+00:00,0.0
2019-07-12 07:00:00+00:00,0.0
2019-07-12 08:00:00+00:00,0.0
2019-07-12 09:00:00+00:00,0.0
2019-07-12 10:00:00+00:00,0.0
2019-07-12 11:00:00+00:00,0.0
2019-07-12 12:00:00+00:00,0.0
2019-07-12 13:00:00+00:00,0.0
2019-07-12 14:00:00+00:00,0.0
2019-07-12 15:00:00+00:00,0.0
2019-07-12 16:00:00+00:00,0.0
2019-07-12 17:00:00+00:00,0.0
2019-07-12 18:00:00+00:00,0.0
2019-07-12 19:00:00+00:00,0.0
2019-07-12 20:00:00+00:00,0.0
2019-07-12 21:00:00+00:00,0.0
2019-07-12 22:00:00+00:00,0.0
2019-07-12 23:00:00+00:00,0.0
2019-07-13 00:00:00+00:00,0.0
2019-07-13 01:00:00+00:00,0.0
2019-07-13 02:00:00+00:00,0.0
2019-07-13 03:00:00+00:00,0.0
2019-07-13 04:00:00+00:00,0.0
2019-07-13 05:00:00+00:00,0.0
2019-07-13 06:00:00+00:00,0.0
2019-07-13 07:00:00+00:00,0.0
2019-07-13 08:00:00+00:00,0.0
2019-07-13 09:00:00+00:00,0.0
2019-07-13 10:00:00+00:00,0.0
2019-07-13 11:00:00+00:00,0.0
2019-07-13 12:00:00+00:00,0.0
2019-07-13 13:00:00+00:00,0.0
2019-07-13 14:00:00+00:00,0.0
2019-07-13 15:00:00+00:00,0.0
2019-07-13 16:00:00+00:00,0.0
2019-07-13 17:00:00+00:00,0.0
2019-07-13 18:00:00+00:00,0.0
2019-07-13 19:00:00+00:00,0.0
2019-07-13 20:00:00+00:00,0.0
2019-07-13 21:00:00+00:00,0.0
2019-07-13 22:00:00+00:00,0.0
2019-07-13 23:00:00+00:00,0.0
2019-07-14 00:00:00+00:00,0.0
2019-07-14 01:00:00+00:00,0.0
2019-07-14 02:00:00+00:00,0.0
2019-07-14 03:00:00+00:00,0.0
2019-07-14 04:00:00+00:00,0.0
2019-07-14 05:00:00+00:00,0.0
2019-07-14 06:00:00+00:00,0.0
2019-07-14 07:00:00+00:00,0.0
2019-07-14 08:00:00+00:00,0.0
2019-07-14 09:00:00+00:00,0.0
2019-07-14 10:00:00+00:00,0.0
2019-07-14 11:00:00+00:00,0.0
2019-07-14 12:00:00+00:00,0.0
2019-07-14 13:00:00+00:00,0.0
2019-07-14 14:00:00+00:00,0.0
2019-07-14 15:00:00+00:00,0.0
2019-07-14 16:00:00+00:00,0.0
2019-07-14 17:00:00+00:00,0.0
2019-07-14 18:00:00+00:00,0.0
2019-07-14 19:00:00+00:00,0.0
2019-07-14 20:00:00+00:00,0.0
2019-07-14 21:00:00+00:00,0.0
2019-07-14 22:00:00+00:00,0.0
2019-07-14 23:00:00+00:00,0.0
2019-07-15 00:00:00+00:00,0.0
2019-07-15 01:00:00+00:00,0.0
2019-07-15 02:00:00+00:00,0.0
2019-07-15 03:00:00+00:00,0.0
2019-07-15 04:00:00+00:00,0.0
2019-07-15 05:00:00+00:00,0.0
2019-07-15 06:00:00+00:00,0.0
2019-07-15 07:00:00+00:00,0.0
2019-07-15 08:00:00+00:00,0.0
2019-07-15 09:00:00+00:00,0.0
2019-07-15 10:00:00+00:00,0.0
2019-07-15 11:00:00+00:00,0.0
2019-07-15 12:00:00+00:00,0.0
2019-07-15 13:00:00+00:00,0.0
2019-07-15 14:00:00+00:00,0.0
2019-07-15 15:00:00+00:00,0.0
2019-07-15 16:00:00+00:00,0.0
2019-07-15 17:00:00+00:00,0.0
2019-07-15 18:00:00+00:00,0.0
2019-07-15 19:00:00+00:00,0.0
2019-07-15 20:00:00+00:00,0.18765666548451213
2019-07-15 21:00:00+00:00,0.0
2019-07-15 22:00:00+00:00,-0.05259175557660404
2019-07-15 23:00:00+00:00,0.0
2019-07-16 00:00:00+00:00,0.0
2019-07-16 01:00:00+00:00,0.0
2019-07-16 02:00:00+00:00,-0.05851562120394526
2019-07-16 03:00:00+00:00,0.0
2019-07-16 04:00:00+00:00,0.0
2019-07-16 05:00:00+00:00,0.0
2019-07-16 06:00:00+00:00,0.0
2019-07-16 07:00:00+00:00,0.0
2019-07-16 08:00:00+00:00,0.0
2019-07-16 09:00:00+00:00,0.0
2019-07-16 10:00:00+00:00,0.0
2019-07-16 11:00:00+00:00,0.0
2019-07-16 12:00:00+00:00,0.0
2019-07-16 13:00:00+00:00,0.0
2019-07-16 14:00:00+00:00,0.0
2019-07-16 15:00:00+00:00,0.0
2019-07-16 16:00:00+00:00,0.0
2019-07-16 17:00:00+00:00,0.0
2019-07-16 18:00:00+00:00,0.0
2019-07-16 19:00:00+00:00,0.0
2019-07-16 20:00:00+00:00,0.0
2019-07-16 21:00:00+00:00,0.0
2019-07-16 22:00:00+00:00,0.0
2019-07-16 23:00:00+00:00,0.0
2019-07-17 00:00:00+00:00,0.0
2019-07-17 01:00:00+00:00,0.0
2019-07-17 02:00:00+00:00,0.0
2019-07-17 03:00:00+00:00,0.0
2019-07-17 04:00:00+00:00,0.0
2019-07-17 05:00:00+00:00,0.0
2019-07-17 06:00:00+00:00,0.0
2019-07-17 07:00:00+00:00,0.0
2019-07-17 08:00:00+00:00,0.0
2019-07-17 09:00:00+00:00,0.0
2019-07-17 10:00:00+00:00,0.0
2019-07-17 11:00:00+00:00,0.0
2019-07-17 12:00:00+00:00,0.0
2019-07-17 13:00:00+00:00,0.0
2019-07-17 14:00:00+00:00,0.0
2019-07-17 15:00:00+00:00,0.0
2019-07-17 16:00:00+00:00,0.0
2019-07-17 17:00:00+00:00,0.0
2019-07-17 18:00:00+00:00,0.0
2019-07-17 19:00:00+00:00,0.0
2019-07-17 20:00:00+00:00,0.0
2019-07-17 21:00:00+00:00,0.0
2019-07-17 22:00:00+00:00,0.0
2019-07-17 23:00:00+00:00,0.0
2019-07-18 00:00:00+00:00,0.0
2019-07-18 01:00:00+00:00,0.0
2019-07-18 02:00:00+00:00,0.0
2019-07-18 03:00:00+00:00,0.0
2019-07-18 04:00:00+00:00,0.0
2019-07-18 05:00:00+00:00,0.0
2019-07-18 06:00:00+00:00,0.0
2019-07-18 07:00:00+00:00,0.0
2019-07-18 08:00:00+00:00,0.0
2019-07-18 09:00:00+00:00,0.0
2019-07-18 10:00:00+00:00,0.0
2019-07-18 11:00:00+00:00,0.0
2019-07-18 12:00:00+00:00,0.0
2019-07-18 13:00:00+00:00,0.0
2019-07-18 14:00:00+00:00,0.0
2019-07-18 15:00:00+00:00,0.0
2019-07-18 16:00:00+00:00,0.0
2019-07-18 17:00:00+00:00,0.0
2019-07-18 18:00:00+00:00,0.0
2019-07-18 19:00:00+00:00,0.0
2019-07-18 20:00:00+00:00,0.0
2019-07-18 21:00:00+00:00,0.0
2019-07-18 22:00:00+00:00,0.0
2019-07-18 23:00:00+00:00,0.0
2019-07-19 00:00:00+00:00,0.0
2019-07-19 01:00:00+00:00,0.0
2019-07-19 02:00:00+00:00,0.0
2019-07-19 03:00:00+00:00,0.0
2019-07-19 04:00:00+00:00,0.0
2019-07-19 05:00:00+00:00,0.0
2019-07-19 06:00:00+00:00,0.0
2019-07-19 07:00:00+00:00,0.0
2019-07-19 08:00:00+00:00,0.0
2019-07-19 09:00:00+00:00,0.0
2019-07-19 10:00:00+00:00,0.0
2019-07-19 11:00:00+00:00,0.0
2019-07-19 12:00:00+00:00,0.0
2019-07-19 13:00:00+00:00,0.0
2019-07-19 14:00:00+00:00,0.0
2019-07-19 15:00:00+00:00,0.0
2019-07-19 16:00:00+00:00,0.0
2019-07-19 17:00:00+00:00,0.0
2019-07-19 18:00:00+00:00,0.0
2019-07-19 19:00:00+00:00,0.0
2019-07-19 20:00:00+00:00,0.0
2019-07-19 21:00:00+00:00,0.0
2019-07-19 22:00:00+00:00,0.0
2019-07-19 23:00:00+00:00,0.0
2019-07-20 00:00:00+00:00,0.0
2019-07-20 01:00:00+00:00,0.0
2019-07-20 02:00:00+00:00,0.0
2019-07-20 03:00:00+00:00,0.0
2019-07-20 04:00:00+00:00,0.0
2019-07-20 05:00:00+00:00,0.0
2019-07-20 06:00:00+00:00,0.0
2019-07-20 07:00:00+00:00,0.0
2019-07-20 08:00:00+00:00,0.0
2019-07-20 09:00:00+00:00,0.0
2019-07-20 10:00:00+00:00,0.0
2019-07-20 11:00:00+00:00,0.0
2019-07-20 12:00:00+00:00,0.0
2019-07-20 13:00:00+00:00,0.0
2019-07-20 14:00:00+00:00,0.0
2019-07-20 15:00:00+00:00,0.0
2019-07-20 16:00:00+00:00,0.0
2019-07-20 17:00:00+00:00,0.0
2019-07-20 18:00:00+00:00,0.0
2019-07-20 19:00:00+00:00,0.0
2019-07-20 20:00:00+00:00,0.0
2019-07-20 21:00:00+00:00,0.0
2019-07-20 22:00:00+00:00,0.0
2019-07-20 23:00:00+00:00,0.0
2019-07-21 00:00:00+00:00,0.0
2019-07-21 01:00:00+00:00,0.0
2019-07-21 02:00:00+00:00,0.0
2019-07-21 03:00:00+00:00,0.0
2019-07-21 04:00:00+00:00,0.0
2019-07-21 05:00:00+00:00,0.0
2019-07-21 06:00:00+00:00,0.0
2019-07-21 07:00:00+00:00,0.0
2019-07-21 08:00:00+00:00,0.0
2019-07-21 09:00:00+00:00,0.0
2019-07-21 10:00:00+00:00,0.0
2019-07-21 11:00:00+00:00,0.0
2019-07-21 12:00:00+00:00,0.0
2019-07-21 13:00:00+00:00,0.0
2019-07-21 14:00:00+00:00,0.0
2019-07-21 15:00:00+00:00,0.0
2019-07-21 16:00:00+00:00,0.0
2019-07-21 17:00:00+00:00,0.0
2019-07-21 18:00:00+00:00,0.0
2019-07-21 19:00:00+00:00,0.0
2019-07-21 20:00:00+00:00,0.0
2019-07-21 21:00:00+00:00,0.0
2019-07-21 22:00:00+00:00,0.0
2019-07-21 23:00:00+00:00,0.0
2019-07-22 00:00:00+00:00,0.0
2019-07-22 01:00:00+00:00,0.0
2019-07-22 02:00:00+00:00,0.0
2019-07-22 03:00:00+00:00,0.0
2019-07-22 04:00:00+00:00,0.0
2019-07-22 05:00:00+00:00,0.0
2019-07-22 06:00:00+00:00,0.0
2019-07-22 07:00:00+00:00,0.0
2019-07-22 08:00:00+00:00,0.0
2019-07-22 09:00:00+00:00,0.0
2019-07-22 10:00:00+00:00,0.0
2019-07-22 11:00:00+00:00,0.0
2019-07-22 12:00:00+00:00,0.0
2019-07-22 13:00:00+00:00,0.0
2019-07-22 14:00:00+00:00,0.0
2019-07-22 15:00:00+00:00,0.0
2019-07-22 16:00:00+00:00,0.0
2019-07-22 17:00:00+00:00,0.0
2019-07-22 18:00:00+00:00,0.0
2019-07-22 19:00:00+00:00,0.0
2019-07-22 20:00:00+00:00,0.0
2019-07-22 21:00:00+00:00,0.0
2019-07-22 22:00:00+00:00,0.0
2019-07-22 23:00:00+00:00,0.0
2019-07-23 00:00:00+00:00,0.0
2019-07-23 01:00:00+00:00,0.0
2019-07-23 02:00:00+00:00,0.0
2019-07-23 03:00:00+00:00,0.0
2019-07-23 04:00:00+00:00,0.0
2019-07-23 05:00:00+00:00,0.0
2019-07-23 06:00:00+00:00,0.0
2019-07-23 07:00:00+00:00,0.0
2019-07-23 08:00:00+00:00,0.0
2019-07-23 09:00:00+00:00,0.0
2019-07-23 10:00:00+00:00,0.0
2019-07-23 11:00:00+00:00,0.0
2019-07-23 12:00:00+00:00,0.0
2019-07-23 13:00:00+00:00,0.0
2019-07-23 14:00:00+00:00,0.0
2019-07-23 15:00:00+00:00,0.0
2019-07-23 16:00:00+00:00,0.0
2019-07-23 17:00:00+00:00,0.0
2019-07-23 18:00:00+00:00,0.0
2019-07-23 19:00:00+00:00,0.0
2019-07-23 20:00:00+00:00,0.0
2019-07-23 21:00:00+00:00,0.0
2019-07-23 22:00:00+00:00,0.0
2019-07-23 23:00:00+00:00,0.0
2019-07-24 00:00:00+00:00,0.0
2019-07-24 01:00:00+00:00,0.0
2019-07-24 02:00:00+00:00,0.0
2019-07-24 03:00:00+00:00,0.0
2019-07-24 04:00:00+00:00,0.0
2019-07-24 05:00:00+00:00,0.0
2019-07-24 06:00:00+00:00,0.0
2019-07-24 07:00:00+00:00,0.0
2019-07-24 08:00:00+00:00,0.0
2019-07-24 09:00:00+00:00,0.0
2019-07-24 10:00:00+00:00,0.0
2019-07-24 11:00:00+00:00,0.0
2019-07-24 12:00:00+00:00,0.0
2019-07-24 13:00:00+00:00,0.0
2019-07-24 14:00:00+00:00,0.0
2019-07-24 15:00:00+00:00,0.0
2019-07-24 16:00:00+00:00,0.0
2019-07-24 17:00:00+00:00,0.0
2019-07-24 18:00:00+00:00,0.0
2019-07-24 19:00:00+00:00,0.0
2019-07-24 20:00:00+00:00,0.0
2019-07-24 21:00:00+00:00,0.0
2019-07-24 22:00:00+00:00,0.0
2019-07-24 23:00:00+00:00,0.0
2019-07-25 00:00:00+00:00,0.0
2019-07-25 01:00:00+00:00,0.0
2019-07-25 02:00:00+00:00,0.0
2019-07-25 03:00:00+00:00,0.0
2019-07-25 04:00:00+00:00,0.0
2019-07-25 05:00:00+00:00,0.0
2019-07-25 06:00:00+00:00,0.0
2019-07-25 07:00:00+00:00,0.0
2019-07-25 08:00:00+00:00,0.0
2019-07-25 09:00:00+00:00,0.0
2019-07-25 10:00:00+00:00,0.0
2019-07-25 11:00:00+00:00,0.0
2019-07-25 12:00:00+00:00,0.0
2019-07-25 13:00:00+00:00,-0.11240469736538089
2019-07-25 14:00:00+00:00,0.0
2019-07-25 15:00:00+00:00,0.0
2019-07-25 16:00:00+00:00,0.0
2019-07-25 17:00:00+00:00,0.0
2019-07-25 18:00:00+00:00,0.0
2019-07-25 19:00:00+00:00,0.0
2019-07-25 20:00:00+00:00,0.0
2019-07-25 21:00:00+00:00,0.0
2019-07-25 22:00:00+00:00,0.0
2019-07-25 23:00:00+00:00,0.0
2019-07-26 00:00:00+00:00,0.0
2019-07-26 01:00:00+00:00,0.0
2019-07-26 02:00:00+00:00,0.0
2019-07-26 03:00:00+00:00,0.0
2019-07-26 04:00:00+00:00,0.0
2019-07-26 05:00:00+00:00,0.0
2019-07-26 06:00:00+00:00,0.0
2019-07-26 07:00:00+00:00,0.0
2019-07-26 08:00:00+00:00,0.0
2019-07-26 09:00:00+00:00,0.0
2019-07-26 10:00:00+00:00,0.0
2019-07-26 11:00:00+00:00,0.0
2019-07-26 12:00:00+00:00,0.0
2019-07-26 13:00:00+00:00,0.0
2019-07-26 14:00:00+00:00,0.0
2019-07-26 15:00:00+00:00,0.0
2019-07-26 16:00:00+00:00,0.0
2019-07-26 17:00:00+00:00,0.0
2019-07-26 18:00:00+00:00,0.0
2019-07-26 19:00:00+00:00,0.0
2019-07-26 20:00:00+00:00,0.0
2019-07-26 21:00:00+00:00,0.0
2019-07-26 22:00:00+00:00,0.0
2019-07-26 23:00:00+00:00,0.0
2019-07-27 00:00:00+00:00,0.0
2019-07-27 01:00:00+00:00,0.0
2019-07-27 02:00:00+00:00,0.0
2019-07-27 03:00:00+00:00,0.0
2019-07-27 04:00:00+00:00,0.0
2019-07-27 05:00:00+00:00,0.0
2019-07-27 06:00:00+00:00,0.0
2019-07-27 07:00:00+00:00,0.0
2019-07-27 08:00:00+00:00,0.0
2019-07-27 09:00:00+00:00,0.0
2019-07-27 10:00:00+00:00,0.0
2019-07-27 11:00:00+00:00,0.0
2019-07-27 12:00:00+00:00,0.0
2019-07-27 13:00:00+00:00,0.0
2019-07-27 14:00:00+00:00,0.0
2019-07-27 15:00:00+00:00,0.0
2019-07-27 16:00:00+00:00,0.0
2019-07-27 17:00:00+00:00,0.0
2019-07-27 18:00:00+00:00,0.0
2019-07-27 19:00:00+00:00,0.0
2019-07-27 20:00:00+00:00,0.0
2019-07-27 21:00:00+00:00,0.0
2019-07-27 22:00:00+00:00,0.0
2019-07-27 23:00:00+00:00,0.0
2019-07-28 00:00:00+00:00,0.0
2019-07-28 01:00:00+00:00,0.0
2019-07-28 02:00:00+00:00,0.0
2019-07-28 03:00:00+00:00,0.0
2019-07-28 04:00:00+00:00,0.0
2019-07-28 05:00:00+00:00,0.0
2019-07-28 06:00:00+00:00,0.0
2019-07-28 07:00:00+00:00,0.0
2019-07-28 08:00:00+00:00,0.0
2019-07-28 09:00:00+00:00,0.0
2019-07-28 10:00:00+00:00,0.0
2019-07-28 11:00:00+00:00,0.0
2019-07-28 12:00:00+00:00,0.0
2019-07-28 13:00:00+00:00,0.0
2019-07-28 14:00:00+00:00,0.0
2019-07-28 15:00:00+00:00,0.0
2019-07-28 16:00:00+00:00,0.0
2019-07-28 17:00:00+00:00,0.0
2019-07-28 18:00:00+00:00,0.0
2019-07-28 19:00:00+00:00,0.0
2019-07-28 20:00:00+00:00,0.0
2019-07-28 21:00:00+00:00,0.0
2019-07-28 22:00:00+00:00,0.0
2019-07-28 23:00:00+00:00,0.0
2019-07-29 00:00:00+00:00,0.0
2019-07-29 01:00:00+00:00,0.0
2019-07-29 02:00:00+00:00,0.0
2019-07-29 03:00:00+00:00,0.0
2019-07-29 04:00:00+00:00,0.0
2019-07-29 05:00:00+00:00,0.0
2019-07-29 06:00:00+00:00,0.0
2019-07-29 07:00:00+00:00,0.0
2019-07-29 08:00:00+00:00,0.0
2019-07-29 09:00:00+00:00,0.0
2019-07-29 10:00:00+00:00,0.0
2019-07-29 11:00:00+00:00,0.0
2019-07-29 12:00:00+00:00,0.0
2019-07-29 13:00:00+00:00,0.0
2019-07-29 14:00:00+00:00,0.0
2019-07-29 15:00:00+00:00,0.0
2019-07-29 16:00:00+00:00,0.0
2019-07-29 17:00:00+00:00,0.0
2019-07-29 18:00:00+00:00,0.0
2019-07-29 19:00:00+00:00,0.0
2019-07-29 20:00:00+00:00,0.0
2019-07-29 21:00:00+00:00,0.0
2019-07-29 22:00:00+00:00,0.0
2019-07-29 23:00:00+00:00,0.0
2019-07-30 00:00:00+00:00,0.0
2019-07-30 01:00:00+00:00,0.0
2019-07-30 02:00:00+00:00,0.0
2019-07-30 03:00:00+00:00,0.0
2019-07-30 04:00:00+00:00,0.0
2019-07-30 05:00:00+00:00,0.0
2019-07-30 06:00:00+00:00,0.0
2019-07-30 07:00:00+00:00,0.0
2019-07-30 08:00:00+00:00,0.0
2019-07-30 09:00:00+00:00,0.0
2019-07-30 10:00:00+00:00,0.0
2019-07-30 11:00:00+00:00,0.0
2019-07-30 12:00:00+00:00,0.0
2019-07-30 13:00:00+00:00,0.0
2019-07-30 14:00:00+00:00,0.0
2019-07-30 15:00:00+00:00,0.0
2019-07-30 16:00:00+00:00,0.0
2019-07-30 17:00:00+00:00,0.0
2019-07-30 18:00:00+00:00,0.0
2019-07-30 19:00:00+00:00,0.0
2019-07-30 20:00:00+00:00,0.0
2019-07-30 21:00:00+00:00,0.0
2019-07-30 22:00:00+00:00,0.0
2019-07-30 23:00:00+00:00,0.0
2019-07-31 00:00:00+00:00,0.0
2019-07-31 01:00:00+00:00,0.0
2019-07-31 02:00:00+00:00,0.0
2019-07-31 03:00:00+00:00,0.0
2019-07-31 04:00:00+00:00,0.0
2019-07-31 05:00:00+00:00,0.0
2019-07-31 06:00:00+00:00,0.0
2019-07-31 07:00:00+00:00,0.0
2019-07-31 08:00:00+00:00,0.0
2019-07-31 09:00:00+00:00,0.0
2019-07-31 10:00:00+00:00,0.0
2019-07-31 11:00:00+00:00,0.0
2019-07-31 12:00:00+00:00,0.0
2019-07-31 13:00:00+00:00,0.0
2019-07-31 14:00:00+00:00,0.0
2019-07-31 15:00:00+00:00,0.0
2019-07-31 16:00:00+00:00,0.0
2019-07-31 17:00:00+00:00,0.0
2019-07-31 18:00:00+00:00,0.0
2019-07-31 19:00:00+00:00,0.0
2019-07-31 20:00:00+00:00,0.0
2019-07-31 21:00:00+00:00,0.0
2019-07-31 22:00:00+00:00,0.0
2019-07-31 23:00:00+00:00,0.0
2019-08-01 00:00:00+00:00,0.0
2019-08-01 01:00:00+00:00,0.0
2019-08-01 02:00:00+00:00,0.0
2019-08-01 03:00:00+00:00,0.0
2019-08-01 04:00:00+00:00,0.0
2019-08-01 05:00:00+00:00,0.0
2019-08-01 06:00:00+00:00,0.0
2019-08-01 07:00:00+00:00,0.0
2019-08-01 08:00:00+00:00,0.0
2019-08-01 09:00:00+00:00,0.0
2019-08-01 10:00:00+00:00,0.0
2019-08-01 11:00:00+00:00,0.0
2019-08-01 12:00:00+00:00,0.0
2019-08-01 13:00:00+00:00,0.0
2019-08-01 14:00:00+00:00,0.0
2019-08-01 15:00:00+00:00,0.0
2019-08-01 16:00:00+00:00,0.0
2019-08-01 17:00:00+00:00,0.0
2019-08-01 18:00:00+00:00,0.0
2019-08-01 19:00:00+00:00,0.0
2019-08-01 20:00:00+00:00,0.0
2019-08-01 21:00:00+00:00,0.0
2019-08-01 22:00:00+00:00,0.0
2019-08-01 23:00:00+00:00,0.0
2019-08-02 00:00:00+00:00,0.0
2019-08-02 01:00:00+00:00,0.0
2019-08-02 02:00:00+00:00,0.0
2019-08-02 03:00:00+00:00,0.0
2019-08-02 04:00:00+00:00,0.0
2019-08-02 05:00:00+00:00,0.0
2019-08-02 06:00:00+00:00,0.0
2019-08-02 07:00:00+00:00,0.0
2019-08-02 08:00:00+00:00,0.0
2019-08-02 09:00:00+00:00,0.0
2019-08-02 10:00:00+00:00,0.0
2019-08-02 11:00:00+00:00,-0.04832098332181503
2019-08-02 12:00:00+00:00,0.0
2019-08-02 13:00:00+00:00,0.0
2019-08-02 14:00:00+00:00,0.0
2019-08-02 15:00:00+00:00,0.0
2019-08-02 16:00:00+00:00,-0.04520680303241888
2019-08-02 17:00:00+00:00,0.0
2019-08-02 18:00:00+00:00,0.0
2019-08-02 19:00:00+00:00,0.0
2019-08-02 20:00:00+00:00,0.0
2019-08-02 21:00:00+00:00,0.0
2019-08-02 22:00:00+00:00,0.0
2019-08-02 23:00:00+00:00,0.0
2019-08-03 00:00:00+00:00,0.0
2019-08-03 01:00:00+00:00,0.0
2019-08-03 02:00:00+00:00,0.0
2019-08-03 03:00:00+00:00,0.0
2019-08-03 04:00:00+00:00,0.0
2019-08-03 05:00:00+00:00,0.0
2019-08-03 06:00:00+00:00,0.0
2019-08-03 07:00:00+00:00,0.0
2019-08-03 08:00:00+00:00,0.0
2019-08-03 09:00:00+00:00,0.0
2019-08-03 10:00:00+00:00,0.0
2019-08-03 11:00:00+00:00,0.0
2019-08-03 12:00:00+00:00,0.0
2019-08-03 13:00:00+00:00,0.0
2019-08-03 14:00:00+00:00,0.0
2019-08-03 15:00:00+00:00,0.0
2019-08-03 16:00:00+00:00,0.0
2019-08-03 17:00:00+00:00,0.0
2019-08-03 18:00:00+00:00,0.0
2019-08-03 19:00:00+00:00,0.0
2019-08-03 20:00:00+00:00,0.0
2019-08-03 21:00:00+00:00,0.0
2019-08-03 22:00:00+00:00,0.0
2019-08-03 23:00:00+00:00,0.0
2019-08-04 00:00:00+00:00,0.0
2019-08-04 01:00:00+00:00,0.0
2019-08-04 02:00:00+00:00,0.0
2019-08-04 03:00:00+00:00,0.0
2019-08-04 04:00:00+00:00,0.0
2019-08-04 05:00:00+00:00,0.0
2019-08-04 06:00:00+00:00,0.0
2019-08-04 07:00:00+00:00,0.0
2019-08-04 08:00:00+00:00,0.0
2019-08-04 09:00:00+00:00,0.0
2019-08-04 10:00:00+00:00,0.0
2019-08-04 11:00:00+00:00,0.0
2019-08-04 12:00:00+00:00,0.0
2019-08-04 13:00:00+00:00,0.0
2019-08-04 14:00:00+00:00,0.0
2019-08-04 15:00:00+00:00,0.0
2019-08-04 16:00:00+00:00,0.0
2019-08-04 17:00:00+00:00,0.0
2019-08-04 18:00:00+00:00,0.0
2019-08-04 19:00:00+00:00,0.0
2019-08-04 20:00:00+00:00,0.0
2019-08-04 21:00:00+00:00,0.0
2019-08-04 22:00:00+00:00,0.0
2019-08-04 23:00:00+00:00,0.0
2019-08-05 00:00:00+00:00,0.0
2019-08-05 01:00:00+00:00,0.0
2019-08-05 02:00:00+00:00,0.0
2019-08-05 03:00:00+00:00,0.0
2019-08-05 04:00:00+00:00,0.0
2019-08-05 05:00:00+00:00,0.0
2019-08-05 06:00:00+00:00,0.0
2019-08-05 07:00:00+00:00,0.0
2019-08-05 08:00:00+00:00,0.0
2019-08-05 09:00:00+00:00,0.0
2019-08-05 10:00:00+00:00,0.0
2019-08-05 11:00:00+00:00,0.0
2019-08-05 12:00:00+00:00,0.0
2019-08-05 13:00:00+00:00,0.0
2019-08-05 14:00:00+00:00,0.0
2019-08-05 15:00:00+00:00,0.0
2019-08-05 16:00:00+00:00,0.05199254283330524
2019-08-05 17:00:00+00:00,0.0
2019-08-05 18:00:00+00:00,0.0
2019-08-05 19:00:00+00:00,0.0
2019-08-05 20:00:00+00:00,0.0
2019-08-05 21:00:00+00:00,0.0
2019-08-05 22:00:00+00:00,0.0
2019-08-05 23:00:00+00:00,-0.009236425229119586
2019-08-06 00:00:00+00:00,0.0
2019-08-06 01:00:00+00:00,0.0
2019-08-06 02:00:00+00:00,0.0
2019-08-06 03:00:00+00:00,0.0
2019-08-06 04:00:00+00:00,-0.0587460261430929
2019-08-06 05:00:00+00:00,0.0
2019-08-06 06:00:00+00:00,0.0
2019-08-06 07:00:00+00:00,0.0
2019-08-06 08:00:00+00:00,0.0
2019-08-06 09:00:00+00:00,0.0
2019-08-06 10:00:00+00:00,0.0
2019-08-06 11:00:00+00:00,0.0
2019-08-06 12:00:00+00:00,0.0
2019-08-06 13:00:00+00:00,0.0
2019-08-06 14:00:00+00:00,0.0
2019-08-06 15:00:00+00:00,0.0
2019-08-06 16:00:00+00:00,0.0
2019-08-06 17:00:00+00:00,0.0
2019-08-06 18:00:00+00:00,0.0
2019-08-06 19:00:00+00:00,0.0
2019-08-06 20:00:00+00:00,0.0
2019-08-06 21:00:00+00:00,0.0
2019-08-06 22:00:00+00:00,0.0
2019-08-06 23:00:00+00:00,0.0
2019-08-07 00:00:00+00:00,0.0
2019-08-07 01:00:00+00:00,0.0
2019-08-07 02:00:00+00:00,0.0
2019-08-07 03:00:00+00:00,0.0
2019-08-07 04:00:00+00:00,0.0
2019-08-07 05:00:00+00:00,-0.0663013011989875
2019-08-07 06:00:00+00:00,0.0
2019-08-07 07:00:00+00:00,0.0
2019-08-07 08:00:00+00:00,0.0
2019-08-07 09:00:00+00:00,0.0
2019-08-07 10:00:00+00:00,0.0
2019-08-07 11:00:00+00:00,0.0
2019-08-07 12:00:00+00:00,0.0
2019-08-07 13:00:00+00:00,0.0
2019-08-07 14:00:00+00:00,0.0
2019-08-07 15:00:00+00:00,0.0
2019-08-07 16:00:00+00:00,0.0
2019-08-07 17:00:00+00:00,0.0
2019-08-07 18:00:00+00:00,0.0
2019-08-07 19:00:00+00:00,0.0
2019-08-07 20:00:00+00:00,0.0
2019-08-07 21:00:00+00:00,0.0
2019-08-07 22:00:00+00:00,0.0
2019-08-07 23:00:00+00:00,0.0
2019-08-08 00:00:00+00:00,0.0
2019-08-08 01:00:00+00:00,0.0
2019-08-08 02:00:00+00:00,0.0
2019-08-08 03:00:00+00:00,0.0
2019-08-08 04:00:00+00:00,0.0
2019-08-08 05:00:00+00:00,0.0
2019-08-08 06:00:00+00:00,0.0
2019-08-08 07:00:00+00:00,0.0
2019-08-08 08:00:00+00:00,0.0
2019-08-08 09:00:00+00:00,0.0
2019-08-08 10:00:00+00:00,0.0
2019-08-08 11:00:00+00:00,0.0
2019-08-08 12:00:00+00:00,0.0
2019-08-08 13:00:00+00:00,0.0
2019-08-08 14:00:00+00:00,0.0
2019-08-08 15:00:00+00:00,0.0
2019-08-08 16:00:00+00:00,0.0
2019-08-08 17:00:00+00:00,0.0
2019-08-08 18:00:00+00:00,0.0
2019-08-08 19:00:00+00:00,0.0
2019-08-08 20:00:00+00:00,0.0
2019-08-08 21:00:00+00:00,0.0
2019-08-08 22:00:00+00:00,0.0
2019-08-08 23:00:00+00:00,0.0
2019-08-09 00:00:00+00:00,0.0
2019-08-09 01:00:00+00:00,0.0
2019-08-09 02:00:00+00:00,0.0
2019-08-09 03:00:00+00:00,0.0
2019-08-09 04:00:00+00:00,0.0
2019-08-09 05:00:00+00:00,0.0
2019-08-09 06:00:00+00:00,0.0
2019-08-09 07:00:00+00:00,0.0
2019-08-09 08:00:00+00:00,0.0
2019-08-09 09:00:00+00:00,0.0
2019-08-09 10:00:00+00:00,0.0
2019-08-09 11:00:00+00:00,0.0
2019-08-09 12:00:00+00:00,0.0
2019-08-09 13:00:00+00:00,0.0
2019-08-09 14:00:00+00:00,0.0
2019-08-09 15:00:00+00:00,0.0
2019-08-09 16:00:00+00:00,0.0
2019-08-09 17:00:00+00:00,0.0
2019-08-09 18:00:00+00:00,0.0
2019-08-09 19:00:00+00:00,0.0
2019-08-09 20:00:00+00:00,0.0
2019-08-09 21:00:00+00:00,0.0
2019-08-09 22:00:00+00:00,0.0
2019-08-09 23:00:00+00:00,0.0
2019-08-10 00:00:00+00:00,0.0
2019-08-10 01:00:00+00:00,0.0
2019-08-10 02:00:00+00:00,0.0
2019-08-10 03:00:00+00:00,0.0
2019-08-10 04:00:00+00:00,0.0
2019-08-10 05:00:00+00:00,0.0
2019-08-10 06:00:00+00:00,0.0
2019-08-10 07:00:00+00:00,0.0
2019-08-10 08:00:00+00:00,0.0
2019-08-10 09:00:00+00:00,0.0
2019-08-10 10:00:00+00:00,0.0
2019-08-10 11:00:00+00:00,-0.03833057867630588
2019-08-10 12:00:00+00:00,0.0
2019-08-10 13:00:00+00:00,0.0
2019-08-10 14:00:00+00:00,0.0
2019-08-10 15:00:00+00:00,0.0
2019-08-10 16:00:00+00:00,0.0
2019-08-10 17:00:00+00:00,0.0
2019-08-10 18:00:00+00:00,0.0
2019-08-10 19:00:00+00:00,0.0
2019-08-10 20:00:00+00:00,0.0
2019-08-10 21:00:00+00:00,0.0
2019-08-10 22:00:00+00:00,0.0
2019-08-10 23:00:00+00:00,0.0
2019-08-11 00:00:00+00:00,0.0
2019-08-11 01:00:00+00:00,0.0
2019-08-11 02:00:00+00:00,0.0
2019-08-11 03:00:00+00:00,0.0
2019-08-11 04:00:00+00:00,0.0
2019-08-11 05:00:00+00:00,0.0
2019-08-11 06:00:00+00:00,0.0
2019-08-11 07:00:00+00:00,0.0
2019-08-11 08:00:00+00:00,0.0
2019-08-11 09:00:00+00:00,0.0
2019-08-11 10:00:00+00:00,0.0
2019-08-11 11:00:00+00:00,0.0
2019-08-11 12:00:00+00:00,0.0
2019-08-11 13:00:00+00:00,0.0
2019-08-11 14:00:00+00:00,0.0
2019-08-11 15:00:00+00:00,0.0
2019-08-11 16:00:00+00:00,0.0
2019-08-11 17:00:00+00:00,0.0
2019-08-11 18:00:00+00:00,0.0
2019-08-11 19:00:00+00:00,0.0
2019-08-11 20:00:00+00:00,0.06447752753480593
2019-08-11 21:00:00+00:00,0.0
2019-08-11 22:00:00+00:00,0.0
2019-08-11 23:00:00+00:00,0.0
2019-08-12 00:00:00+00:00,0.0
2019-08-12 01:00:00+00:00,0.0
2019-08-12 02:00:00+00:00,0.06357163135123388
2019-08-12 03:00:00+00:00,-0.031244177274619558
2019-08-12 04:00:00+00:00,0.0
2019-08-12 05:00:00+00:00,0.0
2019-08-12 06:00:00+00:00,-0.06472874861383393
2019-08-12 07:00:00+00:00,0.0
2019-08-12 08:00:00+00:00,0.0
2019-08-12 09:00:00+00:00,0.0
2019-08-12 10:00:00+00:00,0.0
2019-08-12 11:00:00+00:00,0.0
2019-08-12 12:00:00+00:00,0.0
2019-08-12 13:00:00+00:00,0.0
2019-08-12 14:00:00+00:00,0.0
2019-08-12 15:00:00+00:00,0.0
2019-08-12 16:00:00+00:00,-0.05188531578574167
2019-08-12 17:00:00+00:00,0.0
2019-08-12 18:00:00+00:00,0.0
2019-08-12 19:00:00+00:00,0.0
2019-08-12 20:00:00+00:00,0.0
2019-08-12 21:00:00+00:00,0.0
2019-08-12 22:00:00+00:00,0.0
2019-08-12 23:00:00+00:00,0.0
2019-08-13 00:00:00+00:00,0.0
2019-08-13 01:00:00+00:00,0.0
2019-08-13 02:00:00+00:00,0.0
2019-08-13 03:00:00+00:00,0.0
2019-08-13 04:00:00+00:00,0.0
2019-08-13 05:00:00+00:00,0.0
2019-08-13 06:00:00+00:00,0.0
2019-08-13 07:00:00+00:00,0.0
2019-08-13 08:00:00+00:00,0.0
2019-08-13 09:00:00+00:00,0.0
2019-08-13 10:00:00+00:00,0.0
2019-08-13 11:00:00+00:00,0.0
2019-08-13 12:00:00+00:00,0.0
2019-08-13 13:00:00+00:00,0.0
2019-08-13 14:00:00+00:00,0.0
2019-08-13 15:00:00+00:00,0.0
2019-08-13 16:00:00+00:00,0.0
2019-08-13 17:00:00+00:00,0.0
2019-08-13 18:00:00+00:00,0.0
2019-08-13 19:00:00+00:00,0.0
2019-08-13 20:00:00+00:00,0.0
2019-08-13 21:00:00+00:00,0.0
2019-08-13 22:00:00+00:00,0.0
2019-08-13 23:00:00+00:00,0.0
2019-08-14 00:00:00+00:00,0.0
2019-08-14 01:00:00+00:00,0.0
2019-08-14 02:00:00+00:00,0.0
2019-08-14 03:00:00+00:00,0.0
2019-08-14 04:00:00+00:00,0.0
2019-08-14 05:00:00+00:00,0.0
2019-08-14 06:00:00+00:00,0.0
2019-08-14 07:00:00+00:00,0.0
2019-08-14 08:00:00+00:00,0.0
2019-08-14 09:00:00+00:00,0.0
2019-08-14 10:00:00+00:00,0.0
2019-08-14 11:00:00+00:00,0.0
2019-08-14 12:00:00+00:00,0.0
2019-08-14 13:00:00+00:00,0.0
2019-08-14 14:00:00+00:00,0.0
2019-08-14 15:00:00+00:00,0.0
2019-08-14 16:00:00+00:00,0.0
2019-08-14 17:00:00+00:00,0.0
2019-08-14 18:00:00+00:00,0.0
2019-08-14 19:00:00+00:00,0.0
2019-08-14 20:00:00+00:00,0.0
2019-08-14 21:00:00+00:00,0.0
2019-08-14 22:00:00+00:00,0.0
2019-08-14 23:00:00+00:00,0.0
2019-08-15 00:00:00+00:00,0.0
2019-08-15 01:00:00+00:00,0.0
2019-08-15 10:00:00+00:00,0.0
2019-08-15 11:00:00+00:00,0.0
2019-08-15 12:00:00+00:00,0.0
2019-08-15 13:00:00+00:00,0.0
2019-08-15 14:00:00+00:00,0.0
2019-08-15 15:00:00+00:00,0.0
2019-08-15 16:00:00+00:00,0.0
2019-08-15 17:00:00+00:00,0.0
2019-08-15 18:00:00+00:00,0.0
2019-08-15 19:00:00+00:00,0.0
2019-08-15 20:00:00+00:00,0.0
2019-08-15 21:00:00+00:00,0.0
2019-08-15 22:00:00+00:00,0.0
2019-08-15 23:00:00+00:00,0.0
2019-08-16 00:00:00+00:00,0.0
2019-08-16 01:00:00+00:00,0.0
2019-08-16 02:00:00+00:00,0.0
2019-08-16 03:00:00+00:00,0.0
2019-08-16 04:00:00+00:00,0.0
2019-08-16 05:00:00+00:00,0.0
2019-08-16 06:00:00+00:00,0.0
2019-08-16 07:00:00+00:00,0.0
2019-08-16 08:00:00+00:00,0.0
2019-08-16 09:00:00+00:00,0.0
2019-08-16 10:00:00+00:00,0.0
2019-08-16 11:00:00+00:00,0.0
2019-08-16 12:00:00+00:00,0.0
2019-08-16 13:00:00+00:00,0.0
2019-08-16 14:00:00+00:00,0.0
2019-08-16 15:00:00+00:00,0.0
2019-08-16 16:00:00+00:00,0.0
2019-08-16 17:00:00+00:00,0.0
2019-08-16 18:00:00+00:00,0.0
2019-08-16 19:00:00+00:00,0.0
2019-08-16 20:00:00+00:00,0.0
2019-08-16 21:00:00+00:00,0.0
2019-08-16 22:00:00+00:00,0.0
2019-08-16 23:00:00+00:00,0.0
2019-08-17 00:00:00+00:00,0.0
2019-08-17 01:00:00+00:00,0.0
2019-08-17 02:00:00+00:00,0.0
2019-08-17 03:00:00+00:00,0.0
2019-08-17 04:00:00+00:00,0.0
2019-08-17 05:00:00+00:00,0.0
2019-08-17 06:00:00+00:00,0.0
2019-08-17 07:00:00+00:00,0.0
2019-08-17 08:00:00+00:00,0.0
2019-08-17 09:00:00+00:00,0.0
2019-08-17 10:00:00+00:00,0.0
2019-08-17 11:00:00+00:00,0.0
2019-08-17 12:00:00+00:00,0.0
2019-08-17 13:00:00+00:00,0.0
2019-08-17 14:00:00+00:00,0.0
2019-08-17 15:00:00+00:00,0.0
2019-08-17 16:00:00+00:00,0.0
2019-08-17 17:00:00+00:00,0.0
2019-08-17 18:00:00+00:00,0.0
2019-08-17 19:00:00+00:00,0.0
2019-08-17 20:00:00+00:00,0.0
2019-08-17 21:00:00+00:00,0.0
2019-08-17 22:00:00+00:00,0.0
2019-08-17 23:00:00+00:00,0.0
2019-08-18 00:00:00+00:00,0.0
2019-08-18 01:00:00+00:00,0.0
2019-08-18 02:00:00+00:00,0.0
2019-08-18 03:00:00+00:00,0.0
2019-08-18 04:00:00+00:00,0.0
2019-08-18 05:00:00+00:00,0.0
2019-08-18 06:00:00+00:00,0.0
2019-08-18 07:00:00+00:00,0.0
2019-08-18 08:00:00+00:00,0.0
2019-08-18 09:00:00+00:00,0.0
2019-08-18 10:00:00+00:00,0.0
2019-08-18 11:00:00+00:00,0.0
2019-08-18 12:00:00+00:00,0.0
2019-08-18 13:00:00+00:00,0.0
2019-08-18 14:00:00+00:00,0.0
2019-08-18 15:00:00+00:00,0.0
2019-08-18 16:00:00+00:00,0.0
2019-08-18 17:00:00+00:00,0.0
2019-08-18 18:00:00+00:00,0.0
2019-08-18 19:00:00+00:00,0.0
2019-08-18 20:00:00+00:00,0.0
2019-08-18 21:00:00+00:00,0.0
2019-08-18 22:00:00+00:00,0.0
2019-08-18 23:00:00+00:00,0.058889555641982706
2019-08-19 00:00:00+00:00,0.0
2019-08-19 01:00:00+00:00,0.0
2019-08-19 02:00:00+00:00,0.0
2019-08-19 03:00:00+00:00,0.0
2019-08-19 04:00:00+00:00,0.0
2019-08-19 05:00:00+00:00,0.0
2019-08-19 06:00:00+00:00,0.0
2019-08-19 07:00:00+00:00,0.0
2019-08-19 08:00:00+00:00,0.0
2019-08-19 09:00:00+00:00,0.0
2019-08-19 10:00:00+00:00,0.0
2019-08-19 11:00:00+00:00,0.0
2019-08-19 12:00:00+00:00,0.0
2019-08-19 13:00:00+00:00,0.0
2019-08-19 14:00:00+00:00,0.0
2019-08-19 15:00:00+00:00,0.0
2019-08-19 16:00:00+00:00,0.0
2019-08-19 17:00:00+00:00,0.0
2019-08-19 18:00:00+00:00,0.0
2019-08-19 19:00:00+00:00,0.0
2019-08-19 20:00:00+00:00,0.0
2019-08-19 21:00:00+00:00,0.0
2019-08-19 22:00:00+00:00,0.0
2019-08-19 23:00:00+00:00,0.0
2019-08-20 00:00:00+00:00,0.0
2019-08-20 01:00:00+00:00,0.0
2019-08-20 02:00:00+00:00,0.0
2019-08-20 03:00:00+00:00,0.0
2019-08-20 04:00:00+00:00,0.0
2019-08-20 05:00:00+00:00,0.0
2019-08-20 06:00:00+00:00,0.0
2019-08-20 07:00:00+00:00,0.0
2019-08-20 08:00:00+00:00,0.0
2019-08-20 09:00:00+00:00,0.0
2019-08-20 10:00:00+00:00,0.0
2019-08-20 11:00:00+00:00,0.0
2019-08-20 12:00:00+00:00,0.0
2019-08-20 13:00:00+00:00,0.0
2019-08-20 14:00:00+00:00,0.0
2019-08-20 15:00:00+00:00,0.0
2019-08-20 16:00:00+00:00,0.0
2019-08-20 17:00:00+00:00,0.0
2019-08-20 18:00:00+00:00,0.0
2019-08-20 19:00:00+00:00,0.0
2019-08-20 20:00:00+00:00,0.0
2019-08-20 21:00:00+00:00,0.0
2019-08-20 22:00:00+00:00,0.0
2019-08-20 23:00:00+00:00,0.0
2019-08-21 00:00:00+00:00,-0.030831114121721584
2019-08-21 01:00:00+00:00,0.0
2019-08-21 02:00:00+00:00,0.0
2019-08-21 03:00:00+00:00,0.0
2019-08-21 04:00:00+00:00,0.0
2019-08-21 05:00:00+00:00,0.0
2019-08-21 06:00:00+00:00,0.0
2019-08-21 07:00:00+00:00,0.0
2019-08-21 08:00:00+00:00,0.0
2019-08-21 09:00:00+00:00,0.0
2019-08-21 10:00:00+00:00,0.0
2019-08-21 11:00:00+00:00,0.0
2019-08-21 12:00:00+00:00,0.0
2019-08-21 13:00:00+00:00,0.0
2019-08-21 14:00:00+00:00,0.0
2019-08-21 15:00:00+00:00,0.0
2019-08-21 16:00:00+00:00,0.0
2019-08-21 17:00:00+00:00,0.0
2019-08-21 18:00:00+00:00,0.0
2019-08-21 19:00:00+00:00,0.0
2019-08-21 20:00:00+00:00,0.0
2019-08-21 21:00:00+00:00,0.0
2019-08-21 22:00:00+00:00,0.0
2019-08-21 23:00:00+00:00,0.0
2019-08-22 00:00:00+00:00,0.0
2019-08-22 01:00:00+00:00,0.0
2019-08-22 02:00:00+00:00,0.0
2019-08-22 03:00:00+00:00,0.0
2019-08-22 04:00:00+00:00,0.0
2019-08-22 05:00:00+00:00,0.0
2019-08-22 06:00:00+00:00,0.0
2019-08-22 07:00:00+00:00,0.0
2019-08-22 08:00:00+00:00,0.0
2019-08-22 09:00:00+00:00,0.0
2019-08-22 10:00:00+00:00,0.0
2019-08-22 11:00:00+00:00,-0.09803067356642586
2019-08-22 12:00:00+00:00,0.0
2019-08-22 13:00:00+00:00,0.0
2019-08-22 14:00:00+00:00,0.0
2019-08-22 15:00:00+00:00,0.0
2019-08-22 16:00:00+00:00,0.0
2019-08-22 17:00:00+00:00,0.0
2019-08-22 18:00:00+00:00,0.0
2019-08-22 19:00:00+00:00,0.0
2019-08-22 20:00:00+00:00,0.0
2019-08-22 21:00:00+00:00,0.0
2019-08-22 22:00:00+00:00,0.0
2019-08-22 23:00:00+00:00,0.0
2019-08-23 00:00:00+00:00,0.0
2019-08-23 01:00:00+00:00,0.0
2019-08-23 02:00:00+00:00,0.0
2019-08-23 03:00:00+00:00,0.0
2019-08-23 04:00:00+00:00,0.0
2019-08-23 05:00:00+00:00,0.0
2019-08-23 06:00:00+00:00,0.0
2019-08-23 07:00:00+00:00,0.0
2019-08-23 08:00:00+00:00,0.0
2019-08-23 09:00:00+00:00,0.0
2019-08-23 10:00:00+00:00,0.0
2019-08-23 11:00:00+00:00,0.0
2019-08-23 12:00:00+00:00,0.0
2019-08-23 13:00:00+00:00,0.0
2019-08-23 14:00:00+00:00,0.0
2019-08-23 15:00:00+00:00,0.0
2019-08-23 16:00:00+00:00,0.0
2019-08-23 17:00:00+00:00,0.0
2019-08-23 18:00:00+00:00,0.0
2019-08-23 19:00:00+00:00,0.0
2019-08-23 20:00:00+00:00,0.0
2019-08-23 21:00:00+00:00,0.0
2019-08-23 22:00:00+00:00,0.0
2019-08-23 23:00:00+00:00,0.0
2019-08-24 00:00:00+00:00,0.0
2019-08-24 01:00:00+00:00,0.0
2019-08-24 02:00:00+00:00,0.0
2019-08-24 03:00:00+00:00,0.0
2019-08-24 04:00:00+00:00,0.0
2019-08-24 05:00:00+00:00,0.0
2019-08-24 06:00:00+00:00,0.0
2019-08-24 07:00:00+00:00,0.0
2019-08-24 08:00:00+00:00,0.0
2019-08-24 09:00:00+00:00,0.0
2019-08-24 10:00:00+00:00,0.0
2019-08-24 11:00:00+00:00,0.0
2019-08-24 12:00:00+00:00,0.0
2019-08-24 13:00:00+00:00,0.0
2019-08-24 14:00:00+00:00,0.0
2019-08-24 15:00:00+00:00,0.0
2019-08-24 16:00:00+00:00,0.0
2019-08-24 17:00:00+00:00,0.0
2019-08-24 18:00:00+00:00,0.0
2019-08-24 19:00:00+00:00,0.0
2019-08-24 20:00:00+00:00,0.0
2019-08-24 21:00:00+00:00,0.0
2019-08-24 22:00:00+00:00,0.0
2019-08-24 23:00:00+00:00,0.0
2019-08-25 00:00:00+00:00,0.0
2019-08-25 01:00:00+00:00,0.0
2019-08-25 02:00:00+00:00,0.0
2019-08-25 03:00:00+00:00,0.0
2019-08-25 04:00:00+00:00,0.0
2019-08-25 05:00:00+00:00,0.0
2019-08-25 06:00:00+00:00,0.0
2019-08-25 07:00:00+00:00,0.0
2019-08-25 08:00:00+00:00,0.0
2019-08-25 09:00:00+00:00,0.0
2019-08-25 10:00:00+00:00,0.0
2019-08-25 11:00:00+00:00,0.0
2019-08-25 12:00:00+00:00,0.0
2019-08-25 13:00:00+00:00,0.0
2019-08-25 14:00:00+00:00,0.0
2019-08-25 15:00:00+00:00,0.0
2019-08-25 16:00:00+00:00,0.0
2019-08-25 17:00:00+00:00,0.0
2019-08-25 18:00:00+00:00,0.0
2019-08-25 19:00:00+00:00,0.0
2019-08-25 20:00:00+00:00,0.0
2019-08-25 21:00:00+00:00,0.0
2019-08-25 22:00:00+00:00,0.0
2019-08-25 23:00:00+00:00,0.0
2019-08-26 00:00:00+00:00,0.0
2019-08-26 01:00:00+00:00,0.0
2019-08-26 02:00:00+00:00,0.0
2019-08-26 03:00:00+00:00,0.0
2019-08-26 04:00:00+00:00,0.0
2019-08-26 05:00:00+00:00,0.0
2019-08-26 06:00:00+00:00,0.0
2019-08-26 07:00:00+00:00,0.0
2019-08-26 08:00:00+00:00,0.0
2019-08-26 09:00:00+00:00,0.0
2019-08-26 10:00:00+00:00,0.0
2019-08-26 11:00:00+00:00,0.0
2019-08-26 12:00:00+00:00,0.0
2019-08-26 13:00:00+00:00,0.0
2019-08-26 14:00:00+00:00,0.0
2019-08-26 15:00:00+00:00,0.0
2019-08-26 16:00:00+00:00,0.0
2019-08-26 17:00:00+00:00,0.0
2019-08-26 18:00:00+00:00,0.0
2019-08-26 19:00:00+00:00,0.0
2019-08-26 20:00:00+00:00,0.0
2019-08-26 21:00:00+00:00,0.0
2019-08-26 22:00:00+00:00,0.0
2019-08-26 23:00:00+00:00,0.0
2019-08-27 00:00:00+00:00,0.0
2019-08-27 01:00:00+00:00,0.0
2019-08-27 02:00:00+00:00,0.0
2019-08-27 03:00:00+00:00,0.0
2019-08-27 04:00:00+00:00,0.0
2019-08-27 05:00:00+00:00,0.0
2019-08-27 06:00:00+00:00,0.0
2019-08-27 07:00:00+00:00,0.0
2019-08-27 08:00:00+00:00,0.0
2019-08-27 09:00:00+00:00,0.0
2019-08-27 10:00:00+00:00,0.0
2019-08-27 11:00:00+00:00,0.0
2019-08-27 12:00:00+00:00,0.0
2019-08-27 13:00:00+00:00,0.0
2019-08-27 14:00:00+00:00,0.0
2019-08-27 15:00:00+00:00,0.0
2019-08-27 16:00:00+00:00,0.0
2019-08-27 17:00:00+00:00,0.0
2019-08-27 18:00:00+00:00,0.0
2019-08-27 19:00:00+00:00,0.0
2019-08-27 20:00:00+00:00,0.0
2019-08-27 21:00:00+00:00,0.0
2019-08-27 22:00:00+00:00,0.0
2019-08-27 23:00:00+00:00,0.0
2019-08-28 00:00:00+00:00,0.0
2019-08-28 01:00:00+00:00,0.0
2019-08-28 02:00:00+00:00,0.0
2019-08-28 03:00:00+00:00,0.0
2019-08-28 04:00:00+00:00,0.0
2019-08-28 05:00:00+00:00,0.0
2019-08-28 06:00:00+00:00,0.0
2019-08-28 07:00:00+00:00,0.0
2019-08-28 08:00:00+00:00,0.0
2019-08-28 09:00:00+00:00,0.0
2019-08-28 10:00:00+00:00,0.0
2019-08-28 11:00:00+00:00,0.0
2019-08-28 12:00:00+00:00,0.0
2019-08-28 13:00:00+00:00,0.0
2019-08-28 14:00:00+00:00,0.0
2019-08-28 15:00:00+00:00,0.0
2019-08-28 16:00:00+00:00,0.0
2019-08-28 17:00:00+00:00,0.0
2019-08-28 18:00:00+00:00,-0.10296742872635338
2019-08-28 19:00:00+00:00,0.0
2019-08-28 20:00:00+00:00,0.0
2019-08-28 21:00:00+00:00,0.0
2019-08-28 22:00:00+00:00,0.0
2019-08-28 23:00:00+00:00,0.0
2019-08-29 00:00:00+00:00,0.0
2019-08-29 01:00:00+00:00,0.0
2019-08-29 02:00:00+00:00,0.0
2019-08-29 03:00:00+00:00,0.0
2019-08-29 04:00:00+00:00,0.0
2019-08-29 05:00:00+00:00,0.0
2019-08-29 06:00:00+00:00,0.0
2019-08-29 07:00:00+00:00,0.0
2019-08-29 08:00:00+00:00,0.0
2019-08-29 09:00:00+00:00,0.0
2019-08-29 10:00:00+00:00,0.0
2019-08-29 11:00:00+00:00,0.0
2019-08-29 12:00:00+00:00,0.0
2019-08-29 13:00:00+00:00,0.0
2019-08-29 14:00:00+00:00,0.0
2019-08-29 15:00:00+00:00,0.0
2019-08-29 16:00:00+00:00,0.0
2019-08-29 17:00:00+00:00,0.0
2019-08-29 18:00:00+00:00,0.0
2019-08-29 19:00:00+00:00,0.0
2019-08-29 20:00:00+00:00,0.0
2019-08-29 21:00:00+00:00,0.0
2019-08-29 22:00:00+00:00,0.0
2019-08-29 23:00:00+00:00,0.0
2019-08-30 00:00:00+00:00,0.0
2019-08-30 01:00:00+00:00,0.0
2019-08-30 02:00:00+00:00,0.0
2019-08-30 03:00:00+00:00,0.0
2019-08-30 04:00:00+00:00,0.0
2019-08-30 05:00:00+00:00,0.0
2019-08-30 06:00:00+00:00,0.0
2019-08-30 07:00:00+00:00,0.0
2019-08-30 08:00:00+00:00,0.0
2019-08-30 09:00:00+00:00,0.0
2019-08-30 10:00:00+00:00,0.0
2019-08-30 11:00:00+00:00,0.0
2019-08-30 12:00:00+00:00,0.0
2019-08-30 13:00:00+00:00,0.0
2019-08-30 14:00:00+00:00,0.0
2019-08-30 15:00:00+00:00,0.0
2019-08-30 16:00:00+00:00,0.0
2019-08-30 17:00:00+00:00,0.0
2019-08-30 18:00:00+00:00,0.0
2019-08-30 19:00:00+00:00,0.0
2019-08-30 20:00:00+00:00,0.0
2019-08-30 21:00:00+00:00,0.0
2019-08-30 22:00:00+00:00,0.0
2019-08-30 23:00:00+00:00,0.0
2019-08-31 00:00:00+00:00,0.0
2019-08-31 01:00:00+00:00,0.0
2019-08-31 02:00:00+00:00,0.0
2019-08-31 03:00:00+00:00,0.0
2019-08-31 04:00:00+00:00,0.0
2019-08-31 05:00:00+00:00,0.0
2019-08-31 06:00:00+00:00,0.0
2019-08-31 07:00:00+00:00,0.0
2019-08-31 08:00:00+00:00,0.0
2019-08-31 09:00:00+00:00,0.0
2019-08-31 10:00:00+00:00,0.0
2019-08-31 11:00:00+00:00,0.0
2019-08-31 12:00:00+00:00,0.0
2019-08-31 13:00:00+00:00,0.0
2019-08-31 14:00:00+00:00,0.0
2019-08-31 15:00:00+00:00,0.0
2019-08-31 16:00:00+00:00,0.0
2019-08-31 17:00:00+00:00,0.0
2019-08-31 18:00:00+00:00,0.0
2019-08-31 19:00:00+00:00,0.0
2019-08-31 20:00:00+00:00,0.0
2019-08-31 21:00:00+00:00,0.0
2019-08-31 22:00:00+00:00,0.0
2019-08-31 23:00:00+00:00,0.0
2019-09-01 00:00:00+00:00,0.0
2019-09-01 01:00:00+00:00,0.0
2019-09-01 02:00:00+00:00,0.0
2019-09-01 03:00:00+00:00,0.0
2019-09-01 04:00:00+00:00,0.0
2019-09-01 05:00:00+00:00,0.0
2019-09-01 06:00:00+00:00,0.0
2019-09-01 07:00:00+00:00,0.0
2019-09-01 08:00:00+00:00,0.0
2019-09-01 09:00:00+00:00,0.0
2019-09-01 10:00:00+00:00,0.0
2019-09-01 11:00:00+00:00,0.0
2019-09-01 12:00:00+00:00,0.0
2019-09-01 13:00:00+00:00,-0.06538521517373659
2019-09-01 14:00:00+00:00,0.0
2019-09-01 15:00:00+00:00,0.0
2019-09-01 16:00:00+00:00,0.0
2019-09-01 17:00:00+00:00,0.0
2019-09-01 18:00:00+00:00,0.0
2019-09-01 19:00:00+00:00,0.0
2019-09-01 20:00:00+00:00,0.16342295901459966
2019-09-01 21:00:00+00:00,0.0
2019-09-01 22:00:00+00:00,-0.061942164310119965
2019-09-01 23:00:00+00:00,0.0
2019-09-02 00:00:00+00:00,0.0
2019-09-02 01:00:00+00:00,0.0
2019-09-02 02:00:00+00:00,-0.058028305375809656
2019-09-02 03:00:00+00:00,0.0
2019-09-02 04:00:00+00:00,0.0
2019-09-02 05:00:00+00:00,0.0
2019-09-02 06:00:00+00:00,0.0
2019-09-02 07:00:00+00:00,0.0
2019-09-02 08:00:00+00:00,0.0
2019-09-02 09:00:00+00:00,0.0
2019-09-02 10:00:00+00:00,0.0
2019-09-02 11:00:00+00:00,0.0
2019-09-02 12:00:00+00:00,0.0
2019-09-02 13:00:00+00:00,0.0
2019-09-02 14:00:00+00:00,0.0
2019-09-02 15:00:00+00:00,0.004995583069273212
2019-09-02 16:00:00+00:00,0.0
2019-09-02 17:00:00+00:00,0.0
2019-09-02 18:00:00+00:00,0.0
2019-09-02 19:00:00+00:00,0.0
2019-09-02 20:00:00+00:00,0.0
2019-09-02 21:00:00+00:00,0.0
2019-09-02 22:00:00+00:00,0.0
2019-09-02 23:00:00+00:00,0.0
2019-09-03 00:00:00+00:00,0.0
2019-09-03 01:00:00+00:00,0.0
2019-09-03 02:00:00+00:00,0.0
2019-09-03 03:00:00+00:00,0.0
2019-09-03 04:00:00+00:00,0.0
2019-09-03 05:00:00+00:00,0.0
2019-09-03 06:00:00+00:00,0.0
2019-09-03 07:00:00+00:00,0.0
2019-09-03 08:00:00+00:00,0.0
2019-09-03 09:00:00+00:00,0.0
2019-09-03 10:00:00+00:00,0.0
2019-09-03 11:00:00+00:00,0.0
2019-09-03 12:00:00+00:00,0.0
2019-09-03 13:00:00+00:00,0.0
2019-09-03 14:00:00+00:00,0.0
2019-09-03 15:00:00+00:00,0.0
2019-09-03 16:00:00+00:00,0.0
2019-09-03 17:00:00+00:00,0.0
2019-09-03 18:00:00+00:00,0.0
2019-09-03 19:00:00+00:00,0.0
2019-09-03 20:00:00+00:00,0.08769348522984505
2019-09-03 21:00:00+00:00,0.0
2019-09-03 22:00:00+00:00,0.0
2019-09-03 23:00:00+00:00,0.0
2019-09-04 00:00:00+00:00,0.0
2019-09-04 01:00:00+00:00,0.0
2019-09-04 02:00:00+00:00,0.0
2019-09-04 03:00:00+00:00,0.0
2019-09-04 04:00:00+00:00,0.0
2019-09-04 05:00:00+00:00,0.0
2019-09-04 06:00:00+00:00,0.0
2019-09-04 07:00:00+00:00,0.0
2019-09-04 08:00:00+00:00,0.0
2019-09-04 09:00:00+00:00,0.0
2019-09-04 10:00:00+00:00,0.0
2019-09-04 11:00:00+00:00,0.0
2019-09-04 12:00:00+00:00,0.0
2019-09-04 13:00:00+00:00,0.0
2019-09-04 14:00:00+00:00,0.0
2019-09-04 15:00:00+00:00,0.0
2019-09-04 16:00:00+00:00,0.0
2019-09-04 17:00:00+00:00,0.0
2019-09-04 18:00:00+00:00,0.0
2019-09-04 19:00:00+00:00,0.0
2019-09-04 20:00:00+00:00,0.0
2019-09-04 21:00:00+00:00,0.0
2019-09-04 22:00:00+00:00,0.0
2019-09-04 23:00:00+00:00,0.0
2019-09-05 00:00:00+00:00,0.0
2019-09-05 01:00:00+00:00,0.0
2019-09-05 02:00:00+00:00,0.0
2019-09-05 03:00:00+00:00,0.0
2019-09-05 04:00:00+00:00,0.0
2019-09-05 05:00:00+00:00,0.0
2019-09-05 06:00:00+00:00,0.0
2019-09-05 07:00:00+00:00,0.0
2019-09-05 08:00:00+00:00,0.0
2019-09-05 09:00:00+00:00,0.0
2019-09-05 10:00:00+00:00,0.0
2019-09-05 11:00:00+00:00,0.0
2019-09-05 12:00:00+00:00,0.0
2019-09-05 13:00:00+00:00,0.0
2019-09-05 14:00:00+00:00,0.0
2019-09-05 15:00:00+00:00,0.0
2019-09-05 16:00:00+00:00,0.0
2019-09-05 17:00:00+00:00,0.0
2019-09-05 18:00:00+00:00,0.0
2019-09-05 19:00:00+00:00,0.0
2019-09-05 20:00:00+00:00,0.0
2019-09-05 21:00:00+00:00,0.0
2019-09-05 22:00:00+00:00,0.0
2019-09-05 23:00:00+00:00,0.0
2019-09-06 00:00:00+00:00,0.0
2019-09-06 01:00:00+00:00,0.0
2019-09-06 02:00:00+00:00,0.0
2019-09-06 03:00:00+00:00,0.0
2019-09-06 04:00:00+00:00,0.0
2019-09-06 05:00:00+00:00,0.0
2019-09-06 06:00:00+00:00,0.0
2019-09-06 07:00:00+00:00,0.0
2019-09-06 08:00:00+00:00,0.0
2019-09-06 09:00:00+00:00,0.0
2019-09-06 10:00:00+00:00,0.0
2019-09-06 11:00:00+00:00,0.0
2019-09-06 12:00:00+00:00,0.058774881455764656
2019-09-06 13:00:00+00:00,0.0
2019-09-06 14:00:00+00:00,0.0
2019-09-06 15:00:00+00:00,0.0
2019-09-06 16:00:00+00:00,0.1610642083975974
2019-09-06 17:00:00+00:00,-0.08679132731032334
2019-09-06 18:00:00+00:00,0.0
2019-09-06 19:00:00+00:00,0.0
2019-09-06 20:00:00+00:00,-0.06598109857599069
2019-09-06 21:00:00+00:00,0.0
2019-09-06 22:00:00+00:00,0.0
2019-09-06 23:00:00+00:00,0.0
2019-09-07 00:00:00+00:00,0.0
2019-09-07 01:00:00+00:00,0.0
2019-09-07 02:00:00+00:00,0.0
2019-09-07 03:00:00+00:00,0.0
2019-09-07 04:00:00+00:00,0.0
2019-09-07 05:00:00+00:00,0.0
2019-09-07 06:00:00+00:00,0.0
2019-09-07 07:00:00+00:00,0.0
2019-09-07 08:00:00+00:00,0.0
2019-09-07 09:00:00+00:00,0.0
2019-09-07 10:00:00+00:00,0.0
2019-09-07 11:00:00+00:00,0.0
2019-09-07 12:00:00+00:00,0.0
2019-09-07 13:00:00+00:00,0.0
2019-09-07 14:00:00+00:00,0.19257342540820102
2019-09-07 15:00:00+00:00,0.0
2019-09-07 16:00:00+00:00,0.0
2019-09-07 17:00:00+00:00,0.0
2019-09-07 18:00:00+00:00,0.0
2019-09-07 19:00:00+00:00,0.0
2019-09-07 20:00:00+00:00,0.0
2019-09-07 21:00:00+00:00,0.0
2019-09-07 22:00:00+00:00,0.0
2019-09-07 23:00:00+00:00,-0.06070990977281927
2019-09-08 00:00:00+00:00,0.0
2019-09-08 01:00:00+00:00,0.0
2019-09-08 02:00:00+00:00,0.10757876149690414
2019-09-08 03:00:00+00:00,0.0
2019-09-08 04:00:00+00:00,0.0
2019-09-08 05:00:00+00:00,0.0
2019-09-08 06:00:00+00:00,0.0
2019-09-08 07:00:00+00:00,0.0
2019-09-08 08:00:00+00:00,0.0
2019-09-08 09:00:00+00:00,0.0
2019-09-08 10:00:00+00:00,0.0
2019-09-08 11:00:00+00:00,0.20812953699798156
2019-09-08 12:00:00+00:00,0.0
2019-09-08 13:00:00+00:00,0.0
2019-09-08 14:00:00+00:00,0.0
2019-09-08 15:00:00+00:00,0.0
2019-09-08 16:00:00+00:00,0.0
2019-09-08 17:00:00+00:00,0.0
2019-09-08 18:00:00+00:00,0.0
2019-09-08 19:00:00+00:00,0.0
2019-09-08 20:00:00+00:00,0.0
2019-09-08 21:00:00+00:00,0.0
2019-09-08 22:00:00+00:00,0.0
2019-09-08 23:00:00+00:00,0.0
2019-09-09 00:00:00+00:00,0.0
2019-09-09 01:00:00+00:00,0.0
2019-09-09 02:00:00+00:00,0.0
2019-09-09 03:00:00+00:00,0.0
2019-09-09 04:00:00+00:00,0.0
2019-09-09 05:00:00+00:00,0.0
2019-09-09 06:00:00+00:00,0.0
2019-09-09 07:00:00+00:00,0.0
2019-09-09 08:00:00+00:00,0.0
2019-09-09 09:00:00+00:00,0.0
2019-09-09 10:00:00+00:00,0.0
2019-09-09 11:00:00+00:00,0.0
2019-09-09 12:00:00+00:00,0.0
2019-09-09 13:00:00+00:00,0.0
2019-09-09 14:00:00+00:00,0.0
2019-09-09 15:00:00+00:00,0.0
2019-09-09 16:00:00+00:00,0.0
2019-09-09 17:00:00+00:00,0.0
2019-09-09 18:00:00+00:00,0.0
2019-09-09 19:00:00+00:00,0.0
2019-09-09 20:00:00+00:00,0.0
2019-09-09 21:00:00+00:00,0.0
2019-09-09 22:00:00+00:00,0.0
2019-09-09 23:00:00+00:00,0.0
2019-09-10 00:00:00+00:00,0.0
2019-09-10 01:00:00+00:00,0.0
2019-09-10 02:00:00+00:00,0.0
2019-09-10 03:00:00+00:00,0.0
2019-09-10 04:00:00+00:00,0.0
2019-09-10 05:00:00+00:00,0.0
2019-09-10 06:00:00+00:00,0.0
2019-09-10 07:00:00+00:00,0.0
2019-09-10 08:00:00+00:00,0.0
2019-09-10 09:00:00+00:00,0.0
2019-09-10 10:00:00+00:00,0.0
2019-09-10 11:00:00+00:00,0.0
2019-09-10 12:00:00+00:00,0.0
2019-09-10 13:00:00+00:00,0.0
2019-09-10 14:00:00+00:00,0.0
2019-09-10 15:00:00+00:00,0.0
2019-09-10 16:00:00+00:00,0.0
2019-09-10 17:00:00+00:00,0.0
2019-09-10 18:00:00+00:00,0.0
2019-09-10 19:00:00+00:00,0.0
2019-09-10 20:00:00+00:00,0.0
2019-09-10 21:00:00+00:00,0.0
2019-09-10 22:00:00+00:00,0.0
2019-09-10 23:00:00+00:00,0.0
2019-09-11 00:00:00+00:00,0.0
2019-09-11 01:00:00+00:00,0.0
2019-09-11 02:00:00+00:00,0.0
2019-09-11 03:00:00+00:00,0.0
2019-09-11 04:00:00+00:00,0.0
2019-09-11 05:00:00+00:00,0.0
2019-09-11 06:00:00+00:00,0.0
2019-09-11 07:00:00+00:00,0.0
2019-09-11 08:00:00+00:00,0.0
2019-09-11 09:00:00+00:00,0.0
2019-09-11 10:00:00+00:00,0.0
2019-09-11 11:00:00+00:00,0.0
2019-09-11 12:00:00+00:00,0.0
2019-09-11 13:00:00+00:00,0.0
2019-09-11 14:00:00+00:00,-0.08925190132055602
2019-09-11 15:00:00+00:00,0.0
2019-09-11 16:00:00+00:00,0.0
2019-09-11 17:00:00+00:00,0.0
2019-09-11 18:00:00+00:00,0.0
2019-09-11 19:00:00+00:00,0.0
2019-09-11 20:00:00+00:00,0.0
2019-09-11 21:00:00+00:00,0.0
2019-09-11 22:00:00+00:00,0.0
2019-09-11 23:00:00+00:00,0.0
2019-09-12 00:00:00+00:00,0.0
2019-09-12 01:00:00+00:00,0.0
2019-09-12 02:00:00+00:00,0.0
2019-09-12 03:00:00+00:00,0.0
2019-09-12 04:00:00+00:00,0.0
2019-09-12 05:00:00+00:00,0.0
2019-09-12 06:00:00+00:00,0.0
2019-09-12 07:00:00+00:00,0.0
2019-09-12 08:00:00+00:00,0.0
2019-09-12 09:00:00+00:00,0.0
2019-09-12 10:00:00+00:00,0.0
2019-09-12 11:00:00+00:00,0.0
2019-09-12 12:00:00+00:00,0.0
2019-09-12 13:00:00+00:00,0.0
2019-09-12 14:00:00+00:00,0.0
2019-09-12 15:00:00+00:00,0.0
2019-09-12 16:00:00+00:00,0.0
2019-09-12 17:00:00+00:00,0.0
2019-09-12 18:00:00+00:00,0.0
2019-09-12 19:00:00+00:00,0.0
2019-09-12 20:00:00+00:00,0.0
2019-09-12 21:00:00+00:00,0.0
2019-09-12 22:00:00+00:00,0.0
2019-09-12 23:00:00+00:00,0.0
2019-09-13 00:00:00+00:00,0.0
2019-09-13 01:00:00+00:00,0.16926839472716376
2019-09-13 02:00:00+00:00,0.0
2019-09-13 03:00:00+00:00,0.0
2019-09-13 04:00:00+00:00,0.0
2019-09-13 05:00:00+00:00,-0.08495589456162943
2019-09-13 06:00:00+00:00,0.0
2019-09-13 07:00:00+00:00,0.0
2019-09-13 08:00:00+00:00,0.0
2019-09-13 09:00:00+00:00,0.0
2019-09-13 10:00:00+00:00,0.0
2019-09-13 11:00:00+00:00,0.0
2019-09-13 12:00:00+00:00,0.0
2019-09-13 13:00:00+00:00,0.0
2019-09-13 14:00:00+00:00,0.0
2019-09-13 15:00:00+00:00,0.0
2019-09-13 16:00:00+00:00,0.0
2019-09-13 17:00:00+00:00,0.0
2019-09-13 18:00:00+00:00,0.0
2019-09-13 19:00:00+00:00,0.0
2019-09-13 20:00:00+00:00,0.0
2019-09-13 21:00:00+00:00,0.0
2019-09-13 22:00:00+00:00,0.0
2019-09-13 23:00:00+00:00,0.0
2019-09-14 00:00:00+00:00,0.0
2019-09-14 01:00:00+00:00,0.0
2019-09-14 02:00:00+00:00,0.0
2019-09-14 03:00:00+00:00,0.0
2019-09-14 04:00:00+00:00,0.0
2019-09-14 05:00:00+00:00,0.0
2019-09-14 06:00:00+00:00,0.0
2019-09-14 07:00:00+00:00,0.0
2019-09-14 08:00:00+00:00,0.0
2019-09-14 09:00:00+00:00,0.0
2019-09-14 10:00:00+00:00,0.0
2019-09-14 11:00:00+00:00,0.0
2019-09-14 12:00:00+00:00,0.0
2019-09-14 13:00:00+00:00,0.0
2019-09-14 14:00:00+00:00,0.0
2019-09-14 15:00:00+00:00,0.0
2019-09-14 16:00:00+00:00,0.0
2019-09-14 17:00:00+00:00,0.0
2019-09-14 18:00:00+00:00,0.0
2019-09-14 19:00:00+00:00,0.0
2019-09-14 20:00:00+00:00,0.0
2019-09-14 21:00:00+00:00,0.0
2019-09-14 22:00:00+00:00,0.0
2019-09-14 23:00:00+00:00,0.0
2019-09-15 00:00:00+00:00,0.0
2019-09-15 01:00:00+00:00,0.0
2019-09-15 02:00:00+00:00,0.0
2019-09-15 03:00:00+00:00,0.0
2019-09-15 04:00:00+00:00,0.0
2019-09-15 05:00:00+00:00,0.15437880670161958
2019-09-15 06:00:00+00:00,0.0
2019-09-15 07:00:00+00:00,0.0
2019-09-15 08:00:00+00:00,0.0
2019-09-15 09:00:00+00:00,0.0
2019-09-15 10:00:00+00:00,0.0
2019-09-15 11:00:00+00:00,0.0
2019-09-15 12:00:00+00:00,0.0
2019-09-15 13:00:00+00:00,0.0
2019-09-15 14:00:00+00:00,0.0
2019-09-15 15:00:00+00:00,0.0
2019-09-15 16:00:00+00:00,0.0
2019-09-15 17:00:00+00:00,0.0
2019-09-15 18:00:00+00:00,0.0
2019-09-15 19:00:00+00:00,0.0
2019-09-15 20:00:00+00:00,0.0
2019-09-15 21:00:00+00:00,0.0
2019-09-15 22:00:00+00:00,0.0
2019-09-15 23:00:00+00:00,0.0
2019-09-16 00:00:00+00:00,0.0
2019-09-16 01:00:00+00:00,0.0
2019-09-16 02:00:00+00:00,0.0
2019-09-16 03:00:00+00:00,0.0
2019-09-16 04:00:00+00:00,0.0
2019-09-16 05:00:00+00:00,0.0
2019-09-16 06:00:00+00:00,0.0
2019-09-16 07:00:00+00:00,0.0
2019-09-16 08:00:00+00:00,0.0
2019-09-16 09:00:00+00:00,0.0
2019-09-16 10:00:00+00:00,-0.04618475448918461
2019-09-16 11:00:00+00:00,0.0
2019-09-16 12:00:00+00:00,0.0
2019-09-16 13:00:00+00:00,0.0
2019-09-16 14:00:00+00:00,0.0
2019-09-16 15:00:00+00:00,0.0
2019-09-16 16:00:00+00:00,0.0
2019-09-16 17:00:00+00:00,0.0
2019-09-16 18:00:00+00:00,0.0
2019-09-16 19:00:00+00:00,0.0
2019-09-16 20:00:00+00:00,0.0
2019-09-16 21:00:00+00:00,0.0
2019-09-16 22:00:00+00:00,0.0
2019-09-16 23:00:00+00:00,0.0
2019-09-17 00:00:00+00:00,0.0
2019-09-17 01:00:00+00:00,0.0
2019-09-17 02:00:00+00:00,0.0
2019-09-17 03:00:00+00:00,0.0
2019-09-17 04:00:00+00:00,0.0
2019-09-17 05:00:00+00:00,0.0
2019-09-17 06:00:00+00:00,0.0
2019-09-17 07:00:00+00:00,0.0
2019-09-17 08:00:00+00:00,0.0
2019-09-17 09:00:00+00:00,0.0
2019-09-17 10:00:00+00:00,0.0
2019-09-17 11:00:00+00:00,0.0
2019-09-17 12:00:00+00:00,0.0
2019-09-17 13:00:00+00:00,0.0
2019-09-17 14:00:00+00:00,0.0
2019-09-17 15:00:00+00:00,0.0
2019-09-17 16:00:00+00:00,0.0
2019-09-17 17:00:00+00:00,0.0
2019-09-17 18:00:00+00:00,0.0
2019-09-17 19:00:00+00:00,0.0
2019-09-17 20:00:00+00:00,0.0
2019-09-17 21:00:00+00:00,0.0
2019-09-17 22:00:00+00:00,0.0
2019-09-17 23:00:00+00:00,0.0
2019-09-18 00:00:00+00:00,0.0
2019-09-18 01:00:00+00:00,0.0
2019-09-18 02:00:00+00:00,0.0
2019-09-18 03:00:00+00:00,0.0
2019-09-18 04:00:00+00:00,0.0
2019-09-18 05:00:00+00:00,0.0
2019-09-18 06:00:00+00:00,0.0
2019-09-18 07:00:00+00:00,0.0
2019-09-18 08:00:00+00:00,0.0
2019-09-18 09:00:00+00:00,0.0
2019-09-18 10:00:00+00:00,0.0
2019-09-18 11:00:00+00:00,0.0
2019-09-18 12:00:00+00:00,0.0
2019-09-18 13:00:00+00:00,0.0
2019-09-18 14:00:00+00:00,0.0
2019-09-18 15:00:00+00:00,0.0
2019-09-18 16:00:00+00:00,0.0
2019-09-18 17:00:00+00:00,0.0
2019-09-18 18:00:00+00:00,0.0
2019-09-18 19:00:00+00:00,0.0
2019-09-18 20:00:00+00:00,0.0
2019-09-18 21:00:00+00:00,0.0
2019-09-18 22:00:00+00:00,0.0
2019-09-18 23:00:00+00:00,0.0
2019-09-19 00:00:00+00:00,0.0
2019-09-19 01:00:00+00:00,0.0
2019-09-19 02:00:00+00:00,0.0
2019-09-19 03:00:00+00:00,0.0
2019-09-19 04:00:00+00:00,0.0
2019-09-19 05:00:00+00:00,0.0
2019-09-19 06:00:00+00:00,0.0
2019-09-19 07:00:00+00:00,0.0
2019-09-19 08:00:00+00:00,0.0
2019-09-19 09:00:00+00:00,0.0
2019-09-19 10:00:00+00:00,0.0
2019-09-19 11:00:00+00:00,0.0
2019-09-19 12:00:00+00:00,0.0
2019-09-19 13:00:00+00:00,0.0
2019-09-19 14:00:00+00:00,0.0
2019-09-19 15:00:00+00:00,0.0
2019-09-19 16:00:00+00:00,0.0
2019-09-19 17:00:00+00:00,0.0
2019-09-19 18:00:00+00:00,0.0
2019-09-19 19:00:00+00:00,0.0
2019-09-19 20:00:00+00:00,0.0
2019-09-19 21:00:00+00:00,0.0
2019-09-19 22:00:00+00:00,0.0
2019-09-19 23:00:00+00:00,0.0
2019-09-20 00:00:00+00:00,0.0
2019-09-20 01:00:00+00:00,0.0
2019-09-20 02:00:00+00:00,0.0
2019-09-20 03:00:00+00:00,0.0
2019-09-20 04:00:00+00:00,0.0
2019-09-20 05:00:00+00:00,0.0
2019-09-20 06:00:00+00:00,0.0
2019-09-20 07:00:00+00:00,0.0
2019-09-20 08:00:00+00:00,0.0
2019-09-20 09:00:00+00:00,0.0
2019-09-20 10:00:00+00:00,0.0
2019-09-20 11:00:00+00:00,0.0
2019-09-20 12:00:00+00:00,0.0
2019-09-20 13:00:00+00:00,0.0
2019-09-20 14:00:00+00:00,0.0
2019-09-20 15:00:00+00:00,0.0
2019-09-20 16:00:00+00:00,0.0
2019-09-20 17:00:00+00:00,0.0
2019-09-20 18:00:00+00:00,0.0
2019-09-20 19:00:00+00:00,0.0
2019-09-20 20:00:00+00:00,0.0
2019-09-20 21:00:00+00:00,0.0
2019-09-20 22:00:00+00:00,0.0
2019-09-20 23:00:00+00:00,0.0
2019-09-21 00:00:00+00:00,0.0
2019-09-21 01:00:00+00:00,0.0
2019-09-21 02:00:00+00:00,0.0
2019-09-21 03:00:00+00:00,0.0
2019-09-21 04:00:00+00:00,0.0
2019-09-21 05:00:00+00:00,0.0
2019-09-21 06:00:00+00:00,0.0
2019-09-21 07:00:00+00:00,0.0
2019-09-21 08:00:00+00:00,0.0
2019-09-21 09:00:00+00:00,0.0
2019-09-21 10:00:00+00:00,0.0
2019-09-21 11:00:00+00:00,0.0
2019-09-21 12:00:00+00:00,0.0
2019-09-21 13:00:00+00:00,0.0
2019-09-21 14:00:00+00:00,0.0
2019-09-21 15:00:00+00:00,0.0
2019-09-21 16:00:00+00:00,0.0
2019-09-21 17:00:00+00:00,0.0
2019-09-21 18:00:00+00:00,0.0
2019-09-21 19:00:00+00:00,0.0
2019-09-21 20:00:00+00:00,0.0
2019-09-21 21:00:00+00:00,0.0
2019-09-21 22:00:00+00:00,0.0
2019-09-21 23:00:00+00:00,0.0
2019-09-22 00:00:00+00:00,0.0
2019-09-22 01:00:00+00:00,0.0
2019-09-22 02:00:00+00:00,0.0
2019-09-22 03:00:00+00:00,0.0
2019-09-22 04:00:00+00:00,0.0
2019-09-22 05:00:00+00:00,0.0
2019-09-22 06:00:00+00:00,0.0
2019-09-22 07:00:00+00:00,0.0
2019-09-22 08:00:00+00:00,0.0
2019-09-22 09:00:00+00:00,0.0
2019-09-22 10:00:00+00:00,0.0
2019-09-22 11:00:00+00:00,0.0
2019-09-22 12:00:00+00:00,0.0
2019-09-22 13:00:00+00:00,0.0
2019-09-22 14:00:00+00:00,0.0
2019-09-22 15:00:00+00:00,0.0
2019-09-22 16:00:00+00:00,0.0
2019-09-22 17:00:00+00:00,0.0
2019-09-22 18:00:00+00:00,0.0
2019-09-22 19:00:00+00:00,0.0
2019-09-22 20:00:00+00:00,0.0
2019-09-22 21:00:00+00:00,0.0
2019-09-22 22:00:00+00:00,0.0
2019-09-22 23:00:00+00:00,0.0
2019-09-23 00:00:00+00:00,0.0
2019-09-23 01:00:00+00:00,0.0
2019-09-23 02:00:00+00:00,0.0
2019-09-23 03:00:00+00:00,0.0
2019-09-23 04:00:00+00:00,0.0
2019-09-23 05:00:00+00:00,0.0
2019-09-23 06:00:00+00:00,0.0
2019-09-23 07:00:00+00:00,0.0
2019-09-23 08:00:00+00:00,0.0
2019-09-23 09:00:00+00:00,0.0
2019-09-23 10:00:00+00:00,0.0
2019-09-23 11:00:00+00:00,0.0
2019-09-23 12:00:00+00:00,0.0
2019-09-23 13:00:00+00:00,0.0
2019-09-23 14:00:00+00:00,0.0
2019-09-23 15:00:00+00:00,0.0
2019-09-23 16:00:00+00:00,0.0
2019-09-23 17:00:00+00:00,0.0
2019-09-23 18:00:00+00:00,0.0
2019-09-23 19:00:00+00:00,0.0
2019-09-23 20:00:00+00:00,0.0
2019-09-23 21:00:00+00:00,0.0
2019-09-23 22:00:00+00:00,0.0
2019-09-23 23:00:00+00:00,0.0
2019-09-24 00:00:00+00:00,0.0
2019-09-24 01:00:00+00:00,0.0
2019-09-24 02:00:00+00:00,0.0
2019-09-24 03:00:00+00:00,0.0
2019-09-24 04:00:00+00:00,0.0
2019-09-24 05:00:00+00:00,0.0
2019-09-24 06:00:00+00:00,0.0
2019-09-24 07:00:00+00:00,0.0
2019-09-24 08:00:00+00:00,0.0
2019-09-24 09:00:00+00:00,0.0
2019-09-24 10:00:00+00:00,0.0
2019-09-24 11:00:00+00:00,0.0
2019-09-24 12:00:00+00:00,0.0
2019-09-24 13:00:00+00:00,0.0
2019-09-24 14:00:00+00:00,0.0
2019-09-24 15:00:00+00:00,0.0
2019-09-24 16:00:00+00:00,0.0
2019-09-24 17:00:00+00:00,0.0
2019-09-24 18:00:00+00:00,0.0
2019-09-24 19:00:00+00:00,0.0
2019-09-24 20:00:00+00:00,0.0
2019-09-24 21:00:00+00:00,0.0
2019-09-24 22:00:00+00:00,0.0
2019-09-24 23:00:00+00:00,0.0
2019-09-25 00:00:00+00:00,0.0
2019-09-25 01:00:00+00:00,0.0
2019-09-25 02:00:00+00:00,0.0
2019-09-25 03:00:00+00:00,0.0
2019-09-25 04:00:00+00:00,0.0
2019-09-25 05:00:00+00:00,0.0
2019-09-25 06:00:00+00:00,0.0
2019-09-25 07:00:00+00:00,0.0
2019-09-25 08:00:00+00:00,0.0
2019-09-25 09:00:00+00:00,0.0
2019-09-25 10:00:00+00:00,0.0
2019-09-25 11:00:00+00:00,0.0
2019-09-25 12:00:00+00:00,0.0
2019-09-25 13:00:00+00:00,0.0
2019-09-25 14:00:00+00:00,0.0
2019-09-25 15:00:00+00:00,0.0
2019-09-25 16:00:00+00:00,0.0
2019-09-25 17:00:00+00:00,0.0
2019-09-25 18:00:00+00:00,0.0
2019-09-25 19:00:00+00:00,0.0
2019-09-25 20:00:00+00:00,0.0
2019-09-25 21:00:00+00:00,0.0
2019-09-25 22:00:00+00:00,0.0
2019-09-25 23:00:00+00:00,0.0
2019-09-26 00:00:00+00:00,0.0
2019-09-26 01:00:00+00:00,0.0
2019-09-26 02:00:00+00:00,0.0
2019-09-26 03:00:00+00:00,0.0
2019-09-26 04:00:00+00:00,0.0
2019-09-26 05:00:00+00:00,0.0
2019-09-26 06:00:00+00:00,0.0
2019-09-26 07:00:00+00:00,0.0
2019-09-26 08:00:00+00:00,0.0
2019-09-26 09:00:00+00:00,0.0
2019-09-26 10:00:00+00:00,0.0
2019-09-26 11:00:00+00:00,0.0
2019-09-26 12:00:00+00:00,0.0
2019-09-26 13:00:00+00:00,-0.03235146296728756
2019-09-26 14:00:00+00:00,0.0
2019-09-26 15:00:00+00:00,0.0
2019-09-26 16:00:00+00:00,0.0
2019-09-26 17:00:00+00:00,0.0
2019-09-26 18:00:00+00:00,0.0
2019-09-26 19:00:00+00:00,0.0
2019-09-26 20:00:00+00:00,0.0
2019-09-26 21:00:00+00:00,0.0
2019-09-26 22:00:00+00:00,0.0
2019-09-26 23:00:00+00:00,0.0
2019-09-27 00:00:00+00:00,0.0
2019-09-27 01:00:00+00:00,0.0
2019-09-27 02:00:00+00:00,0.0
2019-09-27 03:00:00+00:00,0.0
2019-09-27 04:00:00+00:00,0.0
2019-09-27 05:00:00+00:00,0.0
2019-09-27 06:00:00+00:00,0.0
2019-09-27 07:00:00+00:00,0.0
2019-09-27 08:00:00+00:00,0.0
2019-09-27 09:00:00+00:00,0.0
2019-09-27 10:00:00+00:00,0.0
2019-09-27 11:00:00+00:00,0.0
2019-09-27 12:00:00+00:00,0.0
2019-09-27 13:00:00+00:00,0.0
2019-09-27 14:00:00+00:00,0.0
2019-09-27 15:00:00+00:00,0.0
2019-09-27 16:00:00+00:00,0.0
2019-09-27 17:00:00+00:00,0.0
2019-09-27 18:00:00+00:00,0.0
2019-09-27 19:00:00+00:00,0.0
2019-09-27 20:00:00+00:00,0.0
2019-09-27 21:00:00+00:00,0.0
2019-09-27 22:00:00+00:00,0.0
2019-09-27 23:00:00+00:00,0.0
2019-09-28 00:00:00+00:00,0.0
2019-09-28 01:00:00+00:00,0.0
2019-09-28 02:00:00+00:00,0.0
2019-09-28 03:00:00+00:00,0.0
2019-09-28 04:00:00+00:00,0.0
2019-09-28 05:00:00+00:00,0.0
2019-09-28 06:00:00+00:00,0.0
2019-09-28 07:00:00+00:00,0.0
2019-09-28 08:00:00+00:00,0.0
2019-09-28 09:00:00+00:00,0.0
2019-09-28 10:00:00+00:00,0.0
2019-09-28 11:00:00+00:00,0.0
2019-09-28 12:00:00+00:00,0.0
2019-09-28 13:00:00+00:00,0.0
2019-09-28 14:00:00+00:00,0.0
2019-09-28 15:00:00+00:00,0.0
2019-09-28 16:00:00+00:00,0.0
2019-09-28 17:00:00+00:00,0.0
2019-09-28 18:00:00+00:00,0.0
2019-09-28 19:00:00+00:00,0.0
2019-09-28 20:00:00+00:00,0.0
2019-09-28 21:00:00+00:00,0.0
2019-09-28 22:00:00+00:00,0.0
2019-09-28 23:00:00+00:00,0.0
2019-09-29 00:00:00+00:00,0.0
2019-09-29 01:00:00+00:00,0.0
2019-09-29 02:00:00+00:00,0.0
2019-09-29 03:00:00+00:00,0.0
2019-09-29 04:00:00+00:00,0.0
2019-09-29 05:00:00+00:00,0.0
2019-09-29 06:00:00+00:00,0.0
2019-09-29 07:00:00+00:00,0.0
2019-09-29 08:00:00+00:00,0.0
2019-09-29 09:00:00+00:00,0.0
2019-09-29 10:00:00+00:00,0.0
2019-09-29 11:00:00+00:00,0.0
2019-09-29 12:00:00+00:00,0.0
2019-09-29 13:00:00+00:00,0.0
2019-09-29 14:00:00+00:00,0.0
2019-09-29 15:00:00+00:00,0.0
2019-09-29 16:00:00+00:00,0.0
2019-09-29 17:00:00+00:00,0.0
2019-09-29 18:00:00+00:00,0.0
2019-09-29 19:00:00+00:00,0.0
2019-09-29 20:00:00+00:00,0.0
2019-09-29 21:00:00+00:00,0.0
2019-09-29 22:00:00+00:00,0.0
2019-09-29 23:00:00+00:00,0.0
2019-09-30 00:00:00+00:00,0.0
2019-09-30 01:00:00+00:00,0.0
2019-09-30 02:00:00+00:00,0.0
2019-09-30 03:00:00+00:00,0.0
2019-09-30 04:00:00+00:00,0.0
2019-09-30 05:00:00+00:00,0.0
2019-09-30 06:00:00+00:00,0.0
2019-09-30 07:00:00+00:00,0.0
2019-09-30 08:00:00+00:00,0.0
2019-09-30 09:00:00+00:00,0.0
2019-09-30 10:00:00+00:00,0.0
2019-09-30 11:00:00+00:00,0.0
2019-09-30 12:00:00+00:00,0.0
2019-09-30 13:00:00+00:00,0.0
2019-09-30 14:00:00+00:00,0.0
2019-09-30 15:00:00+00:00,0.0
2019-09-30 16:00:00+00:00,0.0
2019-09-30 17:00:00+00:00,0.0
2019-09-30 18:00:00+00:00,0.0
2019-09-30 19:00:00+00:00,0.0
2019-09-30 20:00:00+00:00,0.0
2019-09-30 21:00:00+00:00,0.0
2019-09-30 22:00:00+00:00,0.0
2019-09-30 23:00:00+00:00,0.0
2019-10-01 00:00:00+00:00,0.0
2019-10-01 01:00:00+00:00,0.0
2019-10-01 02:00:00+00:00,0.0
2019-10-01 03:00:00+00:00,0.0
2019-10-01 04:00:00+00:00,0.0
2019-10-01 05:00:00+00:00,0.0
2019-10-01 06:00:00+00:00,0.0
2019-10-01 07:00:00+00:00,0.0
2019-10-01 08:00:00+00:00,0.0
2019-10-01 09:00:00+00:00,0.0
2019-10-01 10:00:00+00:00,0.0
2019-10-01 11:00:00+00:00,0.0
2019-10-01 12:00:00+00:00,0.0
2019-10-01 13:00:00+00:00,0.0
2019-10-01 14:00:00+00:00,0.0
2019-10-01 15:00:00+00:00,0.0
2019-10-01 16:00:00+00:00,0.0
2019-10-01 17:00:00+00:00,0.0
2019-10-01 18:00:00+00:00,0.0
2019-10-01 19:00:00+00:00,0.0
2019-10-01 20:00:00+00:00,0.0
2019-10-01 21:00:00+00:00,0.0
2019-10-01 22:00:00+00:00,0.0
2019-10-01 23:00:00+00:00,0.0
2019-10-02 00:00:00+00:00,0.0
2019-10-02 01:00:00+00:00,0.0
2019-10-02 02:00:00+00:00,-0.05434881287374946
2019-10-02 03:00:00+00:00,0.0
2019-10-02 04:00:00+00:00,0.0
2019-10-02 05:00:00+00:00,0.0
2019-10-02 06:00:00+00:00,0.0
2019-10-02 07:00:00+00:00,0.0
2019-10-02 08:00:00+00:00,0.0
2019-10-02 09:00:00+00:00,0.0
2019-10-02 10:00:00+00:00,0.0
2019-10-02 11:00:00+00:00,0.0
2019-10-02 12:00:00+00:00,0.0
2019-10-02 13:00:00+00:00,0.0
2019-10-02 14:00:00+00:00,0.0
2019-10-02 15:00:00+00:00,0.0
2019-10-02 16:00:00+00:00,0.0
2019-10-02 17:00:00+00:00,0.0
2019-10-02 18:00:00+00:00,0.0
2019-10-02 19:00:00+00:00,0.0
2019-10-02 20:00:00+00:00,0.0
2019-10-02 21:00:00+00:00,0.0
2019-10-02 22:00:00+00:00,0.0
2019-10-02 23:00:00+00:00,0.0
2019-10-03 00:00:00+00:00,0.0
2019-10-03 01:00:00+00:00,0.0
2019-10-03 02:00:00+00:00,0.0
2019-10-03 03:00:00+00:00,0.0
2019-10-03 04:00:00+00:00,0.0
2019-10-03 05:00:00+00:00,0.0
2019-10-03 06:00:00+00:00,0.0
2019-10-03 07:00:00+00:00,0.0
2019-10-03 08:00:00+00:00,0.0
2019-10-03 09:00:00+00:00,0.0
2019-10-03 10:00:00+00:00,0.0
2019-10-03 11:00:00+00:00,0.0
2019-10-03 12:00:00+00:00,0.0
2019-10-03 13:00:00+00:00,0.0
2019-10-03 14:00:00+00:00,0.0
2019-10-03 15:00:00+00:00,0.0
2019-10-03 16:00:00+00:00,0.0
2019-10-03 17:00:00+00:00,0.0
2019-10-03 18:00:00+00:00,0.0
2019-10-03 19:00:00+00:00,0.0
2019-10-03 20:00:00+00:00,0.0
2019-10-03 21:00:00+00:00,0.0
2019-10-03 22:00:00+00:00,0.0
2019-10-03 23:00:00+00:00,0.0
2019-10-04 00:00:00+00:00,0.0
2019-10-04 01:00:00+00:00,0.0
2019-10-04 02:00:00+00:00,0.0
2019-10-04 03:00:00+00:00,0.0
2019-10-04 04:00:00+00:00,0.0
2019-10-04 05:00:00+00:00,0.0
2019-10-04 06:00:00+00:00,0.0
2019-10-04 07:00:00+00:00,0.0
2019-10-04 08:00:00+00:00,0.0
2019-10-04 09:00:00+00:00,0.0
2019-10-04 10:00:00+00:00,0.0
2019-10-04 11:00:00+00:00,0.0
2019-10-04 12:00:00+00:00,0.0
2019-10-04 13:00:00+00:00,0.0
2019-10-04 14:00:00+00:00,0.0
2019-10-04 15:00:00+00:00,0.0
2019-10-04 16:00:00+00:00,0.0
2019-10-04 17:00:00+00:00,0.0
2019-10-04 18:00:00+00:00,0.0
2019-10-04 19:00:00+00:00,0.0
2019-10-04 20:00:00+00:00,0.0
2019-10-04 21:00:00+00:00,0.0
2019-10-04 22:00:00+00:00,0.0
2019-10-04 23:00:00+00:00,0.0
2019-10-05 00:00:00+00:00,0.0
2019-10-05 01:00:00+00:00,0.0
2019-10-05 02:00:00+00:00,0.0
2019-10-05 03:00:00+00:00,0.0
2019-10-05 04:00:00+00:00,0.0
2019-10-05 05:00:00+00:00,0.0
2019-10-05 06:00:00+00:00,0.0
2019-10-05 07:00:00+00:00,0.0
2019-10-05 08:00:00+00:00,0.0
2019-10-05 09:00:00+00:00,0.0
2019-10-05 10:00:00+00:00,0.0
2019-10-05 11:00:00+00:00,0.0
2019-10-05 12:00:00+00:00,0.0
2019-10-05 13:00:00+00:00,0.0
2019-10-05 14:00:00+00:00,0.0
2019-10-05 15:00:00+00:00,0.0
2019-10-05 16:00:00+00:00,0.0
2019-10-05 17:00:00+00:00,0.0
2019-10-05 18:00:00+00:00,0.0
2019-10-05 19:00:00+00:00,0.0
2019-10-05 20:00:00+00:00,0.0
2019-10-05 21:00:00+00:00,0.0
2019-10-05 22:00:00+00:00,0.0
2019-10-05 23:00:00+00:00,0.0
2019-10-06 00:00:00+00:00,0.0
2019-10-06 01:00:00+00:00,0.0
2019-10-06 02:00:00+00:00,0.0
2019-10-06 03:00:00+00:00,0.0
2019-10-06 04:00:00+00:00,0.0
2019-10-06 05:00:00+00:00,0.0
2019-10-06 06:00:00+00:00,-0.04013758632778803
2019-10-06 07:00:00+00:00,0.0
2019-10-06 08:00:00+00:00,0.0
2019-10-06 09:00:00+00:00,0.0
2019-10-06 10:00:00+00:00,0.0
2019-10-06 11:00:00+00:00,0.0
2019-10-06 12:00:00+00:00,0.0
2019-10-06 13:00:00+00:00,0.0
2019-10-06 14:00:00+00:00,0.0
2019-10-06 15:00:00+00:00,0.0
2019-10-06 16:00:00+00:00,0.0
2019-10-06 17:00:00+00:00,0.0
2019-10-06 18:00:00+00:00,0.0
2019-10-06 19:00:00+00:00,0.0
2019-10-06 20:00:00+00:00,0.0
2019-10-06 21:00:00+00:00,0.0
2019-10-06 22:00:00+00:00,0.0
2019-10-06 23:00:00+00:00,0.0
2019-10-07 00:00:00+00:00,0.0
2019-10-07 01:00:00+00:00,0.0
2019-10-07 02:00:00+00:00,0.0
2019-10-07 03:00:00+00:00,0.0
2019-10-07 04:00:00+00:00,0.0
2019-10-07 05:00:00+00:00,0.0
2019-10-07 06:00:00+00:00,0.0
2019-10-07 07:00:00+00:00,0.0
2019-10-07 08:00:00+00:00,0.0
2019-10-07 09:00:00+00:00,0.0
2019-10-07 10:00:00+00:00,0.0
2019-10-07 11:00:00+00:00,0.0
2019-10-07 12:00:00+00:00,0.0
2019-10-07 13:00:00+00:00,0.0
2019-10-07 14:00:00+00:00,0.0
2019-10-07 15:00:00+00:00,0.0
2019-10-07 16:00:00+00:00,0.0
2019-10-07 17:00:00+00:00,0.0
2019-10-07 18:00:00+00:00,0.0
2019-10-07 19:00:00+00:00,0.0
2019-10-07 20:00:00+00:00,0.0
2019-10-07 21:00:00+00:00,0.0
2019-10-07 22:00:00+00:00,0.0
2019-10-07 23:00:00+00:00,0.0
2019-10-08 00:00:00+00:00,0.0
2019-10-08 01:00:00+00:00,0.0
2019-10-08 02:00:00+00:00,0.0
2019-10-08 03:00:00+00:00,0.0
2019-10-08 04:00:00+00:00,0.0
2019-10-08 05:00:00+00:00,0.0
2019-10-08 06:00:00+00:00,0.0
2019-10-08 07:00:00+00:00,0.0
2019-10-08 08:00:00+00:00,0.0
2019-10-08 09:00:00+00:00,0.0
2019-10-08 10:00:00+00:00,0.0
2019-10-08 11:00:00+00:00,0.0
2019-10-08 12:00:00+00:00,0.0
2019-10-08 13:00:00+00:00,0.0
2019-10-08 14:00:00+00:00,0.0
2019-10-08 15:00:00+00:00,0.0
2019-10-08 16:00:00+00:00,0.0
2019-10-08 17:00:00+00:00,0.0
2019-10-08 18:00:00+00:00,0.0
2019-10-08 19:00:00+00:00,0.0
2019-10-08 20:00:00+00:00,0.0
2019-10-08 21:00:00+00:00,0.0
2019-10-08 22:00:00+00:00,0.0
2019-10-08 23:00:00+00:00,0.0
2019-10-09 00:00:00+00:00,0.0
2019-10-09 01:00:00+00:00,0.0
2019-10-09 02:00:00+00:00,0.0
2019-10-09 03:00:00+00:00,0.0
2019-10-09 04:00:00+00:00,0.0
2019-10-09 05:00:00+00:00,0.0
2019-10-09 06:00:00+00:00,0.0
2019-10-09 07:00:00+00:00,0.0
2019-10-09 08:00:00+00:00,0.0
2019-10-09 09:00:00+00:00,0.0
2019-10-09 10:00:00+00:00,0.0
2019-10-09 11:00:00+00:00,0.0
2019-10-09 12:00:00+00:00,0.0
2019-10-09 13:00:00+00:00,0.0
2019-10-09 14:00:00+00:00,0.0
2019-10-09 15:00:00+00:00,0.0
2019-10-09 16:00:00+00:00,0.0
2019-10-09 17:00:00+00:00,0.0
2019-10-09 18:00:00+00:00,0.0
2019-10-09 19:00:00+00:00,0.0
2019-10-09 20:00:00+00:00,0.0
2019-10-09 21:00:00+00:00,0.0
2019-10-09 22:00:00+00:00,0.0
2019-10-09 23:00:00+00:00,0.0
2019-10-10 00:00:00+00:00,0.0
2019-10-10 01:00:00+00:00,0.0
2019-10-10 02:00:00+00:00,0.0
2019-10-10 03:00:00+00:00,0.0
2019-10-10 04:00:00+00:00,0.0
2019-10-10 05:00:00+00:00,0.0
2019-10-10 06:00:00+00:00,0.0
2019-10-10 07:00:00+00:00,0.0
2019-10-10 08:00:00+00:00,0.0
2019-10-10 09:00:00+00:00,0.0
2019-10-10 10:00:00+00:00,-0.0392555461670172
2019-10-10 11:00:00+00:00,0.0
2019-10-10 12:00:00+00:00,0.0
2019-10-10 13:00:00+00:00,0.0
2019-10-10 14:00:00+00:00,0.0
2019-10-10 15:00:00+00:00,0.0
2019-10-10 16:00:00+00:00,0.0
2019-10-10 17:00:00+00:00,0.0
2019-10-10 18:00:00+00:00,0.0
2019-10-10 19:00:00+00:00,0.0
2019-10-10 20:00:00+00:00,0.0
2019-10-10 21:00:00+00:00,0.0
2019-10-10 22:00:00+00:00,0.0
2019-10-10 23:00:00+00:00,0.0
2019-10-11 00:00:00+00:00,0.0
2019-10-11 01:00:00+00:00,0.0
2019-10-11 02:00:00+00:00,0.0
2019-10-11 03:00:00+00:00,0.0
2019-10-11 04:00:00+00:00,0.0
2019-10-11 05:00:00+00:00,0.0
2019-10-11 06:00:00+00:00,0.0
2019-10-11 07:00:00+00:00,0.0
2019-10-11 08:00:00+00:00,0.0
2019-10-11 09:00:00+00:00,0.0
2019-10-11 10:00:00+00:00,0.0
2019-10-11 11:00:00+00:00,0.0
2019-10-11 12:00:00+00:00,0.0
2019-10-11 13:00:00+00:00,0.0
2019-10-11 14:00:00+00:00,0.0
2019-10-11 15:00:00+00:00,0.0
2019-10-11 16:00:00+00:00,0.0
2019-10-11 17:00:00+00:00,0.0
2019-10-11 18:00:00+00:00,0.0
2019-10-11 19:00:00+00:00,0.0
2019-10-11 20:00:00+00:00,0.0
2019-10-11 21:00:00+00:00,0.0
2019-10-11 22:00:00+00:00,0.0
2019-10-11 23:00:00+00:00,0.0
2019-10-12 00:00:00+00:00,0.0
2019-10-12 01:00:00+00:00,0.0
2019-10-12 02:00:00+00:00,0.0
2019-10-12 03:00:00+00:00,0.0
2019-10-12 04:00:00+00:00,0.0
2019-10-12 05:00:00+00:00,0.0
2019-10-12 06:00:00+00:00,0.0
2019-10-12 07:00:00+00:00,0.0
2019-10-12 08:00:00+00:00,0.0
2019-10-12 09:00:00+00:00,0.0
2019-10-12 10:00:00+00:00,0.0
2019-10-12 11:00:00+00:00,0.0
2019-10-12 12:00:00+00:00,0.0
2019-10-12 13:00:00+00:00,0.0
2019-10-12 14:00:00+00:00,0.0
2019-10-12 15:00:00+00:00,0.0
2019-10-12 16:00:00+00:00,0.0
2019-10-12 17:00:00+00:00,0.0
2019-10-12 18:00:00+00:00,0.0
2019-10-12 19:00:00+00:00,0.0
2019-10-12 20:00:00+00:00,0.0
2019-10-12 21:00:00+00:00,0.0
2019-10-12 22:00:00+00:00,0.0
2019-10-12 23:00:00+00:00,0.0
2019-10-13 00:00:00+00:00,0.0
2019-10-13 01:00:00+00:00,0.0
2019-10-13 02:00:00+00:00,0.0
2019-10-13 03:00:00+00:00,0.0
2019-10-13 04:00:00+00:00,0.0
2019-10-13 05:00:00+00:00,0.0
2019-10-13 06:00:00+00:00,0.0
2019-10-13 07:00:00+00:00,0.0
2019-10-13 08:00:00+00:00,0.0
2019-10-13 09:00:00+00:00,0.0
2019-10-13 10:00:00+00:00,0.0
2019-10-13 11:00:00+00:00,0.0
2019-10-13 12:00:00+00:00,0.0
2019-10-13 13:00:00+00:00,0.0
2019-10-13 14:00:00+00:00,0.0
2019-10-13 15:00:00+00:00,0.0
2019-10-13 16:00:00+00:00,0.0
2019-10-13 17:00:00+00:00,0.0
2019-10-13 18:00:00+00:00,0.0
2019-10-13 19:00:00+00:00,0.0
2019-10-13 20:00:00+00:00,0.0
2019-10-13 21:00:00+00:00,0.0
2019-10-13 22:00:00+00:00,0.0
2019-10-13 23:00:00+00:00,0.0
2019-10-14 00:00:00+00:00,0.0
2019-10-14 01:00:00+00:00,0.0
2019-10-14 02:00:00+00:00,0.0
2019-10-14 03:00:00+00:00,0.0
2019-10-14 04:00:00+00:00,0.0
2019-10-14 05:00:00+00:00,0.0
2019-10-14 06:00:00+00:00,0.0
2019-10-14 07:00:00+00:00,0.0
2019-10-14 08:00:00+00:00,0.0
2019-10-14 09:00:00+00:00,0.0
2019-10-14 10:00:00+00:00,0.0
2019-10-14 11:00:00+00:00,0.0
2019-10-14 12:00:00+00:00,0.0
2019-10-14 13:00:00+00:00,0.0
2019-10-14 14:00:00+00:00,0.0
2019-10-14 15:00:00+00:00,0.0
2019-10-14 16:00:00+00:00,0.0
2019-10-14 17:00:00+00:00,0.0
2019-10-14 18:00:00+00:00,0.0
2019-10-14 19:00:00+00:00,0.0
2019-10-14 20:00:00+00:00,0.0
2019-10-14 21:00:00+00:00,0.0
2019-10-14 22:00:00+00:00,0.0
2019-10-14 23:00:00+00:00,0.12206460341550851
2019-10-15 00:00:00+00:00,0.0
2019-10-15 01:00:00+00:00,0.0
2019-10-15 02:00:00+00:00,0.0
2019-10-15 03:00:00+00:00,0.0
2019-10-15 04:00:00+00:00,0.0
2019-10-15 05:00:00+00:00,0.0
2019-10-15 06:00:00+00:00,0.0
2019-10-15 07:00:00+00:00,0.0
2019-10-15 08:00:00+00:00,0.0
2019-10-15 09:00:00+00:00,0.0
2019-10-15 10:00:00+00:00,0.0
2019-10-15 11:00:00+00:00,0.0
2019-10-15 12:00:00+00:00,0.0
2019-10-15 13:00:00+00:00,0.0
2019-10-15 14:00:00+00:00,0.0
2019-10-15 15:00:00+00:00,0.0
2019-10-15 16:00:00+00:00,0.0
2019-10-15 17:00:00+00:00,0.0
2019-10-15 18:00:00+00:00,0.0
2019-10-15 19:00:00+00:00,0.0
2019-10-15 20:00:00+00:00,0.0
2019-10-15 21:00:00+00:00,0.0
2019-10-15 22:00:00+00:00,0.0
2019-10-15 23:00:00+00:00,0.0
2019-10-16 00:00:00+00:00,0.0
2019-10-16 01:00:00+00:00,0.0
2019-10-16 02:00:00+00:00,0.0
2019-10-16 03:00:00+00:00,0.0
2019-10-16 04:00:00+00:00,0.0
2019-10-16 05:00:00+00:00,0.0
2019-10-16 06:00:00+00:00,0.0
2019-10-16 07:00:00+00:00,0.0
2019-10-16 08:00:00+00:00,0.0
2019-10-16 09:00:00+00:00,0.0
2019-10-16 10:00:00+00:00,0.0
2019-10-16 11:00:00+00:00,0.0
2019-10-16 12:00:00+00:00,0.0
2019-10-16 13:00:00+00:00,0.0
2019-10-16 14:00:00+00:00,0.0
2019-10-16 15:00:00+00:00,0.0
2019-10-16 16:00:00+00:00,0.0
2019-10-16 17:00:00+00:00,0.0
2019-10-16 18:00:00+00:00,0.0
2019-10-16 19:00:00+00:00,0.0
2019-10-16 20:00:00+00:00,0.0
2019-10-16 21:00:00+00:00,0.0
2019-10-16 22:00:00+00:00,0.0
2019-10-16 23:00:00+00:00,0.0
2019-10-17 00:00:00+00:00,0.0
2019-10-17 01:00:00+00:00,0.0
2019-10-17 02:00:00+00:00,0.0
2019-10-17 03:00:00+00:00,0.0
2019-10-17 04:00:00+00:00,0.0
2019-10-17 05:00:00+00:00,0.0
2019-10-17 06:00:00+00:00,0.0
2019-10-17 07:00:00+00:00,0.0
2019-10-17 08:00:00+00:00,0.0
2019-10-17 09:00:00+00:00,0.0
2019-10-17 10:00:00+00:00,0.0
2019-10-17 11:00:00+00:00,0.0
2019-10-17 12:00:00+00:00,0.0
2019-10-17 13:00:00+00:00,0.0
2019-10-17 14:00:00+00:00,0.0
2019-10-17 15:00:00+00:00,0.0
2019-10-17 16:00:00+00:00,0.0
2019-10-17 17:00:00+00:00,0.0
2019-10-17 18:00:00+00:00,0.0
2019-10-17 19:00:00+00:00,0.0
2019-10-17 20:00:00+00:00,0.0
2019-10-17 21:00:00+00:00,0.0
2019-10-17 22:00:00+00:00,0.0
2019-10-17 23:00:00+00:00,0.0
2019-10-18 00:00:00+00:00,0.0
2019-10-18 01:00:00+00:00,0.0
2019-10-18 02:00:00+00:00,0.0
2019-10-18 03:00:00+00:00,0.0
2019-10-18 04:00:00+00:00,0.0
2019-10-18 05:00:00+00:00,0.0
2019-10-18 06:00:00+00:00,0.0
2019-10-18 07:00:00+00:00,0.0
2019-10-18 08:00:00+00:00,0.0
2019-10-18 09:00:00+00:00,0.0
2019-10-18 10:00:00+00:00,0.0
2019-10-18 11:00:00+00:00,0.0
2019-10-18 12:00:00+00:00,0.0
2019-10-18 13:00:00+00:00,0.0
2019-10-18 14:00:00+00:00,0.0
2019-10-18 15:00:00+00:00,0.0
2019-10-18 16:00:00+00:00,0.0
2019-10-18 17:00:00+00:00,0.0
2019-10-18 18:00:00+00:00,0.0
2019-10-18 19:00:00+00:00,0.0
2019-10-18 20:00:00+00:00,0.0
2019-10-18 21:00:00+00:00,0.0
2019-10-18 22:00:00+00:00,0.0
2019-10-18 23:00:00+00:00,0.0
2019-10-19 00:00:00+00:00,0.0
2019-10-19 01:00:00+00:00,0.0
2019-10-19 02:00:00+00:00,0.0
2019-10-19 03:00:00+00:00,0.0
2019-10-19 04:00:00+00:00,0.0
2019-10-19 05:00:00+00:00,0.0
2019-10-19 06:00:00+00:00,0.0
2019-10-19 07:00:00+00:00,0.0
2019-10-19 08:00:00+00:00,0.0
2019-10-19 09:00:00+00:00,0.0
2019-10-19 10:00:00+00:00,0.0
2019-10-19 11:00:00+00:00,0.0
2019-10-19 12:00:00+00:00,0.0
2019-10-19 13:00:00+00:00,0.0
2019-10-19 14:00:00+00:00,0.0
2019-10-19 15:00:00+00:00,0.0
2019-10-19 16:00:00+00:00,0.0
2019-10-19 17:00:00+00:00,0.0
2019-10-19 18:00:00+00:00,0.0
2019-10-19 19:00:00+00:00,0.0
2019-10-19 20:00:00+00:00,0.0
2019-10-19 21:00:00+00:00,0.0
2019-10-19 22:00:00+00:00,0.0
2019-10-19 23:00:00+00:00,0.0
2019-10-20 00:00:00+00:00,0.0
2019-10-20 01:00:00+00:00,-0.03843802743024424
2019-10-20 02:00:00+00:00,0.0
2019-10-20 03:00:00+00:00,0.0
2019-10-20 04:00:00+00:00,0.0
2019-10-20 05:00:00+00:00,0.0
2019-10-20 06:00:00+00:00,0.0
2019-10-20 07:00:00+00:00,0.0
2019-10-20 08:00:00+00:00,0.0
2019-10-20 09:00:00+00:00,0.0
2019-10-20 10:00:00+00:00,0.0
2019-10-20 11:00:00+00:00,0.0
2019-10-20 12:00:00+00:00,0.0
2019-10-20 13:00:00+00:00,0.0
2019-10-20 14:00:00+00:00,0.0
2019-10-20 15:00:00+00:00,0.0
2019-10-20 16:00:00+00:00,0.0
2019-10-20 17:00:00+00:00,0.0
2019-10-20 18:00:00+00:00,0.0
2019-10-20 19:00:00+00:00,0.0
2019-10-20 20:00:00+00:00,0.0
2019-10-20 21:00:00+00:00,0.0
2019-10-20 22:00:00+00:00,0.0
2019-10-20 23:00:00+00:00,0.0
2019-10-21 00:00:00+00:00,0.0
2019-10-21 01:00:00+00:00,0.0
2019-10-21 02:00:00+00:00,0.0
2019-10-21 03:00:00+00:00,0.0
2019-10-21 04:00:00+00:00,0.0
2019-10-21 05:00:00+00:00,-0.019861811085918897
2019-10-21 06:00:00+00:00,0.0
2019-10-21 07:00:00+00:00,0.0
2019-10-21 08:00:00+00:00,0.0
2019-10-21 09:00:00+00:00,0.0
2019-10-21 10:00:00+00:00,0.0
2019-10-21 11:00:00+00:00,0.0
2019-10-21 12:00:00+00:00,0.0
2019-10-21 13:00:00+00:00,0.0
2019-10-21 14:00:00+00:00,0.03817911477725967
2019-10-21 15:00:00+00:00,-0.043764476241231226
2019-10-21 16:00:00+00:00,0.0
2019-10-21 17:00:00+00:00,0.0
2019-10-21 18:00:00+00:00,0.0
2019-10-21 19:00:00+00:00,0.0
2019-10-21 20:00:00+00:00,0.0
2019-10-21 21:00:00+00:00,0.0
2019-10-21 22:00:00+00:00,0.0
2019-10-21 23:00:00+00:00,0.0
2019-10-22 00:00:00+00:00,0.0
2019-10-22 01:00:00+00:00,0.0
2019-10-22 02:00:00+00:00,0.0
2019-10-22 03:00:00+00:00,0.0
2019-10-22 04:00:00+00:00,0.0
2019-10-22 05:00:00+00:00,0.0
2019-10-22 06:00:00+00:00,0.0
2019-10-22 07:00:00+00:00,0.0
2019-10-22 08:00:00+00:00,0.0
2019-10-22 09:00:00+00:00,0.0
2019-10-22 10:00:00+00:00,0.0
2019-10-22 11:00:00+00:00,0.0
2019-10-22 12:00:00+00:00,0.0
2019-10-22 13:00:00+00:00,0.0
2019-10-22 14:00:00+00:00,0.0
2019-10-22 15:00:00+00:00,0.0
2019-10-22 16:00:00+00:00,0.0
2019-10-22 17:00:00+00:00,0.0
2019-10-22 18:00:00+00:00,0.0
2019-10-22 19:00:00+00:00,0.0
2019-10-22 20:00:00+00:00,0.0
2019-10-22 21:00:00+00:00,0.0
2019-10-22 22:00:00+00:00,0.0
2019-10-22 23:00:00+00:00,0.0
2019-10-23 00:00:00+00:00,0.0
2019-10-23 01:00:00+00:00,0.0
2019-10-23 02:00:00+00:00,0.0
2019-10-23 03:00:00+00:00,-0.028653752542005397
2019-10-23 04:00:00+00:00,0.0
2019-10-23 05:00:00+00:00,0.0
2019-10-23 06:00:00+00:00,0.0
2019-10-23 07:00:00+00:00,0.0
2019-10-23 08:00:00+00:00,0.0
2019-10-23 09:00:00+00:00,0.0
2019-10-23 10:00:00+00:00,0.0
2019-10-23 11:00:00+00:00,0.0
2019-10-23 12:00:00+00:00,0.0
2019-10-23 13:00:00+00:00,0.0
2019-10-23 14:00:00+00:00,0.0
2019-10-23 15:00:00+00:00,0.0
2019-10-23 16:00:00+00:00,0.0
2019-10-23 17:00:00+00:00,0.0
2019-10-23 18:00:00+00:00,0.0
2019-10-23 19:00:00+00:00,0.0
2019-10-23 20:00:00+00:00,0.0
2019-10-23 21:00:00+00:00,0.0
2019-10-23 22:00:00+00:00,0.0
2019-10-23 23:00:00+00:00,0.0
2019-10-24 00:00:00+00:00,0.0
2019-10-24 01:00:00+00:00,0.0
2019-10-24 02:00:00+00:00,0.0
2019-10-24 03:00:00+00:00,0.0
2019-10-24 04:00:00+00:00,0.0
2019-10-24 05:00:00+00:00,0.0
2019-10-24 06:00:00+00:00,0.0
2019-10-24 07:00:00+00:00,0.0
2019-10-24 08:00:00+00:00,0.0
2019-10-24 09:00:00+00:00,0.0
2019-10-24 10:00:00+00:00,0.0
2019-10-24 11:00:00+00:00,0.0
2019-10-24 12:00:00+00:00,0.0
2019-10-24 13:00:00+00:00,0.0
2019-10-24 14:00:00+00:00,0.0
2019-10-24 15:00:00+00:00,0.0
2019-10-24 16:00:00+00:00,0.0
2019-10-24 17:00:00+00:00,0.0
2019-10-24 18:00:00+00:00,0.0
2019-10-24 19:00:00+00:00,0.0
2019-10-24 20:00:00+00:00,0.0
2019-10-24 21:00:00+00:00,0.0
2019-10-24 22:00:00+00:00,0.0
2019-10-24 23:00:00+00:00,0.048525474407972925
2019-10-25 00:00:00+00:00,0.0
2019-10-25 01:00:00+00:00,0.0
2019-10-25 02:00:00+00:00,0.0
2019-10-25 03:00:00+00:00,0.0
2019-10-25 04:00:00+00:00,0.0
2019-10-25 05:00:00+00:00,0.0
2019-10-25 06:00:00+00:00,0.0
2019-10-25 07:00:00+00:00,0.0
2019-10-25 08:00:00+00:00,0.0
2019-10-25 09:00:00+00:00,0.0
2019-10-25 10:00:00+00:00,0.0
2019-10-25 11:00:00+00:00,0.0
2019-10-25 12:00:00+00:00,0.0
2019-10-25 13:00:00+00:00,0.0
2019-10-25 14:00:00+00:00,0.0
2019-10-25 15:00:00+00:00,0.06232474899727579
2019-10-25 16:00:00+00:00,0.0
2019-10-25 17:00:00+00:00,0.0
2019-10-25 18:00:00+00:00,0.0
2019-10-25 19:00:00+00:00,0.0
2019-10-25 20:00:00+00:00,0.0
2019-10-25 21:00:00+00:00,0.0
2019-10-25 22:00:00+00:00,0.0
2019-10-25 23:00:00+00:00,0.0
2019-10-26 00:00:00+00:00,0.05106681667531814
2019-10-26 01:00:00+00:00,0.0
2019-10-26 02:00:00+00:00,0.0
2019-10-26 03:00:00+00:00,0.0
2019-10-26 04:00:00+00:00,0.0
2019-10-26 05:00:00+00:00,0.0
2019-10-26 06:00:00+00:00,0.0
2019-10-26 07:00:00+00:00,0.0
2019-10-26 08:00:00+00:00,0.0
2019-10-26 09:00:00+00:00,0.0
2019-10-26 10:00:00+00:00,0.0
2019-10-26 11:00:00+00:00,0.0
2019-10-26 12:00:00+00:00,0.0
2019-10-26 13:00:00+00:00,0.0
2019-10-26 14:00:00+00:00,0.0
2019-10-26 15:00:00+00:00,0.0
2019-10-26 16:00:00+00:00,0.0
2019-10-26 17:00:00+00:00,0.0
2019-10-26 18:00:00+00:00,0.0
2019-10-26 19:00:00+00:00,0.0
2019-10-26 20:00:00+00:00,0.0
2019-10-26 21:00:00+00:00,0.0
2019-10-26 22:00:00+00:00,0.0
2019-10-26 23:00:00+00:00,0.0
2019-10-27 00:00:00+00:00,0.0
2019-10-27 01:00:00+00:00,0.0
2019-10-27 02:00:00+00:00,0.0
2019-10-27 03:00:00+00:00,-0.048563059087954344
2019-10-27 04:00:00+00:00,0.0
2019-10-27 05:00:00+00:00,0.0
2019-10-27 06:00:00+00:00,0.0
2019-10-27 07:00:00+00:00,0.0
2019-10-27 08:00:00+00:00,0.0
2019-10-27 09:00:00+00:00,0.0
2019-10-27 10:00:00+00:00,0.0
2019-10-27 11:00:00+00:00,0.0
2019-10-27 12:00:00+00:00,0.0
2019-10-27 13:00:00+00:00,0.0
2019-10-27 14:00:00+00:00,0.0
2019-10-27 15:00:00+00:00,0.0
2019-10-27 16:00:00+00:00,0.0
2019-10-27 17:00:00+00:00,0.0
2019-10-27 18:00:00+00:00,0.0
2019-10-27 19:00:00+00:00,0.0
2019-10-27 20:00:00+00:00,0.0
2019-10-27 21:00:00+00:00,0.0
2019-10-27 22:00:00+00:00,0.0
2019-10-27 23:00:00+00:00,0.0
2019-10-28 00:00:00+00:00,0.0
2019-10-28 01:00:00+00:00,0.0
2019-10-28 02:00:00+00:00,0.0
2019-10-28 03:00:00+00:00,0.0
2019-10-28 04:00:00+00:00,0.0
2019-10-28 05:00:00+00:00,0.0
2019-10-28 06:00:00+00:00,0.0
2019-10-28 07:00:00+00:00,0.0
2019-10-28 08:00:00+00:00,0.0
2019-10-28 09:00:00+00:00,0.0
2019-10-28 10:00:00+00:00,0.0
2019-10-28 11:00:00+00:00,0.0
2019-10-28 12:00:00+00:00,0.0
2019-10-28 13:00:00+00:00,0.0
2019-10-28 14:00:00+00:00,0.0
2019-10-28 15:00:00+00:00,0.0
2019-10-28 16:00:00+00:00,0.0
2019-10-28 17:00:00+00:00,0.0
2019-10-28 18:00:00+00:00,0.0
2019-10-28 19:00:00+00:00,0.0
2019-10-28 20:00:00+00:00,0.0
2019-10-28 21:00:00+00:00,0.0
2019-10-28 22:00:00+00:00,0.0
2019-10-28 23:00:00+00:00,0.0
2019-10-29 00:00:00+00:00,0.0
2019-10-29 01:00:00+00:00,0.0
2019-10-29 02:00:00+00:00,0.0
2019-10-29 03:00:00+00:00,0.0
2019-10-29 04:00:00+00:00,0.0
2019-10-29 05:00:00+00:00,0.0
2019-10-29 06:00:00+00:00,0.0
2019-10-29 07:00:00+00:00,0.0
2019-10-29 08:00:00+00:00,0.0
2019-10-29 09:00:00+00:00,0.0
2019-10-29 10:00:00+00:00,0.0
2019-10-29 11:00:00+00:00,0.0
2019-10-29 12:00:00+00:00,0.0
2019-10-29 13:00:00+00:00,0.0
2019-10-29 14:00:00+00:00,0.0
2019-10-29 15:00:00+00:00,0.0
2019-10-29 16:00:00+00:00,0.0
2019-10-29 17:00:00+00:00,0.0
2019-10-29 18:00:00+00:00,0.0
2019-10-29 19:00:00+00:00,0.0
2019-10-29 20:00:00+00:00,0.0
2019-10-29 21:00:00+00:00,0.0
2019-10-29 22:00:00+00:00,0.0
2019-10-29 23:00:00+00:00,0.0
2019-10-30 00:00:00+00:00,0.0
2019-10-30 01:00:00+00:00,0.0
2019-10-30 02:00:00+00:00,0.0
2019-10-30 03:00:00+00:00,0.0
2019-10-30 04:00:00+00:00,0.0
2019-10-30 05:00:00+00:00,0.0
2019-10-30 06:00:00+00:00,0.0
2019-10-30 07:00:00+00:00,0.0
2019-10-30 08:00:00+00:00,0.0
2019-10-30 09:00:00+00:00,0.0
2019-10-30 10:00:00+00:00,0.0
2019-10-30 11:00:00+00:00,0.0
2019-10-30 12:00:00+00:00,0.0
2019-10-30 13:00:00+00:00,0.0
2019-10-30 14:00:00+00:00,0.0
2019-10-30 15:00:00+00:00,0.0
2019-10-30 16:00:00+00:00,0.0
2019-10-30 17:00:00+00:00,0.0
2019-10-30 18:00:00+00:00,0.0
2019-10-30 19:00:00+00:00,0.0
2019-10-30 20:00:00+00:00,0.0
2019-10-30 21:00:00+00:00,0.0
2019-10-30 22:00:00+00:00,0.0
2019-10-30 23:00:00+00:00,0.0
2019-10-31 00:00:00+00:00,0.0
2019-10-31 01:00:00+00:00,0.0
2019-10-31 02:00:00+00:00,0.0
2019-10-31 03:00:00+00:00,0.0
2019-10-31 04:00:00+00:00,0.0
2019-10-31 05:00:00+00:00,0.0
2019-10-31 06:00:00+00:00,0.0
2019-10-31 07:00:00+00:00,0.0
2019-10-31 08:00:00+00:00,0.0
2019-10-31 09:00:00+00:00,0.0
2019-10-31 10:00:00+00:00,0.0
2019-10-31 11:00:00+00:00,0.0
2019-10-31 12:00:00+00:00,0.0
2019-10-31 13:00:00+00:00,0.0
2019-10-31 14:00:00+00:00,0.0
2019-10-31 15:00:00+00:00,0.0
2019-10-31 16:00:00+00:00,0.0
2019-10-31 17:00:00+00:00,0.0
2019-10-31 18:00:00+00:00,0.0
2019-10-31 19:00:00+00:00,0.0
2019-10-31 20:00:00+00:00,0.0
2019-10-31 21:00:00+00:00,-0.01640563190955787
2019-10-31 22:00:00+00:00,0.0
2019-10-31 23:00:00+00:00,0.0
2019-11-01 00:00:00+00:00,0.0
2019-11-01 01:00:00+00:00,0.0
2019-11-01 02:00:00+00:00,0.0
2019-11-01 03:00:00+00:00,0.0
2019-11-01 04:00:00+00:00,0.0
2019-11-01 05:00:00+00:00,0.0
2019-11-01 06:00:00+00:00,0.0
2019-11-01 07:00:00+00:00,0.0
2019-11-01 08:00:00+00:00,0.0
2019-11-01 09:00:00+00:00,0.0
2019-11-01 10:00:00+00:00,0.0
2019-11-01 11:00:00+00:00,0.0
2019-11-01 12:00:00+00:00,0.0
2019-11-01 13:00:00+00:00,0.0
2019-11-01 14:00:00+00:00,0.0
2019-11-01 15:00:00+00:00,0.0
2019-11-01 16:00:00+00:00,0.0
2019-11-01 17:00:00+00:00,0.0
2019-11-01 18:00:00+00:00,0.0
2019-11-01 19:00:00+00:00,0.0
2019-11-01 20:00:00+00:00,0.0
2019-11-01 21:00:00+00:00,0.0
2019-11-01 22:00:00+00:00,0.0
2019-11-01 23:00:00+00:00,0.0
2019-11-02 00:00:00+00:00,0.0
2019-11-02 01:00:00+00:00,0.0
2019-11-02 02:00:00+00:00,0.0
2019-11-02 03:00:00+00:00,0.0
2019-11-02 04:00:00+00:00,0.0
2019-11-02 05:00:00+00:00,0.0
2019-11-02 06:00:00+00:00,0.0
2019-11-02 07:00:00+00:00,0.0
2019-11-02 08:00:00+00:00,0.0
2019-11-02 09:00:00+00:00,0.0
2019-11-02 10:00:00+00:00,0.0
2019-11-02 11:00:00+00:00,0.0
2019-11-02 12:00:00+00:00,0.0
2019-11-02 13:00:00+00:00,0.0
2019-11-02 14:00:00+00:00,0.0
2019-11-02 15:00:00+00:00,0.0
2019-11-02 16:00:00+00:00,0.0
2019-11-02 17:00:00+00:00,0.0
2019-11-02 18:00:00+00:00,0.0
2019-11-02 19:00:00+00:00,0.0
2019-11-02 20:00:00+00:00,0.0
2019-11-02 21:00:00+00:00,0.0
2019-11-02 22:00:00+00:00,0.0
2019-11-02 23:00:00+00:00,0.0
2019-11-03 00:00:00+00:00,0.0
2019-11-03 01:00:00+00:00,0.0
2019-11-03 02:00:00+00:00,-0.014992115428169198
2019-11-03 03:00:00+00:00,0.0
2019-11-03 04:00:00+00:00,0.0
2019-11-03 05:00:00+00:00,0.0
2019-11-03 06:00:00+00:00,0.0
2019-11-03 07:00:00+00:00,-0.025231622232119694
2019-11-03 08:00:00+00:00,0.0
2019-11-03 09:00:00+00:00,0.0
2019-11-03 10:00:00+00:00,0.0
2019-11-03 11:00:00+00:00,0.0
2019-11-03 12:00:00+00:00,0.0
2019-11-03 13:00:00+00:00,0.0
2019-11-03 14:00:00+00:00,0.0
2019-11-03 15:00:00+00:00,0.0
2019-11-03 16:00:00+00:00,0.0
2019-11-03 17:00:00+00:00,0.0
2019-11-03 18:00:00+00:00,0.0
2019-11-03 19:00:00+00:00,0.0
2019-11-03 20:00:00+00:00,0.0
2019-11-03 21:00:00+00:00,0.0
2019-11-03 22:00:00+00:00,0.0
2019-11-03 23:00:00+00:00,0.0
2019-11-04 00:00:00+00:00,0.0
2019-11-04 01:00:00+00:00,0.0
2019-11-04 02:00:00+00:00,0.0
2019-11-04 03:00:00+00:00,0.0
2019-11-04 04:00:00+00:00,0.0
2019-11-04 05:00:00+00:00,0.0
2019-11-04 06:00:00+00:00,0.0
2019-11-04 07:00:00+00:00,0.0
2019-11-04 08:00:00+00:00,0.0
2019-11-04 09:00:00+00:00,0.0
2019-11-04 10:00:00+00:00,0.0
2019-11-04 11:00:00+00:00,0.0
2019-11-04 12:00:00+00:00,0.0
2019-11-04 13:00:00+00:00,0.0
2019-11-04 14:00:00+00:00,0.0
2019-11-04 15:00:00+00:00,0.0
2019-11-04 16:00:00+00:00,0.0
2019-11-04 17:00:00+00:00,0.0
2019-11-04 18:00:00+00:00,0.0
2019-11-04 19:00:00+00:00,0.0
2019-11-04 20:00:00+00:00,0.0
2019-11-04 21:00:00+00:00,0.0
2019-11-04 22:00:00+00:00,0.0
2019-11-04 23:00:00+00:00,0.0
2019-11-05 00:00:00+00:00,0.0
2019-11-05 01:00:00+00:00,0.0
2019-11-05 02:00:00+00:00,0.0
2019-11-05 03:00:00+00:00,0.0
2019-11-05 04:00:00+00:00,0.0
2019-11-05 05:00:00+00:00,0.0
2019-11-05 06:00:00+00:00,0.02168743949206204
2019-11-05 07:00:00+00:00,0.0
2019-11-05 08:00:00+00:00,-0.04932847790402024
2019-11-05 09:00:00+00:00,0.0
2019-11-05 10:00:00+00:00,0.0
2019-11-05 11:00:00+00:00,0.0
2019-11-05 12:00:00+00:00,0.0
2019-11-05 13:00:00+00:00,0.0
2019-11-05 14:00:00+00:00,0.0
2019-11-05 15:00:00+00:00,0.0
2019-11-05 16:00:00+00:00,0.0
2019-11-05 17:00:00+00:00,0.0
2019-11-05 18:00:00+00:00,0.0
2019-11-05 19:00:00+00:00,0.0
2019-11-05 20:00:00+00:00,0.0
2019-11-05 21:00:00+00:00,0.0
2019-11-05 22:00:00+00:00,0.0
2019-11-05 23:00:00+00:00,0.0
2019-11-06 00:00:00+00:00,0.0
2019-11-06 01:00:00+00:00,0.0
2019-11-06 02:00:00+00:00,0.0
2019-11-06 03:00:00+00:00,0.0
2019-11-06 04:00:00+00:00,0.0
2019-11-06 05:00:00+00:00,0.0
2019-11-06 06:00:00+00:00,0.0
2019-11-06 07:00:00+00:00,0.0
2019-11-06 08:00:00+00:00,0.0
2019-11-06 09:00:00+00:00,0.0
2019-11-06 10:00:00+00:00,0.0
2019-11-06 11:00:00+00:00,0.0
2019-11-06 12:00:00+00:00,0.0
2019-11-06 13:00:00+00:00,0.0
2019-11-06 14:00:00+00:00,0.0
2019-11-06 15:00:00+00:00,0.0
2019-11-06 16:00:00+00:00,0.0
2019-11-06 17:00:00+00:00,0.0
2019-11-06 18:00:00+00:00,0.0
2019-11-06 19:00:00+00:00,0.0
2019-11-06 20:00:00+00:00,0.0
2019-11-06 21:00:00+00:00,0.0
2019-11-06 22:00:00+00:00,0.0
2019-11-06 23:00:00+00:00,0.0
2019-11-07 00:00:00+00:00,0.0
2019-11-07 01:00:00+00:00,0.0
2019-11-07 02:00:00+00:00,0.0
2019-11-07 03:00:00+00:00,0.0
2019-11-07 04:00:00+00:00,0.0
2019-11-07 05:00:00+00:00,0.0
2019-11-07 06:00:00+00:00,0.0
2019-11-07 07:00:00+00:00,0.0
2019-11-07 08:00:00+00:00,0.0
2019-11-07 09:00:00+00:00,0.0
2019-11-07 10:00:00+00:00,0.0
2019-11-07 11:00:00+00:00,0.0
2019-11-07 12:00:00+00:00,0.0
2019-11-07 13:00:00+00:00,0.0
2019-11-07 14:00:00+00:00,0.0
2019-11-07 15:00:00+00:00,0.0
2019-11-07 16:00:00+00:00,0.0
2019-11-07 17:00:00+00:00,0.0
2019-11-07 18:00:00+00:00,0.0
2019-11-07 19:00:00+00:00,0.0
2019-11-07 20:00:00+00:00,0.0
2019-11-07 21:00:00+00:00,0.0
2019-11-07 22:00:00+00:00,0.0
2019-11-07 23:00:00+00:00,0.0
2019-11-08 00:00:00+00:00,0.0
2019-11-08 01:00:00+00:00,0.12404210243677063
2019-11-08 02:00:00+00:00,0.0
2019-11-08 03:00:00+00:00,0.0
2019-11-08 04:00:00+00:00,0.0
2019-11-08 05:00:00+00:00,0.0
2019-11-08 06:00:00+00:00,0.0
2019-11-08 07:00:00+00:00,0.0
2019-11-08 08:00:00+00:00,-0.02451398321370331
2019-11-08 09:00:00+00:00,-0.01478509011090146
2019-11-08 10:00:00+00:00,0.0
2019-11-08 11:00:00+00:00,0.0
2019-11-08 12:00:00+00:00,0.0
2019-11-08 13:00:00+00:00,0.0
2019-11-08 14:00:00+00:00,0.0
2019-11-08 15:00:00+00:00,0.0
2019-11-08 16:00:00+00:00,0.0
2019-11-08 17:00:00+00:00,0.0
2019-11-08 18:00:00+00:00,0.0
2019-11-08 19:00:00+00:00,0.0
2019-11-08 20:00:00+00:00,0.0
2019-11-08 21:00:00+00:00,0.0
2019-11-08 22:00:00+00:00,0.0
2019-11-08 23:00:00+00:00,0.0
2019-11-09 00:00:00+00:00,0.0
2019-11-09 01:00:00+00:00,0.0
2019-11-09 02:00:00+00:00,0.0
2019-11-09 03:00:00+00:00,0.0
2019-11-09 04:00:00+00:00,0.0
2019-11-09 05:00:00+00:00,0.0
2019-11-09 06:00:00+00:00,0.0
2019-11-09 07:00:00+00:00,0.0
2019-11-09 08:00:00+00:00,0.0
2019-11-09 09:00:00+00:00,0.0
2019-11-09 10:00:00+00:00,0.0
2019-11-09 11:00:00+00:00,0.0
2019-11-09 12:00:00+00:00,0.0
2019-11-09 13:00:00+00:00,0.0
2019-11-09 14:00:00+00:00,0.0
2019-11-09 15:00:00+00:00,0.0
2019-11-09 16:00:00+00:00,0.0
2019-11-09 17:00:00+00:00,0.0
2019-11-09 18:00:00+00:00,0.0
2019-11-09 19:00:00+00:00,0.0
2019-11-09 20:00:00+00:00,0.0
2019-11-09 21:00:00+00:00,0.0
2019-11-09 22:00:00+00:00,0.0
2019-11-09 23:00:00+00:00,0.0
2019-11-10 00:00:00+00:00,0.0
2019-11-10 01:00:00+00:00,0.0
2019-11-10 02:00:00+00:00,0.0
2019-11-10 03:00:00+00:00,0.0
2019-11-10 04:00:00+00:00,0.0
2019-11-10 05:00:00+00:00,0.0
2019-11-10 06:00:00+00:00,0.0
2019-11-10 07:00:00+00:00,0.0
2019-11-10 08:00:00+00:00,0.0
2019-11-10 09:00:00+00:00,0.0
2019-11-10 10:00:00+00:00,0.0
2019-11-10 11:00:00+00:00,0.0
2019-11-10 12:00:00+00:00,0.0
2019-11-10 13:00:00+00:00,0.0
2019-11-10 14:00:00+00:00,0.0
2019-11-10 15:00:00+00:00,0.0
2019-11-10 16:00:00+00:00,0.0
2019-11-10 17:00:00+00:00,0.0
2019-11-10 18:00:00+00:00,0.0
2019-11-10 19:00:00+00:00,0.0
2019-11-10 20:00:00+00:00,0.0
2019-11-10 21:00:00+00:00,0.0
2019-11-10 22:00:00+00:00,0.0
2019-11-10 23:00:00+00:00,0.0
2019-11-11 00:00:00+00:00,-0.027802813272061657
2019-11-11 01:00:00+00:00,0.0
2019-11-11 02:00:00+00:00,0.0
2019-11-11 03:00:00+00:00,0.0
2019-11-11 04:00:00+00:00,0.0
2019-11-11 05:00:00+00:00,0.0
2019-11-11 06:00:00+00:00,0.0
2019-11-11 07:00:00+00:00,0.0
2019-11-11 08:00:00+00:00,0.0
2019-11-11 09:00:00+00:00,0.0
2019-11-11 10:00:00+00:00,0.0
2019-11-11 11:00:00+00:00,0.0
2019-11-11 12:00:00+00:00,0.0
2019-11-11 13:00:00+00:00,0.0
2019-11-11 14:00:00+00:00,0.0
2019-11-11 15:00:00+00:00,0.0
2019-11-11 16:00:00+00:00,0.0
2019-11-11 17:00:00+00:00,0.0
2019-11-11 18:00:00+00:00,0.0
2019-11-11 19:00:00+00:00,0.0
2019-11-11 20:00:00+00:00,0.0
2019-11-11 21:00:00+00:00,0.0
2019-11-11 22:00:00+00:00,0.0
2019-11-11 23:00:00+00:00,0.0
2019-11-12 00:00:00+00:00,0.0
2019-11-12 01:00:00+00:00,0.0
2019-11-12 02:00:00+00:00,0.0
2019-11-12 03:00:00+00:00,0.0
2019-11-12 04:00:00+00:00,0.0
2019-11-12 05:00:00+00:00,0.0
2019-11-12 06:00:00+00:00,0.0
2019-11-12 07:00:00+00:00,0.0
2019-11-12 08:00:00+00:00,0.0
2019-11-12 09:00:00+00:00,0.0
2019-11-12 10:00:00+00:00,0.0
2019-11-12 11:00:00+00:00,0.0
2019-11-12 12:00:00+00:00,0.0
2019-11-12 13:00:00+00:00,0.0
2019-11-12 14:00:00+00:00,0.0
2019-11-12 15:00:00+00:00,0.0
2019-11-12 16:00:00+00:00,0.0
2019-11-12 17:00:00+00:00,0.0
2019-11-12 18:00:00+00:00,0.0
2019-11-12 19:00:00+00:00,0.0
2019-11-12 20:00:00+00:00,0.0
2019-11-12 21:00:00+00:00,0.0
2019-11-12 22:00:00+00:00,0.0
2019-11-12 23:00:00+00:00,0.0
2019-11-13 00:00:00+00:00,0.0
2019-11-13 01:00:00+00:00,0.0
2019-11-13 04:00:00+00:00,0.0
2019-11-13 05:00:00+00:00,0.0
2019-11-13 06:00:00+00:00,0.0
2019-11-13 07:00:00+00:00,0.0
2019-11-13 08:00:00+00:00,0.0
2019-11-13 09:00:00+00:00,0.0
2019-11-13 10:00:00+00:00,0.0
2019-11-13 11:00:00+00:00,0.0
2019-11-13 12:00:00+00:00,0.0
2019-11-13 13:00:00+00:00,0.0
2019-11-13 14:00:00+00:00,-0.0443680204737205
2019-11-13 15:00:00+00:00,0.0
2019-11-13 16:00:00+00:00,0.0
2019-11-13 17:00:00+00:00,0.0
2019-11-13 18:00:00+00:00,0.0
2019-11-13 19:00:00+00:00,0.0
2019-11-13 20:00:00+00:00,0.0
2019-11-13 21:00:00+00:00,0.0
2019-11-13 22:00:00+00:00,0.0
2019-11-13 23:00:00+00:00,0.0
2019-11-14 00:00:00+00:00,0.0
2019-11-14 01:00:00+00:00,0.0
2019-11-14 02:00:00+00:00,0.0
2019-11-14 03:00:00+00:00,0.0
2019-11-14 04:00:00+00:00,0.0
2019-11-14 05:00:00+00:00,0.0
2019-11-14 06:00:00+00:00,0.0
2019-11-14 07:00:00+00:00,0.0
2019-11-14 08:00:00+00:00,0.0
2019-11-14 09:00:00+00:00,0.0
2019-11-14 10:00:00+00:00,0.0
2019-11-14 11:00:00+00:00,0.0
2019-11-14 12:00:00+00:00,0.0
2019-11-14 13:00:00+00:00,0.0
2019-11-14 14:00:00+00:00,0.0
2019-11-14 15:00:00+00:00,0.0
2019-11-14 16:00:00+00:00,0.0
2019-11-14 17:00:00+00:00,0.0
2019-11-14 18:00:00+00:00,0.0
2019-11-14 19:00:00+00:00,0.0
2019-11-14 20:00:00+00:00,0.0
2019-11-14 21:00:00+00:00,0.0
2019-11-14 22:00:00+00:00,0.0
2019-11-14 23:00:00+00:00,0.0
2019-11-15 00:00:00+00:00,0.0
2019-11-15 01:00:00+00:00,0.0
2019-11-15 02:00:00+00:00,0.0
2019-11-15 03:00:00+00:00,0.0
2019-11-15 04:00:00+00:00,0.0
2019-11-15 05:00:00+00:00,0.0
2019-11-15 06:00:00+00:00,0.0
2019-11-15 07:00:00+00:00,0.0
2019-11-15 08:00:00+00:00,0.0
2019-11-15 09:00:00+00:00,0.0
2019-11-15 10:00:00+00:00,0.0
2019-11-15 11:00:00+00:00,0.0
2019-11-15 12:00:00+00:00,0.0
2019-11-15 13:00:00+00:00,0.0
2019-11-15 14:00:00+00:00,0.0035669515094772127
2019-11-15 15:00:00+00:00,0.0
2019-11-15 16:00:00+00:00,0.0
2019-11-15 17:00:00+00:00,0.0
2019-11-15 18:00:00+00:00,0.0
2019-11-15 19:00:00+00:00,0.0
2019-11-15 20:00:00+00:00,0.0
2019-11-15 21:00:00+00:00,0.0
2019-11-15 22:00:00+00:00,0.0
2019-11-15 23:00:00+00:00,0.0
2019-11-16 00:00:00+00:00,0.0
2019-11-16 01:00:00+00:00,0.0
2019-11-16 02:00:00+00:00,0.0
2019-11-16 03:00:00+00:00,0.0
2019-11-16 04:00:00+00:00,0.0
2019-11-16 05:00:00+00:00,0.0
2019-11-16 06:00:00+00:00,0.0
2019-11-16 07:00:00+00:00,0.0
2019-11-16 08:00:00+00:00,0.0
2019-11-16 09:00:00+00:00,0.0
2019-11-16 10:00:00+00:00,0.0
2019-11-16 11:00:00+00:00,0.0
2019-11-16 12:00:00+00:00,0.0
2019-11-16 13:00:00+00:00,0.0
2019-11-16 14:00:00+00:00,0.0
2019-11-16 15:00:00+00:00,0.0
2019-11-16 16:00:00+00:00,0.0
2019-11-16 17:00:00+00:00,0.0
2019-11-16 18:00:00+00:00,0.0
2019-11-16 19:00:00+00:00,0.0
2019-11-16 20:00:00+00:00,0.0
2019-11-16 21:00:00+00:00,0.0
2019-11-16 22:00:00+00:00,0.0
2019-11-16 23:00:00+00:00,0.0
2019-11-17 00:00:00+00:00,0.0
2019-11-17 01:00:00+00:00,0.0
2019-11-17 02:00:00+00:00,0.0
2019-11-17 03:00:00+00:00,0.0
2019-11-17 04:00:00+00:00,-0.025234084568774406
2019-11-17 05:00:00+00:00,0.0
2019-11-17 06:00:00+00:00,0.0
2019-11-17 07:00:00+00:00,0.0
2019-11-17 08:00:00+00:00,0.0
2019-11-17 09:00:00+00:00,0.0
2019-11-17 10:00:00+00:00,0.0
2019-11-17 11:00:00+00:00,0.0
2019-11-17 12:00:00+00:00,0.0
2019-11-17 13:00:00+00:00,0.0
2019-11-17 14:00:00+00:00,0.0
2019-11-17 15:00:00+00:00,0.0
2019-11-17 16:00:00+00:00,0.0
2019-11-17 17:00:00+00:00,0.0
2019-11-17 18:00:00+00:00,0.0
2019-11-17 19:00:00+00:00,0.0
2019-11-17 20:00:00+00:00,0.0
2019-11-17 21:00:00+00:00,0.0
2019-11-17 22:00:00+00:00,0.0
2019-11-17 23:00:00+00:00,0.0
2019-11-18 00:00:00+00:00,0.0
2019-11-18 01:00:00+00:00,0.0
2019-11-18 02:00:00+00:00,0.0
2019-11-18 03:00:00+00:00,0.0
2019-11-18 04:00:00+00:00,0.0
2019-11-18 05:00:00+00:00,0.0
2019-11-18 06:00:00+00:00,0.0
2019-11-18 07:00:00+00:00,0.0
2019-11-18 08:00:00+00:00,0.0
2019-11-18 09:00:00+00:00,0.0
2019-11-18 10:00:00+00:00,0.0
2019-11-18 11:00:00+00:00,0.0
2019-11-18 12:00:00+00:00,0.0
2019-11-18 13:00:00+00:00,0.0
2019-11-18 14:00:00+00:00,0.0
2019-11-18 15:00:00+00:00,0.0
2019-11-18 16:00:00+00:00,0.0
2019-11-18 17:00:00+00:00,0.0
2019-11-18 18:00:00+00:00,0.0
2019-11-18 19:00:00+00:00,0.0
2019-11-18 20:00:00+00:00,0.0
2019-11-18 21:00:00+00:00,0.0
2019-11-18 22:00:00+00:00,0.0
2019-11-18 23:00:00+00:00,0.0
2019-11-19 00:00:00+00:00,0.0
2019-11-19 01:00:00+00:00,0.0
2019-11-19 02:00:00+00:00,0.0
2019-11-19 03:00:00+00:00,0.0
2019-11-19 04:00:00+00:00,0.0
2019-11-19 05:00:00+00:00,0.0
2019-11-19 06:00:00+00:00,0.0
2019-11-19 07:00:00+00:00,0.0
2019-11-19 08:00:00+00:00,0.0
2019-11-19 09:00:00+00:00,0.0
2019-11-19 10:00:00+00:00,0.0
2019-11-19 11:00:00+00:00,0.0
2019-11-19 12:00:00+00:00,0.0
2019-11-19 13:00:00+00:00,0.0
2019-11-19 14:00:00+00:00,0.0
2019-11-19 15:00:00+00:00,0.0
2019-11-19 16:00:00+00:00,0.0
2019-11-19 17:00:00+00:00,0.0
2019-11-19 18:00:00+00:00,0.0
2019-11-19 19:00:00+00:00,0.0
2019-11-19 20:00:00+00:00,0.0
2019-11-19 21:00:00+00:00,0.0
2019-11-19 22:00:00+00:00,0.0
2019-11-19 23:00:00+00:00,0.0
2019-11-20 00:00:00+00:00,0.0
2019-11-20 01:00:00+00:00,0.0
2019-11-20 02:00:00+00:00,0.0
2019-11-20 03:00:00+00:00,0.0
2019-11-20 04:00:00+00:00,0.0
2019-11-20 05:00:00+00:00,-0.03880547309921096
2019-11-20 06:00:00+00:00,0.0
2019-11-20 07:00:00+00:00,0.0
2019-11-20 08:00:00+00:00,0.0
2019-11-20 09:00:00+00:00,0.0
2019-11-20 10:00:00+00:00,0.0
2019-11-20 11:00:00+00:00,0.0
2019-11-20 12:00:00+00:00,0.0
2019-11-20 13:00:00+00:00,0.0
2019-11-20 14:00:00+00:00,0.0
2019-11-20 15:00:00+00:00,0.0
2019-11-20 16:00:00+00:00,0.0
2019-11-20 17:00:00+00:00,0.0
2019-11-20 18:00:00+00:00,0.0
2019-11-20 19:00:00+00:00,0.0
2019-11-20 20:00:00+00:00,0.0
2019-11-20 21:00:00+00:00,0.0
2019-11-20 22:00:00+00:00,0.0
2019-11-20 23:00:00+00:00,0.0
2019-11-21 00:00:00+00:00,0.0
2019-11-21 01:00:00+00:00,0.0
2019-11-21 02:00:00+00:00,0.0
2019-11-21 03:00:00+00:00,0.0
2019-11-21 04:00:00+00:00,0.0
2019-11-21 05:00:00+00:00,0.0
2019-11-21 06:00:00+00:00,0.0
2019-11-21 07:00:00+00:00,0.0
2019-11-21 08:00:00+00:00,0.0
2019-11-21 09:00:00+00:00,0.0
2019-11-21 10:00:00+00:00,0.0
2019-11-21 11:00:00+00:00,0.0
2019-11-21 12:00:00+00:00,0.0
2019-11-21 13:00:00+00:00,0.0
2019-11-21 14:00:00+00:00,0.0
2019-11-21 15:00:00+00:00,0.0
2019-11-21 16:00:00+00:00,0.0
2019-11-21 17:00:00+00:00,0.0
2019-11-21 18:00:00+00:00,0.0
2019-11-21 19:00:00+00:00,0.0
2019-11-21 20:00:00+00:00,0.0
2019-11-21 21:00:00+00:00,0.0
2019-11-21 22:00:00+00:00,0.0
2019-11-21 23:00:00+00:00,0.0
2019-11-22 00:00:00+00:00,0.0
2019-11-22 01:00:00+00:00,0.0
2019-11-22 02:00:00+00:00,0.0
2019-11-22 03:00:00+00:00,0.0
2019-11-22 04:00:00+00:00,0.0
2019-11-22 05:00:00+00:00,-0.05248122330584026
2019-11-22 06:00:00+00:00,0.0
2019-11-22 07:00:00+00:00,0.0
2019-11-22 08:00:00+00:00,0.0
2019-11-22 09:00:00+00:00,0.0
2019-11-22 10:00:00+00:00,0.0
2019-11-22 11:00:00+00:00,0.0
2019-11-22 12:00:00+00:00,0.0
2019-11-22 13:00:00+00:00,0.0
2019-11-22 14:00:00+00:00,0.0
2019-11-22 15:00:00+00:00,0.0
2019-11-22 16:00:00+00:00,0.0
2019-11-22 17:00:00+00:00,0.0
2019-11-22 18:00:00+00:00,0.0
2019-11-22 19:00:00+00:00,0.0
2019-11-22 20:00:00+00:00,0.0
2019-11-22 21:00:00+00:00,0.0
2019-11-22 22:00:00+00:00,0.0
2019-11-22 23:00:00+00:00,0.0
2019-11-23 00:00:00+00:00,0.0
2019-11-23 01:00:00+00:00,0.0
2019-11-23 02:00:00+00:00,0.0
2019-11-23 03:00:00+00:00,0.0
2019-11-23 04:00:00+00:00,0.0
2019-11-23 05:00:00+00:00,0.0
2019-11-23 06:00:00+00:00,0.0
2019-11-23 07:00:00+00:00,0.0
2019-11-23 08:00:00+00:00,0.0
2019-11-23 09:00:00+00:00,0.0
2019-11-23 10:00:00+00:00,0.0
2019-11-23 11:00:00+00:00,0.0
2019-11-23 12:00:00+00:00,0.0
2019-11-23 13:00:00+00:00,0.0
2019-11-23 14:00:00+00:00,0.0
2019-11-23 15:00:00+00:00,0.0
2019-11-23 16:00:00+00:00,0.0
2019-11-23 17:00:00+00:00,0.0
2019-11-23 18:00:00+00:00,0.0
2019-11-23 19:00:00+00:00,0.0
2019-11-23 20:00:00+00:00,0.0
2019-11-23 21:00:00+00:00,0.0
2019-11-23 22:00:00+00:00,0.0
2019-11-23 23:00:00+00:00,0.0
2019-11-24 00:00:00+00:00,0.0
2019-11-24 01:00:00+00:00,0.0
2019-11-24 02:00:00+00:00,0.0
2019-11-24 03:00:00+00:00,0.0
2019-11-24 04:00:00+00:00,0.0
2019-11-24 05:00:00+00:00,0.0
2019-11-24 06:00:00+00:00,0.0
2019-11-24 07:00:00+00:00,0.0
2019-11-24 08:00:00+00:00,0.0
2019-11-24 09:00:00+00:00,0.0
2019-11-24 10:00:00+00:00,0.0
2019-11-24 11:00:00+00:00,0.0
2019-11-24 12:00:00+00:00,0.0
2019-11-24 13:00:00+00:00,0.0
2019-11-24 14:00:00+00:00,0.0
2019-11-24 15:00:00+00:00,0.0
2019-11-24 16:00:00+00:00,0.0
2019-11-24 17:00:00+00:00,0.0
2019-11-24 18:00:00+00:00,0.0
2019-11-24 19:00:00+00:00,0.0
2019-11-24 20:00:00+00:00,0.0
2019-11-24 21:00:00+00:00,0.0
2019-11-24 22:00:00+00:00,0.0
2019-11-24 23:00:00+00:00,0.0
2019-11-25 00:00:00+00:00,0.0
2019-11-25 01:00:00+00:00,0.0
2019-11-25 04:00:00+00:00,0.0
2019-11-25 05:00:00+00:00,0.0
2019-11-25 06:00:00+00:00,0.0
2019-11-25 07:00:00+00:00,0.0
2019-11-25 08:00:00+00:00,0.0
2019-11-25 09:00:00+00:00,0.0
2019-11-25 10:00:00+00:00,0.0
2019-11-25 11:00:00+00:00,0.0
2019-11-25 12:00:00+00:00,0.20049080375075568
2019-11-25 13:00:00+00:00,0.0
2019-11-25 14:00:00+00:00,0.0
2019-11-25 15:00:00+00:00,0.0
2019-11-25 16:00:00+00:00,0.0
2019-11-25 17:00:00+00:00,0.0
2019-11-25 18:00:00+00:00,0.0
2019-11-25 19:00:00+00:00,0.0
2019-11-25 20:00:00+00:00,0.0
2019-11-25 21:00:00+00:00,0.0
2019-11-25 22:00:00+00:00,0.0
2019-11-25 23:00:00+00:00,0.0
2019-11-26 00:00:00+00:00,0.0
2019-11-26 01:00:00+00:00,0.0
2019-11-26 02:00:00+00:00,0.0
2019-11-26 03:00:00+00:00,0.0
2019-11-26 04:00:00+00:00,0.0
2019-11-26 05:00:00+00:00,0.0
2019-11-26 06:00:00+00:00,0.0
2019-11-26 07:00:00+00:00,0.0
2019-11-26 08:00:00+00:00,0.0
2019-11-26 09:00:00+00:00,0.0
2019-11-26 10:00:00+00:00,0.0
2019-11-26 11:00:00+00:00,0.0
2019-11-26 12:00:00+00:00,0.0
2019-11-26 13:00:00+00:00,0.0
2019-11-26 14:00:00+00:00,0.0
2019-11-26 15:00:00+00:00,0.0
2019-11-26 16:00:00+00:00,0.0
2019-11-26 17:00:00+00:00,0.0
2019-11-26 18:00:00+00:00,0.0
2019-11-26 19:00:00+00:00,0.0
2019-11-26 20:00:00+00:00,0.0
2019-11-26 21:00:00+00:00,0.0
2019-11-26 22:00:00+00:00,0.0
2019-11-26 23:00:00+00:00,0.0
2019-11-27 00:00:00+00:00,0.0
2019-11-27 01:00:00+00:00,0.0
2019-11-27 02:00:00+00:00,0.0
2019-11-27 03:00:00+00:00,0.0
2019-11-27 04:00:00+00:00,0.0
2019-11-27 05:00:00+00:00,0.0
2019-11-27 06:00:00+00:00,0.0
2019-11-27 07:00:00+00:00,0.0
2019-11-27 08:00:00+00:00,0.0
2019-11-27 09:00:00+00:00,0.0
2019-11-27 10:00:00+00:00,0.0
2019-11-27 11:00:00+00:00,0.0
2019-11-27 12:00:00+00:00,0.0
2019-11-27 13:00:00+00:00,0.0
2019-11-27 14:00:00+00:00,0.0
2019-11-27 15:00:00+00:00,0.0
2019-11-27 16:00:00+00:00,0.0
2019-11-27 17:00:00+00:00,0.0
2019-11-27 18:00:00+00:00,0.0
2019-11-27 19:00:00+00:00,0.0
2019-11-27 20:00:00+00:00,0.0
2019-11-27 21:00:00+00:00,0.0
2019-11-27 22:00:00+00:00,0.0
2019-11-27 23:00:00+00:00,0.0
2019-11-28 00:00:00+00:00,0.0
2019-11-28 01:00:00+00:00,0.0
2019-11-28 02:00:00+00:00,0.0
2019-11-28 03:00:00+00:00,0.0
2019-11-28 04:00:00+00:00,0.0
2019-11-28 05:00:00+00:00,0.0
2019-11-28 06:00:00+00:00,0.0
2019-11-28 07:00:00+00:00,0.0
2019-11-28 08:00:00+00:00,0.0
2019-11-28 09:00:00+00:00,0.0
2019-11-28 10:00:00+00:00,0.0
2019-11-28 11:00:00+00:00,0.0
2019-11-28 12:00:00+00:00,0.0
2019-11-28 13:00:00+00:00,0.0
2019-11-28 14:00:00+00:00,0.0
2019-11-28 15:00:00+00:00,0.0
2019-11-28 16:00:00+00:00,0.0
2019-11-28 17:00:00+00:00,0.0
2019-11-28 18:00:00+00:00,0.0
2019-11-28 19:00:00+00:00,0.0
2019-11-28 20:00:00+00:00,0.0
2019-11-28 21:00:00+00:00,0.0
2019-11-28 22:00:00+00:00,0.0
2019-11-28 23:00:00+00:00,0.0
2019-11-29 00:00:00+00:00,0.0
2019-11-29 01:00:00+00:00,0.0
2019-11-29 02:00:00+00:00,0.0
2019-11-29 03:00:00+00:00,0.0
2019-11-29 04:00:00+00:00,0.0
2019-11-29 05:00:00+00:00,0.0
2019-11-29 06:00:00+00:00,0.0
2019-11-29 07:00:00+00:00,0.0
2019-11-29 08:00:00+00:00,0.0
2019-11-29 09:00:00+00:00,0.0
2019-11-29 10:00:00+00:00,0.0
2019-11-29 11:00:00+00:00,0.0
2019-11-29 12:00:00+00:00,0.0
2019-11-29 13:00:00+00:00,0.0
2019-11-29 14:00:00+00:00,0.0
2019-11-29 15:00:00+00:00,0.06921318601622073
2019-11-29 16:00:00+00:00,0.0
2019-11-29 17:00:00+00:00,0.0
2019-11-29 18:00:00+00:00,0.0
2019-11-29 19:00:00+00:00,0.0
2019-11-29 20:00:00+00:00,0.0
2019-11-29 21:00:00+00:00,0.0
2019-11-29 22:00:00+00:00,-0.040990845531258036
2019-11-29 23:00:00+00:00,0.0
2019-11-30 00:00:00+00:00,0.0
2019-11-30 01:00:00+00:00,0.0
2019-11-30 02:00:00+00:00,0.0
2019-11-30 03:00:00+00:00,0.0
2019-11-30 04:00:00+00:00,0.0
2019-11-30 05:00:00+00:00,0.0
2019-11-30 06:00:00+00:00,0.0
2019-11-30 07:00:00+00:00,0.0
2019-11-30 08:00:00+00:00,0.0
2019-11-30 09:00:00+00:00,-0.03960304835342543
2019-11-30 10:00:00+00:00,0.0
2019-11-30 11:00:00+00:00,0.0
2019-11-30 12:00:00+00:00,0.0
2019-11-30 13:00:00+00:00,0.0
2019-11-30 14:00:00+00:00,0.0
2019-11-30 15:00:00+00:00,0.0
2019-11-30 16:00:00+00:00,0.0
2019-11-30 17:00:00+00:00,0.0
2019-11-30 18:00:00+00:00,0.0
2019-11-30 19:00:00+00:00,0.0
2019-11-30 20:00:00+00:00,0.0
2019-11-30 21:00:00+00:00,0.0
2019-11-30 22:00:00+00:00,0.0
2019-11-30 23:00:00+00:00,0.0
2019-12-01 00:00:00+00:00,0.0
2019-12-01 01:00:00+00:00,0.0
2019-12-01 02:00:00+00:00,0.0
2019-12-01 03:00:00+00:00,0.0
2019-12-01 04:00:00+00:00,0.0
2019-12-01 05:00:00+00:00,0.0
2019-12-01 06:00:00+00:00,0.0
2019-12-01 07:00:00+00:00,0.0
2019-12-01 08:00:00+00:00,0.0
2019-12-01 09:00:00+00:00,0.0
2019-12-01 10:00:00+00:00,0.0
2019-12-01 11:00:00+00:00,0.0
2019-12-01 12:00:00+00:00,0.0
2019-12-01 13:00:00+00:00,0.0
2019-12-01 14:00:00+00:00,0.0
2019-12-01 15:00:00+00:00,0.0
2019-12-01 16:00:00+00:00,0.0
2019-12-01 17:00:00+00:00,0.0
2019-12-01 18:00:00+00:00,0.0
2019-12-01 19:00:00+00:00,0.0
2019-12-01 20:00:00+00:00,0.0
2019-12-01 21:00:00+00:00,0.0
2019-12-01 22:00:00+00:00,0.0
2019-12-01 23:00:00+00:00,0.0
2019-12-02 00:00:00+00:00,0.0
2019-12-02 01:00:00+00:00,0.0
2019-12-02 02:00:00+00:00,0.0
2019-12-02 03:00:00+00:00,0.0
2019-12-02 04:00:00+00:00,0.0
2019-12-02 05:00:00+00:00,0.0
2019-12-02 06:00:00+00:00,0.0
2019-12-02 07:00:00+00:00,0.0
2019-12-02 08:00:00+00:00,0.0
2019-12-02 09:00:00+00:00,0.0
2019-12-02 10:00:00+00:00,0.0
2019-12-02 11:00:00+00:00,0.0
2019-12-02 12:00:00+00:00,0.0
2019-12-02 13:00:00+00:00,0.0
2019-12-02 14:00:00+00:00,0.0
2019-12-02 15:00:00+00:00,0.0
2019-12-02 16:00:00+00:00,0.0
2019-12-02 17:00:00+00:00,0.0
2019-12-02 18:00:00+00:00,0.0
2019-12-02 19:00:00+00:00,0.0
2019-12-02 20:00:00+00:00,0.0
2019-12-02 21:00:00+00:00,0.0
2019-12-02 22:00:00+00:00,0.0
2019-12-02 23:00:00+00:00,0.0
2019-12-03 00:00:00+00:00,0.0
2019-12-03 01:00:00+00:00,0.0
2019-12-03 02:00:00+00:00,0.0
2019-12-03 03:00:00+00:00,0.0
2019-12-03 04:00:00+00:00,0.0
2019-12-03 05:00:00+00:00,0.0
2019-12-03 06:00:00+00:00,0.0
2019-12-03 07:00:00+00:00,0.0
2019-12-03 08:00:00+00:00,0.0
2019-12-03 09:00:00+00:00,0.0
2019-12-03 10:00:00+00:00,0.0
2019-12-03 11:00:00+00:00,0.0
2019-12-03 12:00:00+00:00,0.0
2019-12-03 13:00:00+00:00,0.0
2019-12-03 14:00:00+00:00,0.0
2019-12-03 15:00:00+00:00,0.0
2019-12-03 16:00:00+00:00,0.0
2019-12-03 17:00:00+00:00,0.0
2019-12-03 18:00:00+00:00,0.0
2019-12-03 19:00:00+00:00,0.0
2019-12-03 20:00:00+00:00,0.0
2019-12-03 21:00:00+00:00,0.0
2019-12-03 22:00:00+00:00,0.0
2019-12-03 23:00:00+00:00,0.0
2019-12-04 00:00:00+00:00,0.0
2019-12-04 01:00:00+00:00,0.0
2019-12-04 02:00:00+00:00,0.0
2019-12-04 03:00:00+00:00,0.0
2019-12-04 04:00:00+00:00,0.0
2019-12-04 05:00:00+00:00,0.0
2019-12-04 06:00:00+00:00,0.0
2019-12-04 07:00:00+00:00,0.0
2019-12-04 08:00:00+00:00,0.0
2019-12-04 09:00:00+00:00,0.0
2019-12-04 10:00:00+00:00,0.0
2019-12-04 11:00:00+00:00,0.0
2019-12-04 12:00:00+00:00,0.0
2019-12-04 13:00:00+00:00,0.0
2019-12-04 14:00:00+00:00,0.0
2019-12-04 15:00:00+00:00,0.0
2019-12-04 16:00:00+00:00,0.0
2019-12-04 17:00:00+00:00,0.0
2019-12-04 18:00:00+00:00,0.0
2019-12-04 19:00:00+00:00,0.0
2019-12-04 20:00:00+00:00,0.0
2019-12-04 21:00:00+00:00,0.0
2019-12-04 22:00:00+00:00,0.0
2019-12-04 23:00:00+00:00,0.0
2019-12-05 00:00:00+00:00,0.0
2019-12-05 01:00:00+00:00,0.0
2019-12-05 02:00:00+00:00,0.0
2019-12-05 03:00:00+00:00,0.0
2019-12-05 04:00:00+00:00,0.0
2019-12-05 05:00:00+00:00,0.0
2019-12-05 06:00:00+00:00,0.0
2019-12-05 07:00:00+00:00,0.0
2019-12-05 08:00:00+00:00,0.0
2019-12-05 09:00:00+00:00,0.0
2019-12-05 10:00:00+00:00,0.0
2019-12-05 11:00:00+00:00,0.0
2019-12-05 12:00:00+00:00,0.0
2019-12-05 13:00:00+00:00,0.0
2019-12-05 14:00:00+00:00,0.0
2019-12-05 15:00:00+00:00,0.0
2019-12-05 16:00:00+00:00,0.0
2019-12-05 17:00:00+00:00,0.0
2019-12-05 18:00:00+00:00,0.0
2019-12-05 19:00:00+00:00,0.0
2019-12-05 20:00:00+00:00,0.0
2019-12-05 21:00:00+00:00,0.0
2019-12-05 22:00:00+00:00,0.0
2019-12-05 23:00:00+00:00,0.0
2019-12-06 00:00:00+00:00,0.0
2019-12-06 01:00:00+00:00,0.0
2019-12-06 02:00:00+00:00,0.0
2019-12-06 03:00:00+00:00,0.0
2019-12-06 04:00:00+00:00,0.0
2019-12-06 05:00:00+00:00,0.0
2019-12-06 06:00:00+00:00,0.0
2019-12-06 07:00:00+00:00,0.0
2019-12-06 08:00:00+00:00,0.0
2019-12-06 09:00:00+00:00,0.0
2019-12-06 10:00:00+00:00,0.0
2019-12-06 11:00:00+00:00,0.0
2019-12-06 12:00:00+00:00,0.0
2019-12-06 13:00:00+00:00,0.0
2019-12-06 14:00:00+00:00,0.0
2019-12-06 15:00:00+00:00,0.0
2019-12-06 16:00:00+00:00,0.0
2019-12-06 17:00:00+00:00,0.0
2019-12-06 18:00:00+00:00,0.0
2019-12-06 19:00:00+00:00,0.0
2019-12-06 20:00:00+00:00,0.0
2019-12-06 21:00:00+00:00,0.0
2019-12-06 22:00:00+00:00,0.0
2019-12-06 23:00:00+00:00,0.0
2019-12-07 00:00:00+00:00,0.0
2019-12-07 01:00:00+00:00,0.0
2019-12-07 02:00:00+00:00,0.0
2019-12-07 03:00:00+00:00,0.0
2019-12-07 04:00:00+00:00,0.04975963637066408
2019-12-07 05:00:00+00:00,0.0
2019-12-07 06:00:00+00:00,0.0
2019-12-07 07:00:00+00:00,-0.025969016310533437
2019-12-07 08:00:00+00:00,0.0
2019-12-07 09:00:00+00:00,0.0
2019-12-07 10:00:00+00:00,0.0
2019-12-07 11:00:00+00:00,0.0
2019-12-07 12:00:00+00:00,0.01847838092365805
2019-12-07 13:00:00+00:00,0.0
2019-12-07 14:00:00+00:00,0.0
2019-12-07 15:00:00+00:00,0.0
2019-12-07 16:00:00+00:00,0.0
2019-12-07 17:00:00+00:00,0.0
2019-12-07 18:00:00+00:00,0.0
2019-12-07 19:00:00+00:00,0.0
2019-12-07 20:00:00+00:00,0.0
2019-12-07 21:00:00+00:00,0.0
2019-12-07 22:00:00+00:00,0.0
2019-12-07 23:00:00+00:00,0.0
2019-12-08 00:00:00+00:00,-0.026846590214960997
2019-12-08 01:00:00+00:00,0.0
2019-12-08 02:00:00+00:00,0.0
2019-12-08 03:00:00+00:00,0.0
2019-12-08 04:00:00+00:00,0.0
2019-12-08 05:00:00+00:00,0.0
2019-12-08 06:00:00+00:00,0.0
2019-12-08 07:00:00+00:00,0.0
2019-12-08 08:00:00+00:00,0.0
2019-12-08 09:00:00+00:00,0.0
2019-12-08 10:00:00+00:00,0.0
2019-12-08 11:00:00+00:00,0.0
2019-12-08 12:00:00+00:00,0.0
2019-12-08 13:00:00+00:00,0.0
2019-12-08 14:00:00+00:00,0.0
2019-12-08 15:00:00+00:00,0.0
2019-12-08 16:00:00+00:00,0.0
2019-12-08 17:00:00+00:00,0.0
2019-12-08 18:00:00+00:00,0.0
2019-12-08 19:00:00+00:00,0.0
2019-12-08 20:00:00+00:00,0.0
2019-12-08 21:00:00+00:00,0.0
2019-12-08 22:00:00+00:00,-0.01828441020498202
2019-12-08 23:00:00+00:00,0.0
2019-12-09 00:00:00+00:00,0.0
2019-12-09 01:00:00+00:00,0.0
2019-12-09 02:00:00+00:00,0.0
2019-12-09 03:00:00+00:00,0.0
2019-12-09 04:00:00+00:00,0.0
2019-12-09 05:00:00+00:00,0.0
2019-12-09 06:00:00+00:00,0.0
2019-12-09 07:00:00+00:00,0.0
2019-12-09 08:00:00+00:00,0.0
2019-12-09 09:00:00+00:00,0.0
2019-12-09 10:00:00+00:00,0.0
2019-12-09 11:00:00+00:00,0.0
2019-12-09 12:00:00+00:00,0.0
2019-12-09 13:00:00+00:00,0.0
2019-12-09 14:00:00+00:00,0.0
2019-12-09 15:00:00+00:00,0.0
2019-12-09 16:00:00+00:00,0.0
2019-12-09 17:00:00+00:00,0.0
2019-12-09 18:00:00+00:00,0.0
2019-12-09 19:00:00+00:00,0.0
2019-12-09 20:00:00+00:00,0.0
2019-12-09 21:00:00+00:00,0.0
2019-12-09 22:00:00+00:00,0.0
2019-12-09 23:00:00+00:00,0.0
2019-12-10 00:00:00+00:00,0.0
2019-12-10 01:00:00+00:00,0.0
2019-12-10 02:00:00+00:00,0.0
2019-12-10 03:00:00+00:00,0.0
2019-12-10 04:00:00+00:00,0.0
2019-12-10 05:00:00+00:00,0.0
2019-12-10 06:00:00+00:00,0.0
2019-12-10 07:00:00+00:00,0.0
2019-12-10 08:00:00+00:00,0.0
2019-12-10 09:00:00+00:00,0.0
2019-12-10 10:00:00+00:00,0.0
2019-12-10 11:00:00+00:00,0.0
2019-12-10 12:00:00+00:00,0.0
2019-12-10 13:00:00+00:00,0.0
2019-12-10 14:00:00+00:00,0.0
2019-12-10 15:00:00+00:00,0.0
2019-12-10 16:00:00+00:00,0.0
2019-12-10 17:00:00+00:00,0.0
2019-12-10 18:00:00+00:00,0.0
2019-12-10 19:00:00+00:00,0.0
2019-12-10 20:00:00+00:00,0.0
2019-12-10 21:00:00+00:00,0.0
2019-12-10 22:00:00+00:00,0.0
2019-12-10 23:00:00+00:00,0.0
2019-12-11 00:00:00+00:00,0.0
2019-12-11 01:00:00+00:00,0.0
2019-12-11 02:00:00+00:00,0.0
2019-12-11 03:00:00+00:00,0.0
2019-12-11 04:00:00+00:00,0.0
2019-12-11 05:00:00+00:00,0.0
2019-12-11 06:00:00+00:00,0.0
2019-12-11 07:00:00+00:00,0.0
2019-12-11 08:00:00+00:00,0.0
2019-12-11 09:00:00+00:00,0.0
2019-12-11 10:00:00+00:00,0.0
2019-12-11 11:00:00+00:00,0.0
2019-12-11 12:00:00+00:00,0.0
2019-12-11 13:00:00+00:00,0.0
2019-12-11 14:00:00+00:00,0.0
2019-12-11 15:00:00+00:00,0.0
2019-12-11 16:00:00+00:00,0.0
2019-12-11 17:00:00+00:00,0.0
2019-12-11 18:00:00+00:00,0.0
2019-12-11 19:00:00+00:00,0.0
2019-12-11 20:00:00+00:00,0.0
2019-12-11 21:00:00+00:00,0.0
2019-12-11 22:00:00+00:00,0.0
2019-12-11 23:00:00+00:00,0.0
2019-12-12 00:00:00+00:00,0.0
2019-12-12 01:00:00+00:00,0.0
2019-12-12 02:00:00+00:00,0.0
2019-12-12 03:00:00+00:00,0.0
2019-12-12 04:00:00+00:00,0.0
2019-12-12 05:00:00+00:00,0.0
2019-12-12 06:00:00+00:00,0.0
2019-12-12 07:00:00+00:00,0.0
2019-12-12 08:00:00+00:00,0.0
2019-12-12 09:00:00+00:00,0.0
2019-12-12 10:00:00+00:00,0.0
2019-12-12 11:00:00+00:00,0.0
2019-12-12 12:00:00+00:00,0.0
2019-12-12 13:00:00+00:00,0.0
2019-12-12 14:00:00+00:00,0.0
2019-12-12 15:00:00+00:00,0.0
2019-12-12 16:00:00+00:00,0.0
2019-12-12 17:00:00+00:00,0.0
2019-12-12 18:00:00+00:00,0.0
2019-12-12 19:00:00+00:00,0.0
2019-12-12 20:00:00+00:00,0.0
2019-12-12 21:00:00+00:00,0.0
2019-12-12 22:00:00+00:00,0.0
2019-12-12 23:00:00+00:00,0.0
2019-12-13 00:00:00+00:00,0.0
2019-12-13 01:00:00+00:00,0.0
2019-12-13 02:00:00+00:00,0.0
2019-12-13 03:00:00+00:00,0.0
2019-12-13 04:00:00+00:00,0.0
2019-12-13 05:00:00+00:00,0.0
2019-12-13 06:00:00+00:00,0.0
2019-12-13 07:00:00+00:00,0.0
2019-12-13 08:00:00+00:00,0.0
2019-12-13 09:00:00+00:00,0.0
2019-12-13 10:00:00+00:00,0.0
2019-12-13 11:00:00+00:00,0.0
2019-12-13 12:00:00+00:00,0.0
2019-12-13 13:00:00+00:00,-0.06503718225431315
2019-12-13 14:00:00+00:00,0.0
2019-12-13 15:00:00+00:00,0.0
2019-12-13 16:00:00+00:00,0.0
2019-12-13 17:00:00+00:00,0.0
2019-12-13 18:00:00+00:00,0.0
2019-12-13 19:00:00+00:00,0.0
2019-12-13 20:00:00+00:00,0.0
2019-12-13 21:00:00+00:00,0.0
2019-12-13 22:00:00+00:00,0.0
2019-12-13 23:00:00+00:00,0.0
2019-12-14 00:00:00+00:00,0.0
2019-12-14 01:00:00+00:00,0.0
2019-12-14 02:00:00+00:00,0.0
2019-12-14 03:00:00+00:00,0.0
2019-12-14 04:00:00+00:00,0.0
2019-12-14 05:00:00+00:00,0.0
2019-12-14 06:00:00+00:00,0.0
2019-12-14 07:00:00+00:00,0.0
2019-12-14 08:00:00+00:00,0.0
2019-12-14 09:00:00+00:00,0.0
2019-12-14 10:00:00+00:00,0.0
2019-12-14 11:00:00+00:00,0.0
2019-12-14 12:00:00+00:00,0.0
2019-12-14 13:00:00+00:00,0.0
2019-12-14 14:00:00+00:00,0.0
2019-12-14 15:00:00+00:00,0.0
2019-12-14 16:00:00+00:00,0.0
2019-12-14 17:00:00+00:00,0.0
2019-12-14 18:00:00+00:00,0.0
2019-12-14 19:00:00+00:00,0.0
2019-12-14 20:00:00+00:00,0.0
2019-12-14 21:00:00+00:00,0.0
2019-12-14 22:00:00+00:00,0.0
2019-12-14 23:00:00+00:00,0.0
2019-12-15 00:00:00+00:00,0.0
2019-12-15 01:00:00+00:00,0.0
2019-12-15 02:00:00+00:00,0.0
2019-12-15 03:00:00+00:00,0.0
2019-12-15 04:00:00+00:00,0.0
2019-12-15 05:00:00+00:00,0.0
2019-12-15 06:00:00+00:00,0.0
2019-12-15 07:00:00+00:00,0.0
2019-12-15 08:00:00+00:00,0.0
2019-12-15 09:00:00+00:00,0.0
2019-12-15 10:00:00+00:00,0.0
2019-12-15 11:00:00+00:00,0.0
2019-12-15 12:00:00+00:00,0.0
2019-12-15 13:00:00+00:00,0.0
2019-12-15 14:00:00+00:00,0.0
2019-12-15 15:00:00+00:00,0.0
2019-12-15 16:00:00+00:00,0.0
2019-12-15 17:00:00+00:00,0.0
2019-12-15 18:00:00+00:00,0.0
2019-12-15 19:00:00+00:00,0.0
2019-12-15 20:00:00+00:00,0.0
2019-12-15 21:00:00+00:00,0.0
2019-12-15 22:00:00+00:00,0.0
2019-12-15 23:00:00+00:00,0.0
2019-12-16 00:00:00+00:00,-0.052927684885255656
2019-12-16 01:00:00+00:00,0.0
2019-12-16 02:00:00+00:00,0.0
2019-12-16 03:00:00+00:00,0.0
2019-12-16 04:00:00+00:00,0.0
2019-12-16 05:00:00+00:00,0.0
2019-12-16 06:00:00+00:00,0.0
2019-12-16 07:00:00+00:00,0.0
2019-12-16 08:00:00+00:00,0.0
2019-12-16 09:00:00+00:00,0.0
2019-12-16 10:00:00+00:00,0.0
2019-12-16 11:00:00+00:00,0.0
2019-12-16 12:00:00+00:00,0.0
2019-12-16 13:00:00+00:00,0.0
2019-12-16 14:00:00+00:00,0.0
2019-12-16 15:00:00+00:00,0.0
2019-12-16 16:00:00+00:00,0.0
2019-12-16 17:00:00+00:00,0.0
2019-12-16 18:00:00+00:00,0.0
2019-12-16 19:00:00+00:00,0.0
2019-12-16 20:00:00+00:00,0.0
2019-12-16 21:00:00+00:00,0.0
2019-12-16 22:00:00+00:00,0.0
2019-12-16 23:00:00+00:00,0.0
2019-12-17 00:00:00+00:00,0.0
2019-12-17 01:00:00+00:00,0.0
2019-12-17 02:00:00+00:00,0.0
2019-12-17 03:00:00+00:00,0.0
2019-12-17 04:00:00+00:00,0.0
2019-12-17 05:00:00+00:00,0.0
2019-12-17 06:00:00+00:00,0.0
2019-12-17 07:00:00+00:00,0.0
2019-12-17 08:00:00+00:00,0.0
2019-12-17 09:00:00+00:00,0.0
2019-12-17 10:00:00+00:00,0.0
2019-12-17 11:00:00+00:00,0.0
2019-12-17 12:00:00+00:00,0.0
2019-12-17 13:00:00+00:00,0.0
2019-12-17 14:00:00+00:00,0.0
2019-12-17 15:00:00+00:00,0.0
2019-12-17 16:00:00+00:00,0.0
2019-12-17 17:00:00+00:00,0.0
2019-12-17 18:00:00+00:00,0.0
2019-12-17 19:00:00+00:00,0.0
2019-12-17 20:00:00+00:00,0.0
2019-12-17 21:00:00+00:00,0.0
2019-12-17 22:00:00+00:00,0.0
2019-12-17 23:00:00+00:00,0.0
2019-12-18 00:00:00+00:00,0.0
2019-12-18 01:00:00+00:00,0.0
2019-12-18 02:00:00+00:00,0.0
2019-12-18 03:00:00+00:00,0.0
2019-12-18 04:00:00+00:00,0.0
2019-12-18 05:00:00+00:00,0.0
2019-12-18 06:00:00+00:00,0.0
2019-12-18 07:00:00+00:00,0.0
2019-12-18 08:00:00+00:00,0.0
2019-12-18 09:00:00+00:00,0.0
2019-12-18 10:00:00+00:00,0.0
2019-12-18 11:00:00+00:00,0.0
2019-12-18 12:00:00+00:00,-0.04112740905698101
2019-12-18 13:00:00+00:00,0.0
2019-12-18 14:00:00+00:00,0.0
2019-12-18 15:00:00+00:00,0.0
2019-12-18 16:00:00+00:00,0.0
2019-12-18 17:00:00+00:00,0.0
2019-12-18 18:00:00+00:00,0.0
2019-12-18 19:00:00+00:00,0.0
2019-12-18 20:00:00+00:00,0.0
2019-12-18 21:00:00+00:00,0.0
2019-12-18 22:00:00+00:00,0.0
2019-12-18 23:00:00+00:00,0.0
2019-12-19 00:00:00+00:00,0.0
2019-12-19 01:00:00+00:00,0.0
2019-12-19 02:00:00+00:00,0.0
2019-12-19 03:00:00+00:00,0.0
2019-12-19 04:00:00+00:00,0.0
2019-12-19 05:00:00+00:00,0.0
2019-12-19 06:00:00+00:00,0.0
2019-12-19 07:00:00+00:00,0.0
2019-12-19 08:00:00+00:00,0.0
2019-12-19 09:00:00+00:00,-0.07339881221171016
2019-12-19 10:00:00+00:00,0.0
2019-12-19 11:00:00+00:00,0.0
2019-12-19 12:00:00+00:00,0.0
2019-12-19 13:00:00+00:00,0.0
2019-12-19 14:00:00+00:00,0.0
2019-12-19 15:00:00+00:00,0.0
2019-12-19 16:00:00+00:00,0.0
2019-12-19 17:00:00+00:00,0.0
2019-12-19 18:00:00+00:00,0.0
2019-12-19 19:00:00+00:00,0.0
2019-12-19 20:00:00+00:00,0.0
2019-12-19 21:00:00+00:00,0.0
2019-12-19 22:00:00+00:00,0.0
2019-12-19 23:00:00+00:00,0.0
2019-12-20 00:00:00+00:00,0.0
2019-12-20 01:00:00+00:00,0.0
2019-12-20 02:00:00+00:00,0.0
2019-12-20 03:00:00+00:00,0.0
2019-12-20 04:00:00+00:00,0.0
2019-12-20 05:00:00+00:00,0.0
2019-12-20 06:00:00+00:00,0.0
2019-12-20 07:00:00+00:00,0.0
2019-12-20 08:00:00+00:00,0.0
2019-12-20 09:00:00+00:00,0.0
2019-12-20 10:00:00+00:00,0.0
2019-12-20 11:00:00+00:00,0.0
2019-12-20 12:00:00+00:00,0.0
2019-12-20 13:00:00+00:00,0.0
2019-12-20 14:00:00+00:00,0.0
2019-12-20 15:00:00+00:00,0.0
2019-12-20 16:00:00+00:00,0.0
2019-12-20 17:00:00+00:00,0.0
2019-12-20 18:00:00+00:00,0.0
2019-12-20 19:00:00+00:00,0.0
2019-12-20 20:00:00+00:00,0.0
2019-12-20 21:00:00+00:00,0.0
2019-12-20 22:00:00+00:00,0.0
2019-12-20 23:00:00+00:00,0.0
2019-12-21 00:00:00+00:00,0.0
2019-12-21 01:00:00+00:00,0.0
2019-12-21 02:00:00+00:00,0.0
2019-12-21 03:00:00+00:00,0.0
2019-12-21 04:00:00+00:00,0.0
2019-12-21 05:00:00+00:00,0.0
2019-12-21 06:00:00+00:00,0.0
2019-12-21 07:00:00+00:00,0.0
2019-12-21 08:00:00+00:00,0.0
2019-12-21 09:00:00+00:00,0.0
2019-12-21 10:00:00+00:00,0.0
2019-12-21 11:00:00+00:00,0.0
2019-12-21 12:00:00+00:00,0.0
2019-12-21 13:00:00+00:00,0.0
2019-12-21 14:00:00+00:00,0.0
2019-12-21 15:00:00+00:00,0.0
2019-12-21 16:00:00+00:00,0.0
2019-12-21 17:00:00+00:00,0.0
2019-12-21 18:00:00+00:00,0.0
2019-12-21 19:00:00+00:00,0.0
2019-12-21 20:00:00+00:00,0.0
2019-12-21 21:00:00+00:00,0.0
2019-12-21 22:00:00+00:00,0.0
2019-12-21 23:00:00+00:00,0.0
2019-12-22 00:00:00+00:00,0.0
2019-12-22 01:00:00+00:00,0.0
2019-12-22 02:00:00+00:00,0.0
2019-12-22 03:00:00+00:00,0.0
2019-12-22 04:00:00+00:00,0.0
2019-12-22 05:00:00+00:00,0.0
2019-12-22 06:00:00+00:00,0.0
2019-12-22 07:00:00+00:00,0.0
2019-12-22 08:00:00+00:00,0.0
2019-12-22 09:00:00+00:00,0.0
2019-12-22 10:00:00+00:00,0.0
2019-12-22 11:00:00+00:00,0.0
2019-12-22 12:00:00+00:00,0.0
2019-12-22 13:00:00+00:00,0.0
2019-12-22 14:00:00+00:00,0.0
2019-12-22 15:00:00+00:00,0.0
2019-12-22 16:00:00+00:00,0.0
2019-12-22 17:00:00+00:00,0.0
2019-12-22 18:00:00+00:00,0.0
2019-12-22 19:00:00+00:00,0.0
2019-12-22 20:00:00+00:00,0.0
2019-12-22 21:00:00+00:00,0.0
2019-12-22 22:00:00+00:00,0.0
2019-12-22 23:00:00+00:00,0.0
2019-12-23 00:00:00+00:00,0.0
2019-12-23 01:00:00+00:00,0.0
2019-12-23 02:00:00+00:00,0.0
2019-12-23 03:00:00+00:00,0.0
2019-12-23 04:00:00+00:00,0.0
2019-12-23 05:00:00+00:00,0.0
2019-12-23 06:00:00+00:00,0.0
2019-12-23 07:00:00+00:00,0.0
2019-12-23 08:00:00+00:00,0.0
2019-12-23 09:00:00+00:00,0.0
2019-12-23 10:00:00+00:00,0.0
2019-12-23 11:00:00+00:00,0.0
2019-12-23 12:00:00+00:00,0.0
2019-12-23 13:00:00+00:00,0.0
2019-12-23 14:00:00+00:00,0.0
2019-12-23 15:00:00+00:00,0.0
2019-12-23 16:00:00+00:00,0.0
2019-12-23 17:00:00+00:00,0.0
2019-12-23 18:00:00+00:00,0.0
2019-12-23 19:00:00+00:00,0.0
2019-12-23 20:00:00+00:00,0.0
2019-12-23 21:00:00+00:00,0.0
2019-12-23 22:00:00+00:00,0.0
2019-12-23 23:00:00+00:00,0.0
2019-12-24 00:00:00+00:00,0.0
2019-12-24 01:00:00+00:00,0.0
2019-12-24 02:00:00+00:00,0.0
2019-12-24 03:00:00+00:00,0.0
2019-12-24 04:00:00+00:00,0.0
2019-12-24 05:00:00+00:00,0.0
2019-12-24 06:00:00+00:00,0.0
2019-12-24 07:00:00+00:00,0.0
2019-12-24 08:00:00+00:00,0.0
2019-12-24 09:00:00+00:00,0.0
2019-12-24 10:00:00+00:00,0.0
2019-12-24 11:00:00+00:00,0.0
2019-12-24 12:00:00+00:00,0.0
2019-12-24 13:00:00+00:00,0.0
2019-12-24 14:00:00+00:00,0.0
2019-12-24 15:00:00+00:00,0.0
2019-12-24 16:00:00+00:00,0.0
2019-12-24 17:00:00+00:00,0.0
2019-12-24 18:00:00+00:00,0.0
2019-12-24 19:00:00+00:00,0.0
2019-12-24 20:00:00+00:00,0.0
2019-12-24 21:00:00+00:00,0.0
2019-12-24 22:00:00+00:00,0.0
2019-12-24 23:00:00+00:00,0.0
2019-12-25 00:00:00+00:00,0.0
2019-12-25 01:00:00+00:00,0.0
2019-12-25 02:00:00+00:00,0.0
2019-12-25 03:00:00+00:00,0.0
2019-12-25 04:00:00+00:00,0.0
2019-12-25 05:00:00+00:00,0.0
2019-12-25 06:00:00+00:00,0.0
2019-12-25 07:00:00+00:00,0.0
2019-12-25 08:00:00+00:00,0.0
2019-12-25 09:00:00+00:00,0.0
2019-12-25 10:00:00+00:00,0.0
2019-12-25 11:00:00+00:00,0.0
2019-12-25 12:00:00+00:00,0.0
2019-12-25 13:00:00+00:00,0.0
2019-12-25 14:00:00+00:00,0.0
2019-12-25 15:00:00+00:00,0.0
2019-12-25 16:00:00+00:00,0.0
2019-12-25 17:00:00+00:00,0.0
2019-12-25 18:00:00+00:00,0.0
2019-12-25 19:00:00+00:00,0.0
2019-12-25 20:00:00+00:00,0.0
2019-12-25 21:00:00+00:00,0.0
2019-12-25 22:00:00+00:00,0.0
2019-12-25 23:00:00+00:00,0.0
2019-12-26 00:00:00+00:00,0.0
2019-12-26 01:00:00+00:00,0.0
2019-12-26 02:00:00+00:00,0.0
2019-12-26 03:00:00+00:00,0.0
2019-12-26 04:00:00+00:00,0.0
2019-12-26 05:00:00+00:00,0.0
2019-12-26 06:00:00+00:00,0.0
2019-12-26 07:00:00+00:00,0.0
2019-12-26 08:00:00+00:00,0.0
2019-12-26 09:00:00+00:00,0.0
2019-12-26 10:00:00+00:00,0.0
2019-12-26 11:00:00+00:00,0.0
2019-12-26 12:00:00+00:00,0.0
2019-12-26 13:00:00+00:00,0.0
2019-12-26 14:00:00+00:00,0.0
2019-12-26 15:00:00+00:00,0.0
2019-12-26 16:00:00+00:00,0.0
2019-12-26 17:00:00+00:00,0.0
2019-12-26 18:00:00+00:00,0.0
2019-12-26 19:00:00+00:00,0.0
2019-12-26 20:00:00+00:00,0.0
2019-12-26 21:00:00+00:00,0.0
2019-12-26 22:00:00+00:00,-0.05270828830175857
2019-12-26 23:00:00+00:00,0.0
2019-12-27 00:00:00+00:00,0.0
2019-12-27 01:00:00+00:00,0.0
2019-12-27 02:00:00+00:00,0.0
2019-12-27 03:00:00+00:00,0.09116479672372851
2019-12-27 04:00:00+00:00,0.0
2019-12-27 05:00:00+00:00,-0.024455252034381363
2019-12-27 06:00:00+00:00,0.0
2019-12-27 07:00:00+00:00,0.0
2019-12-27 08:00:00+00:00,0.0
2019-12-27 09:00:00+00:00,0.0
2019-12-27 10:00:00+00:00,0.0
2019-12-27 11:00:00+00:00,-0.048535267408715624
2019-12-27 12:00:00+00:00,0.0
2019-12-27 13:00:00+00:00,0.0
2019-12-27 14:00:00+00:00,0.0
2019-12-27 15:00:00+00:00,0.0
2019-12-27 16:00:00+00:00,0.0
2019-12-27 17:00:00+00:00,0.0
2019-12-27 18:00:00+00:00,0.0
2019-12-27 19:00:00+00:00,0.0
2019-12-27 20:00:00+00:00,0.0
2019-12-27 21:00:00+00:00,0.0
2019-12-27 22:00:00+00:00,0.0
2019-12-27 23:00:00+00:00,0.0
2019-12-28 00:00:00+00:00,0.0
2019-12-28 01:00:00+00:00,0.0
2019-12-28 02:00:00+00:00,0.0
2019-12-28 03:00:00+00:00,0.0
2019-12-28 04:00:00+00:00,0.0
2019-12-28 05:00:00+00:00,0.0
2019-12-28 06:00:00+00:00,0.0
2019-12-28 07:00:00+00:00,0.0
2019-12-28 08:00:00+00:00,0.0
2019-12-28 09:00:00+00:00,0.0
2019-12-28 10:00:00+00:00,0.0
2019-12-28 11:00:00+00:00,0.0
2019-12-28 12:00:00+00:00,0.0
2019-12-28 13:00:00+00:00,0.0
2019-12-28 14:00:00+00:00,0.0
2019-12-28 15:00:00+00:00,0.0
2019-12-28 16:00:00+00:00,0.0
2019-12-28 17:00:00+00:00,0.0
2019-12-28 18:00:00+00:00,0.0
2019-12-28 19:00:00+00:00,0.0
2019-12-28 20:00:00+00:00,0.0
2019-12-28 21:00:00+00:00,0.0
2019-12-28 22:00:00+00:00,0.0
2019-12-28 23:00:00+00:00,0.0
2019-12-29 00:00:00+00:00,0.0
2019-12-29 01:00:00+00:00,0.0
2019-12-29 02:00:00+00:00,0.0
2019-12-29 03:00:00+00:00,0.0
2019-12-29 04:00:00+00:00,0.0
2019-12-29 05:00:00+00:00,0.0
2019-12-29 06:00:00+00:00,0.0
2019-12-29 07:00:00+00:00,0.0
2019-12-29 08:00:00+00:00,0.0
2019-12-29 09:00:00+00:00,0.0
2019-12-29 10:00:00+00:00,0.0
2019-12-29 11:00:00+00:00,0.0
2019-12-29 12:00:00+00:00,0.0
2019-12-29 13:00:00+00:00,0.0
2019-12-29 14:00:00+00:00,0.0
2019-12-29 15:00:00+00:00,0.0
2019-12-29 16:00:00+00:00,0.0
2019-12-29 17:00:00+00:00,0.0
2019-12-29 18:00:00+00:00,0.0
2019-12-29 19:00:00+00:00,0.0
2019-12-29 20:00:00+00:00,0.0
2019-12-29 21:00:00+00:00,0.0
2019-12-29 22:00:00+00:00,0.0
2019-12-29 23:00:00+00:00,0.0
2019-12-30 00:00:00+00:00,0.0
2019-12-30 01:00:00+00:00,0.0
2019-12-30 02:00:00+00:00,0.0
2019-12-30 03:00:00+00:00,0.0
2019-12-30 04:00:00+00:00,0.0
2019-12-30 05:00:00+00:00,0.0
2019-12-30 06:00:00+00:00,0.0
2019-12-30 07:00:00+00:00,0.0
2019-12-30 08:00:00+00:00,0.0
2019-12-30 09:00:00+00:00,0.0
2019-12-30 10:00:00+00:00,0.0
2019-12-30 11:00:00+00:00,0.0
2019-12-30 12:00:00+00:00,0.0
2019-12-30 13:00:00+00:00,0.0
2019-12-30 14:00:00+00:00,0.0
2019-12-30 15:00:00+00:00,0.0
2019-12-30 16:00:00+00:00,0.0
2019-12-30 17:00:00+00:00,0.0
2019-12-30 18:00:00+00:00,0.0
2019-12-30 19:00:00+00:00,0.0
2019-12-30 20:00:00+00:00,0.0
2019-12-30 21:00:00+00:00,0.0
2019-12-30 22:00:00+00:00,0.0
2019-12-30 23:00:00+00:00,0.0
2019-12-31 00:00:00+00:00,0.0
2019-12-31 01:00:00+00:00,0.0
2019-12-31 02:00:00+00:00,0.0
2019-12-31 03:00:00+00:00,0.0
2019-12-31 04:00:00+00:00,0.0
2019-12-31 05:00:00+00:00,0.0
2019-12-31 06:00:00+00:00,0.0
2019-12-31 07:00:00+00:00,0.0
2019-12-31 08:00:00+00:00,0.0
2019-12-31 09:00:00+00:00,0.0
2019-12-31 10:00:00+00:00,0.0
2019-12-31 11:00:00+00:00,0.0
2019-12-31 12:00:00+00:00,0.0
2019-12-31 13:00:00+00:00,0.0
2019-12-31 14:00:00+00:00,0.0
2019-12-31 15:00:00+00:00,0.0
2019-12-31 16:00:00+00:00,0.0
2019-12-31 17:00:00+00:00,0.0
2019-12-31 18:00:00+00:00,0.0
2019-12-31 19:00:00+00:00,0.0
2019-12-31 20:00:00+00:00,0.0
2019-12-31 21:00:00+00:00,0.0
2019-12-31 22:00:00+00:00,0.0
2019-12-31 23:00:00+00:00,0.0
2020-01-01 00:00:00+00:00,0.0
2020-01-01 01:00:00+00:00,0.0
2020-01-01 02:00:00+00:00,0.0
2020-01-01 03:00:00+00:00,0.0
2020-01-01 04:00:00+00:00,0.0
2020-01-01 05:00:00+00:00,0.0
2020-01-01 06:00:00+00:00,0.0
2020-01-01 07:00:00+00:00,0.0
2020-01-01 08:00:00+00:00,0.0
2020-01-01 09:00:00+00:00,0.0
2020-01-01 10:00:00+00:00,0.0
2020-01-01 11:00:00+00:00,0.0
2020-01-01 12:00:00+00:00,0.0
2020-01-01 13:00:00+00:00,0.0
2020-01-01 14:00:00+00:00,0.0
2020-01-01 15:00:00+00:00,0.0
2020-01-01 16:00:00+00:00,0.0
2020-01-01 17:00:00+00:00,0.0
2020-01-01 18:00:00+00:00,0.0
2020-01-01 19:00:00+00:00,0.0
2020-01-01 20:00:00+00:00,0.0
2020-01-01 21:00:00+00:00,0.0
2020-01-01 22:00:00+00:00,0.0
2020-01-01 23:00:00+00:00,0.0
2020-01-02 00:00:00+00:00,-0.017664279631743243
2020-01-02 01:00:00+00:00,0.0
2020-01-02 02:00:00+00:00,-0.03729552664248282
2020-01-02 03:00:00+00:00,0.0
2020-01-02 04:00:00+00:00,0.0
2020-01-02 05:00:00+00:00,0.0
2020-01-02 06:00:00+00:00,0.0
2020-01-02 07:00:00+00:00,0.0
2020-01-02 08:00:00+00:00,0.0
2020-01-02 09:00:00+00:00,0.0
2020-01-02 10:00:00+00:00,0.0
2020-01-02 11:00:00+00:00,0.0
2020-01-02 12:00:00+00:00,0.0
2020-01-02 13:00:00+00:00,0.0
2020-01-02 14:00:00+00:00,0.0
2020-01-02 15:00:00+00:00,0.0
2020-01-02 16:00:00+00:00,0.0
2020-01-02 17:00:00+00:00,0.0
2020-01-02 18:00:00+00:00,0.0
2020-01-02 19:00:00+00:00,0.0
2020-01-02 20:00:00+00:00,0.0
2020-01-02 21:00:00+00:00,0.0
2020-01-02 22:00:00+00:00,0.0
2020-01-02 23:00:00+00:00,0.0
2020-01-03 00:00:00+00:00,0.0
2020-01-03 01:00:00+00:00,0.0
2020-01-03 02:00:00+00:00,0.0
2020-01-03 03:00:00+00:00,0.0
2020-01-03 04:00:00+00:00,0.0
2020-01-03 05:00:00+00:00,0.0
2020-01-03 06:00:00+00:00,0.0
2020-01-03 07:00:00+00:00,0.0
2020-01-03 08:00:00+00:00,0.0
2020-01-03 09:00:00+00:00,0.0
2020-01-03 10:00:00+00:00,0.0
2020-01-03 11:00:00+00:00,0.0
2020-01-03 12:00:00+00:00,0.0
2020-01-03 13:00:00+00:00,0.0
2020-01-03 14:00:00+00:00,0.0
2020-01-03 15:00:00+00:00,0.0
2020-01-03 16:00:00+00:00,0.0
2020-01-03 17:00:00+00:00,0.0
2020-01-03 18:00:00+00:00,0.0
2020-01-03 19:00:00+00:00,0.0
2020-01-03 20:00:00+00:00,0.0
2020-01-03 21:00:00+00:00,0.0
2020-01-03 22:00:00+00:00,0.0
2020-01-03 23:00:00+00:00,0.0
2020-01-04 00:00:00+00:00,0.0
2020-01-04 01:00:00+00:00,0.0
2020-01-04 02:00:00+00:00,0.0
2020-01-04 03:00:00+00:00,0.0
2020-01-04 04:00:00+00:00,0.0
2020-01-04 05:00:00+00:00,0.0
2020-01-04 06:00:00+00:00,0.0
2020-01-04 07:00:00+00:00,0.0
2020-01-04 08:00:00+00:00,0.0
2020-01-04 09:00:00+00:00,0.0
2020-01-04 10:00:00+00:00,0.0
2020-01-04 11:00:00+00:00,0.0
2020-01-04 12:00:00+00:00,0.0
2020-01-04 13:00:00+00:00,0.0
2020-01-04 14:00:00+00:00,0.0
2020-01-04 15:00:00+00:00,0.0
2020-01-04 16:00:00+00:00,0.0
2020-01-04 17:00:00+00:00,0.0
2020-01-04 18:00:00+00:00,0.0
2020-01-04 19:00:00+00:00,0.0
2020-01-04 20:00:00+00:00,0.0
2020-01-04 21:00:00+00:00,0.0
2020-01-04 22:00:00+00:00,0.0
2020-01-04 23:00:00+00:00,0.0
2020-01-05 00:00:00+00:00,0.0
2020-01-05 01:00:00+00:00,0.0
2020-01-05 02:00:00+00:00,0.0
2020-01-05 03:00:00+00:00,0.0
2020-01-05 04:00:00+00:00,0.0
2020-01-05 05:00:00+00:00,0.0
2020-01-05 06:00:00+00:00,0.0
2020-01-05 07:00:00+00:00,0.0
2020-01-05 08:00:00+00:00,0.0
2020-01-05 09:00:00+00:00,0.0
2020-01-05 10:00:00+00:00,0.0
2020-01-05 11:00:00+00:00,0.0
2020-01-05 12:00:00+00:00,0.0
2020-01-05 13:00:00+00:00,0.0
2020-01-05 14:00:00+00:00,0.0
2020-01-05 15:00:00+00:00,0.0
2020-01-05 16:00:00+00:00,0.0
2020-01-05 17:00:00+00:00,0.0
2020-01-05 18:00:00+00:00,0.0
2020-01-05 19:00:00+00:00,0.0
2020-01-05 20:00:00+00:00,0.0
2020-01-05 21:00:00+00:00,0.0
2020-01-05 22:00:00+00:00,0.0
2020-01-05 23:00:00+00:00,0.0
2020-01-06 00:00:00+00:00,0.0
2020-01-06 01:00:00+00:00,0.0
2020-01-06 02:00:00+00:00,0.0
2020-01-06 03:00:00+00:00,0.0
2020-01-06 04:00:00+00:00,0.0
2020-01-06 05:00:00+00:00,-0.02542388975519188
2020-01-06 06:00:00+00:00,0.0
2020-01-06 07:00:00+00:00,0.0
2020-01-06 08:00:00+00:00,0.0
2020-01-06 09:00:00+00:00,0.0
2020-01-06 10:00:00+00:00,0.0
2020-01-06 11:00:00+00:00,0.0
2020-01-06 12:00:00+00:00,0.0
2020-01-06 13:00:00+00:00,0.0
2020-01-06 14:00:00+00:00,0.0
2020-01-06 15:00:00+00:00,0.0
2020-01-06 16:00:00+00:00,0.0
2020-01-06 17:00:00+00:00,0.0
2020-01-06 18:00:00+00:00,0.0
2020-01-06 19:00:00+00:00,0.0
2020-01-06 20:00:00+00:00,0.0
2020-01-06 21:00:00+00:00,0.0
2020-01-06 22:00:00+00:00,0.0
2020-01-06 23:00:00+00:00,0.0
2020-01-07 00:00:00+00:00,0.0
2020-01-07 01:00:00+00:00,0.0
2020-01-07 02:00:00+00:00,0.0
2020-01-07 03:00:00+00:00,0.0
2020-01-07 04:00:00+00:00,0.0
2020-01-07 05:00:00+00:00,0.0
2020-01-07 06:00:00+00:00,0.0
2020-01-07 07:00:00+00:00,0.0
2020-01-07 08:00:00+00:00,0.0
2020-01-07 09:00:00+00:00,0.0
2020-01-07 10:00:00+00:00,0.0
2020-01-07 11:00:00+00:00,0.0
2020-01-07 12:00:00+00:00,0.0
2020-01-07 13:00:00+00:00,0.0
2020-01-07 14:00:00+00:00,0.0
2020-01-07 15:00:00+00:00,0.0
2020-01-07 16:00:00+00:00,0.0
2020-01-07 17:00:00+00:00,0.0
2020-01-07 18:00:00+00:00,0.0
2020-01-07 19:00:00+00:00,0.0
2020-01-07 20:00:00+00:00,0.0
2020-01-07 21:00:00+00:00,0.0
2020-01-07 22:00:00+00:00,0.0
2020-01-07 23:00:00+00:00,0.0
2020-01-08 00:00:00+00:00,0.0
2020-01-08 01:00:00+00:00,0.0
2020-01-08 02:00:00+00:00,0.0
2020-01-08 03:00:00+00:00,0.0
2020-01-08 04:00:00+00:00,0.0
2020-01-08 05:00:00+00:00,0.0
2020-01-08 06:00:00+00:00,0.0
2020-01-08 07:00:00+00:00,0.0
2020-01-08 08:00:00+00:00,0.0
2020-01-08 09:00:00+00:00,0.0
2020-01-08 10:00:00+00:00,0.0
2020-01-08 11:00:00+00:00,0.0
2020-01-08 12:00:00+00:00,0.0
2020-01-08 13:00:00+00:00,0.0
2020-01-08 14:00:00+00:00,0.0
2020-01-08 15:00:00+00:00,-0.04344697911854973
2020-01-08 16:00:00+00:00,0.0
2020-01-08 17:00:00+00:00,0.0
2020-01-08 18:00:00+00:00,0.0
2020-01-08 19:00:00+00:00,0.0
2020-01-08 20:00:00+00:00,0.0
2020-01-08 21:00:00+00:00,0.0
2020-01-08 22:00:00+00:00,0.0
2020-01-08 23:00:00+00:00,0.0
2020-01-09 00:00:00+00:00,0.0
2020-01-09 01:00:00+00:00,0.0
2020-01-09 02:00:00+00:00,0.0
2020-01-09 03:00:00+00:00,0.0
2020-01-09 04:00:00+00:00,0.0
2020-01-09 05:00:00+00:00,0.0
2020-01-09 06:00:00+00:00,0.0
2020-01-09 07:00:00+00:00,0.0
2020-01-09 08:00:00+00:00,0.0
2020-01-09 09:00:00+00:00,0.0
2020-01-09 10:00:00+00:00,0.0
2020-01-09 11:00:00+00:00,0.0
2020-01-09 12:00:00+00:00,0.0
2020-01-09 13:00:00+00:00,0.0
2020-01-09 14:00:00+00:00,0.0
2020-01-09 15:00:00+00:00,0.0
2020-01-09 16:00:00+00:00,0.0
2020-01-09 17:00:00+00:00,0.0
2020-01-09 18:00:00+00:00,0.0
2020-01-09 19:00:00+00:00,0.0
2020-01-09 20:00:00+00:00,0.0
2020-01-09 21:00:00+00:00,0.0
2020-01-09 22:00:00+00:00,0.0
2020-01-09 23:00:00+00:00,0.0
2020-01-10 00:00:00+00:00,0.0
2020-01-10 01:00:00+00:00,0.0
2020-01-10 02:00:00+00:00,0.0
2020-01-10 03:00:00+00:00,0.0
2020-01-10 04:00:00+00:00,0.0
2020-01-10 05:00:00+00:00,0.0
2020-01-10 06:00:00+00:00,0.0
2020-01-10 07:00:00+00:00,0.0
2020-01-10 08:00:00+00:00,-0.061505055429334037
2020-01-10 09:00:00+00:00,0.0
2020-01-10 10:00:00+00:00,0.0
2020-01-10 11:00:00+00:00,0.0
2020-01-10 12:00:00+00:00,0.0
2020-01-10 13:00:00+00:00,0.0
2020-01-10 14:00:00+00:00,0.0
2020-01-10 15:00:00+00:00,0.0
2020-01-10 16:00:00+00:00,0.0
2020-01-10 17:00:00+00:00,0.0
2020-01-10 18:00:00+00:00,0.0
2020-01-10 19:00:00+00:00,0.0
2020-01-10 20:00:00+00:00,0.0
2020-01-10 21:00:00+00:00,0.0
2020-01-10 22:00:00+00:00,0.0
2020-01-10 23:00:00+00:00,0.0
2020-01-11 00:00:00+00:00,0.0
2020-01-11 01:00:00+00:00,0.0
2020-01-11 02:00:00+00:00,0.0
2020-01-11 03:00:00+00:00,0.0
2020-01-11 04:00:00+00:00,0.0
2020-01-11 05:00:00+00:00,0.0
2020-01-11 06:00:00+00:00,0.0
2020-01-11 07:00:00+00:00,0.0
2020-01-11 08:00:00+00:00,0.0
2020-01-11 09:00:00+00:00,0.0
2020-01-11 10:00:00+00:00,0.0
2020-01-11 11:00:00+00:00,0.0
2020-01-11 12:00:00+00:00,0.0
2020-01-11 13:00:00+00:00,0.0
2020-01-11 14:00:00+00:00,0.0
2020-01-11 15:00:00+00:00,0.0
2020-01-11 16:00:00+00:00,0.0
2020-01-11 17:00:00+00:00,0.0
2020-01-11 18:00:00+00:00,0.0
2020-01-11 19:00:00+00:00,0.0
2020-01-11 20:00:00+00:00,0.0
2020-01-11 21:00:00+00:00,0.0
2020-01-11 22:00:00+00:00,0.0
2020-01-11 23:00:00+00:00,0.0
2020-01-12 00:00:00+00:00,0.0
2020-01-12 01:00:00+00:00,0.0
2020-01-12 02:00:00+00:00,0.0
2020-01-12 03:00:00+00:00,0.0
2020-01-12 04:00:00+00:00,0.0
2020-01-12 05:00:00+00:00,0.0
2020-01-12 06:00:00+00:00,0.0
2020-01-12 07:00:00+00:00,0.0
2020-01-12 08:00:00+00:00,0.0
2020-01-12 09:00:00+00:00,0.0
2020-01-12 10:00:00+00:00,0.0
2020-01-12 11:00:00+00:00,0.0
2020-01-12 12:00:00+00:00,0.0
2020-01-12 13:00:00+00:00,0.0
2020-01-12 14:00:00+00:00,0.0
2020-01-12 15:00:00+00:00,0.0
2020-01-12 16:00:00+00:00,0.0
2020-01-12 17:00:00+00:00,0.0
2020-01-12 18:00:00+00:00,0.0
2020-01-12 19:00:00+00:00,0.0
2020-01-12 20:00:00+00:00,0.0
2020-01-12 21:00:00+00:00,0.0
2020-01-12 22:00:00+00:00,0.0
2020-01-12 23:00:00+00:00,0.0
2020-01-13 00:00:00+00:00,0.0
2020-01-13 01:00:00+00:00,0.0
2020-01-13 02:00:00+00:00,0.0
2020-01-13 03:00:00+00:00,0.0
2020-01-13 04:00:00+00:00,0.0
2020-01-13 05:00:00+00:00,0.0
2020-01-13 06:00:00+00:00,0.0
2020-01-13 07:00:00+00:00,0.0
2020-01-13 08:00:00+00:00,0.0
2020-01-13 09:00:00+00:00,0.0
2020-01-13 10:00:00+00:00,0.0
2020-01-13 11:00:00+00:00,0.0
2020-01-13 12:00:00+00:00,0.0
2020-01-13 13:00:00+00:00,0.0
2020-01-13 14:00:00+00:00,0.0
2020-01-13 15:00:00+00:00,0.0
2020-01-13 16:00:00+00:00,0.0
2020-01-13 17:00:00+00:00,0.0
2020-01-13 18:00:00+00:00,0.0
2020-01-13 19:00:00+00:00,0.0
2020-01-13 20:00:00+00:00,0.0
2020-01-13 21:00:00+00:00,0.0
2020-01-13 22:00:00+00:00,0.0
2020-01-13 23:00:00+00:00,0.0
2020-01-14 00:00:00+00:00,0.0
2020-01-14 01:00:00+00:00,0.0
2020-01-14 02:00:00+00:00,0.0
2020-01-14 03:00:00+00:00,0.0
2020-01-14 04:00:00+00:00,0.0
2020-01-14 05:00:00+00:00,0.0
2020-01-14 06:00:00+00:00,0.0
2020-01-14 07:00:00+00:00,0.0
2020-01-14 08:00:00+00:00,0.0
2020-01-14 09:00:00+00:00,0.0
2020-01-14 10:00:00+00:00,0.0
2020-01-14 11:00:00+00:00,0.0
2020-01-14 12:00:00+00:00,0.0
2020-01-14 13:00:00+00:00,0.0
2020-01-14 14:00:00+00:00,0.0
2020-01-14 15:00:00+00:00,0.0
2020-01-14 16:00:00+00:00,0.0
2020-01-14 17:00:00+00:00,0.0
2020-01-14 18:00:00+00:00,0.15500788165299087
2020-01-14 19:00:00+00:00,0.0
2020-01-14 20:00:00+00:00,0.0
2020-01-14 21:00:00+00:00,0.0
2020-01-14 22:00:00+00:00,0.0
2020-01-14 23:00:00+00:00,0.0
2020-01-15 00:00:00+00:00,0.0
2020-01-15 01:00:00+00:00,0.0
2020-01-15 02:00:00+00:00,0.0
2020-01-15 03:00:00+00:00,0.02091036512062015
2020-01-15 04:00:00+00:00,0.0
2020-01-15 05:00:00+00:00,0.0
2020-01-15 06:00:00+00:00,0.0
2020-01-15 07:00:00+00:00,0.0
2020-01-15 08:00:00+00:00,0.0
2020-01-15 09:00:00+00:00,0.0
2020-01-15 10:00:00+00:00,0.0
2020-01-15 11:00:00+00:00,0.0
2020-01-15 12:00:00+00:00,0.0
2020-01-15 13:00:00+00:00,0.0
2020-01-15 14:00:00+00:00,0.0
2020-01-15 15:00:00+00:00,0.0
2020-01-15 16:00:00+00:00,0.0
2020-01-15 17:00:00+00:00,0.0
2020-01-15 18:00:00+00:00,0.0
2020-01-15 19:00:00+00:00,0.0
2020-01-15 20:00:00+00:00,0.0
2020-01-15 21:00:00+00:00,0.0
2020-01-15 22:00:00+00:00,0.0
2020-01-15 23:00:00+00:00,0.0
2020-01-16 00:00:00+00:00,0.0
2020-01-16 01:00:00+00:00,-0.09730602439165856
2020-01-16 02:00:00+00:00,0.0
2020-01-16 03:00:00+00:00,0.0
2020-01-16 04:00:00+00:00,0.0
2020-01-16 05:00:00+00:00,0.0
2020-01-16 06:00:00+00:00,0.0
2020-01-16 07:00:00+00:00,0.0
2020-01-16 08:00:00+00:00,0.0
2020-01-16 09:00:00+00:00,0.0
2020-01-16 10:00:00+00:00,0.0
2020-01-16 11:00:00+00:00,0.0
2020-01-16 12:00:00+00:00,0.0
2020-01-16 13:00:00+00:00,0.0
2020-01-16 14:00:00+00:00,0.0
2020-01-16 15:00:00+00:00,0.0
2020-01-16 16:00:00+00:00,0.0
2020-01-16 17:00:00+00:00,0.0
2020-01-16 18:00:00+00:00,0.0
2020-01-16 19:00:00+00:00,0.0
2020-01-16 20:00:00+00:00,0.0
2020-01-16 21:00:00+00:00,0.0
2020-01-16 22:00:00+00:00,0.0
2020-01-16 23:00:00+00:00,0.0
2020-01-17 00:00:00+00:00,0.0
2020-01-17 01:00:00+00:00,0.0
2020-01-17 02:00:00+00:00,0.0
2020-01-17 03:00:00+00:00,0.0
2020-01-17 04:00:00+00:00,0.0
2020-01-17 05:00:00+00:00,0.0
2020-01-17 06:00:00+00:00,0.0
2020-01-17 07:00:00+00:00,0.0
2020-01-17 08:00:00+00:00,0.0
2020-01-17 09:00:00+00:00,0.0
2020-01-17 10:00:00+00:00,0.0
2020-01-17 11:00:00+00:00,0.0
2020-01-17 12:00:00+00:00,0.0
2020-01-17 13:00:00+00:00,0.0
2020-01-17 14:00:00+00:00,-0.09638050775963732
2020-01-17 15:00:00+00:00,0.0
2020-01-17 16:00:00+00:00,0.0
2020-01-17 17:00:00+00:00,0.0
2020-01-17 18:00:00+00:00,0.0
2020-01-17 19:00:00+00:00,0.0
2020-01-17 20:00:00+00:00,0.0
2020-01-17 21:00:00+00:00,0.0
2020-01-17 22:00:00+00:00,0.0
2020-01-17 23:00:00+00:00,0.0
2020-01-18 00:00:00+00:00,0.0
2020-01-18 01:00:00+00:00,0.0
2020-01-18 02:00:00+00:00,0.0
2020-01-18 03:00:00+00:00,0.0
2020-01-18 04:00:00+00:00,0.0
2020-01-18 05:00:00+00:00,0.0
2020-01-18 06:00:00+00:00,0.0
2020-01-18 07:00:00+00:00,0.0
2020-01-18 08:00:00+00:00,0.0
2020-01-18 09:00:00+00:00,0.0
2020-01-18 10:00:00+00:00,0.0
2020-01-18 11:00:00+00:00,0.0
2020-01-18 12:00:00+00:00,0.0
2020-01-18 13:00:00+00:00,0.0
2020-01-18 14:00:00+00:00,0.0
2020-01-18 15:00:00+00:00,0.0
2020-01-18 16:00:00+00:00,0.0
2020-01-18 17:00:00+00:00,0.0
2020-01-18 18:00:00+00:00,0.0
2020-01-18 19:00:00+00:00,0.0
2020-01-18 20:00:00+00:00,0.0
2020-01-18 21:00:00+00:00,0.0
2020-01-18 22:00:00+00:00,0.0
2020-01-18 23:00:00+00:00,0.0
2020-01-19 00:00:00+00:00,-0.10613819452848339
2020-01-19 01:00:00+00:00,0.0
2020-01-19 02:00:00+00:00,0.0
2020-01-19 03:00:00+00:00,0.0
2020-01-19 04:00:00+00:00,0.0
2020-01-19 05:00:00+00:00,0.0
2020-01-19 06:00:00+00:00,0.0
2020-01-19 07:00:00+00:00,0.0
2020-01-19 08:00:00+00:00,0.0
2020-01-19 09:00:00+00:00,0.0
2020-01-19 10:00:00+00:00,0.0
2020-01-19 11:00:00+00:00,0.0
2020-01-19 12:00:00+00:00,0.0
2020-01-19 13:00:00+00:00,0.0
2020-01-19 14:00:00+00:00,0.0
2020-01-19 15:00:00+00:00,0.0
2020-01-19 16:00:00+00:00,0.0
2020-01-19 17:00:00+00:00,0.0
2020-01-19 18:00:00+00:00,0.0
2020-01-19 19:00:00+00:00,0.0
2020-01-19 20:00:00+00:00,0.0
2020-01-19 21:00:00+00:00,0.0
2020-01-19 22:00:00+00:00,0.0
2020-01-19 23:00:00+00:00,0.0
2020-01-20 00:00:00+00:00,0.0
2020-01-20 01:00:00+00:00,0.0
2020-01-20 02:00:00+00:00,0.0
2020-01-20 03:00:00+00:00,0.0
2020-01-20 04:00:00+00:00,0.0
2020-01-20 05:00:00+00:00,0.0
2020-01-20 06:00:00+00:00,0.0
2020-01-20 07:00:00+00:00,0.0
2020-01-20 08:00:00+00:00,0.0
2020-01-20 09:00:00+00:00,0.0
2020-01-20 10:00:00+00:00,0.0
2020-01-20 11:00:00+00:00,0.0
2020-01-20 12:00:00+00:00,0.0
2020-01-20 13:00:00+00:00,0.0
2020-01-20 14:00:00+00:00,0.0
2020-01-20 15:00:00+00:00,0.0
2020-01-20 16:00:00+00:00,0.0
2020-01-20 17:00:00+00:00,0.0
2020-01-20 18:00:00+00:00,0.0
2020-01-20 19:00:00+00:00,0.0
2020-01-20 20:00:00+00:00,0.0
2020-01-20 21:00:00+00:00,0.0
2020-01-20 22:00:00+00:00,0.0
2020-01-20 23:00:00+00:00,0.0
2020-01-21 00:00:00+00:00,0.0
2020-01-21 01:00:00+00:00,0.0
2020-01-21 02:00:00+00:00,0.0
2020-01-21 03:00:00+00:00,0.0
2020-01-21 04:00:00+00:00,0.0
2020-01-21 05:00:00+00:00,0.0
2020-01-21 06:00:00+00:00,0.0
2020-01-21 07:00:00+00:00,0.0
2020-01-21 08:00:00+00:00,0.0
2020-01-21 09:00:00+00:00,0.0
2020-01-21 10:00:00+00:00,0.0
2020-01-21 11:00:00+00:00,0.0
2020-01-21 12:00:00+00:00,0.0
2020-01-21 13:00:00+00:00,0.0
2020-01-21 14:00:00+00:00,0.0
2020-01-21 15:00:00+00:00,0.0
2020-01-21 16:00:00+00:00,0.0
2020-01-21 17:00:00+00:00,0.0
2020-01-21 18:00:00+00:00,0.0
2020-01-21 19:00:00+00:00,-0.07376689115076861
2020-01-21 20:00:00+00:00,0.0
2020-01-21 21:00:00+00:00,0.0
2020-01-21 22:00:00+00:00,0.0
2020-01-21 23:00:00+00:00,0.0
2020-01-22 00:00:00+00:00,0.0
2020-01-22 01:00:00+00:00,0.0
2020-01-22 02:00:00+00:00,0.0
2020-01-22 03:00:00+00:00,0.0
2020-01-22 04:00:00+00:00,0.0
2020-01-22 05:00:00+00:00,0.0
2020-01-22 06:00:00+00:00,0.0
2020-01-22 07:00:00+00:00,0.0
2020-01-22 08:00:00+00:00,0.0
2020-01-22 09:00:00+00:00,0.0
2020-01-22 10:00:00+00:00,0.0
2020-01-22 11:00:00+00:00,0.0
2020-01-22 12:00:00+00:00,0.0
2020-01-22 13:00:00+00:00,0.0
2020-01-22 14:00:00+00:00,0.0
2020-01-22 15:00:00+00:00,0.0
2020-01-22 16:00:00+00:00,0.0
2020-01-22 17:00:00+00:00,0.0
2020-01-22 18:00:00+00:00,0.0
2020-01-22 19:00:00+00:00,0.0
2020-01-22 20:00:00+00:00,0.0
2020-01-22 21:00:00+00:00,0.0
2020-01-22 22:00:00+00:00,0.0
2020-01-22 23:00:00+00:00,0.0
2020-01-23 00:00:00+00:00,0.0
2020-01-23 01:00:00+00:00,0.0
2020-01-23 02:00:00+00:00,0.0
2020-01-23 03:00:00+00:00,0.0
2020-01-23 04:00:00+00:00,0.0
2020-01-23 05:00:00+00:00,0.0
2020-01-23 06:00:00+00:00,0.0
2020-01-23 07:00:00+00:00,0.0
2020-01-23 08:00:00+00:00,0.0
2020-01-23 09:00:00+00:00,0.0
2020-01-23 10:00:00+00:00,0.0
2020-01-23 11:00:00+00:00,0.0
2020-01-23 12:00:00+00:00,0.0
2020-01-23 13:00:00+00:00,0.0
2020-01-23 14:00:00+00:00,0.0
2020-01-23 15:00:00+00:00,0.0
2020-01-23 16:00:00+00:00,0.0
2020-01-23 17:00:00+00:00,0.0
2020-01-23 18:00:00+00:00,0.0
2020-01-23 19:00:00+00:00,0.0
2020-01-23 20:00:00+00:00,0.0
2020-01-23 21:00:00+00:00,0.0
2020-01-23 22:00:00+00:00,0.0
2020-01-23 23:00:00+00:00,0.0
2020-01-24 00:00:00+00:00,0.0
2020-01-24 01:00:00+00:00,0.0
2020-01-24 02:00:00+00:00,0.0
2020-01-24 03:00:00+00:00,0.0
2020-01-24 04:00:00+00:00,0.0
2020-01-24 05:00:00+00:00,0.0
2020-01-24 06:00:00+00:00,0.0
2020-01-24 07:00:00+00:00,0.0
2020-01-24 08:00:00+00:00,0.0
2020-01-24 09:00:00+00:00,0.0
2020-01-24 10:00:00+00:00,0.0
2020-01-24 11:00:00+00:00,0.0
2020-01-24 12:00:00+00:00,0.0
2020-01-24 13:00:00+00:00,0.0
2020-01-24 14:00:00+00:00,0.0
2020-01-24 15:00:00+00:00,0.0
2020-01-24 16:00:00+00:00,0.0
2020-01-24 17:00:00+00:00,0.0
2020-01-24 18:00:00+00:00,0.0
2020-01-24 19:00:00+00:00,0.0
2020-01-24 20:00:00+00:00,0.0
2020-01-24 21:00:00+00:00,0.0
2020-01-24 22:00:00+00:00,0.0
2020-01-24 23:00:00+00:00,0.0
2020-01-25 00:00:00+00:00,0.0
2020-01-25 01:00:00+00:00,0.0
2020-01-25 02:00:00+00:00,0.0
2020-01-25 03:00:00+00:00,0.0
2020-01-25 04:00:00+00:00,0.0
2020-01-25 05:00:00+00:00,0.0
2020-01-25 06:00:00+00:00,0.0
2020-01-25 07:00:00+00:00,0.0
2020-01-25 08:00:00+00:00,0.0
2020-01-25 09:00:00+00:00,0.0
2020-01-25 10:00:00+00:00,0.0
2020-01-25 11:00:00+00:00,0.0
2020-01-25 12:00:00+00:00,0.0
2020-01-25 13:00:00+00:00,0.0
2020-01-25 14:00:00+00:00,0.0
2020-01-25 15:00:00+00:00,0.0
2020-01-25 16:00:00+00:00,0.0
2020-01-25 17:00:00+00:00,0.0
2020-01-25 18:00:00+00:00,0.0
2020-01-25 19:00:00+00:00,0.0
2020-01-25 20:00:00+00:00,0.0
2020-01-25 21:00:00+00:00,0.0
2020-01-25 22:00:00+00:00,0.0
2020-01-25 23:00:00+00:00,0.0
2020-01-26 00:00:00+00:00,0.0
2020-01-26 01:00:00+00:00,0.0
2020-01-26 02:00:00+00:00,0.0
2020-01-26 03:00:00+00:00,0.0
2020-01-26 04:00:00+00:00,0.0
2020-01-26 05:00:00+00:00,0.0
2020-01-26 06:00:00+00:00,0.0
2020-01-26 07:00:00+00:00,0.0
2020-01-26 08:00:00+00:00,0.0
2020-01-26 09:00:00+00:00,0.0
2020-01-26 10:00:00+00:00,0.0
2020-01-26 11:00:00+00:00,0.0
2020-01-26 12:00:00+00:00,0.0
2020-01-26 13:00:00+00:00,0.0
2020-01-26 14:00:00+00:00,0.0
2020-01-26 15:00:00+00:00,0.0
2020-01-26 16:00:00+00:00,0.0
2020-01-26 17:00:00+00:00,0.0
2020-01-26 18:00:00+00:00,0.0
2020-01-26 19:00:00+00:00,0.0
2020-01-26 20:00:00+00:00,0.0
2020-01-26 21:00:00+00:00,0.0
2020-01-26 22:00:00+00:00,0.0
2020-01-26 23:00:00+00:00,0.0
2020-01-27 00:00:00+00:00,0.0
2020-01-27 01:00:00+00:00,0.0
2020-01-27 02:00:00+00:00,0.0
2020-01-27 03:00:00+00:00,0.0
2020-01-27 04:00:00+00:00,0.0
2020-01-27 05:00:00+00:00,0.0
2020-01-27 06:00:00+00:00,0.0
2020-01-27 07:00:00+00:00,0.0
2020-01-27 08:00:00+00:00,0.0
2020-01-27 09:00:00+00:00,0.0
2020-01-27 10:00:00+00:00,0.0
2020-01-27 11:00:00+00:00,0.0
2020-01-27 12:00:00+00:00,0.0
2020-01-27 13:00:00+00:00,0.0
2020-01-27 14:00:00+00:00,0.0
2020-01-27 15:00:00+00:00,0.0
2020-01-27 16:00:00+00:00,0.0
2020-01-27 17:00:00+00:00,0.0
2020-01-27 18:00:00+00:00,0.0
2020-01-27 19:00:00+00:00,0.0
2020-01-27 20:00:00+00:00,0.0
2020-01-27 21:00:00+00:00,0.0
2020-01-27 22:00:00+00:00,0.0
2020-01-27 23:00:00+00:00,0.0
2020-01-28 00:00:00+00:00,0.0
2020-01-28 01:00:00+00:00,0.0
2020-01-28 02:00:00+00:00,0.0
2020-01-28 03:00:00+00:00,0.0
2020-01-28 04:00:00+00:00,0.0
2020-01-28 05:00:00+00:00,0.0
2020-01-28 06:00:00+00:00,0.0
2020-01-28 07:00:00+00:00,0.0
2020-01-28 08:00:00+00:00,0.0
2020-01-28 09:00:00+00:00,0.0
2020-01-28 10:00:00+00:00,0.0
2020-01-28 11:00:00+00:00,0.0
2020-01-28 12:00:00+00:00,0.0
2020-01-28 13:00:00+00:00,0.0
2020-01-28 14:00:00+00:00,0.0
2020-01-28 15:00:00+00:00,0.0
2020-01-28 16:00:00+00:00,0.0
2020-01-28 17:00:00+00:00,0.0
2020-01-28 18:00:00+00:00,0.0
2020-01-28 19:00:00+00:00,0.0
2020-01-28 20:00:00+00:00,0.0
2020-01-28 21:00:00+00:00,0.0
2020-01-28 22:00:00+00:00,0.0
2020-01-28 23:00:00+00:00,0.0
2020-01-29 00:00:00+00:00,0.0
2020-01-29 01:00:00+00:00,0.0
2020-01-29 02:00:00+00:00,0.0
2020-01-29 03:00:00+00:00,0.0
2020-01-29 04:00:00+00:00,0.0
2020-01-29 05:00:00+00:00,0.0
2020-01-29 06:00:00+00:00,0.0
2020-01-29 07:00:00+00:00,0.0
2020-01-29 08:00:00+00:00,0.0
2020-01-29 09:00:00+00:00,0.0
2020-01-29 10:00:00+00:00,0.0
2020-01-29 11:00:00+00:00,0.0
2020-01-29 12:00:00+00:00,0.0
2020-01-29 13:00:00+00:00,0.0
2020-01-29 14:00:00+00:00,0.0
2020-01-29 15:00:00+00:00,0.0
2020-01-29 16:00:00+00:00,0.0
2020-01-29 17:00:00+00:00,0.0
2020-01-29 18:00:00+00:00,0.0
2020-01-29 19:00:00+00:00,0.0
2020-01-29 20:00:00+00:00,0.0
2020-01-29 21:00:00+00:00,0.0
2020-01-29 22:00:00+00:00,0.0
2020-01-29 23:00:00+00:00,0.0
2020-01-30 00:00:00+00:00,0.0
2020-01-30 01:00:00+00:00,0.0
2020-01-30 02:00:00+00:00,0.0
2020-01-30 03:00:00+00:00,0.0
2020-01-30 04:00:00+00:00,0.0
2020-01-30 05:00:00+00:00,0.0
2020-01-30 06:00:00+00:00,0.0
2020-01-30 07:00:00+00:00,0.0
2020-01-30 08:00:00+00:00,0.0
2020-01-30 09:00:00+00:00,0.0
2020-01-30 10:00:00+00:00,0.0
2020-01-30 11:00:00+00:00,0.0
2020-01-30 12:00:00+00:00,0.0
2020-01-30 13:00:00+00:00,0.0
2020-01-30 14:00:00+00:00,0.0
2020-01-30 15:00:00+00:00,0.0
2020-01-30 16:00:00+00:00,0.0
2020-01-30 17:00:00+00:00,0.0
2020-01-30 18:00:00+00:00,0.0
2020-01-30 19:00:00+00:00,0.0
2020-01-30 20:00:00+00:00,0.0
2020-01-30 21:00:00+00:00,0.0
2020-01-30 22:00:00+00:00,0.0
2020-01-30 23:00:00+00:00,0.0
2020-01-31 00:00:00+00:00,0.0
2020-01-31 01:00:00+00:00,0.0
2020-01-31 02:00:00+00:00,0.0
2020-01-31 03:00:00+00:00,0.0
2020-01-31 04:00:00+00:00,0.0
2020-01-31 05:00:00+00:00,0.0
2020-01-31 06:00:00+00:00,0.0
2020-01-31 07:00:00+00:00,0.0
2020-01-31 08:00:00+00:00,0.0
2020-01-31 09:00:00+00:00,0.0
2020-01-31 10:00:00+00:00,0.0
2020-01-31 11:00:00+00:00,0.0
2020-01-31 12:00:00+00:00,0.0
2020-01-31 13:00:00+00:00,0.0
2020-01-31 14:00:00+00:00,0.0
2020-01-31 15:00:00+00:00,0.0
2020-01-31 16:00:00+00:00,0.0
2020-01-31 17:00:00+00:00,0.0
2020-01-31 18:00:00+00:00,0.0
2020-01-31 19:00:00+00:00,0.0
2020-01-31 20:00:00+00:00,0.0
2020-01-31 21:00:00+00:00,0.0
2020-01-31 22:00:00+00:00,0.0
2020-01-31 23:00:00+00:00,0.0
2020-02-01 00:00:00+00:00,0.0
2020-02-01 01:00:00+00:00,0.0
2020-02-01 02:00:00+00:00,0.0
2020-02-01 03:00:00+00:00,0.0
2020-02-01 04:00:00+00:00,0.0
2020-02-01 05:00:00+00:00,0.0
2020-02-01 06:00:00+00:00,0.0
2020-02-01 07:00:00+00:00,0.0
2020-02-01 08:00:00+00:00,0.0
2020-02-01 09:00:00+00:00,0.0
2020-02-01 10:00:00+00:00,0.0
2020-02-01 11:00:00+00:00,0.0
2020-02-01 12:00:00+00:00,0.0
2020-02-01 13:00:00+00:00,0.0
2020-02-01 14:00:00+00:00,0.0
2020-02-01 15:00:00+00:00,0.0
2020-02-01 16:00:00+00:00,0.0
2020-02-01 17:00:00+00:00,0.0
2020-02-01 18:00:00+00:00,0.0
2020-02-01 19:00:00+00:00,0.0
2020-02-01 20:00:00+00:00,0.0
2020-02-01 21:00:00+00:00,0.0
2020-02-01 22:00:00+00:00,0.0
2020-02-01 23:00:00+00:00,0.0
2020-02-02 00:00:00+00:00,0.0
2020-02-02 01:00:00+00:00,0.0
2020-02-02 02:00:00+00:00,0.0
2020-02-02 03:00:00+00:00,0.0
2020-02-02 04:00:00+00:00,0.0
2020-02-02 05:00:00+00:00,0.0
2020-02-02 06:00:00+00:00,0.0
2020-02-02 07:00:00+00:00,0.0
2020-02-02 08:00:00+00:00,0.0
2020-02-02 09:00:00+00:00,0.0
2020-02-02 10:00:00+00:00,0.0
2020-02-02 11:00:00+00:00,0.0
2020-02-02 12:00:00+00:00,0.0
2020-02-02 13:00:00+00:00,0.0
2020-02-02 14:00:00+00:00,0.0
2020-02-02 15:00:00+00:00,0.0
2020-02-02 16:00:00+00:00,0.0
2020-02-02 17:00:00+00:00,0.0
2020-02-02 18:00:00+00:00,0.0
2020-02-02 19:00:00+00:00,0.0
2020-02-02 20:00:00+00:00,0.0
2020-02-02 21:00:00+00:00,0.0
2020-02-02 22:00:00+00:00,0.0
2020-02-02 23:00:00+00:00,0.0
2020-02-03 00:00:00+00:00,0.0
2020-02-03 01:00:00+00:00,0.0
2020-02-03 02:00:00+00:00,0.0
2020-02-03 03:00:00+00:00,0.0
2020-02-03 04:00:00+00:00,0.0
2020-02-03 05:00:00+00:00,0.0
2020-02-03 06:00:00+00:00,0.0
2020-02-03 07:00:00+00:00,0.0
2020-02-03 08:00:00+00:00,0.0
2020-02-03 09:00:00+00:00,0.0
2020-02-03 10:00:00+00:00,0.0
2020-02-03 11:00:00+00:00,0.0
2020-02-03 12:00:00+00:00,0.0
2020-02-03 13:00:00+00:00,0.0
2020-02-03 14:00:00+00:00,0.0
2020-02-03 15:00:00+00:00,0.0
2020-02-03 16:00:00+00:00,0.0
2020-02-03 17:00:00+00:00,0.0
2020-02-03 18:00:00+00:00,0.0
2020-02-03 19:00:00+00:00,0.0
2020-02-03 20:00:00+00:00,0.0
2020-02-03 21:00:00+00:00,0.0
2020-02-03 22:00:00+00:00,0.0
2020-02-03 23:00:00+00:00,0.0
2020-02-04 00:00:00+00:00,0.0
2020-02-04 01:00:00+00:00,0.0
2020-02-04 02:00:00+00:00,0.0
2020-02-04 03:00:00+00:00,0.0
2020-02-04 04:00:00+00:00,0.0
2020-02-04 05:00:00+00:00,0.0
2020-02-04 06:00:00+00:00,0.0
2020-02-04 07:00:00+00:00,0.0
2020-02-04 08:00:00+00:00,0.0
2020-02-04 09:00:00+00:00,0.0
2020-02-04 10:00:00+00:00,0.0
2020-02-04 11:00:00+00:00,0.0
2020-02-04 12:00:00+00:00,0.0
2020-02-04 13:00:00+00:00,0.0
2020-02-04 14:00:00+00:00,0.0
2020-02-04 15:00:00+00:00,0.0
2020-02-04 16:00:00+00:00,0.0
2020-02-04 17:00:00+00:00,0.0
2020-02-04 18:00:00+00:00,0.0
2020-02-04 19:00:00+00:00,0.0
2020-02-04 20:00:00+00:00,0.0
2020-02-04 21:00:00+00:00,0.0
2020-02-04 22:00:00+00:00,0.0
2020-02-04 23:00:00+00:00,0.0
2020-02-05 00:00:00+00:00,0.0
2020-02-05 01:00:00+00:00,0.0
2020-02-05 02:00:00+00:00,0.0
2020-02-05 03:00:00+00:00,0.0
2020-02-05 04:00:00+00:00,0.0
2020-02-05 05:00:00+00:00,0.0
2020-02-05 06:00:00+00:00,0.0
2020-02-05 07:00:00+00:00,0.0
2020-02-05 08:00:00+00:00,0.0
2020-02-05 09:00:00+00:00,0.0
2020-02-05 10:00:00+00:00,0.0
2020-02-05 11:00:00+00:00,0.0
2020-02-05 12:00:00+00:00,0.0
2020-02-05 13:00:00+00:00,0.0
2020-02-05 14:00:00+00:00,0.0
2020-02-05 15:00:00+00:00,0.0
2020-02-05 16:00:00+00:00,0.0
2020-02-05 17:00:00+00:00,0.0
2020-02-05 18:00:00+00:00,0.0
2020-02-05 19:00:00+00:00,0.0
2020-02-05 20:00:00+00:00,0.0
2020-02-05 21:00:00+00:00,0.0
2020-02-05 22:00:00+00:00,0.0
2020-02-05 23:00:00+00:00,0.0
2020-02-06 00:00:00+00:00,0.0
2020-02-06 01:00:00+00:00,0.0
2020-02-06 02:00:00+00:00,0.0
2020-02-06 03:00:00+00:00,0.0
2020-02-06 04:00:00+00:00,0.0
2020-02-06 05:00:00+00:00,0.0
2020-02-06 06:00:00+00:00,0.0
2020-02-06 07:00:00+00:00,0.16153369121622835
2020-02-06 08:00:00+00:00,0.0
2020-02-06 09:00:00+00:00,0.0
2020-02-06 10:00:00+00:00,0.0
2020-02-06 11:00:00+00:00,0.0
2020-02-06 12:00:00+00:00,0.0
2020-02-06 13:00:00+00:00,0.0
2020-02-06 14:00:00+00:00,0.0
2020-02-06 15:00:00+00:00,0.0
2020-02-06 16:00:00+00:00,0.0
2020-02-06 17:00:00+00:00,0.018372044161710087
2020-02-06 18:00:00+00:00,0.0
2020-02-06 19:00:00+00:00,0.0
2020-02-06 20:00:00+00:00,0.0
2020-02-06 21:00:00+00:00,0.0
2020-02-06 22:00:00+00:00,0.0
2020-02-06 23:00:00+00:00,0.0
2020-02-07 00:00:00+00:00,0.0
2020-02-07 01:00:00+00:00,0.0
2020-02-07 02:00:00+00:00,0.0
2020-02-07 03:00:00+00:00,0.0
2020-02-07 04:00:00+00:00,0.0
2020-02-07 05:00:00+00:00,0.0
2020-02-07 06:00:00+00:00,0.0
2020-02-07 07:00:00+00:00,0.0
2020-02-07 08:00:00+00:00,0.0
2020-02-07 09:00:00+00:00,0.0
2020-02-07 10:00:00+00:00,0.0
2020-02-07 11:00:00+00:00,0.0
2020-02-07 12:00:00+00:00,0.0
2020-02-07 13:00:00+00:00,0.0
2020-02-07 14:00:00+00:00,0.0
2020-02-07 15:00:00+00:00,0.17197283803068988
2020-02-07 16:00:00+00:00,0.0
2020-02-07 17:00:00+00:00,0.0
2020-02-07 18:00:00+00:00,0.0
2020-02-07 19:00:00+00:00,0.0
2020-02-07 20:00:00+00:00,0.0
2020-02-07 21:00:00+00:00,0.0
2020-02-07 22:00:00+00:00,0.0
2020-02-07 23:00:00+00:00,0.0
2020-02-08 00:00:00+00:00,-0.07471953627518906
2020-02-08 01:00:00+00:00,0.0
2020-02-08 02:00:00+00:00,0.0
2020-02-08 03:00:00+00:00,0.0
2020-02-08 04:00:00+00:00,0.0
2020-02-08 05:00:00+00:00,0.0
2020-02-08 06:00:00+00:00,0.0
2020-02-08 07:00:00+00:00,0.0
2020-02-08 08:00:00+00:00,0.0
2020-02-08 09:00:00+00:00,0.0
2020-02-08 10:00:00+00:00,0.0
2020-02-08 11:00:00+00:00,0.0
2020-02-08 12:00:00+00:00,0.0
2020-02-08 13:00:00+00:00,0.0
2020-02-08 14:00:00+00:00,0.0
2020-02-08 15:00:00+00:00,0.0
2020-02-08 16:00:00+00:00,0.0
2020-02-08 17:00:00+00:00,0.0
2020-02-08 18:00:00+00:00,0.0
2020-02-08 19:00:00+00:00,0.0
2020-02-08 20:00:00+00:00,0.0
2020-02-08 21:00:00+00:00,0.0
2020-02-08 22:00:00+00:00,0.0
2020-02-08 23:00:00+00:00,0.0
2020-02-09 00:00:00+00:00,0.0
2020-02-09 01:00:00+00:00,0.0
2020-02-09 03:00:00+00:00,0.0
2020-02-09 04:00:00+00:00,0.0
2020-02-09 05:00:00+00:00,0.0
2020-02-09 06:00:00+00:00,0.0
2020-02-09 07:00:00+00:00,0.0
2020-02-09 08:00:00+00:00,0.0
2020-02-09 09:00:00+00:00,0.0
2020-02-09 10:00:00+00:00,0.0
2020-02-09 11:00:00+00:00,0.0
2020-02-09 12:00:00+00:00,0.0
2020-02-09 13:00:00+00:00,0.0
2020-02-09 14:00:00+00:00,0.0
2020-02-09 15:00:00+00:00,0.0
2020-02-09 16:00:00+00:00,0.0
2020-02-09 17:00:00+00:00,0.0
2020-02-09 18:00:00+00:00,0.0
2020-02-09 19:00:00+00:00,0.0
2020-02-09 20:00:00+00:00,0.0
2020-02-09 21:00:00+00:00,0.0
2020-02-09 22:00:00+00:00,0.0
2020-02-09 23:00:00+00:00,0.0
2020-02-10 00:00:00+00:00,0.0
2020-02-10 01:00:00+00:00,0.0
2020-02-10 02:00:00+00:00,0.0
2020-02-10 03:00:00+00:00,0.0
2020-02-10 04:00:00+00:00,0.0
2020-02-10 05:00:00+00:00,0.0
2020-02-10 06:00:00+00:00,0.0
2020-02-10 07:00:00+00:00,0.0
2020-02-10 08:00:00+00:00,0.0
2020-02-10 09:00:00+00:00,0.0
2020-02-10 10:00:00+00:00,0.0
2020-02-10 11:00:00+00:00,0.0
2020-02-10 12:00:00+00:00,0.0
2020-02-10 13:00:00+00:00,0.0
2020-02-10 14:00:00+00:00,0.0
2020-02-10 15:00:00+00:00,0.0
2020-02-10 16:00:00+00:00,0.0
2020-02-10 17:00:00+00:00,0.0
2020-02-10 18:00:00+00:00,0.0
2020-02-10 19:00:00+00:00,0.0
2020-02-10 20:00:00+00:00,0.0
2020-02-10 21:00:00+00:00,0.0
2020-02-10 22:00:00+00:00,0.0
2020-02-10 23:00:00+00:00,0.0
2020-02-11 00:00:00+00:00,0.0
2020-02-11 01:00:00+00:00,0.0
2020-02-11 02:00:00+00:00,0.0
2020-02-11 03:00:00+00:00,0.0
2020-02-11 04:00:00+00:00,0.0
2020-02-11 05:00:00+00:00,0.0
2020-02-11 06:00:00+00:00,0.0
2020-02-11 07:00:00+00:00,0.0
2020-02-11 08:00:00+00:00,0.0
2020-02-11 09:00:00+00:00,0.0
2020-02-11 10:00:00+00:00,0.0
2020-02-11 11:00:00+00:00,0.0
2020-02-11 12:00:00+00:00,0.0
2020-02-11 13:00:00+00:00,0.0
2020-02-11 14:00:00+00:00,0.0
2020-02-11 15:00:00+00:00,0.0
2020-02-11 16:00:00+00:00,0.0
2020-02-11 17:00:00+00:00,0.0
2020-02-11 18:00:00+00:00,0.0
2020-02-11 19:00:00+00:00,0.0
2020-02-11 20:00:00+00:00,0.0
2020-02-11 21:00:00+00:00,0.0
2020-02-11 22:00:00+00:00,0.0
2020-02-11 23:00:00+00:00,0.0
2020-02-12 00:00:00+00:00,0.0
2020-02-12 01:00:00+00:00,0.0
2020-02-12 02:00:00+00:00,0.0
2020-02-12 03:00:00+00:00,0.0
2020-02-12 04:00:00+00:00,0.0
2020-02-12 05:00:00+00:00,0.0
2020-02-12 06:00:00+00:00,0.0
2020-02-12 07:00:00+00:00,0.0
2020-02-12 08:00:00+00:00,0.0
2020-02-12 09:00:00+00:00,0.0
2020-02-12 10:00:00+00:00,0.0
2020-02-12 11:00:00+00:00,0.0
2020-02-12 12:00:00+00:00,0.0
2020-02-12 13:00:00+00:00,0.0
2020-02-12 14:00:00+00:00,0.0
2020-02-12 15:00:00+00:00,0.0
2020-02-12 16:00:00+00:00,0.0
2020-02-12 17:00:00+00:00,0.0
2020-02-12 18:00:00+00:00,0.0
2020-02-12 19:00:00+00:00,0.0
2020-02-12 20:00:00+00:00,0.0
2020-02-12 21:00:00+00:00,0.0
2020-02-12 22:00:00+00:00,0.0
2020-02-12 23:00:00+00:00,-0.06369221377061868
2020-02-13 00:00:00+00:00,0.0
2020-02-13 01:00:00+00:00,0.0
2020-02-13 02:00:00+00:00,0.0
2020-02-13 03:00:00+00:00,0.0
2020-02-13 04:00:00+00:00,0.0
2020-02-13 05:00:00+00:00,0.0
2020-02-13 06:00:00+00:00,0.0
2020-02-13 07:00:00+00:00,0.0
2020-02-13 08:00:00+00:00,0.0
2020-02-13 09:00:00+00:00,0.0
2020-02-13 10:00:00+00:00,0.0
2020-02-13 11:00:00+00:00,0.0
2020-02-13 12:00:00+00:00,0.0
2020-02-13 13:00:00+00:00,0.0
2020-02-13 14:00:00+00:00,0.0
2020-02-13 15:00:00+00:00,0.0
2020-02-13 16:00:00+00:00,0.0
2020-02-13 17:00:00+00:00,0.0
2020-02-13 18:00:00+00:00,0.0
2020-02-13 19:00:00+00:00,0.0
2020-02-13 20:00:00+00:00,0.0
2020-02-13 21:00:00+00:00,0.0
2020-02-13 22:00:00+00:00,0.0
2020-02-13 23:00:00+00:00,0.0
2020-02-14 00:00:00+00:00,0.0
2020-02-14 01:00:00+00:00,0.0
2020-02-14 02:00:00+00:00,0.0
2020-02-14 03:00:00+00:00,0.0
2020-02-14 04:00:00+00:00,0.0
2020-02-14 05:00:00+00:00,0.0
2020-02-14 06:00:00+00:00,0.0
2020-02-14 07:00:00+00:00,0.0
2020-02-14 08:00:00+00:00,0.0
2020-02-14 09:00:00+00:00,0.0
2020-02-14 10:00:00+00:00,0.0
2020-02-14 11:00:00+00:00,0.0
2020-02-14 12:00:00+00:00,0.0
2020-02-14 13:00:00+00:00,0.0
2020-02-14 14:00:00+00:00,0.0
2020-02-14 15:00:00+00:00,0.0
2020-02-14 16:00:00+00:00,0.0
2020-02-14 17:00:00+00:00,0.0
2020-02-14 18:00:00+00:00,0.0
2020-02-14 19:00:00+00:00,0.0
2020-02-14 20:00:00+00:00,0.0
2020-02-14 21:00:00+00:00,0.0
2020-02-14 22:00:00+00:00,0.0
2020-02-14 23:00:00+00:00,0.0
2020-02-15 00:00:00+00:00,0.0
2020-02-15 01:00:00+00:00,0.0
2020-02-15 02:00:00+00:00,0.0
2020-02-15 03:00:00+00:00,0.0
2020-02-15 04:00:00+00:00,0.0
2020-02-15 05:00:00+00:00,0.0
2020-02-15 06:00:00+00:00,0.0
2020-02-15 07:00:00+00:00,0.0
2020-02-15 08:00:00+00:00,0.0
2020-02-15 09:00:00+00:00,0.0
2020-02-15 10:00:00+00:00,0.0
2020-02-15 11:00:00+00:00,0.0
2020-02-15 12:00:00+00:00,0.0
2020-02-15 13:00:00+00:00,0.0
2020-02-15 14:00:00+00:00,0.0
2020-02-15 15:00:00+00:00,0.0
2020-02-15 16:00:00+00:00,0.0
2020-02-15 17:00:00+00:00,0.0
2020-02-15 18:00:00+00:00,0.0
2020-02-15 19:00:00+00:00,0.0
2020-02-15 20:00:00+00:00,0.0
2020-02-15 21:00:00+00:00,0.0
2020-02-15 22:00:00+00:00,0.0
2020-02-15 23:00:00+00:00,0.0
2020-02-16 00:00:00+00:00,0.0
2020-02-16 01:00:00+00:00,0.0
2020-02-16 02:00:00+00:00,0.0
2020-02-16 03:00:00+00:00,0.0
2020-02-16 04:00:00+00:00,0.0
2020-02-16 05:00:00+00:00,0.0
2020-02-16 06:00:00+00:00,0.0
2020-02-16 07:00:00+00:00,0.0
2020-02-16 08:00:00+00:00,0.0
2020-02-16 09:00:00+00:00,0.0
2020-02-16 10:00:00+00:00,0.0
2020-02-16 11:00:00+00:00,0.0
2020-02-16 12:00:00+00:00,0.0
2020-02-16 13:00:00+00:00,0.0
2020-02-16 14:00:00+00:00,0.0
2020-02-16 15:00:00+00:00,0.0
2020-02-16 16:00:00+00:00,0.0
2020-02-16 17:00:00+00:00,0.0
2020-02-16 18:00:00+00:00,0.0
2020-02-16 19:00:00+00:00,0.0
2020-02-16 20:00:00+00:00,0.0
2020-02-16 21:00:00+00:00,0.0
2020-02-16 22:00:00+00:00,0.0
2020-02-16 23:00:00+00:00,0.0
2020-02-17 00:00:00+00:00,0.0
2020-02-17 01:00:00+00:00,0.0
2020-02-17 02:00:00+00:00,0.0
2020-02-17 03:00:00+00:00,0.0
2020-02-17 04:00:00+00:00,0.0
2020-02-17 05:00:00+00:00,0.0
2020-02-17 06:00:00+00:00,0.0
2020-02-17 07:00:00+00:00,0.0
2020-02-17 08:00:00+00:00,0.0
2020-02-17 09:00:00+00:00,0.0
2020-02-17 10:00:00+00:00,0.0
2020-02-17 11:00:00+00:00,0.0
2020-02-17 12:00:00+00:00,0.0
2020-02-17 13:00:00+00:00,0.0
2020-02-17 14:00:00+00:00,0.0
2020-02-17 15:00:00+00:00,0.0
2020-02-17 16:00:00+00:00,0.0
2020-02-17 17:00:00+00:00,0.0
2020-02-17 18:00:00+00:00,0.0
2020-02-17 19:00:00+00:00,0.0
2020-02-17 20:00:00+00:00,0.0
2020-02-17 21:00:00+00:00,0.0
2020-02-17 22:00:00+00:00,0.0
2020-02-17 23:00:00+00:00,0.0
2020-02-18 00:00:00+00:00,0.0
2020-02-18 01:00:00+00:00,0.0
2020-02-18 02:00:00+00:00,0.0
2020-02-18 03:00:00+00:00,0.0
2020-02-18 04:00:00+00:00,0.0
2020-02-18 05:00:00+00:00,0.0
2020-02-18 06:00:00+00:00,0.0
2020-02-18 07:00:00+00:00,0.0
2020-02-18 08:00:00+00:00,0.0
2020-02-18 09:00:00+00:00,0.0
2020-02-18 10:00:00+00:00,0.0
2020-02-18 11:00:00+00:00,0.0
2020-02-18 12:00:00+00:00,-0.09874771650496368
2020-02-18 13:00:00+00:00,0.0
2020-02-18 14:00:00+00:00,0.0
2020-02-18 15:00:00+00:00,0.0
2020-02-18 16:00:00+00:00,0.0
2020-02-18 17:00:00+00:00,0.0
2020-02-18 18:00:00+00:00,0.0
2020-02-18 19:00:00+00:00,0.0
2020-02-18 20:00:00+00:00,0.0
2020-02-18 21:00:00+00:00,0.0
2020-02-18 22:00:00+00:00,0.0
2020-02-18 23:00:00+00:00,0.0
2020-02-19 00:00:00+00:00,0.0
2020-02-19 01:00:00+00:00,0.0
2020-02-19 02:00:00+00:00,0.0
2020-02-19 03:00:00+00:00,0.0
2020-02-19 04:00:00+00:00,0.0
2020-02-19 05:00:00+00:00,0.0
2020-02-19 06:00:00+00:00,0.0
2020-02-19 07:00:00+00:00,0.0
2020-02-19 08:00:00+00:00,0.0
2020-02-19 09:00:00+00:00,0.0
2020-02-19 10:00:00+00:00,0.0
2020-02-19 11:00:00+00:00,0.0
2020-02-19 17:00:00+00:00,0.0
2020-02-19 18:00:00+00:00,0.19001225801913746
2020-02-19 19:00:00+00:00,0.0
2020-02-19 20:00:00+00:00,0.0
2020-02-19 21:00:00+00:00,0.0
2020-02-19 22:00:00+00:00,0.0
2020-02-19 23:00:00+00:00,0.0
2020-02-20 00:00:00+00:00,0.0
2020-02-20 01:00:00+00:00,0.0
2020-02-20 02:00:00+00:00,0.0
2020-02-20 03:00:00+00:00,0.0
2020-02-20 04:00:00+00:00,0.0
2020-02-20 05:00:00+00:00,0.0
2020-02-20 06:00:00+00:00,0.0
2020-02-20 07:00:00+00:00,0.0
2020-02-20 08:00:00+00:00,0.0
2020-02-20 09:00:00+00:00,0.0
2020-02-20 10:00:00+00:00,0.0
2020-02-20 11:00:00+00:00,0.0
2020-02-20 12:00:00+00:00,0.0
2020-02-20 13:00:00+00:00,0.0
2020-02-20 14:00:00+00:00,0.0
2020-02-20 15:00:00+00:00,0.0
2020-02-20 16:00:00+00:00,0.0
2020-02-20 17:00:00+00:00,0.0
2020-02-20 18:00:00+00:00,0.0
2020-02-20 19:00:00+00:00,0.0
2020-02-20 20:00:00+00:00,0.0
2020-02-20 21:00:00+00:00,0.0
2020-02-20 22:00:00+00:00,0.0
2020-02-20 23:00:00+00:00,0.0
2020-02-21 00:00:00+00:00,0.0
2020-02-21 01:00:00+00:00,0.0
2020-02-21 02:00:00+00:00,0.0
2020-02-21 03:00:00+00:00,0.0
2020-02-21 04:00:00+00:00,0.0
2020-02-21 05:00:00+00:00,0.0
2020-02-21 06:00:00+00:00,0.0
2020-02-21 07:00:00+00:00,0.0
2020-02-21 08:00:00+00:00,0.0
2020-02-21 09:00:00+00:00,0.0
2020-02-21 10:00:00+00:00,0.0
2020-02-21 11:00:00+00:00,0.0
2020-02-21 12:00:00+00:00,0.0
2020-02-21 13:00:00+00:00,0.0
2020-02-21 14:00:00+00:00,0.0
2020-02-21 15:00:00+00:00,0.0
2020-02-21 16:00:00+00:00,0.0
2020-02-21 17:00:00+00:00,0.0
2020-02-21 18:00:00+00:00,0.0
2020-02-21 19:00:00+00:00,0.0
2020-02-21 20:00:00+00:00,0.0
2020-02-21 21:00:00+00:00,0.0
2020-02-21 22:00:00+00:00,0.0
2020-02-21 23:00:00+00:00,0.0
2020-02-22 00:00:00+00:00,0.0
2020-02-22 01:00:00+00:00,0.0
2020-02-22 02:00:00+00:00,0.0
2020-02-22 03:00:00+00:00,0.0
2020-02-22 04:00:00+00:00,0.0
2020-02-22 05:00:00+00:00,0.0
2020-02-22 06:00:00+00:00,0.0
2020-02-22 07:00:00+00:00,0.0
2020-02-22 08:00:00+00:00,0.0
2020-02-22 09:00:00+00:00,0.0
2020-02-22 10:00:00+00:00,0.0
2020-02-22 11:00:00+00:00,0.0
2020-02-22 12:00:00+00:00,0.0
2020-02-22 13:00:00+00:00,0.0
2020-02-22 14:00:00+00:00,0.0
2020-02-22 15:00:00+00:00,0.0
2020-02-22 16:00:00+00:00,0.0
2020-02-22 17:00:00+00:00,0.0
2020-02-22 18:00:00+00:00,0.0
2020-02-22 19:00:00+00:00,0.0
2020-02-22 20:00:00+00:00,0.0
2020-02-22 21:00:00+00:00,0.0
2020-02-22 22:00:00+00:00,0.0
2020-02-22 23:00:00+00:00,0.0
2020-02-23 00:00:00+00:00,0.0
2020-02-23 01:00:00+00:00,0.0
2020-02-23 02:00:00+00:00,0.0
2020-02-23 03:00:00+00:00,0.0
2020-02-23 04:00:00+00:00,0.0
2020-02-23 05:00:00+00:00,0.0
2020-02-23 06:00:00+00:00,0.0
2020-02-23 07:00:00+00:00,0.0
2020-02-23 08:00:00+00:00,0.0
2020-02-23 09:00:00+00:00,0.0
2020-02-23 10:00:00+00:00,0.0
2020-02-23 11:00:00+00:00,0.0
2020-02-23 12:00:00+00:00,0.0
2020-02-23 13:00:00+00:00,0.0
2020-02-23 14:00:00+00:00,0.0
2020-02-23 15:00:00+00:00,0.0
2020-02-23 16:00:00+00:00,0.0
2020-02-23 17:00:00+00:00,0.0
2020-02-23 18:00:00+00:00,0.0
2020-02-23 19:00:00+00:00,0.0
2020-02-23 20:00:00+00:00,0.0
2020-02-23 21:00:00+00:00,0.0
2020-02-23 22:00:00+00:00,0.0
2020-02-23 23:00:00+00:00,0.0
2020-02-24 00:00:00+00:00,0.0
2020-02-24 01:00:00+00:00,0.0
2020-02-24 02:00:00+00:00,0.0
2020-02-24 03:00:00+00:00,0.0
2020-02-24 04:00:00+00:00,0.0
2020-02-24 05:00:00+00:00,0.0
2020-02-24 06:00:00+00:00,0.0
2020-02-24 07:00:00+00:00,0.0
2020-02-24 08:00:00+00:00,0.0
2020-02-24 09:00:00+00:00,0.0
2020-02-24 10:00:00+00:00,0.0
2020-02-24 11:00:00+00:00,0.0
2020-02-24 12:00:00+00:00,0.0
2020-02-24 13:00:00+00:00,0.0
2020-02-24 14:00:00+00:00,0.0
2020-02-24 15:00:00+00:00,0.0
2020-02-24 16:00:00+00:00,0.0
2020-02-24 17:00:00+00:00,0.0
2020-02-24 18:00:00+00:00,0.0
2020-02-24 19:00:00+00:00,0.0
2020-02-24 20:00:00+00:00,0.0
2020-02-24 21:00:00+00:00,0.0
2020-02-24 22:00:00+00:00,0.0
2020-02-24 23:00:00+00:00,0.0
2020-02-25 00:00:00+00:00,0.0
2020-02-25 01:00:00+00:00,0.0
2020-02-25 02:00:00+00:00,0.0
2020-02-25 03:00:00+00:00,0.0
2020-02-25 04:00:00+00:00,0.0
2020-02-25 05:00:00+00:00,0.0
2020-02-25 06:00:00+00:00,0.0
2020-02-25 07:00:00+00:00,0.0
2020-02-25 08:00:00+00:00,0.0
2020-02-25 09:00:00+00:00,0.0
2020-02-25 10:00:00+00:00,0.0
2020-02-25 11:00:00+00:00,0.0
2020-02-25 12:00:00+00:00,0.0
2020-02-25 13:00:00+00:00,0.0
2020-02-25 14:00:00+00:00,0.0
2020-02-25 15:00:00+00:00,0.0
2020-02-25 16:00:00+00:00,0.0
2020-02-25 17:00:00+00:00,0.0
2020-02-25 18:00:00+00:00,0.0
2020-02-25 19:00:00+00:00,0.0
2020-02-25 20:00:00+00:00,0.0
2020-02-25 21:00:00+00:00,0.0
2020-02-25 22:00:00+00:00,0.0
2020-02-25 23:00:00+00:00,0.0
2020-02-26 00:00:00+00:00,0.0
2020-02-26 01:00:00+00:00,0.0
2020-02-26 02:00:00+00:00,0.0
2020-02-26 03:00:00+00:00,0.0
2020-02-26 04:00:00+00:00,0.0
2020-02-26 05:00:00+00:00,0.0
2020-02-26 06:00:00+00:00,0.0
2020-02-26 07:00:00+00:00,0.0
2020-02-26 08:00:00+00:00,0.0
2020-02-26 09:00:00+00:00,0.0
2020-02-26 10:00:00+00:00,0.0
2020-02-26 11:00:00+00:00,0.0
2020-02-26 12:00:00+00:00,0.0
2020-02-26 13:00:00+00:00,0.0
2020-02-26 14:00:00+00:00,0.0
2020-02-26 15:00:00+00:00,0.0
2020-02-26 16:00:00+00:00,0.0
2020-02-26 17:00:00+00:00,0.0
2020-02-26 18:00:00+00:00,0.0
2020-02-26 19:00:00+00:00,0.0
2020-02-26 20:00:00+00:00,0.0
2020-02-26 21:00:00+00:00,0.0
2020-02-26 22:00:00+00:00,0.0
2020-02-26 23:00:00+00:00,0.0
2020-02-27 00:00:00+00:00,0.0
2020-02-27 01:00:00+00:00,0.0
2020-02-27 02:00:00+00:00,0.0
2020-02-27 03:00:00+00:00,0.0
2020-02-27 04:00:00+00:00,0.0
2020-02-27 05:00:00+00:00,0.0
2020-02-27 06:00:00+00:00,0.0
2020-02-27 07:00:00+00:00,0.0
2020-02-27 08:00:00+00:00,0.0
2020-02-27 09:00:00+00:00,0.0
2020-02-27 10:00:00+00:00,0.0
2020-02-27 11:00:00+00:00,0.0
2020-02-27 12:00:00+00:00,0.0
2020-02-27 13:00:00+00:00,0.0
2020-02-27 14:00:00+00:00,0.0
2020-02-27 15:00:00+00:00,0.0
2020-02-27 16:00:00+00:00,0.0
2020-02-27 17:00:00+00:00,0.0
2020-02-27 18:00:00+00:00,0.0
2020-02-27 19:00:00+00:00,0.0
2020-02-27 20:00:00+00:00,0.0
2020-02-27 21:00:00+00:00,0.0
2020-02-27 22:00:00+00:00,0.0
2020-02-27 23:00:00+00:00,0.0
2020-02-28 00:00:00+00:00,0.0
2020-02-28 01:00:00+00:00,0.0
2020-02-28 02:00:00+00:00,0.0
2020-02-28 03:00:00+00:00,0.0
2020-02-28 04:00:00+00:00,0.0
2020-02-28 05:00:00+00:00,0.0
2020-02-28 06:00:00+00:00,0.0
2020-02-28 07:00:00+00:00,0.0
2020-02-28 08:00:00+00:00,0.0
2020-02-28 09:00:00+00:00,0.0
2020-02-28 10:00:00+00:00,0.0
2020-02-28 11:00:00+00:00,0.0
2020-02-28 12:00:00+00:00,0.0
2020-02-28 13:00:00+00:00,0.0
2020-02-28 14:00:00+00:00,0.0
2020-02-28 15:00:00+00:00,0.0
2020-02-28 16:00:00+00:00,0.0
2020-02-28 17:00:00+00:00,0.0
2020-02-28 18:00:00+00:00,0.0
2020-02-28 19:00:00+00:00,0.0
2020-02-28 20:00:00+00:00,0.0
2020-02-28 21:00:00+00:00,0.0
2020-02-28 22:00:00+00:00,0.0
2020-02-28 23:00:00+00:00,0.0
2020-02-29 00:00:00+00:00,0.0
2020-02-29 01:00:00+00:00,0.0
2020-02-29 02:00:00+00:00,0.0
2020-02-29 03:00:00+00:00,0.0
2020-02-29 04:00:00+00:00,0.0
2020-02-29 05:00:00+00:00,0.0
2020-02-29 06:00:00+00:00,0.0
2020-02-29 07:00:00+00:00,0.0
2020-02-29 08:00:00+00:00,0.0
2020-02-29 09:00:00+00:00,0.0
2020-02-29 10:00:00+00:00,0.0
2020-02-29 11:00:00+00:00,0.0
2020-02-29 12:00:00+00:00,0.0
2020-02-29 13:00:00+00:00,0.0
2020-02-29 14:00:00+00:00,0.0
2020-02-29 15:00:00+00:00,0.0
2020-02-29 16:00:00+00:00,0.0
2020-02-29 17:00:00+00:00,0.0
2020-02-29 18:00:00+00:00,0.0
2020-02-29 19:00:00+00:00,0.0
2020-02-29 20:00:00+00:00,0.0
2020-02-29 21:00:00+00:00,0.0
2020-02-29 22:00:00+00:00,0.0
2020-02-29 23:00:00+00:00,0.0
2020-03-01 00:00:00+00:00,0.0
2020-03-01 01:00:00+00:00,0.0
2020-03-01 02:00:00+00:00,0.0
2020-03-01 03:00:00+00:00,0.0
2020-03-01 04:00:00+00:00,0.0
2020-03-01 05:00:00+00:00,0.0
2020-03-01 06:00:00+00:00,0.0
2020-03-01 07:00:00+00:00,0.0
2020-03-01 08:00:00+00:00,0.0
2020-03-01 09:00:00+00:00,0.0
2020-03-01 10:00:00+00:00,0.0
2020-03-01 11:00:00+00:00,0.0
2020-03-01 12:00:00+00:00,0.0
2020-03-01 13:00:00+00:00,0.0
2020-03-01 14:00:00+00:00,0.0
2020-03-01 15:00:00+00:00,0.0
2020-03-01 16:00:00+00:00,0.0
2020-03-01 17:00:00+00:00,0.0
2020-03-01 18:00:00+00:00,0.0
2020-03-01 19:00:00+00:00,0.0
2020-03-01 20:00:00+00:00,0.0
2020-03-01 21:00:00+00:00,0.0
2020-03-01 22:00:00+00:00,0.0
2020-03-01 23:00:00+00:00,0.0
2020-03-02 00:00:00+00:00,0.0
2020-03-02 01:00:00+00:00,0.0
2020-03-02 02:00:00+00:00,0.0
2020-03-02 03:00:00+00:00,0.0
2020-03-02 04:00:00+00:00,0.0
2020-03-02 05:00:00+00:00,0.0
2020-03-02 06:00:00+00:00,0.0
2020-03-02 07:00:00+00:00,0.0
2020-03-02 08:00:00+00:00,0.0
2020-03-02 09:00:00+00:00,0.0
2020-03-02 10:00:00+00:00,0.0
2020-03-02 11:00:00+00:00,0.0
2020-03-02 12:00:00+00:00,0.0
2020-03-02 13:00:00+00:00,0.0
2020-03-02 14:00:00+00:00,0.0
2020-03-02 15:00:00+00:00,0.0
2020-03-02 16:00:00+00:00,0.0
2020-03-02 17:00:00+00:00,0.0
2020-03-02 18:00:00+00:00,0.0
2020-03-02 19:00:00+00:00,0.0
2020-03-02 20:00:00+00:00,0.0
2020-03-02 21:00:00+00:00,0.0
2020-03-02 22:00:00+00:00,0.0
2020-03-02 23:00:00+00:00,0.0
2020-03-03 00:00:00+00:00,-0.05809576195557121
2020-03-03 01:00:00+00:00,0.0
2020-03-03 02:00:00+00:00,0.0
2020-03-03 03:00:00+00:00,0.0
2020-03-03 04:00:00+00:00,0.0
2020-03-03 05:00:00+00:00,0.0
2020-03-03 06:00:00+00:00,0.0
2020-03-03 07:00:00+00:00,-0.047784824528090755
2020-03-03 08:00:00+00:00,0.0
2020-03-03 09:00:00+00:00,0.0
2020-03-03 10:00:00+00:00,0.0
2020-03-03 11:00:00+00:00,0.0
2020-03-03 12:00:00+00:00,0.0
2020-03-03 13:00:00+00:00,0.0
2020-03-03 14:00:00+00:00,0.0
2020-03-03 15:00:00+00:00,0.0
2020-03-03 16:00:00+00:00,0.0
2020-03-03 17:00:00+00:00,0.0
2020-03-03 18:00:00+00:00,0.0
2020-03-03 19:00:00+00:00,0.0
2020-03-03 20:00:00+00:00,0.0
2020-03-03 21:00:00+00:00,0.0
2020-03-03 22:00:00+00:00,0.0
2020-03-03 23:00:00+00:00,0.0
2020-03-04 00:00:00+00:00,0.0
2020-03-04 01:00:00+00:00,0.0
2020-03-04 02:00:00+00:00,0.0
2020-03-04 03:00:00+00:00,0.0
2020-03-04 04:00:00+00:00,0.0
2020-03-04 05:00:00+00:00,0.0
2020-03-04 06:00:00+00:00,0.0
2020-03-04 07:00:00+00:00,0.0
2020-03-04 08:00:00+00:00,0.0
2020-03-04 09:00:00+00:00,0.0
2020-03-04 11:00:00+00:00,0.0
2020-03-04 12:00:00+00:00,0.0
2020-03-04 13:00:00+00:00,0.0
2020-03-04 14:00:00+00:00,0.0
2020-03-04 15:00:00+00:00,0.0
2020-03-04 16:00:00+00:00,0.0
2020-03-04 17:00:00+00:00,0.0
2020-03-04 18:00:00+00:00,0.0
2020-03-04 19:00:00+00:00,0.0
2020-03-04 20:00:00+00:00,0.0
2020-03-04 21:00:00+00:00,0.0
2020-03-04 22:00:00+00:00,0.0
2020-03-04 23:00:00+00:00,0.0
2020-03-05 00:00:00+00:00,0.0
2020-03-05 01:00:00+00:00,0.0
2020-03-05 02:00:00+00:00,0.0
2020-03-05 03:00:00+00:00,0.0
2020-03-05 04:00:00+00:00,0.0
2020-03-05 05:00:00+00:00,0.0
2020-03-05 06:00:00+00:00,0.0
2020-03-05 07:00:00+00:00,0.0
2020-03-05 08:00:00+00:00,0.0
2020-03-05 09:00:00+00:00,0.0
2020-03-05 10:00:00+00:00,0.0
2020-03-05 11:00:00+00:00,0.0
2020-03-05 12:00:00+00:00,0.0
2020-03-05 13:00:00+00:00,0.0
2020-03-05 14:00:00+00:00,0.0
2020-03-05 15:00:00+00:00,0.0
2020-03-05 16:00:00+00:00,0.0
2020-03-05 17:00:00+00:00,0.0
2020-03-05 18:00:00+00:00,0.0
2020-03-05 19:00:00+00:00,0.0
2020-03-05 20:00:00+00:00,0.0
2020-03-05 21:00:00+00:00,0.0
2020-03-05 22:00:00+00:00,0.0
2020-03-05 23:00:00+00:00,-0.08549262116254791
2020-03-06 00:00:00+00:00,0.0
2020-03-06 01:00:00+00:00,0.0
2020-03-06 02:00:00+00:00,0.0
2020-03-06 03:00:00+00:00,0.0
2020-03-06 04:00:00+00:00,0.0
2020-03-06 05:00:00+00:00,0.0
2020-03-06 06:00:00+00:00,0.0
2020-03-06 07:00:00+00:00,0.0
2020-03-06 08:00:00+00:00,0.0
2020-03-06 09:00:00+00:00,0.0
2020-03-06 10:00:00+00:00,0.0
2020-03-06 11:00:00+00:00,0.0
2020-03-06 12:00:00+00:00,0.0
2020-03-06 13:00:00+00:00,0.0
2020-03-06 14:00:00+00:00,0.0
2020-03-06 15:00:00+00:00,0.0
2020-03-06 16:00:00+00:00,0.0
2020-03-06 17:00:00+00:00,0.0
2020-03-06 18:00:00+00:00,0.0
2020-03-06 19:00:00+00:00,0.0
2020-03-06 20:00:00+00:00,0.0
2020-03-06 21:00:00+00:00,0.0
2020-03-06 22:00:00+00:00,0.0
2020-03-06 23:00:00+00:00,0.0
2020-03-07 00:00:00+00:00,0.0
2020-03-07 01:00:00+00:00,0.0
2020-03-07 02:00:00+00:00,0.0
2020-03-07 03:00:00+00:00,0.0
2020-03-07 04:00:00+00:00,0.0
2020-03-07 05:00:00+00:00,0.0
2020-03-07 06:00:00+00:00,0.0
2020-03-07 07:00:00+00:00,0.0
2020-03-07 08:00:00+00:00,0.0
2020-03-07 09:00:00+00:00,0.0
2020-03-07 10:00:00+00:00,0.0
2020-03-07 11:00:00+00:00,0.0
2020-03-07 12:00:00+00:00,0.0
2020-03-07 13:00:00+00:00,0.0
2020-03-07 14:00:00+00:00,0.0
2020-03-07 15:00:00+00:00,0.0
2020-03-07 16:00:00+00:00,0.0
2020-03-07 17:00:00+00:00,0.0
2020-03-07 18:00:00+00:00,0.0
2020-03-07 19:00:00+00:00,0.0
2020-03-07 20:00:00+00:00,0.0
2020-03-07 21:00:00+00:00,0.0
2020-03-07 22:00:00+00:00,0.0
2020-03-07 23:00:00+00:00,0.0
2020-03-08 00:00:00+00:00,0.0
2020-03-08 01:00:00+00:00,0.0
2020-03-08 02:00:00+00:00,0.0
2020-03-08 03:00:00+00:00,0.0
2020-03-08 04:00:00+00:00,0.0
2020-03-08 05:00:00+00:00,0.0
2020-03-08 06:00:00+00:00,0.0
2020-03-08 07:00:00+00:00,0.0
2020-03-08 08:00:00+00:00,0.0
2020-03-08 09:00:00+00:00,0.0
2020-03-08 10:00:00+00:00,0.0
2020-03-08 11:00:00+00:00,0.0
2020-03-08 12:00:00+00:00,0.0
2020-03-08 13:00:00+00:00,0.0
2020-03-08 14:00:00+00:00,0.0
2020-03-08 15:00:00+00:00,0.0
2020-03-08 16:00:00+00:00,0.0
2020-03-08 17:00:00+00:00,0.0
2020-03-08 18:00:00+00:00,0.0
2020-03-08 19:00:00+00:00,0.0
2020-03-08 20:00:00+00:00,0.0
2020-03-08 21:00:00+00:00,0.0
2020-03-08 22:00:00+00:00,0.0
2020-03-08 23:00:00+00:00,0.0
2020-03-09 00:00:00+00:00,0.0
2020-03-09 01:00:00+00:00,0.0
2020-03-09 02:00:00+00:00,0.0
2020-03-09 03:00:00+00:00,0.0
2020-03-09 04:00:00+00:00,0.0
2020-03-09 05:00:00+00:00,0.0
2020-03-09 06:00:00+00:00,0.0
2020-03-09 07:00:00+00:00,0.0
2020-03-09 08:00:00+00:00,0.0
2020-03-09 09:00:00+00:00,0.0
2020-03-09 10:00:00+00:00,0.0
2020-03-09 11:00:00+00:00,0.0
2020-03-09 12:00:00+00:00,0.0
2020-03-09 13:00:00+00:00,0.0
2020-03-09 14:00:00+00:00,0.0
2020-03-09 15:00:00+00:00,0.0
2020-03-09 16:00:00+00:00,0.0
2020-03-09 17:00:00+00:00,0.0
2020-03-09 18:00:00+00:00,0.0
2020-03-09 19:00:00+00:00,0.0
2020-03-09 20:00:00+00:00,0.0
2020-03-09 21:00:00+00:00,0.0
2020-03-09 22:00:00+00:00,0.0
2020-03-09 23:00:00+00:00,0.0
2020-03-10 00:00:00+00:00,0.0
2020-03-10 01:00:00+00:00,0.0
2020-03-10 02:00:00+00:00,0.0
2020-03-10 03:00:00+00:00,0.0
2020-03-10 04:00:00+00:00,0.0
2020-03-10 05:00:00+00:00,0.0
2020-03-10 06:00:00+00:00,0.0
2020-03-10 07:00:00+00:00,0.0
2020-03-10 08:00:00+00:00,0.0
2020-03-10 09:00:00+00:00,0.0
2020-03-10 10:00:00+00:00,0.0
2020-03-10 11:00:00+00:00,0.0
2020-03-10 12:00:00+00:00,0.0
2020-03-10 13:00:00+00:00,0.0
2020-03-10 14:00:00+00:00,0.0
2020-03-10 15:00:00+00:00,0.0
2020-03-10 16:00:00+00:00,0.0
2020-03-10 17:00:00+00:00,0.0
2020-03-10 18:00:00+00:00,0.0
2020-03-10 19:00:00+00:00,0.0
2020-03-10 20:00:00+00:00,0.0
2020-03-10 21:00:00+00:00,0.0
2020-03-10 22:00:00+00:00,0.0
2020-03-10 23:00:00+00:00,0.0
2020-03-11 00:00:00+00:00,0.0
2020-03-11 01:00:00+00:00,0.0
2020-03-11 02:00:00+00:00,0.0
2020-03-11 03:00:00+00:00,0.0
2020-03-11 04:00:00+00:00,0.0
2020-03-11 05:00:00+00:00,0.0
2020-03-11 06:00:00+00:00,0.0
2020-03-11 07:00:00+00:00,0.0
2020-03-11 08:00:00+00:00,0.0
2020-03-11 09:00:00+00:00,0.0
2020-03-11 10:00:00+00:00,0.0
2020-03-11 11:00:00+00:00,0.0
2020-03-11 12:00:00+00:00,0.0
2020-03-11 13:00:00+00:00,0.0
2020-03-11 14:00:00+00:00,0.0
2020-03-11 15:00:00+00:00,-0.0662432085432314
2020-03-11 16:00:00+00:00,0.0
2020-03-11 17:00:00+00:00,0.0
2020-03-11 18:00:00+00:00,0.0
2020-03-11 19:00:00+00:00,0.0
2020-03-11 20:00:00+00:00,0.0
2020-03-11 21:00:00+00:00,0.0
2020-03-11 22:00:00+00:00,0.0
2020-03-11 23:00:00+00:00,0.0
2020-03-12 00:00:00+00:00,0.0
2020-03-12 01:00:00+00:00,0.0
2020-03-12 02:00:00+00:00,0.0
2020-03-12 03:00:00+00:00,0.0
2020-03-12 04:00:00+00:00,0.0
2020-03-12 05:00:00+00:00,0.0
2020-03-12 06:00:00+00:00,0.0
2020-03-12 07:00:00+00:00,0.0
2020-03-12 08:00:00+00:00,0.0
2020-03-12 09:00:00+00:00,0.0
2020-03-12 10:00:00+00:00,0.0
2020-03-12 11:00:00+00:00,0.0
2020-03-12 12:00:00+00:00,0.0
2020-03-12 13:00:00+00:00,0.0
2020-03-12 14:00:00+00:00,0.0
2020-03-12 15:00:00+00:00,0.0
2020-03-12 16:00:00+00:00,0.0
2020-03-12 17:00:00+00:00,0.0
2020-03-12 18:00:00+00:00,0.0
2020-03-12 19:00:00+00:00,0.0
2020-03-12 20:00:00+00:00,0.0
2020-03-12 21:00:00+00:00,0.0
2020-03-12 22:00:00+00:00,0.0
2020-03-12 23:00:00+00:00,0.0
2020-03-13 00:00:00+00:00,0.0
2020-03-13 01:00:00+00:00,0.0
2020-03-13 02:00:00+00:00,0.0
2020-03-13 03:00:00+00:00,0.0
2020-03-13 04:00:00+00:00,0.0
2020-03-13 05:00:00+00:00,0.0
2020-03-13 06:00:00+00:00,0.0
2020-03-13 07:00:00+00:00,0.0
2020-03-13 08:00:00+00:00,0.0
2020-03-13 09:00:00+00:00,0.0
2020-03-13 10:00:00+00:00,0.0
2020-03-13 11:00:00+00:00,0.0
2020-03-13 12:00:00+00:00,0.0
2020-03-13 13:00:00+00:00,0.0
2020-03-13 14:00:00+00:00,0.0
2020-03-13 15:00:00+00:00,-0.5262033890862677
2020-03-13 16:00:00+00:00,0.0
2020-03-13 17:00:00+00:00,0.0
2020-03-13 18:00:00+00:00,0.0
2020-03-13 19:00:00+00:00,0.0
2020-03-13 20:00:00+00:00,0.0
2020-03-13 21:00:00+00:00,0.0
2020-03-13 22:00:00+00:00,0.0
2020-03-13 23:00:00+00:00,0.0
2020-03-14 00:00:00+00:00,0.0
2020-03-14 01:00:00+00:00,0.0
2020-03-14 02:00:00+00:00,0.0
2020-03-14 03:00:00+00:00,0.0
2020-03-14 04:00:00+00:00,0.0
2020-03-14 05:00:00+00:00,0.0
2020-03-14 06:00:00+00:00,0.0
2020-03-14 07:00:00+00:00,0.0
2020-03-14 08:00:00+00:00,0.0
2020-03-14 09:00:00+00:00,0.0
2020-03-14 10:00:00+00:00,0.0
2020-03-14 11:00:00+00:00,0.0
2020-03-14 12:00:00+00:00,0.0
2020-03-14 13:00:00+00:00,0.0
2020-03-14 14:00:00+00:00,0.0
2020-03-14 15:00:00+00:00,0.0
2020-03-14 16:00:00+00:00,0.0
2020-03-14 17:00:00+00:00,0.0
2020-03-14 18:00:00+00:00,0.0
2020-03-14 19:00:00+00:00,0.0
2020-03-14 20:00:00+00:00,0.0
2020-03-14 21:00:00+00:00,0.0
2020-03-14 22:00:00+00:00,0.0
2020-03-14 23:00:00+00:00,0.0
2020-03-15 00:00:00+00:00,0.0
2020-03-15 01:00:00+00:00,0.0
2020-03-15 02:00:00+00:00,0.0
2020-03-15 03:00:00+00:00,0.0
2020-03-15 04:00:00+00:00,0.0
2020-03-15 05:00:00+00:00,0.0
2020-03-15 06:00:00+00:00,0.0
2020-03-15 07:00:00+00:00,0.0
2020-03-15 08:00:00+00:00,0.0
2020-03-15 09:00:00+00:00,0.0
2020-03-15 10:00:00+00:00,0.0
2020-03-15 11:00:00+00:00,0.0
2020-03-15 12:00:00+00:00,0.0
2020-03-15 13:00:00+00:00,0.0
2020-03-15 14:00:00+00:00,0.0
2020-03-15 15:00:00+00:00,0.0
2020-03-15 16:00:00+00:00,0.0
2020-03-15 17:00:00+00:00,0.0
2020-03-15 18:00:00+00:00,0.0
2020-03-15 19:00:00+00:00,0.0
2020-03-15 20:00:00+00:00,0.0
2020-03-15 21:00:00+00:00,0.0
2020-03-15 22:00:00+00:00,0.0
2020-03-15 23:00:00+00:00,0.0
2020-03-16 00:00:00+00:00,0.0
2020-03-16 01:00:00+00:00,0.0
2020-03-16 02:00:00+00:00,0.0
2020-03-16 03:00:00+00:00,0.0
2020-03-16 04:00:00+00:00,0.0
2020-03-16 05:00:00+00:00,0.0
2020-03-16 06:00:00+00:00,0.0
2020-03-16 07:00:00+00:00,-0.7123760080234355
2020-03-16 08:00:00+00:00,0.0
2020-03-16 09:00:00+00:00,0.0
2020-03-16 10:00:00+00:00,0.0
2020-03-16 11:00:00+00:00,0.0
2020-03-16 12:00:00+00:00,0.0
2020-03-16 13:00:00+00:00,0.0
2020-03-16 14:00:00+00:00,0.0
2020-03-16 15:00:00+00:00,0.0
2020-03-16 16:00:00+00:00,0.0
2020-03-16 17:00:00+00:00,0.0
2020-03-16 18:00:00+00:00,0.0
2020-03-16 19:00:00+00:00,0.0
2020-03-16 20:00:00+00:00,0.0
2020-03-16 21:00:00+00:00,0.0
2020-03-16 22:00:00+00:00,0.0
2020-03-16 23:00:00+00:00,0.0
2020-03-17 00:00:00+00:00,0.0
2020-03-17 01:00:00+00:00,0.0
2020-03-17 02:00:00+00:00,0.0
2020-03-17 03:00:00+00:00,0.0
2020-03-17 04:00:00+00:00,0.0
2020-03-17 05:00:00+00:00,0.0
2020-03-17 06:00:00+00:00,0.0
2020-03-17 07:00:00+00:00,0.0
2020-03-17 08:00:00+00:00,0.0
2020-03-17 09:00:00+00:00,0.0
2020-03-17 10:00:00+00:00,0.0
2020-03-17 11:00:00+00:00,0.0
2020-03-17 12:00:00+00:00,0.0
2020-03-17 13:00:00+00:00,0.0
2020-03-17 14:00:00+00:00,0.0
2020-03-17 15:00:00+00:00,0.0
2020-03-17 16:00:00+00:00,0.0
2020-03-17 17:00:00+00:00,0.0
2020-03-17 18:00:00+00:00,0.0
2020-03-17 19:00:00+00:00,0.0
2020-03-17 20:00:00+00:00,0.0
2020-03-17 21:00:00+00:00,0.0
2020-03-17 22:00:00+00:00,0.0
2020-03-17 23:00:00+00:00,0.0
2020-03-18 00:00:00+00:00,0.0
2020-03-18 01:00:00+00:00,0.0
2020-03-18 02:00:00+00:00,0.0
2020-03-18 03:00:00+00:00,0.0
2020-03-18 04:00:00+00:00,0.0
2020-03-18 05:00:00+00:00,0.0
2020-03-18 06:00:00+00:00,0.0
2020-03-18 07:00:00+00:00,0.0
2020-03-18 08:00:00+00:00,0.0
2020-03-18 09:00:00+00:00,0.0
2020-03-18 10:00:00+00:00,0.0
2020-03-18 11:00:00+00:00,0.0
2020-03-18 12:00:00+00:00,0.0
2020-03-18 13:00:00+00:00,0.0
2020-03-18 14:00:00+00:00,0.0
2020-03-18 15:00:00+00:00,0.0
2020-03-18 16:00:00+00:00,0.0
2020-03-18 17:00:00+00:00,0.0
2020-03-18 18:00:00+00:00,0.0
2020-03-18 19:00:00+00:00,0.0
2020-03-18 20:00:00+00:00,0.0
2020-03-18 21:00:00+00:00,0.0
2020-03-18 22:00:00+00:00,0.0
2020-03-18 23:00:00+00:00,0.0
2020-03-19 00:00:00+00:00,0.0
2020-03-19 01:00:00+00:00,0.0
2020-03-19 02:00:00+00:00,0.0
2020-03-19 03:00:00+00:00,0.0
2020-03-19 04:00:00+00:00,0.0
2020-03-19 05:00:00+00:00,0.0
2020-03-19 06:00:00+00:00,0.0
2020-03-19 07:00:00+00:00,0.0
2020-03-19 08:00:00+00:00,0.0
2020-03-19 09:00:00+00:00,0.0
2020-03-19 10:00:00+00:00,0.0
2020-03-19 11:00:00+00:00,0.0
2020-03-19 12:00:00+00:00,0.0
2020-03-19 13:00:00+00:00,0.0
2020-03-19 14:00:00+00:00,0.0
2020-03-19 15:00:00+00:00,0.0
2020-03-19 16:00:00+00:00,0.0
2020-03-19 17:00:00+00:00,0.0
2020-03-19 18:00:00+00:00,0.0
2020-03-19 19:00:00+00:00,0.0
2020-03-19 20:00:00+00:00,0.0
2020-03-19 21:00:00+00:00,0.0
2020-03-19 22:00:00+00:00,0.0
2020-03-19 23:00:00+00:00,0.0
2020-03-20 00:00:00+00:00,0.0
2020-03-20 01:00:00+00:00,0.0
2020-03-20 02:00:00+00:00,1.2143854216778325
2020-03-20 03:00:00+00:00,0.0
2020-03-20 04:00:00+00:00,0.0
2020-03-20 05:00:00+00:00,0.0
2020-03-20 06:00:00+00:00,0.633845722666006
2020-03-20 07:00:00+00:00,0.0
2020-03-20 08:00:00+00:00,0.0
2020-03-20 09:00:00+00:00,0.0
2020-03-20 10:00:00+00:00,0.0
2020-03-20 11:00:00+00:00,-0.22006890604989088
2020-03-20 12:00:00+00:00,0.0
2020-03-20 13:00:00+00:00,0.0
2020-03-20 14:00:00+00:00,0.0
2020-03-20 15:00:00+00:00,0.0
2020-03-20 16:00:00+00:00,-0.26499875019327807
2020-03-20 17:00:00+00:00,0.0
2020-03-20 18:00:00+00:00,0.0
2020-03-20 19:00:00+00:00,0.0
2020-03-20 20:00:00+00:00,0.0
2020-03-20 21:00:00+00:00,0.0
2020-03-20 22:00:00+00:00,0.0
2020-03-20 23:00:00+00:00,0.0
2020-03-21 00:00:00+00:00,0.0
2020-03-21 01:00:00+00:00,0.0
2020-03-21 02:00:00+00:00,0.0
2020-03-21 03:00:00+00:00,0.0
2020-03-21 04:00:00+00:00,0.0
2020-03-21 05:00:00+00:00,0.0
2020-03-21 06:00:00+00:00,0.0
2020-03-21 07:00:00+00:00,0.0
2020-03-21 08:00:00+00:00,0.0
2020-03-21 09:00:00+00:00,0.0
2020-03-21 10:00:00+00:00,0.0
2020-03-21 11:00:00+00:00,0.0
2020-03-21 12:00:00+00:00,0.0
2020-03-21 13:00:00+00:00,0.0
2020-03-21 14:00:00+00:00,0.0
2020-03-21 15:00:00+00:00,0.0
2020-03-21 16:00:00+00:00,0.0
2020-03-21 17:00:00+00:00,0.0
2020-03-21 18:00:00+00:00,0.0
2020-03-21 19:00:00+00:00,0.0
2020-03-21 20:00:00+00:00,0.0
2020-03-21 21:00:00+00:00,0.0
2020-03-21 22:00:00+00:00,0.0
2020-03-21 23:00:00+00:00,0.0
2020-03-22 00:00:00+00:00,0.0
2020-03-22 01:00:00+00:00,0.0
2020-03-22 02:00:00+00:00,0.0
2020-03-22 03:00:00+00:00,0.0
2020-03-22 04:00:00+00:00,0.0
2020-03-22 05:00:00+00:00,0.0
2020-03-22 06:00:00+00:00,0.0
2020-03-22 07:00:00+00:00,0.0
2020-03-22 08:00:00+00:00,0.0
2020-03-22 09:00:00+00:00,0.0
2020-03-22 10:00:00+00:00,0.0
2020-03-22 11:00:00+00:00,0.0
2020-03-22 12:00:00+00:00,-0.4343750841081787
2020-03-22 13:00:00+00:00,0.0
2020-03-22 14:00:00+00:00,0.0
2020-03-22 15:00:00+00:00,0.0
2020-03-22 16:00:00+00:00,0.0
2020-03-22 17:00:00+00:00,0.0
2020-03-22 18:00:00+00:00,0.0
2020-03-22 19:00:00+00:00,0.0
2020-03-22 20:00:00+00:00,0.0
2020-03-22 21:00:00+00:00,0.0
2020-03-22 22:00:00+00:00,0.0
2020-03-22 23:00:00+00:00,0.0
2020-03-23 00:00:00+00:00,0.0
2020-03-23 01:00:00+00:00,0.0
2020-03-23 02:00:00+00:00,0.0
2020-03-23 03:00:00+00:00,0.0
2020-03-23 04:00:00+00:00,0.0
2020-03-23 05:00:00+00:00,0.0
2020-03-23 06:00:00+00:00,0.0
2020-03-23 07:00:00+00:00,0.0
2020-03-23 08:00:00+00:00,0.0
2020-03-23 09:00:00+00:00,0.0
2020-03-23 10:00:00+00:00,0.0
2020-03-23 11:00:00+00:00,0.0
2020-03-23 12:00:00+00:00,0.0
2020-03-23 13:00:00+00:00,0.0
2020-03-23 14:00:00+00:00,0.0
2020-03-23 15:00:00+00:00,0.0
2020-03-23 16:00:00+00:00,0.0
2020-03-23 17:00:00+00:00,0.0
2020-03-23 18:00:00+00:00,0.0
2020-03-23 19:00:00+00:00,0.0
2020-03-23 20:00:00+00:00,0.0
2020-03-23 21:00:00+00:00,0.0
2020-03-23 22:00:00+00:00,0.0
2020-03-23 23:00:00+00:00,0.0
2020-03-24 00:00:00+00:00,0.0
2020-03-24 01:00:00+00:00,0.0
2020-03-24 02:00:00+00:00,0.0
2020-03-24 03:00:00+00:00,0.0
2020-03-24 04:00:00+00:00,0.0
2020-03-24 05:00:00+00:00,0.0
2020-03-24 06:00:00+00:00,0.0
2020-03-24 07:00:00+00:00,0.0
2020-03-24 08:00:00+00:00,0.0
2020-03-24 09:00:00+00:00,0.0
2020-03-24 10:00:00+00:00,0.0
2020-03-24 11:00:00+00:00,0.0
2020-03-24 12:00:00+00:00,0.0
2020-03-24 13:00:00+00:00,0.0
2020-03-24 14:00:00+00:00,0.0
2020-03-24 15:00:00+00:00,0.0
2020-03-24 16:00:00+00:00,0.0
2020-03-24 17:00:00+00:00,0.0
2020-03-24 18:00:00+00:00,0.0
2020-03-24 19:00:00+00:00,0.0
2020-03-24 20:00:00+00:00,0.0
2020-03-24 21:00:00+00:00,0.0
2020-03-24 22:00:00+00:00,0.0
2020-03-24 23:00:00+00:00,0.0
2020-03-25 00:00:00+00:00,0.0
2020-03-25 01:00:00+00:00,0.0
2020-03-25 02:00:00+00:00,0.0
2020-03-25 03:00:00+00:00,0.0
2020-03-25 04:00:00+00:00,0.0
2020-03-25 05:00:00+00:00,0.0
2020-03-25 06:00:00+00:00,0.0
2020-03-25 07:00:00+00:00,0.0
2020-03-25 08:00:00+00:00,0.0
2020-03-25 09:00:00+00:00,0.0
2020-03-25 10:00:00+00:00,0.0
2020-03-25 11:00:00+00:00,-0.6516879527466232
2020-03-25 12:00:00+00:00,0.0
2020-03-25 13:00:00+00:00,0.0
2020-03-25 14:00:00+00:00,0.0
2020-03-25 15:00:00+00:00,0.0
2020-03-25 16:00:00+00:00,0.0
2020-03-25 17:00:00+00:00,0.0
2020-03-25 18:00:00+00:00,0.0
2020-03-25 19:00:00+00:00,0.0
2020-03-25 20:00:00+00:00,0.0
2020-03-25 21:00:00+00:00,0.0
2020-03-25 22:00:00+00:00,0.0
2020-03-25 23:00:00+00:00,0.0
2020-03-26 00:00:00+00:00,0.0
2020-03-26 01:00:00+00:00,0.0
2020-03-26 02:00:00+00:00,0.0
2020-03-26 03:00:00+00:00,0.0
2020-03-26 04:00:00+00:00,0.0
2020-03-26 05:00:00+00:00,0.0
2020-03-26 06:00:00+00:00,0.0
2020-03-26 07:00:00+00:00,0.0
2020-03-26 08:00:00+00:00,0.0
2020-03-26 09:00:00+00:00,0.0
2020-03-26 10:00:00+00:00,0.0
2020-03-26 11:00:00+00:00,0.0
2020-03-26 12:00:00+00:00,0.0
2020-03-26 13:00:00+00:00,0.0
2020-03-26 14:00:00+00:00,0.0
2020-03-26 15:00:00+00:00,0.0
2020-03-26 16:00:00+00:00,0.0
2020-03-26 17:00:00+00:00,0.0
2020-03-26 18:00:00+00:00,0.0
2020-03-26 19:00:00+00:00,0.0
2020-03-26 20:00:00+00:00,0.0
2020-03-26 21:00:00+00:00,0.0
2020-03-26 22:00:00+00:00,0.0
2020-03-26 23:00:00+00:00,0.0
2020-03-27 00:00:00+00:00,0.0
2020-03-27 01:00:00+00:00,0.0
2020-03-27 02:00:00+00:00,0.0
2020-03-27 03:00:00+00:00,0.0
2020-03-27 04:00:00+00:00,0.0
2020-03-27 05:00:00+00:00,0.0
2020-03-27 06:00:00+00:00,0.0
2020-03-27 07:00:00+00:00,0.0
2020-03-27 08:00:00+00:00,0.0
2020-03-27 09:00:00+00:00,0.0
2020-03-27 10:00:00+00:00,0.0
2020-03-27 11:00:00+00:00,0.0
2020-03-27 12:00:00+00:00,0.0
2020-03-27 13:00:00+00:00,0.0
2020-03-27 14:00:00+00:00,0.0
2020-03-27 15:00:00+00:00,0.0
2020-03-27 16:00:00+00:00,0.0
2020-03-27 17:00:00+00:00,0.0
2020-03-27 18:00:00+00:00,0.0
2020-03-27 19:00:00+00:00,0.0
2020-03-27 20:00:00+00:00,0.0
2020-03-27 21:00:00+00:00,0.0
2020-03-27 22:00:00+00:00,0.0
2020-03-27 23:00:00+00:00,0.0
2020-03-28 00:00:00+00:00,0.0
2020-03-28 01:00:00+00:00,0.0
2020-03-28 02:00:00+00:00,0.0
2020-03-28 03:00:00+00:00,0.0
2020-03-28 04:00:00+00:00,0.0
2020-03-28 05:00:00+00:00,0.0
2020-03-28 06:00:00+00:00,0.0
2020-03-28 07:00:00+00:00,0.0
2020-03-28 08:00:00+00:00,0.0
2020-03-28 09:00:00+00:00,0.0
2020-03-28 10:00:00+00:00,0.0
2020-03-28 11:00:00+00:00,0.0
2020-03-28 12:00:00+00:00,0.0
2020-03-28 13:00:00+00:00,0.0
2020-03-28 14:00:00+00:00,0.0
2020-03-28 15:00:00+00:00,0.0
2020-03-28 16:00:00+00:00,0.0
2020-03-28 17:00:00+00:00,0.0
2020-03-28 18:00:00+00:00,0.0
2020-03-28 19:00:00+00:00,0.0
2020-03-28 20:00:00+00:00,0.0
2020-03-28 21:00:00+00:00,0.0
2020-03-28 22:00:00+00:00,-1.8262993296673211
2020-03-28 23:00:00+00:00,-0.0
2020-03-29 00:00:00+00:00,-0.0
2020-03-29 01:00:00+00:00,-0.0
2020-03-29 02:00:00+00:00,-0.0
2020-03-29 03:00:00+00:00,-0.0
2020-03-29 04:00:00+00:00,-0.0
2020-03-29 05:00:00+00:00,-0.0
2020-03-29 06:00:00+00:00,-0.0
2020-03-29 07:00:00+00:00,-0.0
2020-03-29 08:00:00+00:00,-0.0
2020-03-29 09:00:00+00:00,-0.0
2020-03-29 10:00:00+00:00,-0.0
2020-03-29 11:00:00+00:00,-0.0
2020-03-29 12:00:00+00:00,-0.0
2020-03-29 13:00:00+00:00,-0.0
2020-03-29 14:00:00+00:00,-0.0
2020-03-29 15:00:00+00:00,-0.0
2020-03-29 16:00:00+00:00,-0.0
2020-03-29 17:00:00+00:00,-0.0
2020-03-29 18:00:00+00:00,-0.0
2020-03-29 19:00:00+00:00,-0.0
2020-03-29 20:00:00+00:00,-0.0
2020-03-29 21:00:00+00:00,-0.0
2020-03-29 22:00:00+00:00,-0.0
2020-03-29 23:00:00+00:00,-0.0
2020-03-30 00:00:00+00:00,-0.0
2020-03-30 01:00:00+00:00,-0.0
2020-03-30 02:00:00+00:00,-0.0
2020-03-30 03:00:00+00:00,-0.0
2020-03-30 04:00:00+00:00,-0.0
2020-03-30 05:00:00+00:00,-0.0
2020-03-30 06:00:00+00:00,-0.0
2020-03-30 07:00:00+00:00,-0.0
2020-03-30 08:00:00+00:00,-0.0
2020-03-30 09:00:00+00:00,-0.0
2020-03-30 10:00:00+00:00,-0.0
2020-03-30 11:00:00+00:00,-0.0
2020-03-30 12:00:00+00:00,-0.0
2020-03-30 13:00:00+00:00,-0.0
2020-03-30 14:00:00+00:00,-0.0
2020-03-30 15:00:00+00:00,-0.0
2020-03-30 16:00:00+00:00,-0.0
2020-03-30 17:00:00+00:00,-0.0
2020-03-30 18:00:00+00:00,-0.0
2020-03-30 19:00:00+00:00,-0.0
2020-03-30 20:00:00+00:00,-0.0
2020-03-30 21:00:00+00:00,-0.0
2020-03-30 22:00:00+00:00,-0.030874907146839194
2020-03-30 23:00:00+00:00,-0.0
2020-03-31 00:00:00+00:00,-0.0
2020-03-31 01:00:00+00:00,-0.0
2020-03-31 02:00:00+00:00,-0.0
2020-03-31 03:00:00+00:00,-0.0
2020-03-31 04:00:00+00:00,1.045985593523265
2020-03-31 05:00:00+00:00,-0.0
2020-03-31 06:00:00+00:00,-0.0
2020-03-31 07:00:00+00:00,-0.0
2020-03-31 08:00:00+00:00,-0.0
2020-03-31 09:00:00+00:00,-0.0
2020-03-31 10:00:00+00:00,-0.0
2020-03-31 11:00:00+00:00,0.23472918267133563
2020-03-31 12:00:00+00:00,-0.0
2020-03-31 13:00:00+00:00,-0.0
2020-03-31 14:00:00+00:00,-0.0
2020-03-31 15:00:00+00:00,-0.0
2020-03-31 16:00:00+00:00,-0.0
2020-03-31 17:00:00+00:00,-0.0
2020-03-31 18:00:00+00:00,-0.0
2020-03-31 19:00:00+00:00,-0.0
2020-03-31 20:00:00+00:00,-0.0
2020-03-31 21:00:00+00:00,-0.0
2020-03-31 22:00:00+00:00,-0.0
2020-03-31 23:00:00+00:00,-0.0
2020-04-01 00:00:00+00:00,-0.0
2020-04-01 01:00:00+00:00,-0.0
2020-04-01 02:00:00+00:00,-0.0
2020-04-01 03:00:00+00:00,-0.0
2020-04-01 04:00:00+00:00,-0.0
2020-04-01 05:00:00+00:00,-0.0
2020-04-01 06:00:00+00:00,-0.0
2020-04-01 07:00:00+00:00,-0.0
2020-04-01 08:00:00+00:00,-0.0
2020-04-01 09:00:00+00:00,-0.0
2020-04-01 10:00:00+00:00,-0.0
2020-04-01 11:00:00+00:00,-0.0
2020-04-01 12:00:00+00:00,-0.0
2020-04-01 13:00:00+00:00,-0.0
2020-04-01 14:00:00+00:00,-0.0
2020-04-01 15:00:00+00:00,-0.0
2020-04-01 16:00:00+00:00,-0.0
2020-04-01 17:00:00+00:00,-0.0
2020-04-01 18:00:00+00:00,-0.0
2020-04-01 19:00:00+00:00,-0.0
2020-04-01 20:00:00+00:00,-0.0
2020-04-01 21:00:00+00:00,-0.0
2020-04-01 22:00:00+00:00,-0.0
2020-04-01 23:00:00+00:00,-0.0
2020-04-02 00:00:00+00:00,-0.0
2020-04-02 01:00:00+00:00,-0.0
2020-04-02 02:00:00+00:00,-0.0
2020-04-02 03:00:00+00:00,-0.0
2020-04-02 04:00:00+00:00,-0.0
2020-04-02 05:00:00+00:00,-0.0
2020-04-02 06:00:00+00:00,-0.0
2020-04-02 07:00:00+00:00,-0.0
2020-04-02 08:00:00+00:00,-0.0
2020-04-02 09:00:00+00:00,-0.0
2020-04-02 10:00:00+00:00,-0.0
2020-04-02 11:00:00+00:00,-0.0
2020-04-02 12:00:00+00:00,-0.0
2020-04-02 13:00:00+00:00,-0.0
2020-04-02 14:00:00+00:00,-0.0
2020-04-02 15:00:00+00:00,-0.0
2020-04-02 16:00:00+00:00,-0.552099984956612
2020-04-02 17:00:00+00:00,-0.0
2020-04-02 18:00:00+00:00,0.694229887438364
2020-04-02 19:00:00+00:00,-0.0
2020-04-02 20:00:00+00:00,0.6263760331003217
2020-04-02 21:00:00+00:00,-0.0
2020-04-02 22:00:00+00:00,-0.0
2020-04-02 23:00:00+00:00,0.21927038623463957
2020-04-03 00:00:00+00:00,-0.0
2020-04-03 01:00:00+00:00,-0.0
2020-04-03 02:00:00+00:00,-0.0
2020-04-03 03:00:00+00:00,-0.0
2020-04-03 04:00:00+00:00,-0.0
2020-04-03 05:00:00+00:00,-0.0
2020-04-03 06:00:00+00:00,-0.0
2020-04-03 07:00:00+00:00,-0.0
2020-04-03 08:00:00+00:00,-0.0
2020-04-03 09:00:00+00:00,-0.0
2020-04-03 10:00:00+00:00,-0.0
2020-04-03 11:00:00+00:00,-0.0
2020-04-03 12:00:00+00:00,-0.0
2020-04-03 13:00:00+00:00,-0.0
2020-04-03 14:00:00+00:00,-0.0
2020-04-03 15:00:00+00:00,-0.0
2020-04-03 16:00:00+00:00,-0.0
2020-04-03 17:00:00+00:00,-0.0
2020-04-03 18:00:00+00:00,-0.0
2020-04-03 19:00:00+00:00,-0.0
2020-04-03 20:00:00+00:00,-0.0
2020-04-03 21:00:00+00:00,-0.0
2020-04-03 22:00:00+00:00,-0.0
2020-04-03 23:00:00+00:00,-0.0
2020-04-04 00:00:00+00:00,-0.0
2020-04-04 01:00:00+00:00,-0.0
2020-04-04 02:00:00+00:00,-0.0
2020-04-04 03:00:00+00:00,-0.0
2020-04-04 04:00:00+00:00,-0.0
2020-04-04 05:00:00+00:00,-0.0
2020-04-04 06:00:00+00:00,-0.0
2020-04-04 07:00:00+00:00,-0.0
2020-04-04 08:00:00+00:00,-0.0
2020-04-04 09:00:00+00:00,-0.0
2020-04-04 10:00:00+00:00,-0.0
2020-04-04 11:00:00+00:00,-0.0
2020-04-04 12:00:00+00:00,-0.0
2020-04-04 13:00:00+00:00,-0.0
2020-04-04 14:00:00+00:00,-0.0
2020-04-04 15:00:00+00:00,-0.0
2020-04-04 16:00:00+00:00,-0.0
2020-04-04 17:00:00+00:00,-0.0
2020-04-04 18:00:00+00:00,-0.0
2020-04-04 19:00:00+00:00,-0.0
2020-04-04 20:00:00+00:00,-0.0
2020-04-04 21:00:00+00:00,-0.0
2020-04-04 22:00:00+00:00,-0.0
2020-04-04 23:00:00+00:00,-0.0
2020-04-05 00:00:00+00:00,-0.0
2020-04-05 01:00:00+00:00,-0.0
2020-04-05 02:00:00+00:00,-0.0
2020-04-05 03:00:00+00:00,-0.0
2020-04-05 04:00:00+00:00,-0.0
2020-04-05 05:00:00+00:00,-0.0
2020-04-05 06:00:00+00:00,-0.0
2020-04-05 07:00:00+00:00,-0.0
2020-04-05 08:00:00+00:00,-0.0
2020-04-05 09:00:00+00:00,-0.0
2020-04-05 10:00:00+00:00,-0.0
2020-04-05 11:00:00+00:00,-0.0
2020-04-05 12:00:00+00:00,-0.0
2020-04-05 13:00:00+00:00,-0.0
2020-04-05 14:00:00+00:00,-0.0
2020-04-05 15:00:00+00:00,-0.0
2020-04-05 16:00:00+00:00,-0.0
2020-04-05 17:00:00+00:00,-0.0
2020-04-05 18:00:00+00:00,-0.0
2020-04-05 19:00:00+00:00,-0.0
2020-04-05 20:00:00+00:00,-0.0
2020-04-05 21:00:00+00:00,-0.0
2020-04-05 22:00:00+00:00,-0.0
2020-04-05 23:00:00+00:00,-0.0
2020-04-06 00:00:00+00:00,-0.0
2020-04-06 01:00:00+00:00,-0.0
2020-04-06 02:00:00+00:00,-0.0
2020-04-06 03:00:00+00:00,-0.0
2020-04-06 04:00:00+00:00,-0.0
2020-04-06 05:00:00+00:00,-0.0
2020-04-06 06:00:00+00:00,-0.0
2020-04-06 07:00:00+00:00,0.09610377362450319
2020-04-06 08:00:00+00:00,-0.0
2020-04-06 09:00:00+00:00,-0.0
2020-04-06 10:00:00+00:00,-0.0
2020-04-06 11:00:00+00:00,-0.0
2020-04-06 12:00:00+00:00,-0.0
2020-04-06 13:00:00+00:00,-0.0
2020-04-06 14:00:00+00:00,-0.0
2020-04-06 15:00:00+00:00,-0.7740667535482062
2020-04-06 16:00:00+00:00,-0.0
2020-04-06 17:00:00+00:00,-0.0
2020-04-06 18:00:00+00:00,-0.0
2020-04-06 19:00:00+00:00,-0.0
2020-04-06 20:00:00+00:00,-0.0
2020-04-06 21:00:00+00:00,-0.0
2020-04-06 22:00:00+00:00,-0.0
2020-04-06 23:00:00+00:00,-0.0
2020-04-07 00:00:00+00:00,-0.0
2020-04-07 01:00:00+00:00,-0.0
2020-04-07 02:00:00+00:00,-0.0
2020-04-07 03:00:00+00:00,-0.0
2020-04-07 04:00:00+00:00,-0.0
2020-04-07 05:00:00+00:00,-0.0
2020-04-07 06:00:00+00:00,-0.0
2020-04-07 07:00:00+00:00,-0.0
2020-04-07 08:00:00+00:00,-0.0
2020-04-07 09:00:00+00:00,-0.0
2020-04-07 10:00:00+00:00,-3.9032467560943016
2020-04-07 11:00:00+00:00,0.0
2020-04-07 12:00:00+00:00,-0.8055283384099381
2020-04-07 13:00:00+00:00,0.0
2020-04-07 14:00:00+00:00,0.0
2020-04-07 15:00:00+00:00,0.0
2020-04-07 16:00:00+00:00,0.0
2020-04-07 17:00:00+00:00,0.0
2020-04-07 18:00:00+00:00,0.0
2020-04-07 19:00:00+00:00,0.0
2020-04-07 20:00:00+00:00,-4.554578538707289
2020-04-07 21:00:00+00:00,-0.0
2020-04-07 22:00:00+00:00,-0.0
2020-04-07 23:00:00+00:00,-0.0
2020-04-08 00:00:00+00:00,-0.0
2020-04-08 01:00:00+00:00,-0.0
2020-04-08 02:00:00+00:00,-0.0
2020-04-08 03:00:00+00:00,-0.0
2020-04-08 04:00:00+00:00,-0.0
2020-04-08 05:00:00+00:00,-0.0
2020-04-08 06:00:00+00:00,-0.0
2020-04-08 07:00:00+00:00,-0.0
2020-04-08 08:00:00+00:00,-0.0
2020-04-08 09:00:00+00:00,-0.0
2020-04-08 10:00:00+00:00,-0.0
2020-04-08 11:00:00+00:00,-0.0
2020-04-08 12:00:00+00:00,-0.0
2020-04-08 13:00:00+00:00,-0.0
2020-04-08 14:00:00+00:00,-0.0
2020-04-08 15:00:00+00:00,-0.0
2020-04-08 16:00:00+00:00,-0.0
2020-04-08 17:00:00+00:00,-0.0
2020-04-08 18:00:00+00:00,-0.0
2020-04-08 19:00:00+00:00,-0.0
2020-04-08 20:00:00+00:00,-0.0
2020-04-08 21:00:00+00:00,-0.0
2020-04-08 22:00:00+00:00,-0.0
2020-04-08 23:00:00+00:00,-0.0
2020-04-09 00:00:00+00:00,-0.0
2020-04-09 01:00:00+00:00,-0.0
2020-04-09 02:00:00+00:00,-0.0
2020-04-09 03:00:00+00:00,-0.0
2020-04-09 04:00:00+00:00,-0.0
2020-04-09 05:00:00+00:00,-0.0
2020-04-09 06:00:00+00:00,-0.0
2020-04-09 07:00:00+00:00,-0.0
2020-04-09 08:00:00+00:00,-0.0
2020-04-09 09:00:00+00:00,-0.0
2020-04-09 10:00:00+00:00,-0.0
2020-04-09 11:00:00+00:00,-0.0
2020-04-09 12:00:00+00:00,-0.0
2020-04-09 13:00:00+00:00,-0.0
2020-04-09 14:00:00+00:00,-0.0
2020-04-09 15:00:00+00:00,-0.0
2020-04-09 16:00:00+00:00,-0.0
2020-04-09 17:00:00+00:00,-0.0
2020-04-09 18:00:00+00:00,-0.0
2020-04-09 19:00:00+00:00,-0.0
2020-04-09 20:00:00+00:00,-0.0
2020-04-09 21:00:00+00:00,-0.0
2020-04-09 22:00:00+00:00,-0.0
2020-04-09 23:00:00+00:00,-0.0
2020-04-10 00:00:00+00:00,-0.0
2020-04-10 01:00:00+00:00,-0.0
2020-04-10 02:00:00+00:00,-0.0
2020-04-10 03:00:00+00:00,-0.0
2020-04-10 04:00:00+00:00,-0.0
2020-04-10 05:00:00+00:00,-0.0
2020-04-10 06:00:00+00:00,-0.0
2020-04-10 07:00:00+00:00,-0.0
2020-04-10 08:00:00+00:00,-0.0
2020-04-10 09:00:00+00:00,-0.0
2020-04-10 10:00:00+00:00,-0.0
2020-04-10 11:00:00+00:00,-0.0
2020-04-10 12:00:00+00:00,-0.0
2020-04-10 13:00:00+00:00,-0.0
2020-04-10 14:00:00+00:00,-0.0
2020-04-10 15:00:00+00:00,-0.0
2020-04-10 16:00:00+00:00,-0.0
2020-04-10 17:00:00+00:00,-0.0
2020-04-10 18:00:00+00:00,-0.0
2020-04-10 19:00:00+00:00,-0.0
2020-04-10 20:00:00+00:00,-0.0
2020-04-10 21:00:00+00:00,-0.0
2020-04-10 22:00:00+00:00,-0.0
2020-04-10 23:00:00+00:00,-0.0
2020-04-11 00:00:00+00:00,-0.0
2020-04-11 01:00:00+00:00,-0.0
2020-04-11 02:00:00+00:00,-0.0
2020-04-11 03:00:00+00:00,-0.0
2020-04-11 04:00:00+00:00,-0.0
2020-04-11 05:00:00+00:00,-0.0
2020-04-11 06:00:00+00:00,-0.0
2020-04-11 07:00:00+00:00,-0.0
2020-04-11 08:00:00+00:00,-0.0
2020-04-11 09:00:00+00:00,-0.0
2020-04-11 10:00:00+00:00,-0.0
2020-04-11 11:00:00+00:00,-0.0
2020-04-11 12:00:00+00:00,-0.0
2020-04-11 13:00:00+00:00,-0.0
2020-04-11 14:00:00+00:00,-0.0
2020-04-11 15:00:00+00:00,-0.0
2020-04-11 16:00:00+00:00,-0.0
2020-04-11 17:00:00+00:00,-0.0
2020-04-11 18:00:00+00:00,-0.0
2020-04-11 19:00:00+00:00,-0.0
2020-04-11 20:00:00+00:00,-0.0
2020-04-11 21:00:00+00:00,-0.0
2020-04-11 22:00:00+00:00,-0.0
2020-04-11 23:00:00+00:00,-0.0
2020-04-12 00:00:00+00:00,-0.0
2020-04-12 01:00:00+00:00,-0.0
2020-04-12 02:00:00+00:00,-0.0
2020-04-12 03:00:00+00:00,-0.0
2020-04-12 04:00:00+00:00,-0.0
2020-04-12 05:00:00+00:00,-0.0
2020-04-12 06:00:00+00:00,-0.0
2020-04-12 07:00:00+00:00,-0.0
2020-04-12 08:00:00+00:00,-0.0
2020-04-12 09:00:00+00:00,-0.0
2020-04-12 10:00:00+00:00,-0.0
2020-04-12 11:00:00+00:00,-0.0
2020-04-12 12:00:00+00:00,-0.0
2020-04-12 13:00:00+00:00,-0.0
2020-04-12 14:00:00+00:00,-0.0
2020-04-12 15:00:00+00:00,-0.0
2020-04-12 16:00:00+00:00,-0.0
2020-04-12 17:00:00+00:00,-0.0
2020-04-12 18:00:00+00:00,-0.0
2020-04-12 19:00:00+00:00,-0.0
2020-04-12 20:00:00+00:00,-0.0
2020-04-12 21:00:00+00:00,-0.0
2020-04-12 22:00:00+00:00,-0.0
2020-04-12 23:00:00+00:00,-0.0
2020-04-13 00:00:00+00:00,-0.0
2020-04-13 01:00:00+00:00,-0.0
2020-04-13 02:00:00+00:00,-0.0
2020-04-13 03:00:00+00:00,-0.0
2020-04-13 04:00:00+00:00,-0.0
2020-04-13 05:00:00+00:00,-0.0
2020-04-13 06:00:00+00:00,-0.0
2020-04-13 07:00:00+00:00,-0.0
2020-04-13 08:00:00+00:00,-0.0
2020-04-13 09:00:00+00:00,-0.0
2020-04-13 10:00:00+00:00,-0.0
2020-04-13 11:00:00+00:00,-0.0
2020-04-13 12:00:00+00:00,-0.0
2020-04-13 13:00:00+00:00,-0.0
2020-04-13 14:00:00+00:00,-0.0
2020-04-13 15:00:00+00:00,-0.0
2020-04-13 16:00:00+00:00,-0.0
2020-04-13 17:00:00+00:00,-0.0
2020-04-13 18:00:00+00:00,-0.0
2020-04-13 19:00:00+00:00,-0.0
2020-04-13 20:00:00+00:00,-0.0
2020-04-13 21:00:00+00:00,-0.0
2020-04-13 22:00:00+00:00,-0.0
2020-04-13 23:00:00+00:00,-0.0
2020-04-14 00:00:00+00:00,-0.0
2020-04-14 01:00:00+00:00,-0.0
2020-04-14 02:00:00+00:00,-0.0
2020-04-14 03:00:00+00:00,-0.0
2020-04-14 04:00:00+00:00,-0.0
2020-04-14 05:00:00+00:00,-0.0
2020-04-14 06:00:00+00:00,-0.0
2020-04-14 07:00:00+00:00,-0.0
2020-04-14 08:00:00+00:00,-0.0
2020-04-14 09:00:00+00:00,-0.0
2020-04-14 10:00:00+00:00,-0.0
2020-04-14 11:00:00+00:00,-0.0
2020-04-14 12:00:00+00:00,-1.5315394857417406
2020-04-14 13:00:00+00:00,0.0
2020-04-14 14:00:00+00:00,0.0
2020-04-14 15:00:00+00:00,0.0
2020-04-14 16:00:00+00:00,0.0
2020-04-14 17:00:00+00:00,0.0
2020-04-14 18:00:00+00:00,0.0
2020-04-14 19:00:00+00:00,0.0
2020-04-14 20:00:00+00:00,0.0
2020-04-14 21:00:00+00:00,0.0
2020-04-14 22:00:00+00:00,0.0
2020-04-14 23:00:00+00:00,0.0
2020-04-15 00:00:00+00:00,0.0
2020-04-15 01:00:00+00:00,0.0
2020-04-15 02:00:00+00:00,0.0
2020-04-15 03:00:00+00:00,0.0
2020-04-15 04:00:00+00:00,0.0
2020-04-15 05:00:00+00:00,0.0
2020-04-15 06:00:00+00:00,0.0
2020-04-15 07:00:00+00:00,0.0
2020-04-15 08:00:00+00:00,0.0
2020-04-15 09:00:00+00:00,0.0
2020-04-15 10:00:00+00:00,0.0
2020-04-15 11:00:00+00:00,0.0
2020-04-15 12:00:00+00:00,-2.4008180228089744
2020-04-15 13:00:00+00:00,-0.0
2020-04-15 14:00:00+00:00,-0.0
2020-04-15 15:00:00+00:00,-0.0
2020-04-15 16:00:00+00:00,-0.0
2020-04-15 17:00:00+00:00,-0.0
2020-04-15 18:00:00+00:00,-0.0
2020-04-15 19:00:00+00:00,-0.0
2020-04-15 20:00:00+00:00,-0.0
2020-04-15 21:00:00+00:00,-0.0
2020-04-15 22:00:00+00:00,-0.0
2020-04-15 23:00:00+00:00,-0.0
2020-04-16 00:00:00+00:00,-0.0
2020-04-16 01:00:00+00:00,-0.0
2020-04-16 02:00:00+00:00,-0.0
2020-04-16 03:00:00+00:00,-0.0
2020-04-16 04:00:00+00:00,-0.0
2020-04-16 05:00:00+00:00,-0.0
2020-04-16 06:00:00+00:00,-0.0
2020-04-16 07:00:00+00:00,-0.0
2020-04-16 08:00:00+00:00,-0.0
2020-04-16 09:00:00+00:00,-0.0
2020-04-16 10:00:00+00:00,-0.0
2020-04-16 11:00:00+00:00,-0.0
2020-04-16 12:00:00+00:00,-0.0
2020-04-16 13:00:00+00:00,-0.0
2020-04-16 14:00:00+00:00,-0.0
2020-04-16 15:00:00+00:00,-0.0
2020-04-16 16:00:00+00:00,-0.0
2020-04-16 17:00:00+00:00,-0.0
2020-04-16 18:00:00+00:00,-0.0
2020-04-16 19:00:00+00:00,-0.0
2020-04-16 20:00:00+00:00,-0.0
2020-04-16 21:00:00+00:00,-0.0
2020-04-16 22:00:00+00:00,-0.0
2020-04-16 23:00:00+00:00,-0.0
2020-04-17 00:00:00+00:00,-0.0
2020-04-17 01:00:00+00:00,-0.0
2020-04-17 02:00:00+00:00,-0.0
2020-04-17 03:00:00+00:00,-0.0
2020-04-17 04:00:00+00:00,-0.0
2020-04-17 05:00:00+00:00,-0.0
2020-04-17 06:00:00+00:00,-0.0
2020-04-17 07:00:00+00:00,-0.0
2020-04-17 08:00:00+00:00,-0.0
2020-04-17 09:00:00+00:00,-0.0
2020-04-17 10:00:00+00:00,-0.0
2020-04-17 11:00:00+00:00,-0.0
2020-04-17 12:00:00+00:00,-0.0
2020-04-17 13:00:00+00:00,-0.0
2020-04-17 14:00:00+00:00,-0.0
2020-04-17 15:00:00+00:00,-0.0
2020-04-17 16:00:00+00:00,-0.0
2020-04-17 17:00:00+00:00,-0.0
2020-04-17 18:00:00+00:00,-0.0
2020-04-17 19:00:00+00:00,-0.0
2020-04-17 20:00:00+00:00,-0.0
2020-04-17 21:00:00+00:00,-0.0
2020-04-17 22:00:00+00:00,-0.0
2020-04-17 23:00:00+00:00,-0.0
2020-04-18 00:00:00+00:00,-0.0
2020-04-18 01:00:00+00:00,-0.0
2020-04-18 02:00:00+00:00,-0.0
2020-04-18 03:00:00+00:00,-0.0
2020-04-18 04:00:00+00:00,-0.0
2020-04-18 05:00:00+00:00,-0.0
2020-04-18 06:00:00+00:00,-0.0
2020-04-18 07:00:00+00:00,-0.0
2020-04-18 08:00:00+00:00,-0.0
2020-04-18 09:00:00+00:00,-0.0
2020-04-18 10:00:00+00:00,-0.0
2020-04-18 11:00:00+00:00,-0.0
2020-04-18 12:00:00+00:00,-0.0
2020-04-18 13:00:00+00:00,-0.0
2020-04-18 14:00:00+00:00,-0.0
2020-04-18 15:00:00+00:00,-0.0
2020-04-18 16:00:00+00:00,-0.0
2020-04-18 17:00:00+00:00,-0.0
2020-04-18 18:00:00+00:00,-0.0
2020-04-18 19:00:00+00:00,-0.0
2020-04-18 20:00:00+00:00,-0.0
2020-04-18 21:00:00+00:00,-0.0
2020-04-18 22:00:00+00:00,-0.0
2020-04-18 23:00:00+00:00,-0.0
2020-04-19 00:00:00+00:00,-0.0
2020-04-19 01:00:00+00:00,-0.0
2020-04-19 02:00:00+00:00,-0.0
2020-04-19 03:00:00+00:00,-0.0
2020-04-19 04:00:00+00:00,-0.0
2020-04-19 05:00:00+00:00,-0.0
2020-04-19 06:00:00+00:00,-0.0
2020-04-19 07:00:00+00:00,-0.0
2020-04-19 08:00:00+00:00,-0.0
2020-04-19 09:00:00+00:00,-0.0
2020-04-19 10:00:00+00:00,-0.0
2020-04-19 11:00:00+00:00,-0.0
2020-04-19 12:00:00+00:00,-0.0
2020-04-19 13:00:00+00:00,-0.0
2020-04-19 14:00:00+00:00,-0.0
2020-04-19 15:00:00+00:00,-0.0
2020-04-19 16:00:00+00:00,-0.0
2020-04-19 17:00:00+00:00,-0.0
2020-04-19 18:00:00+00:00,-0.0
2020-04-19 19:00:00+00:00,-0.0
2020-04-19 20:00:00+00:00,-0.0
2020-04-19 21:00:00+00:00,-0.0
2020-04-19 22:00:00+00:00,-0.0
2020-04-19 23:00:00+00:00,-0.0
2020-04-20 00:00:00+00:00,-0.0
2020-04-20 01:00:00+00:00,-0.0
2020-04-20 02:00:00+00:00,-0.0
2020-04-20 03:00:00+00:00,-0.0
2020-04-20 04:00:00+00:00,-0.0
2020-04-20 05:00:00+00:00,-0.0
2020-04-20 06:00:00+00:00,-0.0
2020-04-20 07:00:00+00:00,-0.0
2020-04-20 08:00:00+00:00,-0.0
2020-04-20 09:00:00+00:00,-0.0
2020-04-20 10:00:00+00:00,-0.0
2020-04-20 11:00:00+00:00,-0.0
2020-04-20 12:00:00+00:00,-0.0
2020-04-20 13:00:00+00:00,-0.0
2020-04-20 14:00:00+00:00,-0.0
2020-04-20 15:00:00+00:00,-0.0
2020-04-20 16:00:00+00:00,-0.0
2020-04-20 17:00:00+00:00,-0.0
2020-04-20 18:00:00+00:00,-0.0
2020-04-20 19:00:00+00:00,-0.0
2020-04-20 20:00:00+00:00,-0.0
2020-04-20 21:00:00+00:00,-0.0
2020-04-20 22:00:00+00:00,-0.0
2020-04-20 23:00:00+00:00,-0.0
2020-04-21 00:00:00+00:00,-0.0
2020-04-21 01:00:00+00:00,-0.0
2020-04-21 02:00:00+00:00,-0.0
2020-04-21 03:00:00+00:00,-0.0
2020-04-21 04:00:00+00:00,-0.0
2020-04-21 05:00:00+00:00,-0.0
2020-04-21 06:00:00+00:00,-0.0
2020-04-21 07:00:00+00:00,-0.0
2020-04-21 08:00:00+00:00,-0.0
2020-04-21 09:00:00+00:00,-0.0
2020-04-21 10:00:00+00:00,-0.0
2020-04-21 11:00:00+00:00,-0.0
2020-04-21 12:00:00+00:00,-0.0
2020-04-21 13:00:00+00:00,-0.0
2020-04-21 14:00:00+00:00,-0.0
2020-04-21 15:00:00+00:00,-0.0
2020-04-21 16:00:00+00:00,-0.0
2020-04-21 17:00:00+00:00,-0.0
2020-04-21 18:00:00+00:00,-0.0
2020-04-21 19:00:00+00:00,-0.0
2020-04-21 20:00:00+00:00,-0.0
2020-04-21 21:00:00+00:00,-0.0
2020-04-21 22:00:00+00:00,-0.0
2020-04-21 23:00:00+00:00,-0.0
2020-04-22 00:00:00+00:00,-0.0
2020-04-22 01:00:00+00:00,-0.0
2020-04-22 02:00:00+00:00,-0.0
2020-04-22 03:00:00+00:00,-0.0
2020-04-22 04:00:00+00:00,-0.0
2020-04-22 05:00:00+00:00,-0.0
2020-04-22 06:00:00+00:00,-0.0
2020-04-22 07:00:00+00:00,-0.0
2020-04-22 08:00:00+00:00,-0.0
2020-04-22 09:00:00+00:00,-0.0
2020-04-22 10:00:00+00:00,-0.0
2020-04-22 11:00:00+00:00,-0.0
2020-04-22 12:00:00+00:00,-0.0
2020-04-22 13:00:00+00:00,-1.5457557970391558
2020-04-22 14:00:00+00:00,0.0
2020-04-22 15:00:00+00:00,0.0
2020-04-22 16:00:00+00:00,0.0
2020-04-22 17:00:00+00:00,0.0
2020-04-22 18:00:00+00:00,-0.9094017514469822
2020-04-22 19:00:00+00:00,0.0
2020-04-22 20:00:00+00:00,0.0
2020-04-22 21:00:00+00:00,0.0
2020-04-22 22:00:00+00:00,0.0
2020-04-22 23:00:00+00:00,0.0
2020-04-23 00:00:00+00:00,0.0
2020-04-23 01:00:00+00:00,0.0
2020-04-23 02:00:00+00:00,0.0
2020-04-23 03:00:00+00:00,0.0
2020-04-23 04:00:00+00:00,0.0
2020-04-23 05:00:00+00:00,0.0
2020-04-23 06:00:00+00:00,-16.566706086056165
2020-04-23 07:00:00+00:00,-0.0
2020-04-23 08:00:00+00:00,-0.0
2020-04-23 09:00:00+00:00,-0.0
2020-04-23 10:00:00+00:00,-0.0
2020-04-23 11:00:00+00:00,-0.0
2020-04-23 12:00:00+00:00,-0.0
2020-04-23 13:00:00+00:00,-0.0
2020-04-23 14:00:00+00:00,-0.0
2020-04-23 15:00:00+00:00,-0.0
2020-04-23 16:00:00+00:00,0.9037797060311981
2020-04-23 17:00:00+00:00,-0.0
2020-04-23 18:00:00+00:00,-0.0
2020-04-23 19:00:00+00:00,-0.0
2020-04-23 20:00:00+00:00,-0.0
2020-04-23 21:00:00+00:00,-0.0
2020-04-23 22:00:00+00:00,-0.0
2020-04-23 23:00:00+00:00,0.038804657897898345
2020-04-24 00:00:00+00:00,-0.0
2020-04-24 01:00:00+00:00,-0.0
2020-04-24 02:00:00+00:00,-0.0
2020-04-24 03:00:00+00:00,-0.0
2020-04-24 04:00:00+00:00,-0.0
2020-04-24 05:00:00+00:00,-0.0
2020-04-24 06:00:00+00:00,-0.0
2020-04-24 07:00:00+00:00,-0.0
2020-04-24 08:00:00+00:00,-0.0
2020-04-24 09:00:00+00:00,-0.0
2020-04-24 10:00:00+00:00,-0.0
2020-04-24 11:00:00+00:00,-0.0
2020-04-24 12:00:00+00:00,-0.0
2020-04-24 13:00:00+00:00,-0.0
2020-04-24 14:00:00+00:00,-0.0
2020-04-24 15:00:00+00:00,-0.0
2020-04-24 16:00:00+00:00,-0.0
2020-04-24 17:00:00+00:00,-0.0
2020-04-24 18:00:00+00:00,-0.0
2020-04-24 19:00:00+00:00,-0.0
2020-04-24 20:00:00+00:00,-0.0
2020-04-24 21:00:00+00:00,-0.0
2020-04-24 22:00:00+00:00,-0.0
2020-04-24 23:00:00+00:00,-0.0
2020-04-25 00:00:00+00:00,-0.0
2020-04-25 01:00:00+00:00,-0.0
2020-04-25 04:00:00+00:00,-0.0
2020-04-25 05:00:00+00:00,-0.0
2020-04-25 06:00:00+00:00,-0.0
2020-04-25 07:00:00+00:00,-0.0
2020-04-25 08:00:00+00:00,-0.0
2020-04-25 09:00:00+00:00,-0.0
2020-04-25 10:00:00+00:00,-0.0
2020-04-25 11:00:00+00:00,-0.0
2020-04-25 12:00:00+00:00,-0.0
2020-04-25 13:00:00+00:00,-0.0
2020-04-25 14:00:00+00:00,-0.0
2020-04-25 15:00:00+00:00,-0.0
2020-04-25 16:00:00+00:00,-0.0
2020-04-25 17:00:00+00:00,-0.0
2020-04-25 18:00:00+00:00,-0.0
2020-04-25 19:00:00+00:00,-0.0
2020-04-25 20:00:00+00:00,-0.0
2020-04-25 21:00:00+00:00,-0.0
2020-04-25 22:00:00+00:00,-0.0
2020-04-25 23:00:00+00:00,-0.0
2020-04-26 00:00:00+00:00,-0.0
2020-04-26 01:00:00+00:00,-0.0
2020-04-26 02:00:00+00:00,-0.0
2020-04-26 03:00:00+00:00,-0.0
2020-04-26 04:00:00+00:00,-0.0
2020-04-26 05:00:00+00:00,0.994337583397667
2020-04-26 06:00:00+00:00,-0.0
2020-04-26 07:00:00+00:00,-0.0
2020-04-26 08:00:00+00:00,-0.0
2020-04-26 09:00:00+00:00,-0.0
2020-04-26 10:00:00+00:00,-0.0
2020-04-26 11:00:00+00:00,-0.0
2020-04-26 12:00:00+00:00,-0.0
2020-04-26 13:00:00+00:00,-0.0
2020-04-26 14:00:00+00:00,-0.0
2020-04-26 15:00:00+00:00,-0.0
2020-04-26 16:00:00+00:00,-0.0
2020-04-26 17:00:00+00:00,-0.0
2020-04-26 18:00:00+00:00,-0.0
2020-04-26 19:00:00+00:00,-0.0
2020-04-26 20:00:00+00:00,-0.0
2020-04-26 21:00:00+00:00,-0.0
2020-04-26 22:00:00+00:00,-0.0
2020-04-26 23:00:00+00:00,-0.0
2020-04-27 00:00:00+00:00,-0.0
2020-04-27 01:00:00+00:00,-0.0
2020-04-27 02:00:00+00:00,-0.0
2020-04-27 03:00:00+00:00,-0.0
2020-04-27 04:00:00+00:00,-0.0
2020-04-27 05:00:00+00:00,-0.0
2020-04-27 06:00:00+00:00,-0.0
2020-04-27 07:00:00+00:00,-0.0
2020-04-27 08:00:00+00:00,-0.0
2020-04-27 09:00:00+00:00,-0.0
2020-04-27 10:00:00+00:00,-0.0
2020-04-27 11:00:00+00:00,-0.0
2020-04-27 12:00:00+00:00,-0.0
2020-04-27 13:00:00+00:00,-0.0
2020-04-27 14:00:00+00:00,-0.0
2020-04-27 15:00:00+00:00,-0.0
2020-04-27 16:00:00+00:00,-0.0
2020-04-27 17:00:00+00:00,-0.0
2020-04-27 18:00:00+00:00,-0.0
2020-04-27 19:00:00+00:00,-0.0
2020-04-27 20:00:00+00:00,-0.0
2020-04-27 21:00:00+00:00,-0.0
2020-04-27 22:00:00+00:00,-0.0
2020-04-27 23:00:00+00:00,-0.0
2020-04-28 00:00:00+00:00,-0.0
2020-04-28 01:00:00+00:00,-0.0
2020-04-28 02:00:00+00:00,-0.0
2020-04-28 03:00:00+00:00,-0.0
2020-04-28 04:00:00+00:00,-0.0
2020-04-28 05:00:00+00:00,-0.0
2020-04-28 06:00:00+00:00,-0.0
2020-04-28 07:00:00+00:00,-0.0
2020-04-28 08:00:00+00:00,-0.0
2020-04-28 09:00:00+00:00,-0.0
2020-04-28 10:00:00+00:00,-0.0
2020-04-28 11:00:00+00:00,-0.0
2020-04-28 12:00:00+00:00,-0.0
2020-04-28 13:00:00+00:00,-0.0
2020-04-28 14:00:00+00:00,-0.0
2020-04-28 15:00:00+00:00,-0.0
2020-04-28 16:00:00+00:00,-0.0
2020-04-28 17:00:00+00:00,-0.0
2020-04-28 18:00:00+00:00,-0.0
2020-04-28 19:00:00+00:00,-0.0
2020-04-28 20:00:00+00:00,-0.0
2020-04-28 21:00:00+00:00,-0.0
2020-04-28 22:00:00+00:00,-0.0
2020-04-28 23:00:00+00:00,-0.0
2020-04-29 00:00:00+00:00,-0.0
2020-04-29 01:00:00+00:00,-0.0
2020-04-29 02:00:00+00:00,-0.0
2020-04-29 03:00:00+00:00,-0.0
2020-04-29 04:00:00+00:00,-0.0
2020-04-29 05:00:00+00:00,-0.0
2020-04-29 06:00:00+00:00,-0.0
2020-04-29 07:00:00+00:00,-0.0
2020-04-29 08:00:00+00:00,-0.0
2020-04-29 09:00:00+00:00,-0.0
2020-04-29 10:00:00+00:00,-0.0
2020-04-29 11:00:00+00:00,-0.0
2020-04-29 12:00:00+00:00,-0.0
2020-04-29 13:00:00+00:00,-0.0
2020-04-29 14:00:00+00:00,-0.0
2020-04-29 15:00:00+00:00,-0.0
2020-04-29 16:00:00+00:00,-0.0
2020-04-29 17:00:00+00:00,-0.0
2020-04-29 18:00:00+00:00,-0.0
2020-04-29 19:00:00+00:00,-0.0
2020-04-29 20:00:00+00:00,-0.0
2020-04-29 21:00:00+00:00,-0.0
2020-04-29 22:00:00+00:00,-0.0
2020-04-29 23:00:00+00:00,-0.0
2020-04-30 00:00:00+00:00,-0.0
2020-04-30 01:00:00+00:00,-0.0
2020-04-30 02:00:00+00:00,-0.0
2020-04-30 03:00:00+00:00,-0.0
2020-04-30 04:00:00+00:00,-0.0
2020-04-30 05:00:00+00:00,-0.0
2020-04-30 06:00:00+00:00,-0.0
2020-04-30 07:00:00+00:00,-0.0
2020-04-30 08:00:00+00:00,-0.0
2020-04-30 09:00:00+00:00,-0.0
2020-04-30 10:00:00+00:00,-0.0
2020-04-30 11:00:00+00:00,-0.0
2020-04-30 12:00:00+00:00,-0.0
2020-04-30 13:00:00+00:00,-0.0
2020-04-30 14:00:00+00:00,-0.0
2020-04-30 15:00:00+00:00,-0.0
2020-04-30 16:00:00+00:00,-0.0
2020-04-30 17:00:00+00:00,-0.0
2020-04-30 18:00:00+00:00,-0.0
2020-04-30 19:00:00+00:00,-0.0
2020-04-30 20:00:00+00:00,-0.0
2020-04-30 21:00:00+00:00,-0.0
2020-04-30 22:00:00+00:00,-0.0
2020-04-30 23:00:00+00:00,-0.0
2020-05-01 00:00:00+00:00,-0.0
2020-05-01 01:00:00+00:00,-0.0
2020-05-01 02:00:00+00:00,-0.0
2020-05-01 03:00:00+00:00,-0.0
2020-05-01 04:00:00+00:00,-0.0
2020-05-01 05:00:00+00:00,-0.0
2020-05-01 06:00:00+00:00,-0.0
2020-05-01 07:00:00+00:00,-0.0
2020-05-01 08:00:00+00:00,-0.0
2020-05-01 09:00:00+00:00,-0.0
2020-05-01 10:00:00+00:00,-0.0
2020-05-01 11:00:00+00:00,-0.0
2020-05-01 12:00:00+00:00,-0.0
2020-05-01 13:00:00+00:00,-0.0
2020-05-01 14:00:00+00:00,-0.0
2020-05-01 15:00:00+00:00,-0.0
2020-05-01 16:00:00+00:00,-0.0
2020-05-01 17:00:00+00:00,-0.0
2020-05-01 18:00:00+00:00,-0.0
2020-05-01 19:00:00+00:00,-0.0
2020-05-01 20:00:00+00:00,-0.0
2020-05-01 21:00:00+00:00,-0.0
2020-05-01 22:00:00+00:00,-0.0
2020-05-01 23:00:00+00:00,-0.0
2020-05-02 00:00:00+00:00,-0.0
2020-05-02 01:00:00+00:00,-0.0
2020-05-02 02:00:00+00:00,-0.0
2020-05-02 03:00:00+00:00,-0.0
2020-05-02 04:00:00+00:00,-0.0
2020-05-02 05:00:00+00:00,-0.0
2020-05-02 06:00:00+00:00,-0.0
2020-05-02 07:00:00+00:00,-0.0
2020-05-02 08:00:00+00:00,-0.0
2020-05-02 09:00:00+00:00,-0.0
2020-05-02 10:00:00+00:00,-0.0
2020-05-02 11:00:00+00:00,-0.0
2020-05-02 12:00:00+00:00,-0.0
2020-05-02 13:00:00+00:00,-0.0
2020-05-02 14:00:00+00:00,-0.0
2020-05-02 15:00:00+00:00,-0.0
2020-05-02 16:00:00+00:00,-0.0
2020-05-02 17:00:00+00:00,-0.0
2020-05-02 18:00:00+00:00,-0.0
2020-05-02 19:00:00+00:00,-0.0
2020-05-02 20:00:00+00:00,-0.0
2020-05-02 21:00:00+00:00,-0.0
2020-05-02 22:00:00+00:00,-0.0
2020-05-02 23:00:00+00:00,-0.0
2020-05-03 00:00:00+00:00,-0.0
2020-05-03 01:00:00+00:00,-0.0
2020-05-03 02:00:00+00:00,-0.0
2020-05-03 03:00:00+00:00,-0.0
2020-05-03 04:00:00+00:00,-0.0
2020-05-03 05:00:00+00:00,-0.0
2020-05-03 06:00:00+00:00,-0.0
2020-05-03 07:00:00+00:00,-0.0
2020-05-03 08:00:00+00:00,-0.0
2020-05-03 09:00:00+00:00,-0.0
2020-05-03 10:00:00+00:00,-0.0
2020-05-03 11:00:00+00:00,-0.0
2020-05-03 12:00:00+00:00,-0.0
2020-05-03 13:00:00+00:00,-0.0
2020-05-03 14:00:00+00:00,0.47831075646514376
2020-05-03 15:00:00+00:00,-0.0
2020-05-03 16:00:00+00:00,-0.0
2020-05-03 17:00:00+00:00,-0.0
2020-05-03 18:00:00+00:00,-0.0
2020-05-03 19:00:00+00:00,-0.0
2020-05-03 20:00:00+00:00,-0.0
2020-05-03 21:00:00+00:00,-0.0
2020-05-03 22:00:00+00:00,-0.0
2020-05-03 23:00:00+00:00,-0.0
2020-05-04 00:00:00+00:00,-0.0
2020-05-04 01:00:00+00:00,-0.0
2020-05-04 02:00:00+00:00,-0.0
2020-05-04 03:00:00+00:00,-0.0
2020-05-04 04:00:00+00:00,-0.0
2020-05-04 05:00:00+00:00,-0.0
2020-05-04 06:00:00+00:00,-0.0
2020-05-04 07:00:00+00:00,-0.0
2020-05-04 08:00:00+00:00,-0.0
2020-05-04 09:00:00+00:00,-0.0
2020-05-04 10:00:00+00:00,-0.0
2020-05-04 11:00:00+00:00,-0.0
2020-05-04 12:00:00+00:00,-0.0
2020-05-04 13:00:00+00:00,-0.0
2020-05-04 14:00:00+00:00,-0.0
2020-05-04 15:00:00+00:00,-0.0
2020-05-04 16:00:00+00:00,-0.0
2020-05-04 17:00:00+00:00,-0.0
2020-05-04 18:00:00+00:00,-0.0
2020-05-04 19:00:00+00:00,-0.0
2020-05-04 20:00:00+00:00,-0.0
2020-05-04 21:00:00+00:00,-0.0
2020-05-04 22:00:00+00:00,-0.0
2020-05-04 23:00:00+00:00,-0.0
2020-05-05 00:00:00+00:00,-0.0
2020-05-05 01:00:00+00:00,-0.0
2020-05-05 02:00:00+00:00,-0.0
2020-05-05 03:00:00+00:00,-0.0
2020-05-05 04:00:00+00:00,-0.0
2020-05-05 05:00:00+00:00,-0.0
2020-05-05 06:00:00+00:00,-0.0
2020-05-05 07:00:00+00:00,-0.0
2020-05-05 08:00:00+00:00,-0.0
2020-05-05 09:00:00+00:00,-0.0
2020-05-05 10:00:00+00:00,0.28870979098178506
2020-05-05 11:00:00+00:00,-0.0
2020-05-05 12:00:00+00:00,-0.0
2020-05-05 13:00:00+00:00,-0.0
2020-05-05 14:00:00+00:00,-0.0
2020-05-05 15:00:00+00:00,-0.0
2020-05-05 16:00:00+00:00,-0.0
2020-05-05 17:00:00+00:00,-0.0
2020-05-05 18:00:00+00:00,-0.0
2020-05-05 19:00:00+00:00,-0.0
2020-05-05 20:00:00+00:00,-0.0
2020-05-05 21:00:00+00:00,-0.0
2020-05-05 22:00:00+00:00,-0.0
2020-05-05 23:00:00+00:00,-0.0
2020-05-06 00:00:00+00:00,-0.0
2020-05-06 01:00:00+00:00,-0.0
2020-05-06 02:00:00+00:00,-0.0
2020-05-06 03:00:00+00:00,-0.0
2020-05-06 04:00:00+00:00,-0.0
2020-05-06 05:00:00+00:00,-0.0
2020-05-06 06:00:00+00:00,-0.0
2020-05-06 07:00:00+00:00,-0.0
2020-05-06 08:00:00+00:00,-0.0
2020-05-06 09:00:00+00:00,-0.0
2020-05-06 10:00:00+00:00,-0.0
2020-05-06 11:00:00+00:00,-0.0
2020-05-06 12:00:00+00:00,-0.0
2020-05-06 13:00:00+00:00,-0.0
2020-05-06 14:00:00+00:00,-0.0
2020-05-06 15:00:00+00:00,-0.0
2020-05-06 16:00:00+00:00,-0.0
2020-05-06 17:00:00+00:00,-0.0
2020-05-06 18:00:00+00:00,-0.0
2020-05-06 19:00:00+00:00,-0.0
2020-05-06 20:00:00+00:00,-0.0
2020-05-06 21:00:00+00:00,-0.0
2020-05-06 22:00:00+00:00,-0.0
2020-05-06 23:00:00+00:00,-0.0
2020-05-07 00:00:00+00:00,-0.0
2020-05-07 01:00:00+00:00,-0.0
2020-05-07 02:00:00+00:00,-0.0
2020-05-07 03:00:00+00:00,-0.0
2020-05-07 04:00:00+00:00,-0.0
2020-05-07 05:00:00+00:00,-0.0
2020-05-07 06:00:00+00:00,-0.0
2020-05-07 07:00:00+00:00,-0.0
2020-05-07 08:00:00+00:00,-0.0
2020-05-07 09:00:00+00:00,-0.0
2020-05-07 10:00:00+00:00,-0.0
2020-05-07 11:00:00+00:00,-0.0
2020-05-07 12:00:00+00:00,-0.0
2020-05-07 13:00:00+00:00,-0.0
2020-05-07 14:00:00+00:00,-0.0
2020-05-07 15:00:00+00:00,-0.0
2020-05-07 16:00:00+00:00,-0.0
2020-05-07 17:00:00+00:00,-0.0
2020-05-07 18:00:00+00:00,-0.0
2020-05-07 19:00:00+00:00,-0.0
2020-05-07 20:00:00+00:00,-0.0
2020-05-07 21:00:00+00:00,-0.0
2020-05-07 22:00:00+00:00,-0.0
2020-05-07 23:00:00+00:00,-0.0
2020-05-08 00:00:00+00:00,-0.0
2020-05-08 01:00:00+00:00,-0.0
2020-05-08 02:00:00+00:00,-0.0
2020-05-08 03:00:00+00:00,-0.0
2020-05-08 04:00:00+00:00,-0.0
2020-05-08 05:00:00+00:00,-0.0
2020-05-08 06:00:00+00:00,-0.0
2020-05-08 07:00:00+00:00,-0.0
2020-05-08 08:00:00+00:00,-0.0
2020-05-08 09:00:00+00:00,-0.0
2020-05-08 10:00:00+00:00,-0.0
2020-05-08 11:00:00+00:00,-0.0
2020-05-08 12:00:00+00:00,-0.0
2020-05-08 13:00:00+00:00,-0.0
2020-05-08 14:00:00+00:00,-0.0
2020-05-08 15:00:00+00:00,-0.0
2020-05-08 16:00:00+00:00,-0.0
2020-05-08 17:00:00+00:00,-0.0
2020-05-08 18:00:00+00:00,-0.0
2020-05-08 19:00:00+00:00,-0.0
2020-05-08 20:00:00+00:00,-0.0
2020-05-08 21:00:00+00:00,-0.0
2020-05-08 22:00:00+00:00,-0.0
2020-05-08 23:00:00+00:00,-0.0
2020-05-09 00:00:00+00:00,-0.0
2020-05-09 01:00:00+00:00,-0.0
2020-05-09 02:00:00+00:00,-0.0
2020-05-09 03:00:00+00:00,-0.0
2020-05-09 04:00:00+00:00,-0.0
2020-05-09 05:00:00+00:00,-0.0
2020-05-09 06:00:00+00:00,-0.0
2020-05-09 07:00:00+00:00,-0.0
2020-05-09 08:00:00+00:00,-0.0
2020-05-09 09:00:00+00:00,-0.0
2020-05-09 10:00:00+00:00,-0.0
2020-05-09 11:00:00+00:00,-0.0
2020-05-09 12:00:00+00:00,-0.0
2020-05-09 13:00:00+00:00,-0.0
2020-05-09 14:00:00+00:00,-0.0
2020-05-09 15:00:00+00:00,-0.0
2020-05-09 16:00:00+00:00,-0.0
2020-05-09 17:00:00+00:00,-0.0
2020-05-09 18:00:00+00:00,-0.0
2020-05-09 19:00:00+00:00,-0.0
2020-05-09 20:00:00+00:00,-0.0
2020-05-09 21:00:00+00:00,-0.0
2020-05-09 22:00:00+00:00,-0.0
2020-05-09 23:00:00+00:00,-0.0
2020-05-10 00:00:00+00:00,-0.0
2020-05-10 01:00:00+00:00,-0.0
2020-05-10 02:00:00+00:00,-0.0
2020-05-10 03:00:00+00:00,-0.0
2020-05-10 04:00:00+00:00,-0.0
2020-05-10 05:00:00+00:00,-0.0
2020-05-10 06:00:00+00:00,-0.0
2020-05-10 07:00:00+00:00,-0.0
2020-05-10 08:00:00+00:00,-0.0
2020-05-10 09:00:00+00:00,-0.0
2020-05-10 10:00:00+00:00,-0.0
2020-05-10 11:00:00+00:00,-0.0
2020-05-10 12:00:00+00:00,-0.0
2020-05-10 13:00:00+00:00,-0.0
2020-05-10 14:00:00+00:00,-0.0
2020-05-10 15:00:00+00:00,-0.0
2020-05-10 16:00:00+00:00,-0.0
2020-05-10 17:00:00+00:00,-0.0
2020-05-10 18:00:00+00:00,-0.0
2020-05-10 19:00:00+00:00,-0.0
2020-05-10 20:00:00+00:00,-0.0
2020-05-10 21:00:00+00:00,-0.0
2020-05-10 22:00:00+00:00,-0.0
2020-05-10 23:00:00+00:00,-0.0
2020-05-11 00:00:00+00:00,-0.0
2020-05-11 01:00:00+00:00,-0.0
2020-05-11 02:00:00+00:00,-0.0
2020-05-11 03:00:00+00:00,-0.0
2020-05-11 04:00:00+00:00,-0.0
2020-05-11 05:00:00+00:00,-0.0
2020-05-11 06:00:00+00:00,-0.0
2020-05-11 07:00:00+00:00,-0.0
2020-05-11 08:00:00+00:00,0.33467893714198815
2020-05-11 09:00:00+00:00,-0.0
2020-05-11 10:00:00+00:00,-0.0
2020-05-11 11:00:00+00:00,-0.0
2020-05-11 12:00:00+00:00,-0.0
2020-05-11 13:00:00+00:00,-0.0
2020-05-11 14:00:00+00:00,-0.0
2020-05-11 15:00:00+00:00,-0.0
2020-05-11 16:00:00+00:00,-0.0
2020-05-11 17:00:00+00:00,-0.0
2020-05-11 18:00:00+00:00,-0.0
2020-05-11 19:00:00+00:00,-0.0
2020-05-11 20:00:00+00:00,-0.0
2020-05-11 21:00:00+00:00,-0.0
2020-05-11 22:00:00+00:00,-0.0
2020-05-11 23:00:00+00:00,-0.0
2020-05-12 00:00:00+00:00,-0.0
2020-05-12 01:00:00+00:00,-0.0
2020-05-12 02:00:00+00:00,-0.0
2020-05-12 03:00:00+00:00,-0.0
2020-05-12 04:00:00+00:00,-0.0
2020-05-12 05:00:00+00:00,-0.0
2020-05-12 06:00:00+00:00,-0.0
2020-05-12 07:00:00+00:00,-0.0
2020-05-12 08:00:00+00:00,-0.0
2020-05-12 09:00:00+00:00,-0.0
2020-05-12 10:00:00+00:00,-0.0
2020-05-12 11:00:00+00:00,-0.0
2020-05-12 12:00:00+00:00,-0.0
2020-05-12 13:00:00+00:00,-0.0
2020-05-12 14:00:00+00:00,-0.0
2020-05-12 15:00:00+00:00,-0.0
2020-05-12 16:00:00+00:00,-0.0
2020-05-12 17:00:00+00:00,-0.0
2020-05-12 18:00:00+00:00,-0.0
2020-05-12 19:00:00+00:00,-0.0
2020-05-12 20:00:00+00:00,-0.0
2020-05-12 21:00:00+00:00,-0.0
2020-05-12 22:00:00+00:00,-0.0
2020-05-12 23:00:00+00:00,-0.0
2020-05-13 00:00:00+00:00,-0.0
2020-05-13 01:00:00+00:00,-0.0
2020-05-13 02:00:00+00:00,-0.0
2020-05-13 03:00:00+00:00,-0.0
2020-05-13 04:00:00+00:00,-0.0
2020-05-13 05:00:00+00:00,-0.0
2020-05-13 06:00:00+00:00,-0.0
2020-05-13 07:00:00+00:00,-0.0
2020-05-13 08:00:00+00:00,-0.0
2020-05-13 09:00:00+00:00,-0.0
2020-05-13 10:00:00+00:00,-0.0
2020-05-13 11:00:00+00:00,-0.0
2020-05-13 12:00:00+00:00,-0.0
2020-05-13 13:00:00+00:00,-0.0
2020-05-13 14:00:00+00:00,-0.0
2020-05-13 15:00:00+00:00,-0.0
2020-05-13 16:00:00+00:00,-0.0
2020-05-13 17:00:00+00:00,-0.0
2020-05-13 18:00:00+00:00,-0.0
2020-05-13 19:00:00+00:00,-0.0
2020-05-13 20:00:00+00:00,-0.0
2020-05-13 21:00:00+00:00,-0.0
2020-05-13 22:00:00+00:00,-0.0
2020-05-13 23:00:00+00:00,-0.0
2020-05-14 00:00:00+00:00,-0.0
2020-05-14 01:00:00+00:00,-0.0
2020-05-14 02:00:00+00:00,-0.0
2020-05-14 03:00:00+00:00,-0.0
2020-05-14 04:00:00+00:00,-0.0
2020-05-14 05:00:00+00:00,-0.0
2020-05-14 06:00:00+00:00,-0.0
2020-05-14 07:00:00+00:00,-0.0
2020-05-14 08:00:00+00:00,-0.0
2020-05-14 09:00:00+00:00,-0.0
2020-05-14 10:00:00+00:00,-0.0
2020-05-14 11:00:00+00:00,-0.0
2020-05-14 12:00:00+00:00,-0.0
2020-05-14 13:00:00+00:00,-0.0
2020-05-14 14:00:00+00:00,-0.0
2020-05-14 15:00:00+00:00,-0.0
2020-05-14 16:00:00+00:00,-0.0
2020-05-14 17:00:00+00:00,-0.0
2020-05-14 18:00:00+00:00,-0.0
2020-05-14 19:00:00+00:00,-0.0
2020-05-14 20:00:00+00:00,-0.0
2020-05-14 21:00:00+00:00,-0.0
2020-05-14 22:00:00+00:00,-0.0
2020-05-14 23:00:00+00:00,-0.0
2020-05-15 00:00:00+00:00,-0.0
2020-05-15 01:00:00+00:00,-0.0
2020-05-15 02:00:00+00:00,-0.0
2020-05-15 03:00:00+00:00,-0.0
2020-05-15 04:00:00+00:00,-0.0
2020-05-15 05:00:00+00:00,-0.0
2020-05-15 06:00:00+00:00,-0.0
2020-05-15 07:00:00+00:00,-0.0
2020-05-15 08:00:00+00:00,-0.0
2020-05-15 09:00:00+00:00,-0.0
2020-05-15 10:00:00+00:00,-0.0
2020-05-15 11:00:00+00:00,-0.0
2020-05-15 12:00:00+00:00,-0.0
2020-05-15 13:00:00+00:00,-0.0
2020-05-15 14:00:00+00:00,-0.0
2020-05-15 15:00:00+00:00,-0.0
2020-05-15 16:00:00+00:00,-0.0
2020-05-15 17:00:00+00:00,-0.0
2020-05-15 18:00:00+00:00,-0.0
2020-05-15 19:00:00+00:00,-0.0
2020-05-15 20:00:00+00:00,-0.0
2020-05-15 21:00:00+00:00,-0.0
2020-05-15 22:00:00+00:00,-0.0
2020-05-15 23:00:00+00:00,-0.0
2020-05-16 00:00:00+00:00,-0.0
2020-05-16 01:00:00+00:00,-0.0
2020-05-16 02:00:00+00:00,-0.0
2020-05-16 03:00:00+00:00,-0.0
2020-05-16 04:00:00+00:00,-0.0
2020-05-16 05:00:00+00:00,-0.0
2020-05-16 06:00:00+00:00,-0.0
2020-05-16 07:00:00+00:00,-0.0
2020-05-16 08:00:00+00:00,-0.0
2020-05-16 09:00:00+00:00,-0.0
2020-05-16 10:00:00+00:00,-0.0
2020-05-16 11:00:00+00:00,-0.0
2020-05-16 12:00:00+00:00,-0.0
2020-05-16 13:00:00+00:00,-0.0
2020-05-16 14:00:00+00:00,-0.0
2020-05-16 15:00:00+00:00,-0.0
2020-05-16 16:00:00+00:00,-0.0
2020-05-16 17:00:00+00:00,-0.0
2020-05-16 18:00:00+00:00,-0.0
2020-05-16 19:00:00+00:00,-0.0
2020-05-16 20:00:00+00:00,-0.0
2020-05-16 21:00:00+00:00,-0.0
2020-05-16 22:00:00+00:00,-0.0
2020-05-16 23:00:00+00:00,-0.0
2020-05-17 00:00:00+00:00,-0.0
2020-05-17 01:00:00+00:00,-0.0
2020-05-17 02:00:00+00:00,-0.0
2020-05-17 03:00:00+00:00,-0.0
2020-05-17 04:00:00+00:00,-0.0
2020-05-17 05:00:00+00:00,-0.0
2020-05-17 06:00:00+00:00,-0.0
2020-05-17 07:00:00+00:00,-0.0
2020-05-17 08:00:00+00:00,-0.0
2020-05-17 09:00:00+00:00,-0.0
2020-05-17 10:00:00+00:00,-0.0
2020-05-17 11:00:00+00:00,-0.0
2020-05-17 12:00:00+00:00,-0.0
2020-05-17 13:00:00+00:00,-0.0
2020-05-17 14:00:00+00:00,-0.0
2020-05-17 15:00:00+00:00,-0.0
2020-05-17 16:00:00+00:00,-0.0
2020-05-17 17:00:00+00:00,-0.0
2020-05-17 18:00:00+00:00,-0.0
2020-05-17 19:00:00+00:00,-0.0
2020-05-17 20:00:00+00:00,-0.0
2020-05-17 21:00:00+00:00,-0.0
2020-05-17 22:00:00+00:00,-0.0
2020-05-17 23:00:00+00:00,-0.0
2020-05-18 00:00:00+00:00,-0.0
2020-05-18 01:00:00+00:00,-0.0
2020-05-18 02:00:00+00:00,-0.0
2020-05-18 03:00:00+00:00,-0.0
2020-05-18 04:00:00+00:00,-0.0
2020-05-18 05:00:00+00:00,-0.0
2020-05-18 06:00:00+00:00,-0.0
2020-05-18 07:00:00+00:00,-0.0
2020-05-18 08:00:00+00:00,-0.0
2020-05-18 09:00:00+00:00,-0.0
2020-05-18 10:00:00+00:00,-0.0
2020-05-18 11:00:00+00:00,-0.0
2020-05-18 12:00:00+00:00,-0.0
2020-05-18 13:00:00+00:00,-0.0
2020-05-18 14:00:00+00:00,-0.0
2020-05-18 15:00:00+00:00,-0.0
2020-05-18 16:00:00+00:00,-0.0
2020-05-18 17:00:00+00:00,-0.0
2020-05-18 18:00:00+00:00,-0.0
2020-05-18 19:00:00+00:00,-0.0
2020-05-18 20:00:00+00:00,-0.0
2020-05-18 21:00:00+00:00,-0.0
2020-05-18 22:00:00+00:00,-0.0
2020-05-18 23:00:00+00:00,-0.0
2020-05-19 00:00:00+00:00,-0.0
2020-05-19 01:00:00+00:00,-0.0
2020-05-19 02:00:00+00:00,-0.0
2020-05-19 03:00:00+00:00,-0.0
2020-05-19 04:00:00+00:00,-0.0
2020-05-19 05:00:00+00:00,-0.0
2020-05-19 06:00:00+00:00,-0.0
2020-05-19 07:00:00+00:00,-0.0
2020-05-19 08:00:00+00:00,-0.0
2020-05-19 09:00:00+00:00,-0.0
2020-05-19 10:00:00+00:00,-0.0
2020-05-19 11:00:00+00:00,-0.0
2020-05-19 12:00:00+00:00,-0.0
2020-05-19 13:00:00+00:00,-0.0
2020-05-19 14:00:00+00:00,-0.0
2020-05-19 15:00:00+00:00,-0.0
2020-05-19 16:00:00+00:00,-0.0
2020-05-19 17:00:00+00:00,-0.0
2020-05-19 18:00:00+00:00,-0.0
2020-05-19 19:00:00+00:00,-0.0
2020-05-19 20:00:00+00:00,-0.0
2020-05-19 21:00:00+00:00,-0.0
2020-05-19 22:00:00+00:00,-0.0
2020-05-19 23:00:00+00:00,-0.0
2020-05-20 00:00:00+00:00,-0.0
2020-05-20 01:00:00+00:00,-0.0
2020-05-20 02:00:00+00:00,-0.0
2020-05-20 03:00:00+00:00,-0.0
2020-05-20 04:00:00+00:00,-0.0
2020-05-20 05:00:00+00:00,-0.0
2020-05-20 06:00:00+00:00,-0.0
2020-05-20 07:00:00+00:00,-0.0
2020-05-20 08:00:00+00:00,-0.0
2020-05-20 09:00:00+00:00,-0.0
2020-05-20 10:00:00+00:00,-0.0
2020-05-20 11:00:00+00:00,-0.0
2020-05-20 12:00:00+00:00,-0.0
2020-05-20 13:00:00+00:00,-0.0
2020-05-20 14:00:00+00:00,-0.0
2020-05-20 15:00:00+00:00,-0.0
2020-05-20 16:00:00+00:00,-0.0
2020-05-20 17:00:00+00:00,-0.0
2020-05-20 18:00:00+00:00,-0.0
2020-05-20 19:00:00+00:00,-0.0
2020-05-20 20:00:00+00:00,-0.0
2020-05-20 21:00:00+00:00,-0.0
2020-05-20 22:00:00+00:00,-0.0
2020-05-20 23:00:00+00:00,-0.0
2020-05-21 00:00:00+00:00,-0.0
2020-05-21 01:00:00+00:00,-0.0
2020-05-21 02:00:00+00:00,-0.0
2020-05-21 03:00:00+00:00,-0.0
2020-05-21 04:00:00+00:00,-0.0
2020-05-21 05:00:00+00:00,-0.0
2020-05-21 06:00:00+00:00,-0.0
2020-05-21 07:00:00+00:00,-0.0
2020-05-21 08:00:00+00:00,-0.0
2020-05-21 09:00:00+00:00,-0.0
2020-05-21 10:00:00+00:00,-0.0
2020-05-21 11:00:00+00:00,-0.0
2020-05-21 12:00:00+00:00,-0.0
2020-05-21 13:00:00+00:00,-0.0
2020-05-21 14:00:00+00:00,-0.0
2020-05-21 15:00:00+00:00,-0.0
2020-05-21 16:00:00+00:00,-0.0
2020-05-21 17:00:00+00:00,-0.0
2020-05-21 18:00:00+00:00,-0.0
2020-05-21 19:00:00+00:00,-0.0
2020-05-21 20:00:00+00:00,-0.0
2020-05-21 21:00:00+00:00,-0.0
2020-05-21 22:00:00+00:00,-0.0
2020-05-21 23:00:00+00:00,-0.0
2020-05-22 00:00:00+00:00,-0.0
2020-05-22 01:00:00+00:00,-0.0
2020-05-22 02:00:00+00:00,-0.0
2020-05-22 03:00:00+00:00,-0.0
2020-05-22 04:00:00+00:00,-0.0
2020-05-22 05:00:00+00:00,-0.0
2020-05-22 06:00:00+00:00,-0.0
2020-05-22 07:00:00+00:00,-0.0
2020-05-22 08:00:00+00:00,-0.0
2020-05-22 09:00:00+00:00,-0.0
2020-05-22 10:00:00+00:00,-0.0
2020-05-22 11:00:00+00:00,-0.0
2020-05-22 12:00:00+00:00,-0.0
2020-05-22 13:00:00+00:00,-0.0
2020-05-22 14:00:00+00:00,-0.0
2020-05-22 15:00:00+00:00,-0.0
2020-05-22 16:00:00+00:00,-0.0
2020-05-22 17:00:00+00:00,-0.0
2020-05-22 18:00:00+00:00,-0.0
2020-05-22 19:00:00+00:00,-0.0
2020-05-22 20:00:00+00:00,-0.0
2020-05-22 21:00:00+00:00,-0.0
2020-05-22 22:00:00+00:00,-0.0
2020-05-22 23:00:00+00:00,-0.0
2020-05-23 00:00:00+00:00,-0.0
2020-05-23 01:00:00+00:00,-0.0
2020-05-23 02:00:00+00:00,-0.0
2020-05-23 03:00:00+00:00,-0.0
2020-05-23 04:00:00+00:00,-0.0
2020-05-23 05:00:00+00:00,-0.0
2020-05-23 06:00:00+00:00,-0.0
2020-05-23 07:00:00+00:00,-0.0
2020-05-23 08:00:00+00:00,-0.0
2020-05-23 09:00:00+00:00,-0.0
2020-05-23 10:00:00+00:00,-0.0
2020-05-23 11:00:00+00:00,-0.0
2020-05-23 12:00:00+00:00,-0.0
2020-05-23 13:00:00+00:00,-0.0
2020-05-23 14:00:00+00:00,-0.0
2020-05-23 15:00:00+00:00,-0.0
2020-05-23 16:00:00+00:00,-0.0
2020-05-23 17:00:00+00:00,-0.0
2020-05-23 18:00:00+00:00,-0.0
2020-05-23 19:00:00+00:00,-0.0
2020-05-23 20:00:00+00:00,-0.0
2020-05-23 21:00:00+00:00,-0.0
2020-05-23 22:00:00+00:00,-0.0
2020-05-23 23:00:00+00:00,-0.0
2020-05-24 00:00:00+00:00,-0.0
2020-05-24 01:00:00+00:00,-0.0
2020-05-24 02:00:00+00:00,-0.0
2020-05-24 03:00:00+00:00,-0.0
2020-05-24 04:00:00+00:00,-0.0
2020-05-24 05:00:00+00:00,-0.0
2020-05-24 06:00:00+00:00,-0.0
2020-05-24 07:00:00+00:00,-0.0
2020-05-24 08:00:00+00:00,-0.0
2020-05-24 09:00:00+00:00,-0.0
2020-05-24 10:00:00+00:00,-0.0
2020-05-24 11:00:00+00:00,-0.0
2020-05-24 12:00:00+00:00,-0.0
2020-05-24 13:00:00+00:00,-0.0
2020-05-24 14:00:00+00:00,-0.0
2020-05-24 15:00:00+00:00,-0.0
2020-05-24 16:00:00+00:00,-0.0
2020-05-24 17:00:00+00:00,-0.0
2020-05-24 18:00:00+00:00,-0.0
2020-05-24 19:00:00+00:00,-0.0
2020-05-24 20:00:00+00:00,-0.0
2020-05-24 21:00:00+00:00,-0.0
2020-05-24 22:00:00+00:00,-0.0
2020-05-24 23:00:00+00:00,-0.0
2020-05-25 00:00:00+00:00,-0.0
2020-05-25 01:00:00+00:00,-0.0
2020-05-25 02:00:00+00:00,-0.0
2020-05-25 03:00:00+00:00,-0.0
2020-05-25 04:00:00+00:00,-0.0
2020-05-25 05:00:00+00:00,-0.0
2020-05-25 06:00:00+00:00,-0.0
2020-05-25 07:00:00+00:00,-0.0
2020-05-25 08:00:00+00:00,-0.0
2020-05-25 09:00:00+00:00,-0.0
2020-05-25 10:00:00+00:00,-0.0
2020-05-25 11:00:00+00:00,-0.0
2020-05-25 12:00:00+00:00,-0.0
2020-05-25 13:00:00+00:00,-0.0
2020-05-25 14:00:00+00:00,-0.0
2020-05-25 15:00:00+00:00,-0.0
2020-05-25 16:00:00+00:00,-0.0
2020-05-25 17:00:00+00:00,-0.0
2020-05-25 18:00:00+00:00,-0.0
2020-05-25 19:00:00+00:00,-0.0
2020-05-25 20:00:00+00:00,-0.0
2020-05-25 21:00:00+00:00,-0.0
2020-05-25 22:00:00+00:00,-0.0
2020-05-25 23:00:00+00:00,-0.0
2020-05-26 00:00:00+00:00,-0.0
2020-05-26 01:00:00+00:00,-0.0
2020-05-26 02:00:00+00:00,-0.0
2020-05-26 03:00:00+00:00,-0.0
2020-05-26 04:00:00+00:00,-0.0
2020-05-26 05:00:00+00:00,-0.0
2020-05-26 06:00:00+00:00,-0.0
2020-05-26 07:00:00+00:00,-0.0
2020-05-26 08:00:00+00:00,-0.0
2020-05-26 09:00:00+00:00,-0.0
2020-05-26 10:00:00+00:00,-0.0
2020-05-26 11:00:00+00:00,-0.0
2020-05-26 12:00:00+00:00,-0.0
2020-05-26 13:00:00+00:00,-0.0
2020-05-26 14:00:00+00:00,-0.0
2020-05-26 15:00:00+00:00,-0.0
2020-05-26 16:00:00+00:00,-0.0
2020-05-26 17:00:00+00:00,-0.0
2020-05-26 18:00:00+00:00,-0.0
2020-05-26 19:00:00+00:00,-0.0
2020-05-26 20:00:00+00:00,-0.0
2020-05-26 21:00:00+00:00,-0.0
2020-05-26 22:00:00+00:00,-0.0
2020-05-26 23:00:00+00:00,-0.0
2020-05-27 00:00:00+00:00,-0.0
2020-05-27 01:00:00+00:00,-0.0
2020-05-27 02:00:00+00:00,-0.0
2020-05-27 03:00:00+00:00,-0.0
2020-05-27 04:00:00+00:00,-0.0
2020-05-27 05:00:00+00:00,-0.0
2020-05-27 06:00:00+00:00,-0.0
2020-05-27 07:00:00+00:00,-0.0
2020-05-27 08:00:00+00:00,-0.0
2020-05-27 09:00:00+00:00,-0.0
2020-05-27 10:00:00+00:00,-0.0
2020-05-27 11:00:00+00:00,-0.0
2020-05-27 12:00:00+00:00,-0.0
2020-05-27 13:00:00+00:00,-0.0
2020-05-27 14:00:00+00:00,-0.0
2020-05-27 15:00:00+00:00,-0.0
2020-05-27 16:00:00+00:00,-0.0
2020-05-27 17:00:00+00:00,-0.0
2020-05-27 18:00:00+00:00,-0.0
2020-05-27 19:00:00+00:00,-0.0
2020-05-27 20:00:00+00:00,-0.0
2020-05-27 21:00:00+00:00,-0.0
2020-05-27 22:00:00+00:00,-0.0
2020-05-27 23:00:00+00:00,-0.0
2020-05-28 00:00:00+00:00,-0.0
2020-05-28 01:00:00+00:00,-0.0
2020-05-28 02:00:00+00:00,-0.0
2020-05-28 03:00:00+00:00,-0.0
2020-05-28 04:00:00+00:00,-0.0
2020-05-28 05:00:00+00:00,-0.0
2020-05-28 06:00:00+00:00,-0.0
2020-05-28 07:00:00+00:00,-0.0
2020-05-28 08:00:00+00:00,-0.0
2020-05-28 09:00:00+00:00,-0.0
2020-05-28 10:00:00+00:00,-0.0
2020-05-28 11:00:00+00:00,-0.0
2020-05-28 12:00:00+00:00,-0.0
2020-05-28 13:00:00+00:00,-0.0
2020-05-28 14:00:00+00:00,-0.0
2020-05-28 15:00:00+00:00,-0.0
2020-05-28 16:00:00+00:00,-0.0
2020-05-28 17:00:00+00:00,-0.0
2020-05-28 18:00:00+00:00,-0.0
2020-05-28 19:00:00+00:00,-0.0
2020-05-28 20:00:00+00:00,-0.0
2020-05-28 21:00:00+00:00,-0.0
2020-05-28 22:00:00+00:00,-0.0
2020-05-28 23:00:00+00:00,-0.0
2020-05-29 00:00:00+00:00,-0.0
2020-05-29 01:00:00+00:00,-0.0
2020-05-29 02:00:00+00:00,-0.0
2020-05-29 03:00:00+00:00,-0.0
2020-05-29 04:00:00+00:00,-0.0
2020-05-29 05:00:00+00:00,-0.0
2020-05-29 06:00:00+00:00,-0.0
2020-05-29 07:00:00+00:00,-0.0
2020-05-29 08:00:00+00:00,-0.0
2020-05-29 09:00:00+00:00,-0.0
2020-05-29 10:00:00+00:00,-0.0
2020-05-29 11:00:00+00:00,-0.0
2020-05-29 12:00:00+00:00,-0.0
2020-05-29 13:00:00+00:00,-0.0
2020-05-29 14:00:00+00:00,-0.0
2020-05-29 15:00:00+00:00,-0.0
2020-05-29 16:00:00+00:00,-0.0
2020-05-29 17:00:00+00:00,-0.0
2020-05-29 18:00:00+00:00,-0.0
2020-05-29 19:00:00+00:00,-0.0
2020-05-29 20:00:00+00:00,-0.0
2020-05-29 21:00:00+00:00,-0.0
2020-05-29 22:00:00+00:00,-0.0
2020-05-29 23:00:00+00:00,-0.0
2020-05-30 00:00:00+00:00,-0.0
2020-05-30 01:00:00+00:00,-0.0
2020-05-30 02:00:00+00:00,-0.0
2020-05-30 03:00:00+00:00,-0.0
2020-05-30 04:00:00+00:00,-0.0
2020-05-30 05:00:00+00:00,-0.2882482504412374
2020-05-30 06:00:00+00:00,-0.0
2020-05-30 07:00:00+00:00,-0.0
2020-05-30 08:00:00+00:00,-0.0
2020-05-30 09:00:00+00:00,-0.0
2020-05-30 10:00:00+00:00,-0.0
2020-05-30 11:00:00+00:00,-0.0
2020-05-30 12:00:00+00:00,-0.0
2020-05-30 13:00:00+00:00,-0.0
2020-05-30 14:00:00+00:00,-0.0
2020-05-30 15:00:00+00:00,0.12421570110635166
2020-05-30 16:00:00+00:00,-0.0
2020-05-30 17:00:00+00:00,-0.0
2020-05-30 18:00:00+00:00,-0.0
2020-05-30 19:00:00+00:00,-0.0
2020-05-30 20:00:00+00:00,0.03037863832318591
2020-05-30 21:00:00+00:00,-0.0
2020-05-30 22:00:00+00:00,-0.0
2020-05-30 23:00:00+00:00,-0.0
2020-05-31 00:00:00+00:00,-0.0
2020-05-31 01:00:00+00:00,-0.0
2020-05-31 02:00:00+00:00,-0.0
2020-05-31 03:00:00+00:00,-0.0
2020-05-31 04:00:00+00:00,0.027101980608272378
2020-05-31 05:00:00+00:00,-0.0
2020-05-31 06:00:00+00:00,-0.0
2020-05-31 07:00:00+00:00,-0.0
2020-05-31 08:00:00+00:00,-0.0
2020-05-31 09:00:00+00:00,-0.0
2020-05-31 10:00:00+00:00,-0.0
2020-05-31 11:00:00+00:00,-0.0
2020-05-31 12:00:00+00:00,-0.0
2020-05-31 13:00:00+00:00,-0.0
2020-05-31 14:00:00+00:00,-0.0
2020-05-31 15:00:00+00:00,-0.0
2020-05-31 16:00:00+00:00,-0.0
2020-05-31 17:00:00+00:00,-0.0
2020-05-31 18:00:00+00:00,-0.0
2020-05-31 19:00:00+00:00,-0.0
2020-05-31 20:00:00+00:00,-0.0
2020-05-31 21:00:00+00:00,-0.0
2020-05-31 22:00:00+00:00,-0.0
2020-05-31 23:00:00+00:00,-0.0
2020-06-01 00:00:00+00:00,-0.0
2020-06-01 01:00:00+00:00,-0.0
2020-06-01 02:00:00+00:00,-0.0
2020-06-01 03:00:00+00:00,-0.0
2020-06-01 04:00:00+00:00,-0.0
2020-06-01 05:00:00+00:00,-0.0
2020-06-01 06:00:00+00:00,-0.0
2020-06-01 07:00:00+00:00,-0.0
2020-06-01 08:00:00+00:00,-0.0
2020-06-01 09:00:00+00:00,-0.0
2020-06-01 10:00:00+00:00,-0.0
2020-06-01 11:00:00+00:00,-0.0
2020-06-01 12:00:00+00:00,-0.0
2020-06-01 13:00:00+00:00,-0.0
2020-06-01 14:00:00+00:00,-0.0
2020-06-01 15:00:00+00:00,-0.0
2020-06-01 16:00:00+00:00,-0.0
2020-06-01 17:00:00+00:00,-0.0
2020-06-01 18:00:00+00:00,-0.0
2020-06-01 19:00:00+00:00,-0.0
2020-06-01 20:00:00+00:00,-0.0
2020-06-01 21:00:00+00:00,-0.0
2020-06-01 22:00:00+00:00,-0.0
2020-06-01 23:00:00+00:00,-0.0
2020-06-02 00:00:00+00:00,-0.0
2020-06-02 01:00:00+00:00,-0.0
2020-06-02 02:00:00+00:00,-0.0
2020-06-02 03:00:00+00:00,-0.0
2020-06-02 04:00:00+00:00,-0.0
2020-06-02 05:00:00+00:00,-0.0
2020-06-02 06:00:00+00:00,-0.0
2020-06-02 07:00:00+00:00,-0.0
2020-06-02 08:00:00+00:00,-0.0
2020-06-02 09:00:00+00:00,-0.0
2020-06-02 10:00:00+00:00,-0.0
2020-06-02 11:00:00+00:00,-0.0
2020-06-02 12:00:00+00:00,-0.0
2020-06-02 13:00:00+00:00,-0.0
2020-06-02 14:00:00+00:00,-0.0
2020-06-02 15:00:00+00:00,-0.0
2020-06-02 16:00:00+00:00,-0.0
2020-06-02 17:00:00+00:00,-0.0
2020-06-02 18:00:00+00:00,-0.0
2020-06-02 19:00:00+00:00,-0.0
2020-06-02 20:00:00+00:00,-0.0
2020-06-02 21:00:00+00:00,-0.0
2020-06-02 22:00:00+00:00,-0.0
2020-06-02 23:00:00+00:00,-0.0
2020-06-03 00:00:00+00:00,-0.0
2020-06-03 01:00:00+00:00,-0.0
2020-06-03 02:00:00+00:00,-0.0
2020-06-03 03:00:00+00:00,-0.0
2020-06-03 04:00:00+00:00,-0.0
2020-06-03 05:00:00+00:00,-0.0
2020-06-03 06:00:00+00:00,-0.0
2020-06-03 07:00:00+00:00,-0.0
2020-06-03 08:00:00+00:00,-0.0
2020-06-03 09:00:00+00:00,-0.0
2020-06-03 10:00:00+00:00,-0.0
2020-06-03 11:00:00+00:00,-0.0
2020-06-03 12:00:00+00:00,-0.0
2020-06-03 13:00:00+00:00,-0.0
2020-06-03 14:00:00+00:00,-0.0
2020-06-03 15:00:00+00:00,-0.0
2020-06-03 16:00:00+00:00,-0.0
2020-06-03 17:00:00+00:00,-0.0
2020-06-03 18:00:00+00:00,-0.0
2020-06-03 19:00:00+00:00,-0.0
2020-06-03 20:00:00+00:00,-0.0
2020-06-03 21:00:00+00:00,-0.0
2020-06-03 22:00:00+00:00,-0.0
2020-06-03 23:00:00+00:00,-0.0
2020-06-04 00:00:00+00:00,-0.0
2020-06-04 01:00:00+00:00,-0.0
2020-06-04 02:00:00+00:00,-0.0
2020-06-04 03:00:00+00:00,-0.0
2020-06-04 04:00:00+00:00,-0.0
2020-06-04 05:00:00+00:00,-0.0
2020-06-04 06:00:00+00:00,-0.0
2020-06-04 07:00:00+00:00,-0.0
2020-06-04 08:00:00+00:00,-0.0
2020-06-04 09:00:00+00:00,-0.0
2020-06-04 10:00:00+00:00,-0.0
2020-06-04 11:00:00+00:00,-0.0
2020-06-04 12:00:00+00:00,-0.0
2020-06-04 13:00:00+00:00,-0.0
2020-06-04 14:00:00+00:00,-0.0
2020-06-04 15:00:00+00:00,-0.0
2020-06-04 16:00:00+00:00,-0.0
2020-06-04 17:00:00+00:00,-0.0
2020-06-04 18:00:00+00:00,-0.0
2020-06-04 19:00:00+00:00,-0.0
2020-06-04 20:00:00+00:00,-0.0
2020-06-04 21:00:00+00:00,-0.0
2020-06-04 22:00:00+00:00,-0.0
2020-06-04 23:00:00+00:00,-0.0
2020-06-05 00:00:00+00:00,-0.0
2020-06-05 01:00:00+00:00,-0.0
2020-06-05 02:00:00+00:00,-0.0
2020-06-05 03:00:00+00:00,-0.0
2020-06-05 04:00:00+00:00,-0.0
2020-06-05 05:00:00+00:00,-0.0
2020-06-05 06:00:00+00:00,-0.0
2020-06-05 07:00:00+00:00,-0.0
2020-06-05 08:00:00+00:00,-0.0
2020-06-05 09:00:00+00:00,-0.0
2020-06-05 10:00:00+00:00,-0.0
2020-06-05 11:00:00+00:00,-0.0
2020-06-05 12:00:00+00:00,-0.0
2020-06-05 13:00:00+00:00,-0.0
2020-06-05 14:00:00+00:00,-0.0
2020-06-05 15:00:00+00:00,-0.0
2020-06-05 16:00:00+00:00,-0.0
2020-06-05 17:00:00+00:00,-0.0
2020-06-05 18:00:00+00:00,-0.0
2020-06-05 19:00:00+00:00,-0.0
2020-06-05 20:00:00+00:00,-0.0
2020-06-05 21:00:00+00:00,-0.0
2020-06-05 22:00:00+00:00,-0.0
2020-06-05 23:00:00+00:00,-0.0
2020-06-06 00:00:00+00:00,-0.0
2020-06-06 01:00:00+00:00,-0.0
2020-06-06 02:00:00+00:00,-0.0
2020-06-06 03:00:00+00:00,-0.0
2020-06-06 04:00:00+00:00,-0.0
2020-06-06 05:00:00+00:00,-0.0
2020-06-06 06:00:00+00:00,-0.0
2020-06-06 07:00:00+00:00,-0.0
2020-06-06 08:00:00+00:00,-0.0
2020-06-06 09:00:00+00:00,-0.0
2020-06-06 10:00:00+00:00,-0.0
2020-06-06 11:00:00+00:00,-0.0
2020-06-06 12:00:00+00:00,-0.0
2020-06-06 13:00:00+00:00,-0.0
2020-06-06 14:00:00+00:00,-0.0
2020-06-06 15:00:00+00:00,-0.0
2020-06-06 16:00:00+00:00,-0.0
2020-06-06 17:00:00+00:00,-0.0
2020-06-06 18:00:00+00:00,-0.0
2020-06-06 19:00:00+00:00,-0.0
2020-06-06 20:00:00+00:00,-0.0
2020-06-06 21:00:00+00:00,-0.0
2020-06-06 22:00:00+00:00,-0.0
2020-06-06 23:00:00+00:00,-0.0
2020-06-07 00:00:00+00:00,-0.0
2020-06-07 01:00:00+00:00,-0.0
2020-06-07 02:00:00+00:00,-0.0
2020-06-07 03:00:00+00:00,-0.0
2020-06-07 04:00:00+00:00,-0.0
2020-06-07 05:00:00+00:00,-0.0
2020-06-07 06:00:00+00:00,-0.0
2020-06-07 07:00:00+00:00,-0.0
2020-06-07 08:00:00+00:00,0.1464806275252439
2020-06-07 09:00:00+00:00,-0.0
2020-06-07 10:00:00+00:00,-0.0
2020-06-07 11:00:00+00:00,-0.0
2020-06-07 12:00:00+00:00,-0.0
2020-06-07 13:00:00+00:00,-0.0
2020-06-07 14:00:00+00:00,-0.0
2020-06-07 15:00:00+00:00,-0.0
2020-06-07 16:00:00+00:00,-0.0
2020-06-07 17:00:00+00:00,-0.0
2020-06-07 18:00:00+00:00,-0.0
2020-06-07 19:00:00+00:00,-0.0
2020-06-07 20:00:00+00:00,-0.0
2020-06-07 21:00:00+00:00,-0.0
2020-06-07 22:00:00+00:00,-0.0
2020-06-07 23:00:00+00:00,-0.0
2020-06-08 00:00:00+00:00,-0.0
2020-06-08 01:00:00+00:00,-0.0
2020-06-08 02:00:00+00:00,-0.0
2020-06-08 03:00:00+00:00,-0.0
2020-06-08 04:00:00+00:00,-0.0
2020-06-08 05:00:00+00:00,-0.0
2020-06-08 06:00:00+00:00,-0.0
2020-06-08 07:00:00+00:00,-0.0
2020-06-08 08:00:00+00:00,-0.0
2020-06-08 09:00:00+00:00,-0.0
2020-06-08 10:00:00+00:00,-0.0
2020-06-08 11:00:00+00:00,-0.0
2020-06-08 12:00:00+00:00,-0.0
2020-06-08 13:00:00+00:00,-0.0
2020-06-08 14:00:00+00:00,-0.0
2020-06-08 15:00:00+00:00,-0.0
2020-06-08 16:00:00+00:00,-0.0
2020-06-08 17:00:00+00:00,-0.0
2020-06-08 18:00:00+00:00,-0.0
2020-06-08 19:00:00+00:00,-0.0
2020-06-08 20:00:00+00:00,-0.0
2020-06-08 21:00:00+00:00,-0.18986784804616852
2020-06-08 22:00:00+00:00,-0.0
2020-06-08 23:00:00+00:00,-0.0
2020-06-09 00:00:00+00:00,-0.0
2020-06-09 01:00:00+00:00,-0.0
2020-06-09 02:00:00+00:00,-0.0
2020-06-09 03:00:00+00:00,-0.0
2020-06-09 04:00:00+00:00,-0.0
2020-06-09 05:00:00+00:00,-0.0
2020-06-09 06:00:00+00:00,-0.0
2020-06-09 07:00:00+00:00,-0.0
2020-06-09 08:00:00+00:00,-0.0
2020-06-09 09:00:00+00:00,-0.0
2020-06-09 10:00:00+00:00,-0.0
2020-06-09 11:00:00+00:00,-0.0
2020-06-09 12:00:00+00:00,-0.0
2020-06-09 13:00:00+00:00,-0.0
2020-06-09 14:00:00+00:00,-0.0
2020-06-09 15:00:00+00:00,-0.0
2020-06-09 16:00:00+00:00,-0.0
2020-06-09 17:00:00+00:00,-0.0
2020-06-09 18:00:00+00:00,-0.0
2020-06-09 19:00:00+00:00,-0.0
2020-06-09 20:00:00+00:00,-0.0
2020-06-09 21:00:00+00:00,-0.0
2020-06-09 22:00:00+00:00,-0.0
2020-06-09 23:00:00+00:00,-0.0
2020-06-10 00:00:00+00:00,-0.0
2020-06-10 01:00:00+00:00,-0.0
2020-06-10 02:00:00+00:00,-0.0
2020-06-10 03:00:00+00:00,-0.0
2020-06-10 04:00:00+00:00,-0.0
2020-06-10 05:00:00+00:00,-0.0
2020-06-10 06:00:00+00:00,-0.0
2020-06-10 07:00:00+00:00,-0.0
2020-06-10 08:00:00+00:00,-0.0
2020-06-10 09:00:00+00:00,-0.0
2020-06-10 10:00:00+00:00,-0.0
2020-06-10 11:00:00+00:00,-0.0
2020-06-10 12:00:00+00:00,-0.0
2020-06-10 13:00:00+00:00,-0.0
2020-06-10 14:00:00+00:00,-0.0
2020-06-10 15:00:00+00:00,-0.0
2020-06-10 16:00:00+00:00,-0.0
2020-06-10 17:00:00+00:00,-0.0
2020-06-10 18:00:00+00:00,-0.0
2020-06-10 19:00:00+00:00,-0.0
2020-06-10 20:00:00+00:00,-0.0
2020-06-10 21:00:00+00:00,-0.0
2020-06-10 22:00:00+00:00,-0.0
2020-06-10 23:00:00+00:00,-0.0
2020-06-11 00:00:00+00:00,-0.0
2020-06-11 01:00:00+00:00,-0.0
2020-06-11 02:00:00+00:00,-0.0
2020-06-11 03:00:00+00:00,-0.0
2020-06-11 04:00:00+00:00,-0.0
2020-06-11 05:00:00+00:00,-0.0
2020-06-11 06:00:00+00:00,-0.0
2020-06-11 07:00:00+00:00,-0.0
2020-06-11 08:00:00+00:00,-0.0
2020-06-11 09:00:00+00:00,-0.0
2020-06-11 10:00:00+00:00,-0.0
2020-06-11 11:00:00+00:00,-0.0
2020-06-11 12:00:00+00:00,-0.0
2020-06-11 13:00:00+00:00,-0.0
2020-06-11 14:00:00+00:00,-0.0
2020-06-11 15:00:00+00:00,-0.0
2020-06-11 16:00:00+00:00,-0.0
2020-06-11 17:00:00+00:00,-0.0
2020-06-11 18:00:00+00:00,-0.0
2020-06-11 19:00:00+00:00,-0.0
2020-06-11 20:00:00+00:00,-0.0
2020-06-11 21:00:00+00:00,-0.0
2020-06-11 22:00:00+00:00,-0.0
2020-06-11 23:00:00+00:00,-0.0
2020-06-12 00:00:00+00:00,-0.0
2020-06-12 01:00:00+00:00,-0.0
2020-06-12 02:00:00+00:00,-0.0
2020-06-12 03:00:00+00:00,-0.0
2020-06-12 04:00:00+00:00,-0.0
2020-06-12 05:00:00+00:00,-0.0
2020-06-12 06:00:00+00:00,-0.0
2020-06-12 07:00:00+00:00,-0.0
2020-06-12 08:00:00+00:00,-0.0
2020-06-12 09:00:00+00:00,-0.0
2020-06-12 10:00:00+00:00,-0.0
2020-06-12 11:00:00+00:00,-0.0
2020-06-12 12:00:00+00:00,-0.0
2020-06-12 13:00:00+00:00,-0.0
2020-06-12 14:00:00+00:00,-0.0
2020-06-12 15:00:00+00:00,-0.0
2020-06-12 16:00:00+00:00,-0.0
2020-06-12 17:00:00+00:00,0.14147686792579564
2020-06-12 18:00:00+00:00,-0.0
2020-06-12 19:00:00+00:00,-0.0
2020-06-12 20:00:00+00:00,-0.0
2020-06-12 21:00:00+00:00,-0.0
2020-06-12 22:00:00+00:00,-0.0
2020-06-12 23:00:00+00:00,-0.0
2020-06-13 00:00:00+00:00,-0.0
2020-06-13 01:00:00+00:00,-0.0
2020-06-13 02:00:00+00:00,-0.0
2020-06-13 03:00:00+00:00,-0.0
2020-06-13 04:00:00+00:00,-0.0
2020-06-13 05:00:00+00:00,-0.0
2020-06-13 06:00:00+00:00,-0.0
2020-06-13 07:00:00+00:00,-0.0
2020-06-13 08:00:00+00:00,-0.0
2020-06-13 09:00:00+00:00,-0.0
2020-06-13 10:00:00+00:00,-0.0
2020-06-13 11:00:00+00:00,-0.0
2020-06-13 12:00:00+00:00,-0.0
2020-06-13 13:00:00+00:00,-0.0
2020-06-13 14:00:00+00:00,-0.0
2020-06-13 15:00:00+00:00,-0.0
2020-06-13 16:00:00+00:00,-0.0
2020-06-13 17:00:00+00:00,-0.0
2020-06-13 18:00:00+00:00,-0.0
2020-06-13 19:00:00+00:00,-0.0
2020-06-13 20:00:00+00:00,-0.0
2020-06-13 21:00:00+00:00,-0.0
2020-06-13 22:00:00+00:00,-0.0
2020-06-13 23:00:00+00:00,-0.0
2020-06-14 00:00:00+00:00,-0.0
2020-06-14 01:00:00+00:00,-0.0
2020-06-14 02:00:00+00:00,-0.0
2020-06-14 03:00:00+00:00,-0.0
2020-06-14 04:00:00+00:00,-0.0
2020-06-14 05:00:00+00:00,-0.0
2020-06-14 06:00:00+00:00,-0.0
2020-06-14 07:00:00+00:00,-0.0
2020-06-14 08:00:00+00:00,-0.0
2020-06-14 09:00:00+00:00,-0.0
2020-06-14 10:00:00+00:00,-0.0
2020-06-14 11:00:00+00:00,-0.0
2020-06-14 12:00:00+00:00,-0.0
2020-06-14 13:00:00+00:00,-0.0
2020-06-14 14:00:00+00:00,-0.0
2020-06-14 15:00:00+00:00,-0.0
2020-06-14 16:00:00+00:00,-0.0
2020-06-14 17:00:00+00:00,-0.0
2020-06-14 18:00:00+00:00,-0.0
2020-06-14 19:00:00+00:00,-0.0
2020-06-14 20:00:00+00:00,-0.0
2020-06-14 21:00:00+00:00,-0.0
2020-06-14 22:00:00+00:00,-0.0
2020-06-14 23:00:00+00:00,-0.0
2020-06-15 00:00:00+00:00,-0.0
2020-06-15 01:00:00+00:00,-0.0
2020-06-15 02:00:00+00:00,-0.0
2020-06-15 03:00:00+00:00,-0.0
2020-06-15 04:00:00+00:00,-0.0
2020-06-15 05:00:00+00:00,-0.0
2020-06-15 06:00:00+00:00,-0.0
2020-06-15 07:00:00+00:00,-0.0
2020-06-15 08:00:00+00:00,-0.0
2020-06-15 09:00:00+00:00,-0.0
2020-06-15 10:00:00+00:00,-0.0
2020-06-15 11:00:00+00:00,-0.0
2020-06-15 12:00:00+00:00,-0.0
2020-06-15 13:00:00+00:00,-0.0
2020-06-15 14:00:00+00:00,-0.0
2020-06-15 15:00:00+00:00,-0.0
2020-06-15 16:00:00+00:00,-0.0
2020-06-15 17:00:00+00:00,-0.0
2020-06-15 18:00:00+00:00,-0.0
2020-06-15 19:00:00+00:00,-0.0
2020-06-15 20:00:00+00:00,-0.0
2020-06-15 21:00:00+00:00,-0.0
2020-06-15 22:00:00+00:00,-0.0
2020-06-15 23:00:00+00:00,-0.0
2020-06-16 00:00:00+00:00,-0.0
2020-06-16 01:00:00+00:00,-0.0
2020-06-16 02:00:00+00:00,-0.0
2020-06-16 03:00:00+00:00,-0.0
2020-06-16 04:00:00+00:00,-0.0
2020-06-16 05:00:00+00:00,-0.0
2020-06-16 06:00:00+00:00,-0.0
2020-06-16 07:00:00+00:00,-0.0
2020-06-16 08:00:00+00:00,-0.0
2020-06-16 09:00:00+00:00,-0.0
2020-06-16 10:00:00+00:00,-0.0
2020-06-16 11:00:00+00:00,-0.0
2020-06-16 12:00:00+00:00,-0.0
2020-06-16 13:00:00+00:00,-0.0
2020-06-16 14:00:00+00:00,-0.0
2020-06-16 15:00:00+00:00,-0.0
2020-06-16 16:00:00+00:00,-0.0
2020-06-16 17:00:00+00:00,-0.0
2020-06-16 18:00:00+00:00,-0.0
2020-06-16 19:00:00+00:00,-0.0
2020-06-16 20:00:00+00:00,-0.0
2020-06-16 21:00:00+00:00,-0.0
2020-06-16 22:00:00+00:00,-0.0
2020-06-16 23:00:00+00:00,-0.0
2020-06-17 00:00:00+00:00,-0.0
2020-06-17 01:00:00+00:00,-0.0
2020-06-17 02:00:00+00:00,-0.0
2020-06-17 03:00:00+00:00,-0.0
2020-06-17 04:00:00+00:00,-0.0
2020-06-17 05:00:00+00:00,-0.0
2020-06-17 06:00:00+00:00,-0.0
2020-06-17 07:00:00+00:00,-0.0
2020-06-17 08:00:00+00:00,-0.0
2020-06-17 09:00:00+00:00,-0.0
2020-06-17 10:00:00+00:00,-0.0
2020-06-17 11:00:00+00:00,-0.0
2020-06-17 12:00:00+00:00,-0.0
2020-06-17 13:00:00+00:00,-0.0
2020-06-17 14:00:00+00:00,-0.0
2020-06-17 15:00:00+00:00,-0.0
2020-06-17 16:00:00+00:00,-0.0
2020-06-17 17:00:00+00:00,-0.0
2020-06-17 18:00:00+00:00,-0.0
2020-06-17 19:00:00+00:00,-0.0
2020-06-17 20:00:00+00:00,-0.0
2020-06-17 21:00:00+00:00,-0.0
2020-06-17 22:00:00+00:00,-0.0
2020-06-17 23:00:00+00:00,-0.0
2020-06-18 00:00:00+00:00,-0.0
2020-06-18 01:00:00+00:00,-0.0
2020-06-18 02:00:00+00:00,-0.0
2020-06-18 03:00:00+00:00,-0.0
2020-06-18 04:00:00+00:00,-0.0
2020-06-18 05:00:00+00:00,-0.0
2020-06-18 06:00:00+00:00,-0.0
2020-06-18 07:00:00+00:00,-0.0
2020-06-18 08:00:00+00:00,-0.0
2020-06-18 09:00:00+00:00,-0.0
2020-06-18 10:00:00+00:00,-0.0
2020-06-18 11:00:00+00:00,-0.0
2020-06-18 12:00:00+00:00,-0.0
2020-06-18 13:00:00+00:00,-0.0
2020-06-18 14:00:00+00:00,-0.0
2020-06-18 15:00:00+00:00,0.10211313612821413
2020-06-18 16:00:00+00:00,-0.0
2020-06-18 17:00:00+00:00,-0.0
2020-06-18 18:00:00+00:00,-0.0
2020-06-18 19:00:00+00:00,-0.0
2020-06-18 20:00:00+00:00,-0.0
2020-06-18 21:00:00+00:00,-0.0
2020-06-18 22:00:00+00:00,-0.0
2020-06-18 23:00:00+00:00,-0.0
2020-06-19 00:00:00+00:00,-0.0
2020-06-19 01:00:00+00:00,-0.0
2020-06-19 02:00:00+00:00,-0.0
2020-06-19 03:00:00+00:00,-0.0
2020-06-19 04:00:00+00:00,-0.0
2020-06-19 05:00:00+00:00,-0.0
2020-06-19 06:00:00+00:00,-0.0
2020-06-19 07:00:00+00:00,-0.0
2020-06-19 08:00:00+00:00,-0.0
2020-06-19 09:00:00+00:00,-0.0
2020-06-19 10:00:00+00:00,-0.0
2020-06-19 11:00:00+00:00,-0.0
2020-06-19 12:00:00+00:00,-0.0
2020-06-19 13:00:00+00:00,-0.0
2020-06-19 14:00:00+00:00,-0.0
2020-06-19 15:00:00+00:00,-0.0
2020-06-19 16:00:00+00:00,-0.0
2020-06-19 17:00:00+00:00,0.0668073675840139
2020-06-19 18:00:00+00:00,-0.0
2020-06-19 19:00:00+00:00,-0.0
2020-06-19 20:00:00+00:00,-0.0
2020-06-19 21:00:00+00:00,-0.0
2020-06-19 22:00:00+00:00,-0.0
2020-06-19 23:00:00+00:00,-0.0
2020-06-20 00:00:00+00:00,-0.0
2020-06-20 01:00:00+00:00,-0.0
2020-06-20 02:00:00+00:00,-0.0
2020-06-20 03:00:00+00:00,-0.0
2020-06-20 04:00:00+00:00,-0.0
2020-06-20 05:00:00+00:00,-0.0
2020-06-20 06:00:00+00:00,-0.0
2020-06-20 07:00:00+00:00,-0.0
2020-06-20 08:00:00+00:00,-0.0
2020-06-20 09:00:00+00:00,-0.0
2020-06-20 10:00:00+00:00,-0.0
2020-06-20 11:00:00+00:00,-0.0
2020-06-20 12:00:00+00:00,-0.0
2020-06-20 13:00:00+00:00,-0.0
2020-06-20 14:00:00+00:00,-0.0
2020-06-20 15:00:00+00:00,-0.0
2020-06-20 16:00:00+00:00,-0.0
2020-06-20 17:00:00+00:00,-0.0
2020-06-20 18:00:00+00:00,-0.0
2020-06-20 19:00:00+00:00,-0.0
2020-06-20 20:00:00+00:00,-0.0
2020-06-20 21:00:00+00:00,-0.0
2020-06-20 22:00:00+00:00,-0.0
2020-06-20 23:00:00+00:00,-0.0
2020-06-21 00:00:00+00:00,-0.0
2020-06-21 01:00:00+00:00,-0.0
2020-06-21 02:00:00+00:00,-0.0
2020-06-21 03:00:00+00:00,-0.0
2020-06-21 04:00:00+00:00,-0.0
2020-06-21 05:00:00+00:00,-0.0
2020-06-21 06:00:00+00:00,-0.0
2020-06-21 07:00:00+00:00,0.07088697357538362
2020-06-21 08:00:00+00:00,-0.0
2020-06-21 09:00:00+00:00,-0.0
2020-06-21 10:00:00+00:00,-0.0
2020-06-21 11:00:00+00:00,-0.0
2020-06-21 12:00:00+00:00,-0.0
2020-06-21 13:00:00+00:00,-0.0
2020-06-21 14:00:00+00:00,-0.0
2020-06-21 15:00:00+00:00,-0.0
2020-06-21 16:00:00+00:00,-0.0
2020-06-21 17:00:00+00:00,-0.0
2020-06-21 18:00:00+00:00,-0.0
2020-06-21 19:00:00+00:00,-0.0
2020-06-21 20:00:00+00:00,-0.0
2020-06-21 21:00:00+00:00,-0.0
2020-06-21 22:00:00+00:00,-0.0
2020-06-21 23:00:00+00:00,-0.0
2020-06-22 00:00:00+00:00,-0.0
2020-06-22 01:00:00+00:00,-0.0
2020-06-22 02:00:00+00:00,-0.0
2020-06-22 03:00:00+00:00,-0.0
2020-06-22 04:00:00+00:00,-0.0
2020-06-22 05:00:00+00:00,-0.0
2020-06-22 06:00:00+00:00,-0.0
2020-06-22 07:00:00+00:00,-0.0
2020-06-22 08:00:00+00:00,-0.0
2020-06-22 09:00:00+00:00,-0.0
2020-06-22 10:00:00+00:00,-0.0
2020-06-22 11:00:00+00:00,-0.0
2020-06-22 12:00:00+00:00,-0.08380509308291434
2020-06-22 13:00:00+00:00,0.050918744761563606
2020-06-22 14:00:00+00:00,-0.0
2020-06-22 15:00:00+00:00,-0.0
2020-06-22 16:00:00+00:00,-0.0
2020-06-22 17:00:00+00:00,-0.0
2020-06-22 18:00:00+00:00,-0.0
2020-06-22 19:00:00+00:00,-0.0
2020-06-22 20:00:00+00:00,0.03001516291981024
2020-06-22 21:00:00+00:00,-0.0
2020-06-22 22:00:00+00:00,0.04371946221343959
2020-06-22 23:00:00+00:00,-0.0
2020-06-23 00:00:00+00:00,-0.0
2020-06-23 01:00:00+00:00,-0.0
2020-06-23 02:00:00+00:00,-0.0
2020-06-23 03:00:00+00:00,-0.0
2020-06-23 04:00:00+00:00,-0.0
2020-06-23 05:00:00+00:00,-0.0
2020-06-23 06:00:00+00:00,-0.0
2020-06-23 07:00:00+00:00,-0.0
2020-06-23 08:00:00+00:00,-0.0
2020-06-23 09:00:00+00:00,-0.0
2020-06-23 10:00:00+00:00,-0.0
2020-06-23 11:00:00+00:00,-0.0
2020-06-23 12:00:00+00:00,-0.0
2020-06-23 13:00:00+00:00,-0.15759290577800864
2020-06-23 14:00:00+00:00,-0.0
2020-06-23 15:00:00+00:00,-0.0
2020-06-23 16:00:00+00:00,-0.0
2020-06-23 17:00:00+00:00,-0.0
2020-06-23 18:00:00+00:00,-0.0
2020-06-23 19:00:00+00:00,-0.0
2020-06-23 20:00:00+00:00,-0.0
2020-06-23 21:00:00+00:00,0.08011818429386872
2020-06-23 22:00:00+00:00,-0.0
2020-06-23 23:00:00+00:00,-0.0
2020-06-24 00:00:00+00:00,-0.0
2020-06-24 01:00:00+00:00,-0.0
2020-06-24 02:00:00+00:00,-0.0
2020-06-24 03:00:00+00:00,-0.0
2020-06-24 04:00:00+00:00,-0.0
2020-06-24 05:00:00+00:00,-0.0
2020-06-24 06:00:00+00:00,-0.0
2020-06-24 07:00:00+00:00,-0.0
2020-06-24 08:00:00+00:00,0.05557166884910449
2020-06-24 09:00:00+00:00,-0.0
2020-06-24 10:00:00+00:00,0.09302165011579563
2020-06-24 11:00:00+00:00,-0.0
2020-06-24 12:00:00+00:00,-0.0
2020-06-24 13:00:00+00:00,-0.0
2020-06-24 14:00:00+00:00,-0.0
2020-06-24 15:00:00+00:00,-0.0
2020-06-24 16:00:00+00:00,-0.0
2020-06-24 17:00:00+00:00,-0.0
2020-06-24 18:00:00+00:00,-0.0
2020-06-24 19:00:00+00:00,-0.0
2020-06-24 20:00:00+00:00,-0.0
2020-06-24 21:00:00+00:00,-0.0
2020-06-24 22:00:00+00:00,-0.0
2020-06-24 23:00:00+00:00,-0.0
2020-06-25 00:00:00+00:00,-0.0
2020-06-25 01:00:00+00:00,-0.0
2020-06-25 02:00:00+00:00,-0.0
2020-06-25 03:00:00+00:00,-0.0
2020-06-25 04:00:00+00:00,-0.0
2020-06-25 05:00:00+00:00,-0.0
2020-06-25 06:00:00+00:00,-0.0
2020-06-25 07:00:00+00:00,-0.0
2020-06-25 08:00:00+00:00,-0.0
2020-06-25 09:00:00+00:00,-0.0
2020-06-25 10:00:00+00:00,-0.0
2020-06-25 11:00:00+00:00,-0.0
2020-06-25 12:00:00+00:00,-0.0
2020-06-25 13:00:00+00:00,-0.0
2020-06-25 14:00:00+00:00,-0.0
2020-06-25 15:00:00+00:00,-0.0
2020-06-25 16:00:00+00:00,-0.0
2020-06-25 17:00:00+00:00,-0.0
2020-06-25 18:00:00+00:00,-0.0
2020-06-25 19:00:00+00:00,-0.0
2020-06-25 20:00:00+00:00,-0.0
2020-06-25 21:00:00+00:00,-0.0
2020-06-25 22:00:00+00:00,-0.0
2020-06-25 23:00:00+00:00,-0.0
2020-06-26 00:00:00+00:00,-0.0
2020-06-26 01:00:00+00:00,-0.0
2020-06-26 02:00:00+00:00,-0.0
2020-06-26 03:00:00+00:00,-0.0
2020-06-26 04:00:00+00:00,-0.0
2020-06-26 05:00:00+00:00,-0.0
2020-06-26 06:00:00+00:00,-0.0
2020-06-26 07:00:00+00:00,-0.0
2020-06-26 08:00:00+00:00,-0.0
2020-06-26 09:00:00+00:00,-0.0
2020-06-26 10:00:00+00:00,-0.0
2020-06-26 11:00:00+00:00,-0.0
2020-06-26 12:00:00+00:00,-0.0
2020-06-26 13:00:00+00:00,-0.0
2020-06-26 14:00:00+00:00,-0.0
2020-06-26 15:00:00+00:00,-0.0
2020-06-26 16:00:00+00:00,-0.0
2020-06-26 17:00:00+00:00,-0.0
2020-06-26 18:00:00+00:00,-0.0
2020-06-26 19:00:00+00:00,-0.0
2020-06-26 20:00:00+00:00,-0.0
2020-06-26 21:00:00+00:00,-0.0
2020-06-26 22:00:00+00:00,-0.0
2020-06-26 23:00:00+00:00,-0.0
2020-06-27 00:00:00+00:00,-0.0
2020-06-27 01:00:00+00:00,-0.0
2020-06-27 02:00:00+00:00,-0.0
2020-06-27 03:00:00+00:00,-0.0
2020-06-27 04:00:00+00:00,-0.0
2020-06-27 05:00:00+00:00,-0.0
2020-06-27 06:00:00+00:00,-0.0
2020-06-27 07:00:00+00:00,-0.0
2020-06-27 08:00:00+00:00,-0.0
2020-06-27 09:00:00+00:00,-0.0
2020-06-27 10:00:00+00:00,-0.0
2020-06-27 11:00:00+00:00,-0.0
2020-06-27 12:00:00+00:00,-0.0
2020-06-27 13:00:00+00:00,-0.0
2020-06-27 14:00:00+00:00,-0.0
2020-06-27 15:00:00+00:00,-0.0
2020-06-27 16:00:00+00:00,-0.0
2020-06-27 17:00:00+00:00,-0.0
2020-06-27 18:00:00+00:00,-0.0
2020-06-27 19:00:00+00:00,-0.0
2020-06-27 20:00:00+00:00,-0.0
2020-06-27 21:00:00+00:00,-0.0
2020-06-27 22:00:00+00:00,-0.0
2020-06-27 23:00:00+00:00,-0.0
2020-06-28 00:00:00+00:00,-0.0
2020-06-28 01:00:00+00:00,-0.0
2020-06-28 05:00:00+00:00,-0.0
2020-06-28 06:00:00+00:00,-0.0
2020-06-28 07:00:00+00:00,-0.0
2020-06-28 08:00:00+00:00,-0.0
2020-06-28 09:00:00+00:00,-0.0
2020-06-28 10:00:00+00:00,-0.0
2020-06-28 11:00:00+00:00,-0.0
2020-06-28 12:00:00+00:00,-0.0
2020-06-28 13:00:00+00:00,-0.0
2020-06-28 14:00:00+00:00,-0.0
2020-06-28 15:00:00+00:00,-0.0
2020-06-28 16:00:00+00:00,-0.0
2020-06-28 17:00:00+00:00,-0.0
2020-06-28 18:00:00+00:00,-0.0
2020-06-28 19:00:00+00:00,-0.0
2020-06-28 20:00:00+00:00,-0.0
2020-06-28 21:00:00+00:00,-0.0
2020-06-28 22:00:00+00:00,-0.0
2020-06-28 23:00:00+00:00,-0.0
2020-06-29 00:00:00+00:00,-0.0
2020-06-29 01:00:00+00:00,-0.0
2020-06-29 02:00:00+00:00,-0.0
2020-06-29 03:00:00+00:00,-0.0
2020-06-29 04:00:00+00:00,-0.0
2020-06-29 05:00:00+00:00,-0.0
2020-06-29 06:00:00+00:00,-0.0
2020-06-29 07:00:00+00:00,-0.0
2020-06-29 08:00:00+00:00,-0.0
2020-06-29 09:00:00+00:00,-0.0
2020-06-29 10:00:00+00:00,-0.0
2020-06-29 11:00:00+00:00,-0.0
2020-06-29 12:00:00+00:00,-0.0
2020-06-29 13:00:00+00:00,-0.0
2020-06-29 14:00:00+00:00,-0.0
2020-06-29 15:00:00+00:00,-0.0
2020-06-29 16:00:00+00:00,-0.0
2020-06-29 17:00:00+00:00,-0.0
2020-06-29 18:00:00+00:00,-0.0
2020-06-29 19:00:00+00:00,-0.0
2020-06-29 20:00:00+00:00,-0.0
2020-06-29 21:00:00+00:00,-0.0
2020-06-29 22:00:00+00:00,-0.0
2020-06-29 23:00:00+00:00,-0.0
2020-06-30 00:00:00+00:00,-0.0
2020-06-30 01:00:00+00:00,-0.0
2020-06-30 02:00:00+00:00,-0.0
2020-06-30 03:00:00+00:00,-0.0
2020-06-30 04:00:00+00:00,-0.0
2020-06-30 05:00:00+00:00,-0.0
2020-06-30 06:00:00+00:00,-0.0
2020-06-30 07:00:00+00:00,-0.0
2020-06-30 08:00:00+00:00,-0.0
2020-06-30 09:00:00+00:00,-0.0
2020-06-30 10:00:00+00:00,-0.0
2020-06-30 11:00:00+00:00,-0.0
2020-06-30 12:00:00+00:00,-0.0
2020-06-30 13:00:00+00:00,-0.0
2020-06-30 14:00:00+00:00,-0.0
2020-06-30 15:00:00+00:00,-0.0
2020-06-30 16:00:00+00:00,-0.0
2020-06-30 17:00:00+00:00,-0.0
2020-06-30 18:00:00+00:00,-0.0
2020-06-30 19:00:00+00:00,-0.0
2020-06-30 20:00:00+00:00,-0.0
2020-06-30 21:00:00+00:00,-0.0
2020-06-30 22:00:00+00:00,-0.0
2020-06-30 23:00:00+00:00,-0.0
2020-07-01 00:00:00+00:00,-0.0
2020-07-01 01:00:00+00:00,-0.0
2020-07-01 02:00:00+00:00,-0.0
2020-07-01 03:00:00+00:00,-0.0
2020-07-01 04:00:00+00:00,-0.0
2020-07-01 05:00:00+00:00,-0.0
2020-07-01 06:00:00+00:00,-0.0
2020-07-01 07:00:00+00:00,-0.0
2020-07-01 08:00:00+00:00,-0.0
2020-07-01 09:00:00+00:00,-0.0
2020-07-01 10:00:00+00:00,-0.0
2020-07-01 11:00:00+00:00,-0.0
2020-07-01 12:00:00+00:00,-0.0
2020-07-01 13:00:00+00:00,-0.0
2020-07-01 14:00:00+00:00,-0.0
2020-07-01 15:00:00+00:00,-0.0
2020-07-01 16:00:00+00:00,-0.0
2020-07-01 17:00:00+00:00,-0.2660147270742128
2020-07-01 18:00:00+00:00,-0.0
2020-07-01 19:00:00+00:00,0.09975971977516107
2020-07-01 20:00:00+00:00,-0.0
2020-07-01 21:00:00+00:00,-0.0
2020-07-01 22:00:00+00:00,-0.0
2020-07-01 23:00:00+00:00,-0.0
2020-07-02 00:00:00+00:00,-0.0
2020-07-02 01:00:00+00:00,-0.0
2020-07-02 02:00:00+00:00,-0.0
2020-07-02 03:00:00+00:00,-0.12749417554256273
2020-07-02 04:00:00+00:00,-0.0
2020-07-02 05:00:00+00:00,-0.0
2020-07-02 06:00:00+00:00,0.14257382887666478
2020-07-02 07:00:00+00:00,-0.0
2020-07-02 08:00:00+00:00,-0.0
2020-07-02 09:00:00+00:00,-0.0
2020-07-02 10:00:00+00:00,-0.0
2020-07-02 11:00:00+00:00,-0.13534706373316546
2020-07-02 12:00:00+00:00,-0.0
2020-07-02 13:00:00+00:00,-0.0
2020-07-02 14:00:00+00:00,-0.0
2020-07-02 15:00:00+00:00,0.19494859217582022
2020-07-02 16:00:00+00:00,-0.0
2020-07-02 17:00:00+00:00,-0.0
2020-07-02 18:00:00+00:00,-0.0
2020-07-02 19:00:00+00:00,-0.0
2020-07-02 20:00:00+00:00,-0.0
2020-07-02 21:00:00+00:00,-0.0
2020-07-02 22:00:00+00:00,-0.0
2020-07-02 23:00:00+00:00,-0.0
2020-07-03 00:00:00+00:00,-0.0
2020-07-03 01:00:00+00:00,-0.0
2020-07-03 02:00:00+00:00,-0.0
2020-07-03 03:00:00+00:00,-0.0
2020-07-03 04:00:00+00:00,-0.0
2020-07-03 05:00:00+00:00,-0.0
2020-07-03 06:00:00+00:00,-0.0
2020-07-03 07:00:00+00:00,-0.0
2020-07-03 08:00:00+00:00,-0.0
2020-07-03 09:00:00+00:00,-0.0
2020-07-03 10:00:00+00:00,-0.0
2020-07-03 11:00:00+00:00,-0.0
2020-07-03 12:00:00+00:00,-0.0
2020-07-03 13:00:00+00:00,-0.0
2020-07-03 14:00:00+00:00,-0.0
2020-07-03 15:00:00+00:00,-0.0
2020-07-03 16:00:00+00:00,-0.0
2020-07-03 17:00:00+00:00,-0.0
2020-07-03 18:00:00+00:00,-0.0
2020-07-03 19:00:00+00:00,-0.0
2020-07-03 20:00:00+00:00,-0.0
2020-07-03 21:00:00+00:00,-0.0
2020-07-03 22:00:00+00:00,-0.0
2020-07-03 23:00:00+00:00,-0.0
2020-07-04 00:00:00+00:00,-0.0
2020-07-04 01:00:00+00:00,-0.0
2020-07-04 02:00:00+00:00,-0.0
2020-07-04 03:00:00+00:00,-0.0
2020-07-04 04:00:00+00:00,-0.0
2020-07-04 05:00:00+00:00,-0.0
2020-07-04 06:00:00+00:00,-0.0
2020-07-04 07:00:00+00:00,-0.0
2020-07-04 08:00:00+00:00,-0.0
2020-07-04 09:00:00+00:00,-0.0
2020-07-04 10:00:00+00:00,-0.0
2020-07-04 11:00:00+00:00,-0.0
2020-07-04 12:00:00+00:00,-0.0
2020-07-04 13:00:00+00:00,-0.0
2020-07-04 14:00:00+00:00,-0.0
2020-07-04 15:00:00+00:00,-0.0
2020-07-04 16:00:00+00:00,-0.0
2020-07-04 17:00:00+00:00,-0.0
2020-07-04 18:00:00+00:00,-0.0
2020-07-04 19:00:00+00:00,-0.0
2020-07-04 20:00:00+00:00,-0.0
2020-07-04 21:00:00+00:00,-0.0
2020-07-04 22:00:00+00:00,-0.0
2020-07-04 23:00:00+00:00,-0.0
2020-07-05 00:00:00+00:00,-0.0
2020-07-05 01:00:00+00:00,-0.0
2020-07-05 02:00:00+00:00,-0.0
2020-07-05 03:00:00+00:00,-0.0
2020-07-05 04:00:00+00:00,-0.0
2020-07-05 05:00:00+00:00,-0.0
2020-07-05 06:00:00+00:00,-0.0
2020-07-05 07:00:00+00:00,-0.0
2020-07-05 08:00:00+00:00,-0.0
2020-07-05 09:00:00+00:00,-0.0
2020-07-05 10:00:00+00:00,-0.0
2020-07-05 11:00:00+00:00,-0.0
2020-07-05 12:00:00+00:00,-0.0
2020-07-05 13:00:00+00:00,-0.0
2020-07-05 14:00:00+00:00,-0.0
2020-07-05 15:00:00+00:00,-0.0
2020-07-05 16:00:00+00:00,-0.0
2020-07-05 17:00:00+00:00,-0.0
2020-07-05 18:00:00+00:00,-0.0
2020-07-05 19:00:00+00:00,-0.0
2020-07-05 20:00:00+00:00,-0.0
2020-07-05 21:00:00+00:00,-0.0
2020-07-05 22:00:00+00:00,-0.0
2020-07-05 23:00:00+00:00,-0.0
2020-07-06 00:00:00+00:00,-0.0
2020-07-06 01:00:00+00:00,-0.0
2020-07-06 02:00:00+00:00,-0.0
2020-07-06 03:00:00+00:00,-0.0
2020-07-06 04:00:00+00:00,-0.0
2020-07-06 05:00:00+00:00,-0.0
2020-07-06 06:00:00+00:00,-0.0
2020-07-06 07:00:00+00:00,-0.0
2020-07-06 08:00:00+00:00,-0.0
2020-07-06 09:00:00+00:00,-0.0
2020-07-06 10:00:00+00:00,-0.0
2020-07-06 11:00:00+00:00,-0.0
2020-07-06 12:00:00+00:00,-0.0
2020-07-06 13:00:00+00:00,-0.0
2020-07-06 14:00:00+00:00,-0.0
2020-07-06 15:00:00+00:00,-0.0
2020-07-06 16:00:00+00:00,-0.0
2020-07-06 17:00:00+00:00,-0.0
2020-07-06 18:00:00+00:00,-0.0
2020-07-06 19:00:00+00:00,-0.0
2020-07-06 20:00:00+00:00,-0.0
2020-07-06 21:00:00+00:00,-0.0
2020-07-06 22:00:00+00:00,-0.0
2020-07-06 23:00:00+00:00,-0.0
2020-07-07 00:00:00+00:00,-0.0
2020-07-07 01:00:00+00:00,-0.0
2020-07-07 02:00:00+00:00,-0.0
2020-07-07 03:00:00+00:00,-0.0
2020-07-07 04:00:00+00:00,-0.0
2020-07-07 05:00:00+00:00,-0.0
2020-07-07 06:00:00+00:00,-0.0
2020-07-07 07:00:00+00:00,-0.0
2020-07-07 08:00:00+00:00,-0.0
2020-07-07 09:00:00+00:00,-0.0
2020-07-07 10:00:00+00:00,-0.0
2020-07-07 11:00:00+00:00,-0.0
2020-07-07 12:00:00+00:00,-0.0
2020-07-07 13:00:00+00:00,-0.0
2020-07-07 14:00:00+00:00,-0.0
2020-07-07 15:00:00+00:00,-0.0
2020-07-07 16:00:00+00:00,-0.0
2020-07-07 17:00:00+00:00,-0.0
2020-07-07 18:00:00+00:00,-0.0
2020-07-07 19:00:00+00:00,-0.0
2020-07-07 20:00:00+00:00,-0.0
2020-07-07 21:00:00+00:00,-0.0
2020-07-07 22:00:00+00:00,-0.0
2020-07-07 23:00:00+00:00,-0.0
2020-07-08 00:00:00+00:00,-0.0
2020-07-08 01:00:00+00:00,-0.1781054095967352
2020-07-08 02:00:00+00:00,-0.0
2020-07-08 03:00:00+00:00,-0.0
2020-07-08 04:00:00+00:00,-0.02171217703034996
2020-07-08 05:00:00+00:00,-0.0
2020-07-08 06:00:00+00:00,-0.0
2020-07-08 07:00:00+00:00,-0.0
2020-07-08 08:00:00+00:00,-0.0
2020-07-08 09:00:00+00:00,-0.0
2020-07-08 10:00:00+00:00,-0.0
2020-07-08 11:00:00+00:00,-0.0
2020-07-08 12:00:00+00:00,-0.0
2020-07-08 13:00:00+00:00,-0.0
2020-07-08 14:00:00+00:00,-0.0
2020-07-08 15:00:00+00:00,-0.0
2020-07-08 16:00:00+00:00,-0.0
2020-07-08 17:00:00+00:00,-0.0
2020-07-08 18:00:00+00:00,-0.0
2020-07-08 19:00:00+00:00,-0.0
2020-07-08 20:00:00+00:00,-0.0
2020-07-08 21:00:00+00:00,-0.0
2020-07-08 22:00:00+00:00,-0.0
2020-07-08 23:00:00+00:00,-0.0
2020-07-09 00:00:00+00:00,-0.0
2020-07-09 01:00:00+00:00,-0.0
2020-07-09 02:00:00+00:00,-0.0
2020-07-09 03:00:00+00:00,-0.0
2020-07-09 04:00:00+00:00,-0.0
2020-07-09 05:00:00+00:00,-0.0
2020-07-09 06:00:00+00:00,-0.0
2020-07-09 07:00:00+00:00,-0.0
2020-07-09 08:00:00+00:00,-0.0
2020-07-09 09:00:00+00:00,-0.0
2020-07-09 10:00:00+00:00,-0.0
2020-07-09 11:00:00+00:00,-0.0
2020-07-09 12:00:00+00:00,-0.0
2020-07-09 13:00:00+00:00,-0.0
2020-07-09 14:00:00+00:00,-0.0
2020-07-09 15:00:00+00:00,-0.0
2020-07-09 16:00:00+00:00,-0.0
2020-07-09 17:00:00+00:00,-0.6488179343245537
2020-07-09 18:00:00+00:00,-0.0
2020-07-09 19:00:00+00:00,-0.0
2020-07-09 20:00:00+00:00,-0.0
2020-07-09 21:00:00+00:00,-0.0
2020-07-09 22:00:00+00:00,-0.0
2020-07-09 23:00:00+00:00,-0.0
2020-07-10 00:00:00+00:00,-0.0
2020-07-10 01:00:00+00:00,-0.0
2020-07-10 02:00:00+00:00,-0.0
2020-07-10 03:00:00+00:00,-0.0
2020-07-10 04:00:00+00:00,-0.0
2020-07-10 05:00:00+00:00,-0.0
2020-07-10 06:00:00+00:00,-0.0
2020-07-10 07:00:00+00:00,-0.0
2020-07-10 08:00:00+00:00,-0.0
2020-07-10 09:00:00+00:00,-0.0
2020-07-10 10:00:00+00:00,-0.0
2020-07-10 11:00:00+00:00,-0.0
2020-07-10 12:00:00+00:00,-0.0
2020-07-10 13:00:00+00:00,-0.0
2020-07-10 14:00:00+00:00,-0.0
2020-07-10 15:00:00+00:00,-0.0
2020-07-10 16:00:00+00:00,-0.0
2020-07-10 17:00:00+00:00,-0.0
2020-07-10 18:00:00+00:00,-0.0
2020-07-10 19:00:00+00:00,-0.0
2020-07-10 20:00:00+00:00,-0.0
2020-07-10 21:00:00+00:00,-0.0
2020-07-10 22:00:00+00:00,-0.0
2020-07-10 23:00:00+00:00,-0.0
2020-07-11 00:00:00+00:00,-0.0
2020-07-11 01:00:00+00:00,-0.0
2020-07-11 02:00:00+00:00,-0.0
2020-07-11 03:00:00+00:00,-0.0
2020-07-11 04:00:00+00:00,-0.0
2020-07-11 05:00:00+00:00,-0.0
2020-07-11 06:00:00+00:00,-0.0
2020-07-11 07:00:00+00:00,-0.0
2020-07-11 08:00:00+00:00,-0.0
2020-07-11 09:00:00+00:00,-0.0
2020-07-11 10:00:00+00:00,-0.0
2020-07-11 11:00:00+00:00,-0.0
2020-07-11 12:00:00+00:00,-0.0
2020-07-11 13:00:00+00:00,-0.0
2020-07-11 14:00:00+00:00,-0.0
2020-07-11 15:00:00+00:00,-0.0
2020-07-11 16:00:00+00:00,0.5899721025927506
2020-07-11 17:00:00+00:00,-0.0
2020-07-11 18:00:00+00:00,-0.0
2020-07-11 19:00:00+00:00,-0.0
2020-07-11 20:00:00+00:00,-0.0
2020-07-11 21:00:00+00:00,-0.0
2020-07-11 22:00:00+00:00,-0.0
2020-07-11 23:00:00+00:00,-0.0
2020-07-12 00:00:00+00:00,-0.0
2020-07-12 01:00:00+00:00,-0.0
2020-07-12 02:00:00+00:00,-0.0
2020-07-12 03:00:00+00:00,-0.0
2020-07-12 04:00:00+00:00,-0.0
2020-07-12 05:00:00+00:00,-0.0
2020-07-12 06:00:00+00:00,-0.0
2020-07-12 07:00:00+00:00,-0.0
2020-07-12 08:00:00+00:00,-0.0
2020-07-12 09:00:00+00:00,-0.0
2020-07-12 10:00:00+00:00,-0.0
2020-07-12 11:00:00+00:00,-0.0
2020-07-12 12:00:00+00:00,-0.0
2020-07-12 13:00:00+00:00,-0.0
2020-07-12 14:00:00+00:00,-0.0
2020-07-12 15:00:00+00:00,-0.0
2020-07-12 16:00:00+00:00,-0.0
2020-07-12 17:00:00+00:00,-0.0
2020-07-12 18:00:00+00:00,-0.0
2020-07-12 19:00:00+00:00,-0.0
2020-07-12 20:00:00+00:00,-0.0
2020-07-12 21:00:00+00:00,-0.0
2020-07-12 22:00:00+00:00,-0.0
2020-07-12 23:00:00+00:00,-0.0
2020-07-13 00:00:00+00:00,-0.0
2020-07-13 01:00:00+00:00,-0.0
2020-07-13 02:00:00+00:00,-0.0
2020-07-13 03:00:00+00:00,-0.0
2020-07-13 04:00:00+00:00,-0.0
2020-07-13 05:00:00+00:00,-0.0
2020-07-13 06:00:00+00:00,-0.0
2020-07-13 07:00:00+00:00,-0.0
2020-07-13 08:00:00+00:00,-0.0
2020-07-13 09:00:00+00:00,-0.0
2020-07-13 10:00:00+00:00,-0.0
2020-07-13 11:00:00+00:00,-0.0
2020-07-13 12:00:00+00:00,-0.0
2020-07-13 13:00:00+00:00,-0.0
2020-07-13 14:00:00+00:00,-0.0
2020-07-13 15:00:00+00:00,-0.0
2020-07-13 16:00:00+00:00,-0.0
2020-07-13 17:00:00+00:00,-0.0
2020-07-13 18:00:00+00:00,-0.0
2020-07-13 19:00:00+00:00,-0.0
2020-07-13 20:00:00+00:00,-0.0
2020-07-13 21:00:00+00:00,-0.0
2020-07-13 22:00:00+00:00,-0.0
2020-07-13 23:00:00+00:00,-0.0
2020-07-14 00:00:00+00:00,-0.0
2020-07-14 01:00:00+00:00,-0.0
2020-07-14 02:00:00+00:00,-0.0
2020-07-14 03:00:00+00:00,-0.0
2020-07-14 04:00:00+00:00,-0.0
2020-07-14 05:00:00+00:00,-0.0
2020-07-14 06:00:00+00:00,-0.0
2020-07-14 07:00:00+00:00,-0.0
2020-07-14 08:00:00+00:00,-0.0
2020-07-14 09:00:00+00:00,-0.0
2020-07-14 10:00:00+00:00,-0.0
2020-07-14 11:00:00+00:00,-0.0
2020-07-14 12:00:00+00:00,-0.0
2020-07-14 13:00:00+00:00,-0.0
2020-07-14 14:00:00+00:00,-0.0
2020-07-14 15:00:00+00:00,-0.0
2020-07-14 16:00:00+00:00,-0.0
2020-07-14 17:00:00+00:00,-0.0
2020-07-14 18:00:00+00:00,-0.0
2020-07-14 19:00:00+00:00,-0.0
2020-07-14 20:00:00+00:00,-0.0
2020-07-14 21:00:00+00:00,-0.0
2020-07-14 22:00:00+00:00,-0.0
2020-07-14 23:00:00+00:00,-0.0
2020-07-15 00:00:00+00:00,-0.0
2020-07-15 01:00:00+00:00,-0.0
2020-07-15 02:00:00+00:00,-0.0
2020-07-15 03:00:00+00:00,-0.0
2020-07-15 04:00:00+00:00,-0.0
2020-07-15 05:00:00+00:00,-0.0
2020-07-15 06:00:00+00:00,-0.0
2020-07-15 07:00:00+00:00,-0.0
2020-07-15 08:00:00+00:00,-0.0
2020-07-15 09:00:00+00:00,-0.0
2020-07-15 10:00:00+00:00,-0.0
2020-07-15 11:00:00+00:00,-0.0
2020-07-15 12:00:00+00:00,-0.0
2020-07-15 13:00:00+00:00,-0.0
2020-07-15 14:00:00+00:00,-0.0
2020-07-15 15:00:00+00:00,-0.0
2020-07-15 16:00:00+00:00,-0.0
2020-07-15 17:00:00+00:00,-0.0
2020-07-15 18:00:00+00:00,-0.0
2020-07-15 19:00:00+00:00,-0.0
2020-07-15 20:00:00+00:00,-0.0
2020-07-15 21:00:00+00:00,-0.0
2020-07-15 22:00:00+00:00,-0.0
2020-07-15 23:00:00+00:00,-0.0
2020-07-16 00:00:00+00:00,-0.0
2020-07-16 01:00:00+00:00,-0.0
2020-07-16 02:00:00+00:00,-0.0
2020-07-16 03:00:00+00:00,-0.0
2020-07-16 04:00:00+00:00,-0.0
2020-07-16 05:00:00+00:00,-0.0
2020-07-16 06:00:00+00:00,-0.0
2020-07-16 07:00:00+00:00,-0.0
2020-07-16 08:00:00+00:00,-0.0
2020-07-16 09:00:00+00:00,-0.0
2020-07-16 10:00:00+00:00,-0.0
2020-07-16 11:00:00+00:00,-0.0
2020-07-16 12:00:00+00:00,-0.0
2020-07-16 13:00:00+00:00,-0.0
2020-07-16 14:00:00+00:00,-0.0
2020-07-16 15:00:00+00:00,-0.0
2020-07-16 16:00:00+00:00,-0.0
2020-07-16 17:00:00+00:00,-0.0
2020-07-16 18:00:00+00:00,-0.0
2020-07-16 19:00:00+00:00,-0.0
2020-07-16 20:00:00+00:00,-0.0
2020-07-16 21:00:00+00:00,-0.0
2020-07-16 22:00:00+00:00,-0.0
2020-07-16 23:00:00+00:00,-0.0
2020-07-17 00:00:00+00:00,-0.0
2020-07-17 01:00:00+00:00,-0.0
2020-07-17 02:00:00+00:00,-0.0
2020-07-17 03:00:00+00:00,-0.0
2020-07-17 04:00:00+00:00,-0.0
2020-07-17 05:00:00+00:00,-0.0
2020-07-17 06:00:00+00:00,-0.0
2020-07-17 07:00:00+00:00,-0.0
2020-07-17 08:00:00+00:00,-0.0
2020-07-17 09:00:00+00:00,-0.0
2020-07-17 10:00:00+00:00,-0.0
2020-07-17 11:00:00+00:00,-0.0
2020-07-17 12:00:00+00:00,-0.0
2020-07-17 13:00:00+00:00,-0.0
2020-07-17 14:00:00+00:00,-0.0
2020-07-17 15:00:00+00:00,-0.0
2020-07-17 16:00:00+00:00,-0.0
2020-07-17 17:00:00+00:00,-0.0
2020-07-17 18:00:00+00:00,-0.0
2020-07-17 19:00:00+00:00,-0.0
2020-07-17 20:00:00+00:00,-0.0
2020-07-17 21:00:00+00:00,-0.0
2020-07-17 22:00:00+00:00,-0.0
2020-07-17 23:00:00+00:00,-0.0
2020-07-18 00:00:00+00:00,-0.0
2020-07-18 01:00:00+00:00,-0.0
2020-07-18 02:00:00+00:00,-0.0
2020-07-18 03:00:00+00:00,-0.0
2020-07-18 04:00:00+00:00,-0.0
2020-07-18 05:00:00+00:00,-0.0
2020-07-18 06:00:00+00:00,-0.0
2020-07-18 07:00:00+00:00,-0.0
2020-07-18 08:00:00+00:00,-0.0
2020-07-18 09:00:00+00:00,-0.0
2020-07-18 10:00:00+00:00,-0.0
2020-07-18 11:00:00+00:00,-0.0
2020-07-18 12:00:00+00:00,-0.0
2020-07-18 13:00:00+00:00,-0.0
2020-07-18 14:00:00+00:00,-0.0
2020-07-18 15:00:00+00:00,-0.0
2020-07-18 16:00:00+00:00,-0.0
2020-07-18 17:00:00+00:00,-0.0
2020-07-18 18:00:00+00:00,-0.0
2020-07-18 19:00:00+00:00,-0.0
2020-07-18 20:00:00+00:00,-0.0
2020-07-18 21:00:00+00:00,-0.0
2020-07-18 22:00:00+00:00,-0.0
2020-07-18 23:00:00+00:00,-0.0
2020-07-19 00:00:00+00:00,-0.0
2020-07-19 01:00:00+00:00,-0.0
2020-07-19 02:00:00+00:00,-0.0
2020-07-19 03:00:00+00:00,-0.0
2020-07-19 04:00:00+00:00,-0.0
2020-07-19 05:00:00+00:00,-0.0
2020-07-19 06:00:00+00:00,-0.0
2020-07-19 07:00:00+00:00,-0.0
2020-07-19 08:00:00+00:00,-0.0
2020-07-19 09:00:00+00:00,-0.0
2020-07-19 10:00:00+00:00,-0.0
2020-07-19 11:00:00+00:00,-0.0
2020-07-19 12:00:00+00:00,0.6132308666647941
2020-07-19 13:00:00+00:00,-0.0
2020-07-19 14:00:00+00:00,-0.0
2020-07-19 15:00:00+00:00,-0.0
2020-07-19 16:00:00+00:00,-0.0
2020-07-19 17:00:00+00:00,-0.0
2020-07-19 18:00:00+00:00,-0.0
2020-07-19 19:00:00+00:00,-0.0
2020-07-19 20:00:00+00:00,-0.0
2020-07-19 21:00:00+00:00,-0.0
2020-07-19 22:00:00+00:00,-0.0
2020-07-19 23:00:00+00:00,-0.0
2020-07-20 00:00:00+00:00,-0.0
2020-07-20 01:00:00+00:00,-0.0
2020-07-20 02:00:00+00:00,-0.0
2020-07-20 03:00:00+00:00,-0.0
2020-07-20 04:00:00+00:00,-0.0
2020-07-20 05:00:00+00:00,-0.0
2020-07-20 06:00:00+00:00,-0.0
2020-07-20 07:00:00+00:00,-0.0
2020-07-20 08:00:00+00:00,-0.0
2020-07-20 09:00:00+00:00,-0.0
2020-07-20 10:00:00+00:00,-0.0
2020-07-20 11:00:00+00:00,-0.0
2020-07-20 12:00:00+00:00,-0.0
2020-07-20 13:00:00+00:00,-0.0
2020-07-20 14:00:00+00:00,-0.0
2020-07-20 15:00:00+00:00,-0.0
2020-07-20 16:00:00+00:00,-0.0
2020-07-20 17:00:00+00:00,-0.0
2020-07-20 18:00:00+00:00,-0.0
2020-07-20 19:00:00+00:00,-0.0
2020-07-20 20:00:00+00:00,-0.0
2020-07-20 21:00:00+00:00,-0.0
2020-07-20 22:00:00+00:00,-0.0
2020-07-20 23:00:00+00:00,-0.0
2020-07-21 00:00:00+00:00,-0.0
2020-07-21 01:00:00+00:00,-0.0
2020-07-21 02:00:00+00:00,-0.0
2020-07-21 03:00:00+00:00,-0.0
2020-07-21 04:00:00+00:00,-0.0
2020-07-21 05:00:00+00:00,-0.0
2020-07-21 06:00:00+00:00,-0.0
2020-07-21 07:00:00+00:00,-0.0
2020-07-21 08:00:00+00:00,-0.0
2020-07-21 09:00:00+00:00,-0.0
2020-07-21 10:00:00+00:00,-0.0
2020-07-21 11:00:00+00:00,-0.0
2020-07-21 12:00:00+00:00,-0.0
2020-07-21 13:00:00+00:00,0.21089265216638511
2020-07-21 14:00:00+00:00,-0.0
2020-07-21 15:00:00+00:00,-0.0
2020-07-21 16:00:00+00:00,-0.0
2020-07-21 17:00:00+00:00,-0.0
2020-07-21 18:00:00+00:00,-0.0
2020-07-21 19:00:00+00:00,-0.0
2020-07-21 20:00:00+00:00,-0.0
2020-07-21 21:00:00+00:00,-0.0
2020-07-21 22:00:00+00:00,-0.0
2020-07-21 23:00:00+00:00,-0.0
2020-07-22 00:00:00+00:00,-0.0
2020-07-22 01:00:00+00:00,-0.0
2020-07-22 02:00:00+00:00,-0.0
2020-07-22 03:00:00+00:00,-0.0
2020-07-22 04:00:00+00:00,-0.0
2020-07-22 05:00:00+00:00,0.14322743167841828
2020-07-22 06:00:00+00:00,-0.0
2020-07-22 07:00:00+00:00,-0.0
2020-07-22 08:00:00+00:00,-0.0
2020-07-22 09:00:00+00:00,-0.0
2020-07-22 10:00:00+00:00,-0.0
2020-07-22 11:00:00+00:00,-0.0
2020-07-22 12:00:00+00:00,-0.0
2020-07-22 13:00:00+00:00,-0.0
2020-07-22 14:00:00+00:00,-0.0
2020-07-22 15:00:00+00:00,-0.0
2020-07-22 16:00:00+00:00,-0.0
2020-07-22 17:00:00+00:00,-0.0
2020-07-22 18:00:00+00:00,-0.0
2020-07-22 19:00:00+00:00,-0.0
2020-07-22 20:00:00+00:00,-0.0
2020-07-22 21:00:00+00:00,-0.0
2020-07-22 22:00:00+00:00,-0.0
2020-07-22 23:00:00+00:00,-0.0
2020-07-23 00:00:00+00:00,-0.0
2020-07-23 01:00:00+00:00,-0.0
2020-07-23 02:00:00+00:00,-0.0
2020-07-23 03:00:00+00:00,-0.0
2020-07-23 04:00:00+00:00,-0.0
2020-07-23 05:00:00+00:00,-0.0
2020-07-23 06:00:00+00:00,-0.0
2020-07-23 07:00:00+00:00,-0.0
2020-07-23 08:00:00+00:00,-0.0
2020-07-23 09:00:00+00:00,-0.0
2020-07-23 10:00:00+00:00,-0.0
2020-07-23 11:00:00+00:00,-0.0
2020-07-23 12:00:00+00:00,-0.0
2020-07-23 13:00:00+00:00,-0.0
2020-07-23 14:00:00+00:00,-0.0
2020-07-23 15:00:00+00:00,-0.0
2020-07-23 16:00:00+00:00,-0.0
2020-07-23 17:00:00+00:00,-0.0
2020-07-23 18:00:00+00:00,-0.0
2020-07-23 19:00:00+00:00,-0.0
2020-07-23 20:00:00+00:00,-0.0
2020-07-23 21:00:00+00:00,-0.0
2020-07-23 22:00:00+00:00,-0.0
2020-07-23 23:00:00+00:00,-0.0
2020-07-24 00:00:00+00:00,-0.0
2020-07-24 01:00:00+00:00,-0.0
2020-07-24 02:00:00+00:00,-0.0
2020-07-24 03:00:00+00:00,-0.0
2020-07-24 04:00:00+00:00,-0.0
2020-07-24 05:00:00+00:00,0.1104738966083923
2020-07-24 06:00:00+00:00,-0.0
2020-07-24 07:00:00+00:00,-0.0
2020-07-24 08:00:00+00:00,-0.0
2020-07-24 09:00:00+00:00,-0.0
2020-07-24 10:00:00+00:00,-0.0
2020-07-24 11:00:00+00:00,-0.0
2020-07-24 12:00:00+00:00,-0.0
2020-07-24 13:00:00+00:00,-0.0
2020-07-24 14:00:00+00:00,-0.0
2020-07-24 15:00:00+00:00,-0.0
2020-07-24 16:00:00+00:00,-0.0
2020-07-24 17:00:00+00:00,-0.0
2020-07-24 18:00:00+00:00,-0.0
2020-07-24 19:00:00+00:00,-0.0
2020-07-24 20:00:00+00:00,-0.0
2020-07-24 21:00:00+00:00,-0.0
2020-07-24 22:00:00+00:00,-0.0
2020-07-24 23:00:00+00:00,-0.0
2020-07-25 00:00:00+00:00,-0.0
2020-07-25 01:00:00+00:00,-0.0
2020-07-25 02:00:00+00:00,-0.0
2020-07-25 03:00:00+00:00,-0.0
2020-07-25 04:00:00+00:00,-0.0
2020-07-25 05:00:00+00:00,-0.0
2020-07-25 06:00:00+00:00,-0.0
2020-07-25 07:00:00+00:00,-0.0
2020-07-25 08:00:00+00:00,-0.0
2020-07-25 09:00:00+00:00,-0.0
2020-07-25 10:00:00+00:00,-0.0
2020-07-25 11:00:00+00:00,-0.0
2020-07-25 12:00:00+00:00,-0.0
2020-07-25 13:00:00+00:00,-0.0
2020-07-25 14:00:00+00:00,-0.0
2020-07-25 15:00:00+00:00,-0.0
2020-07-25 16:00:00+00:00,-0.0
2020-07-25 17:00:00+00:00,-0.0
2020-07-25 18:00:00+00:00,-0.0
2020-07-25 19:00:00+00:00,-0.0
2020-07-25 20:00:00+00:00,-0.0
2020-07-25 21:00:00+00:00,-0.0
2020-07-25 22:00:00+00:00,-0.0
2020-07-25 23:00:00+00:00,-0.0
2020-07-26 00:00:00+00:00,-0.0
2020-07-26 01:00:00+00:00,-0.0
2020-07-26 02:00:00+00:00,-0.0
2020-07-26 03:00:00+00:00,-0.0
2020-07-26 04:00:00+00:00,-0.0
2020-07-26 05:00:00+00:00,-0.0
2020-07-26 06:00:00+00:00,-0.0
2020-07-26 07:00:00+00:00,-0.0
2020-07-26 08:00:00+00:00,-0.0
2020-07-26 09:00:00+00:00,-0.0
2020-07-26 10:00:00+00:00,0.16493866758942086
2020-07-26 11:00:00+00:00,-0.0
2020-07-26 12:00:00+00:00,-0.0
2020-07-26 13:00:00+00:00,-0.0
2020-07-26 14:00:00+00:00,-0.0
2020-07-26 15:00:00+00:00,-0.0
2020-07-26 16:00:00+00:00,-0.0
2020-07-26 17:00:00+00:00,-0.0
2020-07-26 18:00:00+00:00,-0.0
2020-07-26 19:00:00+00:00,-0.0
2020-07-26 20:00:00+00:00,-0.0
2020-07-26 21:00:00+00:00,-0.0
2020-07-26 22:00:00+00:00,-0.0
2020-07-26 23:00:00+00:00,-0.0
2020-07-27 00:00:00+00:00,-0.0
2020-07-27 01:00:00+00:00,-0.0
2020-07-27 02:00:00+00:00,-0.0
2020-07-27 03:00:00+00:00,-0.0
2020-07-27 04:00:00+00:00,-0.0
2020-07-27 05:00:00+00:00,-0.0
2020-07-27 06:00:00+00:00,-0.0
2020-07-27 07:00:00+00:00,-0.0
2020-07-27 08:00:00+00:00,-0.0
2020-07-27 09:00:00+00:00,-0.0
2020-07-27 10:00:00+00:00,-0.0
2020-07-27 11:00:00+00:00,-0.0
2020-07-27 12:00:00+00:00,-0.0
2020-07-27 13:00:00+00:00,-0.0
2020-07-27 14:00:00+00:00,0.2900677831348845
2020-07-27 15:00:00+00:00,-0.0
2020-07-27 16:00:00+00:00,-0.0
2020-07-27 17:00:00+00:00,-0.0
2020-07-27 18:00:00+00:00,-0.0
2020-07-27 19:00:00+00:00,-0.0
2020-07-27 20:00:00+00:00,-0.0
2020-07-27 21:00:00+00:00,-0.0
2020-07-27 22:00:00+00:00,-0.0
2020-07-27 23:00:00+00:00,-0.0
2020-07-28 00:00:00+00:00,-0.0
2020-07-28 01:00:00+00:00,-0.0
2020-07-28 02:00:00+00:00,-0.0
2020-07-28 03:00:00+00:00,-0.0
2020-07-28 04:00:00+00:00,-0.0
2020-07-28 05:00:00+00:00,-0.0
2020-07-28 06:00:00+00:00,-0.0
2020-07-28 07:00:00+00:00,-0.0
2020-07-28 08:00:00+00:00,-0.0
2020-07-28 09:00:00+00:00,-0.0
2020-07-28 10:00:00+00:00,-0.0
2020-07-28 11:00:00+00:00,-0.0
2020-07-28 12:00:00+00:00,-0.0
2020-07-28 13:00:00+00:00,-0.0
2020-07-28 14:00:00+00:00,-0.0
2020-07-28 15:00:00+00:00,-0.0
2020-07-28 16:00:00+00:00,-0.0
2020-07-28 17:00:00+00:00,-0.0
2020-07-28 18:00:00+00:00,-0.0
2020-07-28 19:00:00+00:00,-0.0
2020-07-28 20:00:00+00:00,-0.0
2020-07-28 21:00:00+00:00,-0.0
2020-07-28 22:00:00+00:00,-0.0
2020-07-28 23:00:00+00:00,-0.0
2020-07-29 00:00:00+00:00,-0.0
2020-07-29 01:00:00+00:00,-0.0
2020-07-29 02:00:00+00:00,-0.0
2020-07-29 03:00:00+00:00,-0.0
2020-07-29 04:00:00+00:00,-0.0
2020-07-29 05:00:00+00:00,-0.0
2020-07-29 06:00:00+00:00,-0.0
2020-07-29 07:00:00+00:00,-0.0
2020-07-29 08:00:00+00:00,-0.0
2020-07-29 09:00:00+00:00,-0.0
2020-07-29 10:00:00+00:00,-0.0
2020-07-29 11:00:00+00:00,-0.0
2020-07-29 12:00:00+00:00,-0.0
2020-07-29 13:00:00+00:00,-0.0
2020-07-29 14:00:00+00:00,-0.0
2020-07-29 15:00:00+00:00,-0.0
2020-07-29 16:00:00+00:00,-0.0
2020-07-29 17:00:00+00:00,-0.0
2020-07-29 18:00:00+00:00,-0.0
2020-07-29 19:00:00+00:00,-0.0
2020-07-29 20:00:00+00:00,-0.0
2020-07-29 21:00:00+00:00,-0.0
2020-07-29 22:00:00+00:00,-0.0
2020-07-29 23:00:00+00:00,-0.0
2020-07-30 00:00:00+00:00,-0.0
2020-07-30 01:00:00+00:00,-0.0
2020-07-30 02:00:00+00:00,-0.0
2020-07-30 03:00:00+00:00,-0.0
2020-07-30 04:00:00+00:00,-0.0
2020-07-30 05:00:00+00:00,-0.0
2020-07-30 06:00:00+00:00,-0.0
2020-07-30 07:00:00+00:00,-0.0
2020-07-30 08:00:00+00:00,-0.0
2020-07-30 09:00:00+00:00,-0.0
2020-07-30 10:00:00+00:00,-0.0
2020-07-30 11:00:00+00:00,-0.0
2020-07-30 12:00:00+00:00,-0.0
2020-07-30 13:00:00+00:00,-0.0
2020-07-30 14:00:00+00:00,-0.0
2020-07-30 15:00:00+00:00,-0.0
2020-07-30 16:00:00+00:00,-0.0
2020-07-30 17:00:00+00:00,-0.0
2020-07-30 18:00:00+00:00,-0.0
2020-07-30 19:00:00+00:00,-0.0
2020-07-30 20:00:00+00:00,-0.0
2020-07-30 21:00:00+00:00,-0.0
2020-07-30 22:00:00+00:00,-0.0
2020-07-30 23:00:00+00:00,-0.0
2020-07-31 00:00:00+00:00,-0.0
2020-07-31 01:00:00+00:00,-0.0
2020-07-31 02:00:00+00:00,-0.0
2020-07-31 03:00:00+00:00,-0.0
2020-07-31 04:00:00+00:00,-0.0
2020-07-31 05:00:00+00:00,-0.0
2020-07-31 06:00:00+00:00,-0.0
2020-07-31 07:00:00+00:00,-0.0
2020-07-31 08:00:00+00:00,-0.0
2020-07-31 09:00:00+00:00,-0.0
2020-07-31 10:00:00+00:00,-0.0
2020-07-31 11:00:00+00:00,-0.0
2020-07-31 12:00:00+00:00,-0.0
2020-07-31 13:00:00+00:00,-0.0
2020-07-31 14:00:00+00:00,-0.0
2020-07-31 15:00:00+00:00,-0.0
2020-07-31 16:00:00+00:00,0.04250760706360678
2020-07-31 17:00:00+00:00,-0.0
2020-07-31 18:00:00+00:00,-0.0
2020-07-31 19:00:00+00:00,-0.0
2020-07-31 20:00:00+00:00,-0.0
2020-07-31 21:00:00+00:00,-0.0
2020-07-31 22:00:00+00:00,-0.0
2020-07-31 23:00:00+00:00,-0.0
2020-08-01 00:00:00+00:00,-0.0
2020-08-01 01:00:00+00:00,-0.0
2020-08-01 02:00:00+00:00,-0.24364730236687396
2020-08-01 03:00:00+00:00,-0.0
2020-08-01 04:00:00+00:00,-0.0
2020-08-01 05:00:00+00:00,-0.0
2020-08-01 06:00:00+00:00,-0.0
2020-08-01 07:00:00+00:00,-0.0
2020-08-01 08:00:00+00:00,-0.0
2020-08-01 09:00:00+00:00,-0.0
2020-08-01 10:00:00+00:00,-0.0
2020-08-01 11:00:00+00:00,-0.0
2020-08-01 12:00:00+00:00,-0.0
2020-08-01 13:00:00+00:00,-0.0
2020-08-01 14:00:00+00:00,-0.0
2020-08-01 15:00:00+00:00,-0.0
2020-08-01 16:00:00+00:00,-0.0
2020-08-01 17:00:00+00:00,-0.0
2020-08-01 18:00:00+00:00,-0.0
2020-08-01 19:00:00+00:00,-0.0
2020-08-01 20:00:00+00:00,-0.0
2020-08-01 21:00:00+00:00,-0.0
2020-08-01 22:00:00+00:00,-0.0
2020-08-01 23:00:00+00:00,-0.0
2020-08-02 00:00:00+00:00,-0.0
2020-08-02 01:00:00+00:00,-0.0
2020-08-02 02:00:00+00:00,-0.0
2020-08-02 03:00:00+00:00,-0.0
2020-08-02 04:00:00+00:00,0.33355025215091305
2020-08-02 05:00:00+00:00,-0.0
2020-08-02 06:00:00+00:00,-0.0
2020-08-02 07:00:00+00:00,-0.0
2020-08-02 08:00:00+00:00,-0.0
2020-08-02 09:00:00+00:00,-0.0
2020-08-02 10:00:00+00:00,-0.0
2020-08-02 11:00:00+00:00,0.1555186160251206
2020-08-02 12:00:00+00:00,-0.0
2020-08-02 13:00:00+00:00,-0.0
2020-08-02 14:00:00+00:00,-0.0
2020-08-02 15:00:00+00:00,-0.0
2020-08-02 16:00:00+00:00,-0.0
2020-08-02 17:00:00+00:00,-0.0
2020-08-02 18:00:00+00:00,-0.0
2020-08-02 19:00:00+00:00,-0.0
2020-08-02 20:00:00+00:00,-0.0
2020-08-02 21:00:00+00:00,0.06734739832842764
2020-08-02 22:00:00+00:00,-0.0
2020-08-02 23:00:00+00:00,-0.0
2020-08-03 00:00:00+00:00,-0.0
2020-08-03 01:00:00+00:00,-0.0
2020-08-03 02:00:00+00:00,-0.0
2020-08-03 03:00:00+00:00,-0.0
2020-08-03 04:00:00+00:00,-0.0
2020-08-03 05:00:00+00:00,-0.0
2020-08-03 06:00:00+00:00,-0.0
2020-08-03 07:00:00+00:00,-0.0
2020-08-03 08:00:00+00:00,-0.0
2020-08-03 09:00:00+00:00,-0.0
2020-08-03 10:00:00+00:00,-0.0
2020-08-03 11:00:00+00:00,-0.0
2020-08-03 12:00:00+00:00,-0.0
2020-08-03 13:00:00+00:00,-0.0
2020-08-03 14:00:00+00:00,-0.0
2020-08-03 15:00:00+00:00,-0.0
2020-08-03 16:00:00+00:00,-0.0
2020-08-03 17:00:00+00:00,-0.0
2020-08-03 18:00:00+00:00,-0.0
2020-08-03 19:00:00+00:00,-0.0
2020-08-03 20:00:00+00:00,-0.0
2020-08-03 21:00:00+00:00,-0.0
2020-08-03 22:00:00+00:00,-0.0
2020-08-03 23:00:00+00:00,0.09676440769906541
2020-08-04 00:00:00+00:00,-0.0
2020-08-04 01:00:00+00:00,-0.0
2020-08-04 02:00:00+00:00,-0.0
2020-08-04 03:00:00+00:00,-0.0
2020-08-04 04:00:00+00:00,-0.0
2020-08-04 05:00:00+00:00,-0.0
2020-08-04 06:00:00+00:00,-0.0
2020-08-04 07:00:00+00:00,-0.0
2020-08-04 08:00:00+00:00,-0.0
2020-08-04 09:00:00+00:00,-0.0
2020-08-04 10:00:00+00:00,-0.0
2020-08-04 11:00:00+00:00,-0.0
2020-08-04 12:00:00+00:00,-0.0
2020-08-04 13:00:00+00:00,-0.0
2020-08-04 14:00:00+00:00,-0.0
2020-08-04 15:00:00+00:00,-0.0
2020-08-04 16:00:00+00:00,-0.0
2020-08-04 17:00:00+00:00,-0.0
2020-08-04 18:00:00+00:00,-0.0
2020-08-04 19:00:00+00:00,-0.0
2020-08-04 20:00:00+00:00,-0.0
2020-08-04 21:00:00+00:00,-0.0
2020-08-04 22:00:00+00:00,-0.0
2020-08-04 23:00:00+00:00,-0.0
2020-08-05 00:00:00+00:00,-0.0
2020-08-05 01:00:00+00:00,-0.0
2020-08-05 02:00:00+00:00,-0.0
2020-08-05 03:00:00+00:00,-0.0
2020-08-05 04:00:00+00:00,-0.0
2020-08-05 05:00:00+00:00,-0.0
2020-08-05 06:00:00+00:00,-0.0
2020-08-05 07:00:00+00:00,-0.0
2020-08-05 08:00:00+00:00,-0.0
2020-08-05 09:00:00+00:00,-0.0
2020-08-05 10:00:00+00:00,-0.0
2020-08-05 11:00:00+00:00,-0.0
2020-08-05 12:00:00+00:00,-0.0
2020-08-05 13:00:00+00:00,-0.0
2020-08-05 14:00:00+00:00,-0.0
2020-08-05 15:00:00+00:00,-0.0
2020-08-05 16:00:00+00:00,-0.0
2020-08-05 17:00:00+00:00,-0.0
2020-08-05 18:00:00+00:00,-0.0
2020-08-05 19:00:00+00:00,-0.0
2020-08-05 20:00:00+00:00,-0.0
2020-08-05 21:00:00+00:00,-0.0
2020-08-05 22:00:00+00:00,-0.0
2020-08-05 23:00:00+00:00,-0.0
2020-08-06 00:00:00+00:00,-0.0
2020-08-06 01:00:00+00:00,-0.0
2020-08-06 02:00:00+00:00,-0.0
2020-08-06 03:00:00+00:00,-0.0
2020-08-06 04:00:00+00:00,-0.0
2020-08-06 05:00:00+00:00,-0.0
2020-08-06 06:00:00+00:00,-0.0
2020-08-06 07:00:00+00:00,-0.0
2020-08-06 08:00:00+00:00,-0.0
2020-08-06 09:00:00+00:00,-0.0
2020-08-06 10:00:00+00:00,-0.0
2020-08-06 11:00:00+00:00,-0.0
2020-08-06 12:00:00+00:00,-0.0
2020-08-06 13:00:00+00:00,-0.0
2020-08-06 14:00:00+00:00,-0.0
2020-08-06 15:00:00+00:00,-0.0
2020-08-06 16:00:00+00:00,-0.0
2020-08-06 17:00:00+00:00,-0.0
2020-08-06 18:00:00+00:00,-0.0
2020-08-06 19:00:00+00:00,-0.0
2020-08-06 20:00:00+00:00,-0.0
2020-08-06 21:00:00+00:00,-0.0
2020-08-06 22:00:00+00:00,-0.0
2020-08-06 23:00:00+00:00,-0.0
2020-08-07 00:00:00+00:00,-0.0
2020-08-07 01:00:00+00:00,-0.0
2020-08-07 02:00:00+00:00,-0.0
2020-08-07 03:00:00+00:00,-0.0
2020-08-07 04:00:00+00:00,-0.0
2020-08-07 05:00:00+00:00,-0.0
2020-08-07 06:00:00+00:00,-0.0
2020-08-07 07:00:00+00:00,-0.0
2020-08-07 08:00:00+00:00,-0.0
2020-08-07 09:00:00+00:00,-0.0
2020-08-07 10:00:00+00:00,-0.0
2020-08-07 11:00:00+00:00,-0.0
2020-08-07 12:00:00+00:00,-0.0
2020-08-07 13:00:00+00:00,-0.0
2020-08-07 14:00:00+00:00,-0.0
2020-08-07 15:00:00+00:00,-0.0
2020-08-07 16:00:00+00:00,-0.0
2020-08-07 17:00:00+00:00,-0.0
2020-08-07 18:00:00+00:00,-0.0
2020-08-07 19:00:00+00:00,-0.0
2020-08-07 20:00:00+00:00,-0.0
2020-08-07 21:00:00+00:00,-0.0
2020-08-07 22:00:00+00:00,-0.0
2020-08-07 23:00:00+00:00,-0.0
2020-08-08 00:00:00+00:00,-0.0
2020-08-08 01:00:00+00:00,-0.0
2020-08-08 02:00:00+00:00,-0.0
2020-08-08 03:00:00+00:00,-0.0
2020-08-08 04:00:00+00:00,-0.0
2020-08-08 05:00:00+00:00,-0.0
2020-08-08 06:00:00+00:00,-0.0
2020-08-08 07:00:00+00:00,-0.0
2020-08-08 08:00:00+00:00,-0.0
2020-08-08 09:00:00+00:00,-0.0
2020-08-08 10:00:00+00:00,-0.0
2020-08-08 11:00:00+00:00,-0.0
2020-08-08 12:00:00+00:00,-0.0
2020-08-08 13:00:00+00:00,-0.0
2020-08-08 14:00:00+00:00,-0.0
2020-08-08 15:00:00+00:00,-0.0
2020-08-08 16:00:00+00:00,-0.0
2020-08-08 17:00:00+00:00,-0.0
2020-08-08 18:00:00+00:00,-0.0
2020-08-08 19:00:00+00:00,-0.0
2020-08-08 20:00:00+00:00,-0.06072437337557698
2020-08-08 21:00:00+00:00,-0.0
2020-08-08 22:00:00+00:00,-0.0
2020-08-08 23:00:00+00:00,-0.0
2020-08-09 00:00:00+00:00,-0.0
2020-08-09 01:00:00+00:00,-0.0
2020-08-09 02:00:00+00:00,-0.0
2020-08-09 03:00:00+00:00,-0.0
2020-08-09 04:00:00+00:00,-0.0
2020-08-09 05:00:00+00:00,-0.0
2020-08-09 06:00:00+00:00,-0.0
2020-08-09 07:00:00+00:00,-0.0
2020-08-09 08:00:00+00:00,-0.0
2020-08-09 09:00:00+00:00,-0.0
2020-08-09 10:00:00+00:00,-0.21457851455099294
2020-08-09 11:00:00+00:00,-0.0
2020-08-09 12:00:00+00:00,-0.0
2020-08-09 13:00:00+00:00,-0.0
2020-08-09 14:00:00+00:00,0.11094672092567916
2020-08-09 15:00:00+00:00,-0.0
2020-08-09 16:00:00+00:00,-0.0
2020-08-09 17:00:00+00:00,-0.0
2020-08-09 18:00:00+00:00,-0.0
2020-08-09 19:00:00+00:00,-0.0
2020-08-09 20:00:00+00:00,-0.2772532206674745
2020-08-09 21:00:00+00:00,-0.0
2020-08-09 22:00:00+00:00,-0.0
2020-08-09 23:00:00+00:00,-0.0
2020-08-10 00:00:00+00:00,-0.0
2020-08-10 01:00:00+00:00,-0.0
2020-08-10 02:00:00+00:00,-0.0
2020-08-10 03:00:00+00:00,-0.0
2020-08-10 04:00:00+00:00,-0.0
2020-08-10 05:00:00+00:00,-0.0
2020-08-10 06:00:00+00:00,-0.0
2020-08-10 07:00:00+00:00,-0.0
2020-08-10 08:00:00+00:00,-0.0
2020-08-10 09:00:00+00:00,-0.0
2020-08-10 10:00:00+00:00,-0.0
2020-08-10 11:00:00+00:00,-0.0
2020-08-10 12:00:00+00:00,-0.0
2020-08-10 13:00:00+00:00,-0.0
2020-08-10 14:00:00+00:00,-0.0
2020-08-10 15:00:00+00:00,-0.0
2020-08-10 16:00:00+00:00,-0.0
2020-08-10 17:00:00+00:00,-0.0
2020-08-10 18:00:00+00:00,-0.0
2020-08-10 19:00:00+00:00,-0.0
2020-08-10 20:00:00+00:00,-0.0
2020-08-10 21:00:00+00:00,-0.0
2020-08-10 22:00:00+00:00,-0.0
2020-08-10 23:00:00+00:00,-0.0
2020-08-11 00:00:00+00:00,-0.0
2020-08-11 01:00:00+00:00,-0.0
2020-08-11 02:00:00+00:00,-0.0
2020-08-11 03:00:00+00:00,-0.0
2020-08-11 04:00:00+00:00,-0.0
2020-08-11 05:00:00+00:00,-0.0
2020-08-11 06:00:00+00:00,-0.0
2020-08-11 07:00:00+00:00,-0.0
2020-08-11 08:00:00+00:00,0.1686128618302092
2020-08-11 09:00:00+00:00,-0.0
2020-08-11 10:00:00+00:00,-0.0
2020-08-11 11:00:00+00:00,-0.0
2020-08-11 12:00:00+00:00,-0.0
2020-08-11 13:00:00+00:00,-0.0
2020-08-11 14:00:00+00:00,-0.0
2020-08-11 15:00:00+00:00,-0.0
2020-08-11 16:00:00+00:00,-0.0
2020-08-11 17:00:00+00:00,-0.0
2020-08-11 18:00:00+00:00,-0.0
2020-08-11 19:00:00+00:00,-0.0
2020-08-11 20:00:00+00:00,-0.0
2020-08-11 21:00:00+00:00,-0.0
2020-08-11 22:00:00+00:00,-0.0
2020-08-11 23:00:00+00:00,-0.0
2020-08-12 00:00:00+00:00,-0.0
2020-08-12 01:00:00+00:00,-0.0
2020-08-12 02:00:00+00:00,-0.0
2020-08-12 03:00:00+00:00,-0.0
2020-08-12 04:00:00+00:00,-0.0
2020-08-12 05:00:00+00:00,-0.0
2020-08-12 06:00:00+00:00,-0.0
2020-08-12 07:00:00+00:00,-0.0
2020-08-12 08:00:00+00:00,-0.0
2020-08-12 09:00:00+00:00,-0.0
2020-08-12 10:00:00+00:00,-0.0
2020-08-12 11:00:00+00:00,-0.0
2020-08-12 12:00:00+00:00,-0.0
2020-08-12 13:00:00+00:00,-0.0
2020-08-12 14:00:00+00:00,-0.0
2020-08-12 15:00:00+00:00,-0.0
2020-08-12 16:00:00+00:00,-0.0
2020-08-12 17:00:00+00:00,-0.0
2020-08-12 18:00:00+00:00,-0.0
2020-08-12 19:00:00+00:00,-0.0
2020-08-12 20:00:00+00:00,-0.0
2020-08-12 21:00:00+00:00,-0.0
2020-08-12 22:00:00+00:00,-0.0
2020-08-12 23:00:00+00:00,-0.0
2020-08-13 00:00:00+00:00,-0.0
2020-08-13 01:00:00+00:00,-0.0
2020-08-13 02:00:00+00:00,0.1162162931616286
2020-08-13 03:00:00+00:00,-0.0
2020-08-13 04:00:00+00:00,-0.0
2020-08-13 05:00:00+00:00,-0.0
2020-08-13 06:00:00+00:00,-0.0
2020-08-13 07:00:00+00:00,-0.0
2020-08-13 08:00:00+00:00,-0.0
2020-08-13 09:00:00+00:00,-0.0
2020-08-13 10:00:00+00:00,-0.0
2020-08-13 11:00:00+00:00,-0.0
2020-08-13 12:00:00+00:00,-0.0
2020-08-13 13:00:00+00:00,-0.0
2020-08-13 14:00:00+00:00,-0.0
2020-08-13 15:00:00+00:00,-0.0
2020-08-13 16:00:00+00:00,-0.0
2020-08-13 17:00:00+00:00,-0.0
2020-08-13 18:00:00+00:00,-0.0
2020-08-13 19:00:00+00:00,-0.0
2020-08-13 20:00:00+00:00,-0.0
2020-08-13 21:00:00+00:00,-0.0
2020-08-13 22:00:00+00:00,-0.0
2020-08-13 23:00:00+00:00,-0.0
2020-08-14 00:00:00+00:00,-0.0
2020-08-14 01:00:00+00:00,-0.0
2020-08-14 02:00:00+00:00,-0.0
2020-08-14 03:00:00+00:00,-0.0
2020-08-14 04:00:00+00:00,-0.0
2020-08-14 05:00:00+00:00,-0.0
2020-08-14 06:00:00+00:00,-0.0
2020-08-14 07:00:00+00:00,-0.0
2020-08-14 08:00:00+00:00,-0.0
2020-08-14 09:00:00+00:00,-0.0
2020-08-14 10:00:00+00:00,-0.0
2020-08-14 11:00:00+00:00,-0.0
2020-08-14 12:00:00+00:00,-0.0
2020-08-14 13:00:00+00:00,-0.0
2020-08-14 14:00:00+00:00,-0.0
2020-08-14 15:00:00+00:00,-0.0
2020-08-14 16:00:00+00:00,-0.0
2020-08-14 17:00:00+00:00,-0.0
2020-08-14 18:00:00+00:00,-0.0
2020-08-14 19:00:00+00:00,-0.0
2020-08-14 20:00:00+00:00,-0.0
2020-08-14 21:00:00+00:00,-0.0
2020-08-14 22:00:00+00:00,-0.0
2020-08-14 23:00:00+00:00,-0.0
2020-08-15 00:00:00+00:00,-0.0
2020-08-15 01:00:00+00:00,-0.0
2020-08-15 02:00:00+00:00,-0.0
2020-08-15 03:00:00+00:00,-0.0
2020-08-15 04:00:00+00:00,-0.0
2020-08-15 05:00:00+00:00,-0.0
2020-08-15 06:00:00+00:00,-0.0
2020-08-15 07:00:00+00:00,-0.0
2020-08-15 08:00:00+00:00,-0.0
2020-08-15 09:00:00+00:00,-0.0
2020-08-15 10:00:00+00:00,-0.0
2020-08-15 11:00:00+00:00,-0.0
2020-08-15 12:00:00+00:00,-0.0
2020-08-15 13:00:00+00:00,-0.0
2020-08-15 14:00:00+00:00,-0.0
2020-08-15 15:00:00+00:00,-0.0
2020-08-15 16:00:00+00:00,-0.0
2020-08-15 17:00:00+00:00,-0.0
2020-08-15 18:00:00+00:00,-0.0
2020-08-15 19:00:00+00:00,-0.0
2020-08-15 20:00:00+00:00,-0.0
2020-08-15 21:00:00+00:00,-0.0
2020-08-15 22:00:00+00:00,-0.0
2020-08-15 23:00:00+00:00,-0.0
2020-08-16 00:00:00+00:00,-0.0
2020-08-16 01:00:00+00:00,-0.0
2020-08-16 02:00:00+00:00,-0.0
2020-08-16 03:00:00+00:00,-0.0
2020-08-16 04:00:00+00:00,-0.0
2020-08-16 05:00:00+00:00,-0.0
2020-08-16 06:00:00+00:00,-0.0
2020-08-16 07:00:00+00:00,-0.0
2020-08-16 08:00:00+00:00,-0.0
2020-08-16 09:00:00+00:00,-0.0
2020-08-16 10:00:00+00:00,-0.0
2020-08-16 11:00:00+00:00,-0.0
2020-08-16 12:00:00+00:00,-0.0
2020-08-16 13:00:00+00:00,-0.0
2020-08-16 14:00:00+00:00,-0.0
2020-08-16 15:00:00+00:00,-0.0
2020-08-16 16:00:00+00:00,-0.0
2020-08-16 17:00:00+00:00,-0.0
2020-08-16 18:00:00+00:00,-0.0
2020-08-16 19:00:00+00:00,-0.0
2020-08-16 20:00:00+00:00,-0.0
2020-08-16 21:00:00+00:00,-0.0
2020-08-16 22:00:00+00:00,-0.0
2020-08-16 23:00:00+00:00,-0.0
2020-08-17 00:00:00+00:00,-0.0
2020-08-17 01:00:00+00:00,-0.0
2020-08-17 02:00:00+00:00,-0.0
2020-08-17 03:00:00+00:00,-0.0
2020-08-17 04:00:00+00:00,-0.0
2020-08-17 05:00:00+00:00,-0.0
2020-08-17 06:00:00+00:00,-0.0
2020-08-17 07:00:00+00:00,-0.0
2020-08-17 08:00:00+00:00,-0.0
2020-08-17 09:00:00+00:00,-0.0
2020-08-17 10:00:00+00:00,-0.0
2020-08-17 11:00:00+00:00,-0.0
2020-08-17 12:00:00+00:00,-0.0
2020-08-17 13:00:00+00:00,-0.0
2020-08-17 14:00:00+00:00,-0.0
2020-08-17 15:00:00+00:00,-0.0
2020-08-17 16:00:00+00:00,-0.0
2020-08-17 17:00:00+00:00,-0.0
2020-08-17 18:00:00+00:00,-0.0
2020-08-17 19:00:00+00:00,-0.0
2020-08-17 20:00:00+00:00,-0.0
2020-08-17 21:00:00+00:00,-0.0
2020-08-17 22:00:00+00:00,-0.0
2020-08-17 23:00:00+00:00,-0.0
2020-08-18 00:00:00+00:00,-0.0
2020-08-18 01:00:00+00:00,-0.0
2020-08-18 02:00:00+00:00,-0.0
2020-08-18 03:00:00+00:00,-0.0
2020-08-18 04:00:00+00:00,-0.0
2020-08-18 05:00:00+00:00,-0.0
2020-08-18 06:00:00+00:00,-0.0
2020-08-18 07:00:00+00:00,-0.0
2020-08-18 08:00:00+00:00,-0.0
2020-08-18 09:00:00+00:00,-0.0
2020-08-18 10:00:00+00:00,-0.0
2020-08-18 11:00:00+00:00,-0.0
2020-08-18 12:00:00+00:00,-0.0
2020-08-18 13:00:00+00:00,-0.0
2020-08-18 14:00:00+00:00,-0.0
2020-08-18 15:00:00+00:00,-0.0
2020-08-18 16:00:00+00:00,-0.0
2020-08-18 17:00:00+00:00,-0.0
2020-08-18 18:00:00+00:00,-0.0
2020-08-18 19:00:00+00:00,-0.0
2020-08-18 20:00:00+00:00,-0.0
2020-08-18 21:00:00+00:00,-0.0
2020-08-18 22:00:00+00:00,-0.0
2020-08-18 23:00:00+00:00,-0.0
2020-08-19 00:00:00+00:00,-0.0
2020-08-19 01:00:00+00:00,-0.0
2020-08-19 02:00:00+00:00,-0.0
2020-08-19 03:00:00+00:00,-0.0
2020-08-19 04:00:00+00:00,-0.0
2020-08-19 05:00:00+00:00,-0.0
2020-08-19 06:00:00+00:00,-0.0
2020-08-19 07:00:00+00:00,-0.0
2020-08-19 08:00:00+00:00,-0.0
2020-08-19 09:00:00+00:00,-0.0
2020-08-19 10:00:00+00:00,-0.0
2020-08-19 11:00:00+00:00,-0.0
2020-08-19 12:00:00+00:00,-0.0
2020-08-19 13:00:00+00:00,-0.0
2020-08-19 14:00:00+00:00,-0.0
2020-08-19 15:00:00+00:00,-0.0
2020-08-19 16:00:00+00:00,-0.0
2020-08-19 17:00:00+00:00,-0.0
2020-08-19 18:00:00+00:00,-0.0
2020-08-19 19:00:00+00:00,-0.0
2020-08-19 20:00:00+00:00,0.1526310312008282
2020-08-19 21:00:00+00:00,-0.0
2020-08-19 22:00:00+00:00,-0.0
2020-08-19 23:00:00+00:00,-0.0
2020-08-20 00:00:00+00:00,-0.0
2020-08-20 01:00:00+00:00,-0.0
2020-08-20 02:00:00+00:00,-0.0
2020-08-20 03:00:00+00:00,-0.0
2020-08-20 04:00:00+00:00,-0.0
2020-08-20 05:00:00+00:00,-0.0
2020-08-20 06:00:00+00:00,-0.0
2020-08-20 07:00:00+00:00,-0.0
2020-08-20 08:00:00+00:00,-0.0
2020-08-20 09:00:00+00:00,-0.0
2020-08-20 10:00:00+00:00,-0.0
2020-08-20 11:00:00+00:00,-0.0
2020-08-20 12:00:00+00:00,-0.0
2020-08-20 13:00:00+00:00,-0.0
2020-08-20 14:00:00+00:00,-0.0
2020-08-20 15:00:00+00:00,-0.0
2020-08-20 16:00:00+00:00,-0.0
2020-08-20 17:00:00+00:00,-0.0
2020-08-20 18:00:00+00:00,-0.0
2020-08-20 19:00:00+00:00,-0.0
2020-08-20 20:00:00+00:00,-0.0
2020-08-20 21:00:00+00:00,-0.0
2020-08-20 22:00:00+00:00,-0.0
2020-08-20 23:00:00+00:00,-0.0
2020-08-21 00:00:00+00:00,-0.0
2020-08-21 01:00:00+00:00,-0.0
2020-08-21 02:00:00+00:00,-0.0
2020-08-21 03:00:00+00:00,-0.0
2020-08-21 04:00:00+00:00,-0.0
2020-08-21 05:00:00+00:00,-0.0
2020-08-21 06:00:00+00:00,-0.0
2020-08-21 07:00:00+00:00,-0.0
2020-08-21 08:00:00+00:00,-0.0
2020-08-21 09:00:00+00:00,-0.0
2020-08-21 10:00:00+00:00,0.08830342091952331
2020-08-21 11:00:00+00:00,-0.0
2020-08-21 12:00:00+00:00,-0.0
2020-08-21 13:00:00+00:00,-0.0
2020-08-21 14:00:00+00:00,-0.0
2020-08-21 15:00:00+00:00,-0.0
2020-08-21 16:00:00+00:00,-0.0
2020-08-21 17:00:00+00:00,-0.0
2020-08-21 18:00:00+00:00,-0.0
2020-08-21 19:00:00+00:00,-0.0
2020-08-21 20:00:00+00:00,-0.0
2020-08-21 21:00:00+00:00,-0.0
2020-08-21 22:00:00+00:00,-0.0
2020-08-21 23:00:00+00:00,-0.0
2020-08-22 00:00:00+00:00,-0.0
2020-08-22 01:00:00+00:00,-0.0
2020-08-22 02:00:00+00:00,-0.0
2020-08-22 03:00:00+00:00,-0.0
2020-08-22 04:00:00+00:00,-0.0
2020-08-22 05:00:00+00:00,-0.0
2020-08-22 06:00:00+00:00,-0.0
2020-08-22 07:00:00+00:00,-0.0
2020-08-22 08:00:00+00:00,-0.0
2020-08-22 09:00:00+00:00,-0.0
2020-08-22 10:00:00+00:00,-0.0
2020-08-22 11:00:00+00:00,-0.0
2020-08-22 12:00:00+00:00,-0.0
2020-08-22 13:00:00+00:00,-0.0
2020-08-22 14:00:00+00:00,-0.0
2020-08-22 15:00:00+00:00,-0.0
2020-08-22 16:00:00+00:00,-0.0
2020-08-22 17:00:00+00:00,-0.0
2020-08-22 18:00:00+00:00,-0.0
2020-08-22 19:00:00+00:00,-0.0
2020-08-22 20:00:00+00:00,-0.0
2020-08-22 21:00:00+00:00,-0.0
2020-08-22 22:00:00+00:00,-0.0
2020-08-22 23:00:00+00:00,-0.0
2020-08-23 00:00:00+00:00,-0.0
2020-08-23 01:00:00+00:00,-0.0
2020-08-23 02:00:00+00:00,-0.0
2020-08-23 03:00:00+00:00,-0.0
2020-08-23 04:00:00+00:00,-0.0
2020-08-23 05:00:00+00:00,-0.0
2020-08-23 06:00:00+00:00,-0.0
2020-08-23 07:00:00+00:00,-0.0
2020-08-23 08:00:00+00:00,-0.0
2020-08-23 09:00:00+00:00,-0.0
2020-08-23 10:00:00+00:00,0.1502592533603098
2020-08-23 11:00:00+00:00,-0.0
2020-08-23 12:00:00+00:00,-0.0
2020-08-23 13:00:00+00:00,-0.0
2020-08-23 14:00:00+00:00,-0.0
2020-08-23 15:00:00+00:00,-0.0
2020-08-23 16:00:00+00:00,-0.0
2020-08-23 17:00:00+00:00,-0.0
2020-08-23 18:00:00+00:00,-0.0
2020-08-23 19:00:00+00:00,-0.0
2020-08-23 20:00:00+00:00,-0.34575524632823973
2020-08-23 21:00:00+00:00,-0.0
2020-08-23 22:00:00+00:00,-0.0
2020-08-23 23:00:00+00:00,-0.0
2020-08-24 00:00:00+00:00,-0.0
2020-08-24 01:00:00+00:00,-0.0
2020-08-24 02:00:00+00:00,-0.0
2020-08-24 03:00:00+00:00,-0.0
2020-08-24 04:00:00+00:00,-0.0
2020-08-24 05:00:00+00:00,-0.0
2020-08-24 06:00:00+00:00,-0.0
2020-08-24 07:00:00+00:00,-0.0
2020-08-24 08:00:00+00:00,-0.0
2020-08-24 09:00:00+00:00,-0.0
2020-08-24 10:00:00+00:00,-0.0
2020-08-24 11:00:00+00:00,-0.0
2020-08-24 12:00:00+00:00,-0.0
2020-08-24 13:00:00+00:00,-0.0
2020-08-24 14:00:00+00:00,0.1060639230279698
2020-08-24 15:00:00+00:00,-0.0
2020-08-24 16:00:00+00:00,-0.0
2020-08-24 17:00:00+00:00,-0.0
2020-08-24 18:00:00+00:00,-0.0
2020-08-24 19:00:00+00:00,-0.0
2020-08-24 20:00:00+00:00,-0.0
2020-08-24 21:00:00+00:00,-0.0
2020-08-24 22:00:00+00:00,-0.0
2020-08-24 23:00:00+00:00,-0.0
2020-08-25 00:00:00+00:00,-0.0
2020-08-25 01:00:00+00:00,-0.0
2020-08-25 02:00:00+00:00,-0.0
2020-08-25 03:00:00+00:00,-0.0
2020-08-25 04:00:00+00:00,-0.0
2020-08-25 05:00:00+00:00,-0.0
2020-08-25 06:00:00+00:00,-0.0
2020-08-25 07:00:00+00:00,-0.0
2020-08-25 08:00:00+00:00,-0.0
2020-08-25 09:00:00+00:00,-0.0
2020-08-25 10:00:00+00:00,-0.0
2020-08-25 11:00:00+00:00,-0.0
2020-08-25 12:00:00+00:00,-0.0
2020-08-25 13:00:00+00:00,-0.0
2020-08-25 14:00:00+00:00,-0.0
2020-08-25 15:00:00+00:00,-0.0
2020-08-25 16:00:00+00:00,-0.0
2020-08-25 17:00:00+00:00,-0.0
2020-08-25 18:00:00+00:00,-0.0
2020-08-25 19:00:00+00:00,-0.0
2020-08-25 20:00:00+00:00,-0.0
2020-08-25 21:00:00+00:00,-0.0
2020-08-25 22:00:00+00:00,-0.0
2020-08-25 23:00:00+00:00,-0.0
2020-08-26 00:00:00+00:00,-0.0
2020-08-26 01:00:00+00:00,-0.0
2020-08-26 02:00:00+00:00,-0.0
2020-08-26 03:00:00+00:00,-0.0
2020-08-26 04:00:00+00:00,-0.0
2020-08-26 05:00:00+00:00,-0.0
2020-08-26 06:00:00+00:00,-0.0
2020-08-26 07:00:00+00:00,-0.0
2020-08-26 08:00:00+00:00,-0.0
2020-08-26 09:00:00+00:00,-0.0
2020-08-26 10:00:00+00:00,-0.0
2020-08-26 11:00:00+00:00,-0.0
2020-08-26 12:00:00+00:00,-0.0
2020-08-26 13:00:00+00:00,-0.0
2020-08-26 14:00:00+00:00,-0.0
2020-08-26 15:00:00+00:00,-0.0
2020-08-26 16:00:00+00:00,-0.0
2020-08-26 17:00:00+00:00,-0.0
2020-08-26 18:00:00+00:00,-0.0
2020-08-26 19:00:00+00:00,-0.0
2020-08-26 20:00:00+00:00,-0.0
2020-08-26 21:00:00+00:00,-0.0
2020-08-26 22:00:00+00:00,-0.0
2020-08-26 23:00:00+00:00,-0.0
2020-08-27 00:00:00+00:00,-0.0
2020-08-27 01:00:00+00:00,-0.0
2020-08-27 02:00:00+00:00,-0.0
2020-08-27 03:00:00+00:00,-0.0
2020-08-27 04:00:00+00:00,0.09802257421475274
2020-08-27 05:00:00+00:00,-0.0
2020-08-27 06:00:00+00:00,-0.0
2020-08-27 07:00:00+00:00,-0.0
2020-08-27 08:00:00+00:00,-0.0
2020-08-27 09:00:00+00:00,-0.0
2020-08-27 10:00:00+00:00,-0.0
2020-08-27 11:00:00+00:00,-0.0
2020-08-27 12:00:00+00:00,-0.0
2020-08-27 13:00:00+00:00,-0.0
2020-08-27 14:00:00+00:00,-0.0
2020-08-27 15:00:00+00:00,-0.0
2020-08-27 16:00:00+00:00,-0.0
2020-08-27 17:00:00+00:00,-0.0
2020-08-27 18:00:00+00:00,-0.0
2020-08-27 19:00:00+00:00,-0.0
2020-08-27 20:00:00+00:00,-0.0
2020-08-27 21:00:00+00:00,-0.0
2020-08-27 22:00:00+00:00,-0.0
2020-08-27 23:00:00+00:00,-0.0
2020-08-28 00:00:00+00:00,-0.0
2020-08-28 01:00:00+00:00,-0.0
2020-08-28 02:00:00+00:00,-0.0
2020-08-28 03:00:00+00:00,-0.0
2020-08-28 04:00:00+00:00,-0.0
2020-08-28 05:00:00+00:00,-0.0
2020-08-28 06:00:00+00:00,-0.0
2020-08-28 07:00:00+00:00,-0.0
2020-08-28 08:00:00+00:00,-0.0
2020-08-28 09:00:00+00:00,-0.0
2020-08-28 10:00:00+00:00,-0.0
2020-08-28 11:00:00+00:00,-0.0
2020-08-28 12:00:00+00:00,-0.0
2020-08-28 13:00:00+00:00,-0.0
2020-08-28 14:00:00+00:00,-0.0
2020-08-28 15:00:00+00:00,-0.0
2020-08-28 16:00:00+00:00,-0.0
2020-08-28 17:00:00+00:00,-0.0
2020-08-28 18:00:00+00:00,-0.0
2020-08-28 19:00:00+00:00,-0.0
2020-08-28 20:00:00+00:00,-0.0
2020-08-28 21:00:00+00:00,-0.0
2020-08-28 22:00:00+00:00,-0.0
2020-08-28 23:00:00+00:00,-0.0
2020-08-29 00:00:00+00:00,-0.0
2020-08-29 01:00:00+00:00,-0.0
2020-08-29 02:00:00+00:00,-0.0
2020-08-29 03:00:00+00:00,-0.0
2020-08-29 04:00:00+00:00,-0.0
2020-08-29 05:00:00+00:00,-0.0
2020-08-29 06:00:00+00:00,-0.0
2020-08-29 07:00:00+00:00,-0.0
2020-08-29 08:00:00+00:00,-0.0
2020-08-29 09:00:00+00:00,-0.0
2020-08-29 10:00:00+00:00,-0.0
2020-08-29 11:00:00+00:00,-0.0
2020-08-29 12:00:00+00:00,-0.0
2020-08-29 13:00:00+00:00,-0.0
2020-08-29 14:00:00+00:00,-0.0
2020-08-29 15:00:00+00:00,-0.0
2020-08-29 16:00:00+00:00,-0.0
2020-08-29 17:00:00+00:00,-0.0
2020-08-29 18:00:00+00:00,-0.0
2020-08-29 19:00:00+00:00,-0.0
2020-08-29 20:00:00+00:00,-0.0
2020-08-29 21:00:00+00:00,-0.0
2020-08-29 22:00:00+00:00,-0.0
2020-08-29 23:00:00+00:00,-0.0
2020-08-30 00:00:00+00:00,-0.0
2020-08-30 01:00:00+00:00,-0.0
2020-08-30 02:00:00+00:00,-0.0
2020-08-30 03:00:00+00:00,-0.0
2020-08-30 04:00:00+00:00,-0.0
2020-08-30 05:00:00+00:00,-0.0
2020-08-30 06:00:00+00:00,-0.0
2020-08-30 07:00:00+00:00,-0.0
2020-08-30 08:00:00+00:00,-0.0
2020-08-30 09:00:00+00:00,-0.0
2020-08-30 10:00:00+00:00,-0.0
2020-08-30 11:00:00+00:00,-0.0
2020-08-30 12:00:00+00:00,-0.0
2020-08-30 13:00:00+00:00,-0.0
2020-08-30 14:00:00+00:00,-0.0
2020-08-30 15:00:00+00:00,-0.0
2020-08-30 16:00:00+00:00,-0.0
2020-08-30 17:00:00+00:00,-0.0
2020-08-30 18:00:00+00:00,-0.0
2020-08-30 19:00:00+00:00,-0.0
2020-08-30 20:00:00+00:00,-0.0
2020-08-30 21:00:00+00:00,-0.0
2020-08-30 22:00:00+00:00,-0.0
2020-08-30 23:00:00+00:00,-0.0
2020-08-31 00:00:00+00:00,-0.0
2020-08-31 01:00:00+00:00,-0.0
2020-08-31 02:00:00+00:00,-0.0
2020-08-31 03:00:00+00:00,-0.0
2020-08-31 04:00:00+00:00,-0.0
2020-08-31 05:00:00+00:00,-0.0
2020-08-31 06:00:00+00:00,-0.0
2020-08-31 07:00:00+00:00,-0.0
2020-08-31 08:00:00+00:00,-0.0
2020-08-31 09:00:00+00:00,-0.0
2020-08-31 10:00:00+00:00,-0.0
2020-08-31 11:00:00+00:00,-0.0
2020-08-31 12:00:00+00:00,-0.0
2020-08-31 13:00:00+00:00,-0.0
2020-08-31 14:00:00+00:00,-0.0
2020-08-31 15:00:00+00:00,-0.0
2020-08-31 16:00:00+00:00,-0.0
2020-08-31 17:00:00+00:00,-0.0
2020-08-31 18:00:00+00:00,-0.0
2020-08-31 19:00:00+00:00,-0.0
2020-08-31 20:00:00+00:00,-0.0
2020-08-31 21:00:00+00:00,-0.0
2020-08-31 22:00:00+00:00,-0.0
2020-08-31 23:00:00+00:00,-0.0
2020-09-01 00:00:00+00:00,0.08547203033205601
2020-09-01 01:00:00+00:00,-0.0
2020-09-01 02:00:00+00:00,-0.0
2020-09-01 03:00:00+00:00,-0.0
2020-09-01 04:00:00+00:00,-0.0
2020-09-01 05:00:00+00:00,-0.0
2020-09-01 06:00:00+00:00,-0.0
2020-09-01 07:00:00+00:00,-0.0
2020-09-01 08:00:00+00:00,-0.0
2020-09-01 09:00:00+00:00,-0.0
2020-09-01 10:00:00+00:00,-0.0
2020-09-01 11:00:00+00:00,-0.0
2020-09-01 12:00:00+00:00,-0.0
2020-09-01 13:00:00+00:00,-0.0
2020-09-01 14:00:00+00:00,-0.0
2020-09-01 15:00:00+00:00,-0.0
2020-09-01 16:00:00+00:00,-0.0
2020-09-01 17:00:00+00:00,-0.0
2020-09-01 18:00:00+00:00,-0.0
2020-09-01 19:00:00+00:00,-0.0
2020-09-01 20:00:00+00:00,-0.0
2020-09-01 21:00:00+00:00,-0.0
2020-09-01 22:00:00+00:00,-0.0
2020-09-01 23:00:00+00:00,-0.0
2020-09-02 00:00:00+00:00,-0.0
2020-09-02 01:00:00+00:00,-0.0
2020-09-02 02:00:00+00:00,-0.0
2020-09-02 03:00:00+00:00,-0.0
2020-09-02 04:00:00+00:00,-0.0
2020-09-02 05:00:00+00:00,-0.0
2020-09-02 06:00:00+00:00,-0.0
2020-09-02 07:00:00+00:00,-0.0
2020-09-02 08:00:00+00:00,-0.0
2020-09-02 09:00:00+00:00,-0.0
2020-09-02 10:00:00+00:00,-0.0
2020-09-02 11:00:00+00:00,-0.0
2020-09-02 12:00:00+00:00,-0.0
2020-09-02 13:00:00+00:00,-0.0
2020-09-02 14:00:00+00:00,-0.0
2020-09-02 15:00:00+00:00,-0.0
2020-09-02 16:00:00+00:00,-0.0
2020-09-02 17:00:00+00:00,-0.0
2020-09-02 18:00:00+00:00,-0.0
2020-09-02 19:00:00+00:00,-0.0
2020-09-02 20:00:00+00:00,-0.0
2020-09-02 21:00:00+00:00,-0.0
2020-09-02 22:00:00+00:00,-0.0
2020-09-02 23:00:00+00:00,-0.0
2020-09-03 00:00:00+00:00,-0.0
2020-09-03 01:00:00+00:00,-0.0
2020-09-03 02:00:00+00:00,-0.0
2020-09-03 03:00:00+00:00,-0.0
2020-09-03 04:00:00+00:00,-0.0
2020-09-03 05:00:00+00:00,-0.0
2020-09-03 06:00:00+00:00,-0.0
2020-09-03 07:00:00+00:00,-0.0
2020-09-03 08:00:00+00:00,-0.0
2020-09-03 09:00:00+00:00,-0.0
2020-09-03 10:00:00+00:00,-0.0
2020-09-03 11:00:00+00:00,-0.0
2020-09-03 12:00:00+00:00,-0.0
2020-09-03 13:00:00+00:00,-0.0
2020-09-03 14:00:00+00:00,-0.0
2020-09-03 15:00:00+00:00,-0.0
2020-09-03 16:00:00+00:00,-0.0
2020-09-03 17:00:00+00:00,-0.0
2020-09-03 18:00:00+00:00,-0.0
2020-09-03 19:00:00+00:00,-0.0
2020-09-03 20:00:00+00:00,-0.0
2020-09-03 21:00:00+00:00,-0.0
2020-09-03 22:00:00+00:00,-0.0
2020-09-03 23:00:00+00:00,-0.0
2020-09-04 00:00:00+00:00,-0.0
2020-09-04 01:00:00+00:00,-0.0
2020-09-04 02:00:00+00:00,-0.0
2020-09-04 03:00:00+00:00,-0.0
2020-09-04 04:00:00+00:00,-0.0
2020-09-04 05:00:00+00:00,-0.0
2020-09-04 06:00:00+00:00,-0.0
2020-09-04 07:00:00+00:00,-0.0
2020-09-04 08:00:00+00:00,-0.0
2020-09-04 09:00:00+00:00,-0.0
2020-09-04 10:00:00+00:00,-0.0
2020-09-04 11:00:00+00:00,-0.0
2020-09-04 12:00:00+00:00,-0.0
2020-09-04 13:00:00+00:00,-0.0
2020-09-04 14:00:00+00:00,0.17173812242867328
2020-09-04 15:00:00+00:00,-0.0
2020-09-04 16:00:00+00:00,-0.0
2020-09-04 17:00:00+00:00,-0.0
2020-09-04 18:00:00+00:00,-0.0
2020-09-04 19:00:00+00:00,-0.0
2020-09-04 20:00:00+00:00,-0.0
2020-09-04 21:00:00+00:00,-0.0
2020-09-04 22:00:00+00:00,-0.0
2020-09-04 23:00:00+00:00,-0.0
2020-09-05 00:00:00+00:00,-0.0
2020-09-05 01:00:00+00:00,-0.0
2020-09-05 02:00:00+00:00,-0.0
2020-09-05 03:00:00+00:00,-0.0
2020-09-05 04:00:00+00:00,-0.0
2020-09-05 05:00:00+00:00,-0.0
2020-09-05 06:00:00+00:00,-0.0
2020-09-05 07:00:00+00:00,-0.0
2020-09-05 08:00:00+00:00,-0.0
2020-09-05 09:00:00+00:00,-0.0
2020-09-05 10:00:00+00:00,0.1535411922911969
2020-09-05 11:00:00+00:00,-0.0
2020-09-05 12:00:00+00:00,-0.0
2020-09-05 13:00:00+00:00,-0.0
2020-09-05 14:00:00+00:00,-0.0
2020-09-05 15:00:00+00:00,-0.0
2020-09-05 16:00:00+00:00,-0.0
2020-09-05 17:00:00+00:00,-0.0
2020-09-05 18:00:00+00:00,-0.0
2020-09-05 19:00:00+00:00,-0.0
2020-09-05 20:00:00+00:00,-0.0
2020-09-05 21:00:00+00:00,-0.0
2020-09-05 22:00:00+00:00,-0.0
2020-09-05 23:00:00+00:00,-0.0
2020-09-06 00:00:00+00:00,-0.0
2020-09-06 01:00:00+00:00,-0.0
2020-09-06 02:00:00+00:00,-0.0
2020-09-06 03:00:00+00:00,-0.0
2020-09-06 04:00:00+00:00,-0.0
2020-09-06 05:00:00+00:00,-0.0
2020-09-06 06:00:00+00:00,-0.0
2020-09-06 07:00:00+00:00,-0.0
2020-09-06 08:00:00+00:00,-0.0
2020-09-06 09:00:00+00:00,-0.0
2020-09-06 10:00:00+00:00,-0.0
2020-09-06 11:00:00+00:00,-0.0
2020-09-06 12:00:00+00:00,-0.0
2020-09-06 13:00:00+00:00,-0.0
2020-09-06 14:00:00+00:00,-0.0
2020-09-06 15:00:00+00:00,-0.0
2020-09-06 16:00:00+00:00,-0.0
2020-09-06 17:00:00+00:00,-0.0
2020-09-06 18:00:00+00:00,-0.0
2020-09-06 19:00:00+00:00,-0.0
2020-09-06 20:00:00+00:00,-0.0
2020-09-06 21:00:00+00:00,-0.0
2020-09-06 22:00:00+00:00,-0.0
2020-09-06 23:00:00+00:00,-0.0
2020-09-07 00:00:00+00:00,-0.0
2020-09-07 01:00:00+00:00,-0.0
2020-09-07 02:00:00+00:00,-0.0
2020-09-07 03:00:00+00:00,-0.0
2020-09-07 04:00:00+00:00,-0.0
2020-09-07 05:00:00+00:00,-0.0
2020-09-07 06:00:00+00:00,-0.0
2020-09-07 07:00:00+00:00,-0.0
2020-09-07 08:00:00+00:00,-0.0
2020-09-07 09:00:00+00:00,-0.0
2020-09-07 10:00:00+00:00,-0.0
2020-09-07 11:00:00+00:00,-0.0
2020-09-07 12:00:00+00:00,-0.0
2020-09-07 13:00:00+00:00,-0.0
2020-09-07 14:00:00+00:00,-0.0
2020-09-07 15:00:00+00:00,-0.0
2020-09-07 16:00:00+00:00,-0.0
2020-09-07 17:00:00+00:00,-0.0
2020-09-07 18:00:00+00:00,-0.0
2020-09-07 19:00:00+00:00,-0.0
2020-09-07 20:00:00+00:00,-0.0
2020-09-07 21:00:00+00:00,-0.0
2020-09-07 22:00:00+00:00,-0.0
2020-09-07 23:00:00+00:00,-0.0
2020-09-08 00:00:00+00:00,-0.0
2020-09-08 01:00:00+00:00,-0.0
2020-09-08 02:00:00+00:00,-0.0
2020-09-08 03:00:00+00:00,-0.0
2020-09-08 04:00:00+00:00,-0.0
2020-09-08 05:00:00+00:00,-0.0
2020-09-08 06:00:00+00:00,-0.0
2020-09-08 07:00:00+00:00,-0.0
2020-09-08 08:00:00+00:00,-0.0
2020-09-08 09:00:00+00:00,-0.0
2020-09-08 10:00:00+00:00,-0.0
2020-09-08 11:00:00+00:00,-0.0
2020-09-08 12:00:00+00:00,-0.0
2020-09-08 13:00:00+00:00,-0.0
2020-09-08 14:00:00+00:00,-0.0
2020-09-08 15:00:00+00:00,-0.0
2020-09-08 16:00:00+00:00,-0.0
2020-09-08 17:00:00+00:00,-0.0
2020-09-08 18:00:00+00:00,-0.0
2020-09-08 19:00:00+00:00,-0.0
2020-09-08 20:00:00+00:00,-0.0
2020-09-08 21:00:00+00:00,-0.0
2020-09-08 22:00:00+00:00,-0.0
2020-09-08 23:00:00+00:00,-0.0
2020-09-09 00:00:00+00:00,-0.0
2020-09-09 01:00:00+00:00,-0.0
2020-09-09 02:00:00+00:00,-0.0
2020-09-09 03:00:00+00:00,-0.0
2020-09-09 04:00:00+00:00,-0.0
2020-09-09 05:00:00+00:00,-0.0
2020-09-09 06:00:00+00:00,-0.0
2020-09-09 07:00:00+00:00,-0.0
2020-09-09 08:00:00+00:00,-0.0
2020-09-09 09:00:00+00:00,-0.0
2020-09-09 10:00:00+00:00,-0.0
2020-09-09 11:00:00+00:00,-0.0
2020-09-09 12:00:00+00:00,-0.0
2020-09-09 13:00:00+00:00,-0.0
2020-09-09 14:00:00+00:00,-0.0
2020-09-09 15:00:00+00:00,-0.0
2020-09-09 16:00:00+00:00,-0.0
2020-09-09 17:00:00+00:00,-0.0
2020-09-09 18:00:00+00:00,-0.0
2020-09-09 19:00:00+00:00,-0.0
2020-09-09 20:00:00+00:00,-0.0
2020-09-09 21:00:00+00:00,-0.0
2020-09-09 22:00:00+00:00,-0.0
2020-09-09 23:00:00+00:00,-0.0
2020-09-10 00:00:00+00:00,-0.0
2020-09-10 01:00:00+00:00,-0.0
2020-09-10 02:00:00+00:00,-0.0
2020-09-10 03:00:00+00:00,-0.0
2020-09-10 04:00:00+00:00,-0.0
2020-09-10 05:00:00+00:00,-0.0
2020-09-10 06:00:00+00:00,-0.0
2020-09-10 07:00:00+00:00,-0.0
2020-09-10 08:00:00+00:00,-0.0
2020-09-10 09:00:00+00:00,-0.0
2020-09-10 10:00:00+00:00,-0.0
2020-09-10 11:00:00+00:00,-0.0
2020-09-10 12:00:00+00:00,-0.0
2020-09-10 13:00:00+00:00,-0.0
2020-09-10 14:00:00+00:00,-0.0
2020-09-10 15:00:00+00:00,-0.0
2020-09-10 16:00:00+00:00,-0.0
2020-09-10 17:00:00+00:00,-0.0
2020-09-10 18:00:00+00:00,-0.0
2020-09-10 19:00:00+00:00,-0.0
2020-09-10 20:00:00+00:00,-0.0
2020-09-10 21:00:00+00:00,-0.0
2020-09-10 22:00:00+00:00,-0.0
2020-09-10 23:00:00+00:00,-0.0
2020-09-11 00:00:00+00:00,-0.0
2020-09-11 01:00:00+00:00,-0.0
2020-09-11 02:00:00+00:00,-0.0
2020-09-11 03:00:00+00:00,-0.0
2020-09-11 04:00:00+00:00,-0.0
2020-09-11 05:00:00+00:00,-0.0
2020-09-11 06:00:00+00:00,-0.0
2020-09-11 07:00:00+00:00,-0.0
2020-09-11 08:00:00+00:00,-0.0
2020-09-11 09:00:00+00:00,-0.0
2020-09-11 10:00:00+00:00,-0.0
2020-09-11 11:00:00+00:00,-0.0
2020-09-11 12:00:00+00:00,-0.0
2020-09-11 13:00:00+00:00,-0.0
2020-09-11 14:00:00+00:00,-0.0
2020-09-11 15:00:00+00:00,-0.0
2020-09-11 16:00:00+00:00,-0.0
2020-09-11 17:00:00+00:00,-0.0
2020-09-11 18:00:00+00:00,-0.0
2020-09-11 19:00:00+00:00,-0.0
2020-09-11 20:00:00+00:00,-0.0
2020-09-11 21:00:00+00:00,-0.0
2020-09-11 22:00:00+00:00,-0.0
2020-09-11 23:00:00+00:00,-0.0
2020-09-12 00:00:00+00:00,-0.0
2020-09-12 01:00:00+00:00,-0.0
2020-09-12 02:00:00+00:00,-0.0
2020-09-12 03:00:00+00:00,-0.0
2020-09-12 04:00:00+00:00,-0.0
2020-09-12 05:00:00+00:00,-0.0
2020-09-12 06:00:00+00:00,-0.0
2020-09-12 07:00:00+00:00,-0.0
2020-09-12 08:00:00+00:00,-0.0
2020-09-12 09:00:00+00:00,-0.0
2020-09-12 10:00:00+00:00,-0.0
2020-09-12 11:00:00+00:00,-0.0
2020-09-12 12:00:00+00:00,-0.0
2020-09-12 13:00:00+00:00,-0.0
2020-09-12 14:00:00+00:00,-0.0
2020-09-12 15:00:00+00:00,-0.0
2020-09-12 16:00:00+00:00,-0.0
2020-09-12 17:00:00+00:00,-0.0
2020-09-12 18:00:00+00:00,-0.0
2020-09-12 19:00:00+00:00,-0.0
2020-09-12 20:00:00+00:00,-0.0
2020-09-12 21:00:00+00:00,-0.0
2020-09-12 22:00:00+00:00,-0.0
2020-09-12 23:00:00+00:00,-0.0
2020-09-13 00:00:00+00:00,-0.0
2020-09-13 01:00:00+00:00,-0.0
2020-09-13 02:00:00+00:00,-0.0
2020-09-13 03:00:00+00:00,-0.0
2020-09-13 04:00:00+00:00,-0.0
2020-09-13 05:00:00+00:00,-0.0
2020-09-13 06:00:00+00:00,-0.0
2020-09-13 07:00:00+00:00,-0.0
2020-09-13 08:00:00+00:00,-0.0
2020-09-13 09:00:00+00:00,0.021743155042091813
2020-09-13 10:00:00+00:00,0.04878463975626892
2020-09-13 11:00:00+00:00,0.06303797157553291
2020-09-13 12:00:00+00:00,-0.0
2020-09-13 13:00:00+00:00,-0.0
2020-09-13 14:00:00+00:00,-0.0
2020-09-13 15:00:00+00:00,-0.0
2020-09-13 16:00:00+00:00,-0.0
2020-09-13 17:00:00+00:00,-0.0
2020-09-13 18:00:00+00:00,-0.0
2020-09-13 19:00:00+00:00,-0.0
2020-09-13 20:00:00+00:00,-0.0
2020-09-13 21:00:00+00:00,-0.0
2020-09-13 22:00:00+00:00,-0.0
2020-09-13 23:00:00+00:00,-0.0
2020-09-14 00:00:00+00:00,-0.0
2020-09-14 01:00:00+00:00,-0.0
2020-09-14 02:00:00+00:00,-0.0
2020-09-14 03:00:00+00:00,-0.0
2020-09-14 04:00:00+00:00,-0.0
2020-09-14 05:00:00+00:00,-0.0
2020-09-14 06:00:00+00:00,-0.0
2020-09-14 07:00:00+00:00,-0.0
2020-09-14 08:00:00+00:00,-0.0
2020-09-14 09:00:00+00:00,-0.0
2020-09-14 10:00:00+00:00,-0.0
2020-09-14 11:00:00+00:00,-0.0
2020-09-14 12:00:00+00:00,-0.0
2020-09-14 13:00:00+00:00,-0.0
2020-09-14 14:00:00+00:00,-0.0
2020-09-14 15:00:00+00:00,-0.0
2020-09-14 16:00:00+00:00,-0.0
2020-09-14 17:00:00+00:00,-0.0
2020-09-14 18:00:00+00:00,-0.0
2020-09-14 19:00:00+00:00,-0.0
2020-09-14 20:00:00+00:00,-0.0
2020-09-14 21:00:00+00:00,-0.0
2020-09-14 22:00:00+00:00,-0.0
2020-09-14 23:00:00+00:00,-0.0
2020-09-15 00:00:00+00:00,-0.0
2020-09-15 01:00:00+00:00,-0.0
2020-09-15 02:00:00+00:00,-0.0
2020-09-15 03:00:00+00:00,-0.0
2020-09-15 04:00:00+00:00,-0.0
2020-09-15 05:00:00+00:00,-0.0
2020-09-15 06:00:00+00:00,-0.0
2020-09-15 07:00:00+00:00,-0.0
2020-09-15 08:00:00+00:00,-0.0
2020-09-15 09:00:00+00:00,-0.0
2020-09-15 10:00:00+00:00,-0.0
2020-09-15 11:00:00+00:00,-0.0
2020-09-15 12:00:00+00:00,-0.0
2020-09-15 13:00:00+00:00,-0.0
2020-09-15 14:00:00+00:00,-0.0
2020-09-15 15:00:00+00:00,-0.0
2020-09-15 16:00:00+00:00,-0.0
2020-09-15 17:00:00+00:00,-0.0
2020-09-15 18:00:00+00:00,-0.0
2020-09-15 19:00:00+00:00,-0.0
2020-09-15 20:00:00+00:00,-0.0
2020-09-15 21:00:00+00:00,-0.0
2020-09-15 22:00:00+00:00,-0.0
2020-09-15 23:00:00+00:00,-0.0
2020-09-16 00:00:00+00:00,-0.0
2020-09-16 01:00:00+00:00,-0.0
2020-09-16 02:00:00+00:00,-0.0
2020-09-16 03:00:00+00:00,-0.0
2020-09-16 04:00:00+00:00,-0.0
2020-09-16 05:00:00+00:00,-0.0
2020-09-16 06:00:00+00:00,-0.0
2020-09-16 07:00:00+00:00,-0.0
2020-09-16 08:00:00+00:00,-0.0
2020-09-16 09:00:00+00:00,-0.0
2020-09-16 10:00:00+00:00,-0.0
2020-09-16 11:00:00+00:00,-0.0
2020-09-16 12:00:00+00:00,-0.0
2020-09-16 13:00:00+00:00,-0.0
2020-09-16 14:00:00+00:00,-0.0
2020-09-16 15:00:00+00:00,-0.0
2020-09-16 16:00:00+00:00,-0.0
2020-09-16 17:00:00+00:00,-0.0
2020-09-16 18:00:00+00:00,-0.0
2020-09-16 19:00:00+00:00,-0.0
2020-09-16 20:00:00+00:00,-0.0
2020-09-16 21:00:00+00:00,-0.0
2020-09-16 22:00:00+00:00,-0.0
2020-09-16 23:00:00+00:00,-0.0
2020-09-17 00:00:00+00:00,-0.0
2020-09-17 01:00:00+00:00,-0.0
2020-09-17 02:00:00+00:00,-0.0
2020-09-17 03:00:00+00:00,-0.0
2020-09-17 04:00:00+00:00,-0.0
2020-09-17 05:00:00+00:00,-0.0
2020-09-17 06:00:00+00:00,-0.0
2020-09-17 07:00:00+00:00,-0.0
2020-09-17 08:00:00+00:00,-0.0
2020-09-17 09:00:00+00:00,-0.0
2020-09-17 10:00:00+00:00,-0.0
2020-09-17 11:00:00+00:00,-0.0
2020-09-17 12:00:00+00:00,-0.0
2020-09-17 13:00:00+00:00,-0.0
2020-09-17 14:00:00+00:00,-0.0
2020-09-17 15:00:00+00:00,-0.0
2020-09-17 16:00:00+00:00,-0.0
2020-09-17 17:00:00+00:00,-0.0
2020-09-17 18:00:00+00:00,-0.0
2020-09-17 19:00:00+00:00,-0.0
2020-09-17 20:00:00+00:00,-0.0
2020-09-17 21:00:00+00:00,-0.0
2020-09-17 22:00:00+00:00,-0.0
2020-09-17 23:00:00+00:00,-0.0
2020-09-18 00:00:00+00:00,-0.0
2020-09-18 01:00:00+00:00,-0.0
2020-09-18 02:00:00+00:00,-0.0
2020-09-18 03:00:00+00:00,-0.0
2020-09-18 04:00:00+00:00,-0.0
2020-09-18 05:00:00+00:00,-0.0
2020-09-18 06:00:00+00:00,-0.0
2020-09-18 07:00:00+00:00,-0.0
2020-09-18 08:00:00+00:00,-0.0
2020-09-18 09:00:00+00:00,-0.0
2020-09-18 10:00:00+00:00,-0.0
2020-09-18 11:00:00+00:00,-0.0
2020-09-18 12:00:00+00:00,-0.0
2020-09-18 13:00:00+00:00,-0.0
2020-09-18 14:00:00+00:00,-0.0
2020-09-18 15:00:00+00:00,-0.0
2020-09-18 16:00:00+00:00,-0.0
2020-09-18 17:00:00+00:00,-0.0
2020-09-18 18:00:00+00:00,-0.0
2020-09-18 19:00:00+00:00,-0.0
2020-09-18 20:00:00+00:00,-0.0
2020-09-18 21:00:00+00:00,-0.0
2020-09-18 22:00:00+00:00,-0.0
2020-09-18 23:00:00+00:00,-0.0
2020-09-19 00:00:00+00:00,-0.0
2020-09-19 01:00:00+00:00,-0.0
2020-09-19 02:00:00+00:00,-0.0
2020-09-19 03:00:00+00:00,-0.0
2020-09-19 04:00:00+00:00,-0.0
2020-09-19 05:00:00+00:00,-0.0
2020-09-19 06:00:00+00:00,-0.0
2020-09-19 07:00:00+00:00,-0.0
2020-09-19 08:00:00+00:00,-0.0
2020-09-19 09:00:00+00:00,-0.0
2020-09-19 10:00:00+00:00,-0.0
2020-09-19 11:00:00+00:00,-0.0
2020-09-19 12:00:00+00:00,-0.0
2020-09-19 13:00:00+00:00,-0.0
2020-09-19 14:00:00+00:00,-0.0
2020-09-19 15:00:00+00:00,-0.0
2020-09-19 16:00:00+00:00,-0.0
2020-09-19 17:00:00+00:00,-0.0
2020-09-19 18:00:00+00:00,-0.0
2020-09-19 19:00:00+00:00,-0.0
2020-09-19 20:00:00+00:00,-0.0
2020-09-19 21:00:00+00:00,-0.0
2020-09-19 22:00:00+00:00,-0.0
2020-09-19 23:00:00+00:00,-0.0
2020-09-20 00:00:00+00:00,-0.0
2020-09-20 01:00:00+00:00,-0.0
2020-09-20 02:00:00+00:00,-0.0
2020-09-20 03:00:00+00:00,-0.0
2020-09-20 04:00:00+00:00,-0.0
2020-09-20 05:00:00+00:00,-0.0
2020-09-20 06:00:00+00:00,-0.0
2020-09-20 07:00:00+00:00,-0.0
2020-09-20 08:00:00+00:00,-0.0
2020-09-20 09:00:00+00:00,-0.0
2020-09-20 10:00:00+00:00,-0.0
2020-09-20 11:00:00+00:00,-0.0
2020-09-20 12:00:00+00:00,-0.0
2020-09-20 13:00:00+00:00,0.05409754242048835
2020-09-20 14:00:00+00:00,-0.0
2020-09-20 15:00:00+00:00,-0.0
2020-09-20 16:00:00+00:00,-0.0
2020-09-20 17:00:00+00:00,-0.0
2020-09-20 18:00:00+00:00,-0.0
2020-09-20 19:00:00+00:00,-0.0
2020-09-20 20:00:00+00:00,-0.0
2020-09-20 21:00:00+00:00,-0.0
2020-09-20 22:00:00+00:00,-0.0
2020-09-20 23:00:00+00:00,-0.0
2020-09-21 00:00:00+00:00,-0.0
2020-09-21 01:00:00+00:00,-0.0
2020-09-21 02:00:00+00:00,-0.0
2020-09-21 03:00:00+00:00,-0.0
2020-09-21 04:00:00+00:00,-0.0
2020-09-21 05:00:00+00:00,-0.0
2020-09-21 06:00:00+00:00,-0.0
2020-09-21 07:00:00+00:00,-0.0
2020-09-21 08:00:00+00:00,-0.0
2020-09-21 09:00:00+00:00,-0.0
2020-09-21 10:00:00+00:00,-0.0
2020-09-21 11:00:00+00:00,-0.0
2020-09-21 12:00:00+00:00,-0.0
2020-09-21 13:00:00+00:00,-0.0
2020-09-21 14:00:00+00:00,-0.0
2020-09-21 15:00:00+00:00,-0.0
2020-09-21 16:00:00+00:00,-0.0
2020-09-21 17:00:00+00:00,-0.0
2020-09-21 18:00:00+00:00,-0.0
2020-09-21 19:00:00+00:00,-0.0
2020-09-21 20:00:00+00:00,-0.0
2020-09-21 21:00:00+00:00,-0.0
2020-09-21 22:00:00+00:00,-0.0
2020-09-21 23:00:00+00:00,-0.0
2020-09-22 00:00:00+00:00,-0.0
2020-09-22 01:00:00+00:00,-0.0
2020-09-22 02:00:00+00:00,-0.0
2020-09-22 03:00:00+00:00,-0.0
2020-09-22 04:00:00+00:00,-0.0
2020-09-22 05:00:00+00:00,-0.0
2020-09-22 06:00:00+00:00,-0.0
2020-09-22 07:00:00+00:00,-0.0
2020-09-22 08:00:00+00:00,-0.0
2020-09-22 09:00:00+00:00,-0.0
2020-09-22 10:00:00+00:00,-0.0
2020-09-22 11:00:00+00:00,-0.0
2020-09-22 12:00:00+00:00,-0.0
2020-09-22 13:00:00+00:00,-0.0
2020-09-22 14:00:00+00:00,-0.0
2020-09-22 15:00:00+00:00,-0.0
2020-09-22 16:00:00+00:00,-0.0
2020-09-22 17:00:00+00:00,-0.0
2020-09-22 18:00:00+00:00,-0.0
2020-09-22 19:00:00+00:00,-0.0
2020-09-22 20:00:00+00:00,-0.0
2020-09-22 21:00:00+00:00,-0.0
2020-09-22 22:00:00+00:00,-0.0
2020-09-22 23:00:00+00:00,-0.0
2020-09-23 00:00:00+00:00,-0.0
2020-09-23 01:00:00+00:00,-0.0
2020-09-23 02:00:00+00:00,-0.0
2020-09-23 03:00:00+00:00,-0.0
2020-09-23 04:00:00+00:00,-0.0
2020-09-23 05:00:00+00:00,-0.0
2020-09-23 06:00:00+00:00,-0.0
2020-09-23 07:00:00+00:00,0.05448037521615522
2020-09-23 08:00:00+00:00,-0.0
2020-09-23 09:00:00+00:00,-0.0
2020-09-23 10:00:00+00:00,-0.0
2020-09-23 11:00:00+00:00,-0.0
2020-09-23 12:00:00+00:00,-0.0
2020-09-23 13:00:00+00:00,-0.0
2020-09-23 14:00:00+00:00,-0.0
2020-09-23 15:00:00+00:00,-0.0
2020-09-23 16:00:00+00:00,0.02796645587515593
2020-09-23 17:00:00+00:00,-0.0
2020-09-23 18:00:00+00:00,-0.0
2020-09-23 19:00:00+00:00,-0.0
2020-09-23 20:00:00+00:00,-0.0
2020-09-23 21:00:00+00:00,-0.0
2020-09-23 22:00:00+00:00,-0.0
2020-09-23 23:00:00+00:00,-0.0
2020-09-24 00:00:00+00:00,-0.0
2020-09-24 01:00:00+00:00,-0.0
2020-09-24 02:00:00+00:00,-0.0
2020-09-24 03:00:00+00:00,-0.0
2020-09-24 04:00:00+00:00,-0.0
2020-09-24 05:00:00+00:00,-0.0
2020-09-24 06:00:00+00:00,-0.0
2020-09-24 07:00:00+00:00,-0.0
2020-09-24 08:00:00+00:00,-0.0
2020-09-24 09:00:00+00:00,-0.0
2020-09-24 10:00:00+00:00,-0.0
2020-09-24 11:00:00+00:00,-0.0
2020-09-24 12:00:00+00:00,-0.0
2020-09-24 13:00:00+00:00,-0.0
2020-09-24 14:00:00+00:00,-0.0
2020-09-24 15:00:00+00:00,-0.0
2020-09-24 16:00:00+00:00,-0.0
2020-09-24 17:00:00+00:00,-0.09490575161764572
2020-09-24 18:00:00+00:00,-0.0
2020-09-24 19:00:00+00:00,-0.0
2020-09-24 20:00:00+00:00,-0.0
2020-09-24 21:00:00+00:00,-0.0
2020-09-24 22:00:00+00:00,-0.0
2020-09-24 23:00:00+00:00,-0.0
2020-09-25 00:00:00+00:00,-0.0
2020-09-25 01:00:00+00:00,-0.0
2020-09-25 02:00:00+00:00,-0.0
2020-09-25 03:00:00+00:00,-0.0
2020-09-25 04:00:00+00:00,-0.0
2020-09-25 05:00:00+00:00,-0.0
2020-09-25 06:00:00+00:00,-0.0
2020-09-25 07:00:00+00:00,-0.0
2020-09-25 08:00:00+00:00,-0.0
2020-09-25 09:00:00+00:00,-0.0
2020-09-25 10:00:00+00:00,-0.0
2020-09-25 11:00:00+00:00,-0.0
2020-09-25 12:00:00+00:00,-0.0
2020-09-25 13:00:00+00:00,-0.0
2020-09-25 14:00:00+00:00,-0.0
2020-09-25 15:00:00+00:00,-0.008007354677153423
2020-09-25 16:00:00+00:00,-0.0
2020-09-25 17:00:00+00:00,-0.0
2020-09-25 18:00:00+00:00,-0.09185226725101402
2020-09-25 19:00:00+00:00,-0.0
2020-09-25 20:00:00+00:00,-0.0
2020-09-25 21:00:00+00:00,-0.0
2020-09-25 22:00:00+00:00,-0.0
2020-09-25 23:00:00+00:00,-0.0
2020-09-26 00:00:00+00:00,-0.0
2020-09-26 01:00:00+00:00,-0.0
2020-09-26 02:00:00+00:00,-0.0
2020-09-26 03:00:00+00:00,-0.0
2020-09-26 04:00:00+00:00,-0.0
2020-09-26 05:00:00+00:00,-0.0
2020-09-26 06:00:00+00:00,-0.0
2020-09-26 07:00:00+00:00,-0.0
2020-09-26 08:00:00+00:00,-0.0
2020-09-26 09:00:00+00:00,-0.0
2020-09-26 10:00:00+00:00,-0.0
2020-09-26 11:00:00+00:00,-0.0
2020-09-26 12:00:00+00:00,-0.0
2020-09-26 13:00:00+00:00,-0.0
2020-09-26 14:00:00+00:00,-0.0
2020-09-26 15:00:00+00:00,-0.0
2020-09-26 16:00:00+00:00,-0.0
2020-09-26 17:00:00+00:00,-0.0
2020-09-26 18:00:00+00:00,-0.0
2020-09-26 19:00:00+00:00,-0.0
2020-09-26 20:00:00+00:00,-0.0
2020-09-26 21:00:00+00:00,-0.0
2020-09-26 22:00:00+00:00,-0.0
2020-09-26 23:00:00+00:00,-0.0
2020-09-27 00:00:00+00:00,-0.0
2020-09-27 01:00:00+00:00,-0.0
2020-09-27 02:00:00+00:00,-0.0
2020-09-27 03:00:00+00:00,-0.0
2020-09-27 04:00:00+00:00,-0.0
2020-09-27 05:00:00+00:00,-0.0
2020-09-27 06:00:00+00:00,-0.0
2020-09-27 07:00:00+00:00,-0.0
2020-09-27 08:00:00+00:00,-0.0
2020-09-27 09:00:00+00:00,-0.0
2020-09-27 10:00:00+00:00,-0.0
2020-09-27 11:00:00+00:00,-0.0
2020-09-27 12:00:00+00:00,-0.0
2020-09-27 13:00:00+00:00,-0.0
2020-09-27 14:00:00+00:00,-0.0
2020-09-27 15:00:00+00:00,-0.0
2020-09-27 16:00:00+00:00,-0.0
2020-09-27 17:00:00+00:00,-0.0
2020-09-27 18:00:00+00:00,-0.0
2020-09-27 19:00:00+00:00,-0.0
2020-09-27 20:00:00+00:00,-0.0
2020-09-27 21:00:00+00:00,-0.0
2020-09-27 22:00:00+00:00,-0.0
2020-09-27 23:00:00+00:00,-0.0
2020-09-28 00:00:00+00:00,-0.0
2020-09-28 01:00:00+00:00,-0.0
2020-09-28 02:00:00+00:00,-0.08236052786537847
2020-09-28 03:00:00+00:00,-0.0
2020-09-28 04:00:00+00:00,-0.0
2020-09-28 05:00:00+00:00,-0.0
2020-09-28 06:00:00+00:00,-0.0
2020-09-28 07:00:00+00:00,0.016799219968668688
2020-09-28 08:00:00+00:00,-0.0
2020-09-28 09:00:00+00:00,-0.0
2020-09-28 10:00:00+00:00,-0.0
2020-09-28 11:00:00+00:00,-0.0
2020-09-28 12:00:00+00:00,-0.0
2020-09-28 13:00:00+00:00,-0.0
2020-09-28 14:00:00+00:00,-0.0
2020-09-28 15:00:00+00:00,-0.0
2020-09-28 16:00:00+00:00,-0.0
2020-09-28 17:00:00+00:00,-0.0
2020-09-28 18:00:00+00:00,-0.0
2020-09-28 19:00:00+00:00,-0.0
2020-09-28 20:00:00+00:00,-0.0
2020-09-28 21:00:00+00:00,-0.0
2020-09-28 22:00:00+00:00,-0.0
2020-09-28 23:00:00+00:00,0.04424970679120977
2020-09-29 00:00:00+00:00,-0.0
2020-09-29 01:00:00+00:00,-0.0
2020-09-29 02:00:00+00:00,-0.0
2020-09-29 03:00:00+00:00,-0.0
2020-09-29 04:00:00+00:00,-0.0
2020-09-29 05:00:00+00:00,-0.0
2020-09-29 06:00:00+00:00,-0.0
2020-09-29 07:00:00+00:00,-0.0
2020-09-29 08:00:00+00:00,-0.0
2020-09-29 09:00:00+00:00,-0.0
2020-09-29 10:00:00+00:00,-0.0
2020-09-29 11:00:00+00:00,-0.0
2020-09-29 12:00:00+00:00,-0.0
2020-09-29 13:00:00+00:00,-0.0
2020-09-29 14:00:00+00:00,-0.0
2020-09-29 15:00:00+00:00,-0.0
2020-09-29 16:00:00+00:00,-0.0
2020-09-29 17:00:00+00:00,-0.0
2020-09-29 18:00:00+00:00,-0.0
2020-09-29 19:00:00+00:00,-0.0
2020-09-29 20:00:00+00:00,-0.0
2020-09-29 21:00:00+00:00,-0.0
2020-09-29 22:00:00+00:00,-0.0
2020-09-29 23:00:00+00:00,-0.0
2020-09-30 00:00:00+00:00,-0.0
2020-09-30 01:00:00+00:00,-0.0
2020-09-30 02:00:00+00:00,-0.0
2020-09-30 03:00:00+00:00,-0.0
2020-09-30 04:00:00+00:00,-0.0
2020-09-30 05:00:00+00:00,-0.0
2020-09-30 06:00:00+00:00,-0.0
2020-09-30 07:00:00+00:00,-0.0
2020-09-30 08:00:00+00:00,-0.0
2020-09-30 09:00:00+00:00,-0.0
2020-09-30 10:00:00+00:00,-0.0
2020-09-30 11:00:00+00:00,-0.0
2020-09-30 12:00:00+00:00,-0.0
2020-09-30 13:00:00+00:00,-0.0
2020-09-30 14:00:00+00:00,-0.0
2020-09-30 15:00:00+00:00,-0.0
2020-09-30 16:00:00+00:00,-0.0
2020-09-30 17:00:00+00:00,-0.0
2020-09-30 18:00:00+00:00,-0.0
2020-09-30 19:00:00+00:00,-0.0
2020-09-30 20:00:00+00:00,-0.0
2020-09-30 21:00:00+00:00,-0.0
2020-09-30 22:00:00+00:00,-0.0
2020-09-30 23:00:00+00:00,-0.0
2020-10-01 00:00:00+00:00,-0.0
2020-10-01 01:00:00+00:00,-0.0
2020-10-01 02:00:00+00:00,-0.0
2020-10-01 03:00:00+00:00,-0.0
2020-10-01 04:00:00+00:00,-0.0
2020-10-01 05:00:00+00:00,-0.0
2020-10-01 06:00:00+00:00,-0.0
2020-10-01 07:00:00+00:00,-0.0
2020-10-01 08:00:00+00:00,-0.0
2020-10-01 09:00:00+00:00,-0.0
2020-10-01 10:00:00+00:00,-0.0
2020-10-01 11:00:00+00:00,-0.0
2020-10-01 12:00:00+00:00,-0.0
2020-10-01 13:00:00+00:00,-0.0
2020-10-01 14:00:00+00:00,-0.0
2020-10-01 15:00:00+00:00,-0.0
2020-10-01 16:00:00+00:00,0.08149575817275508
2020-10-01 17:00:00+00:00,-0.0
2020-10-01 18:00:00+00:00,-0.0
2020-10-01 19:00:00+00:00,-0.0
2020-10-01 20:00:00+00:00,-0.0
2020-10-01 21:00:00+00:00,-0.0
2020-10-01 22:00:00+00:00,-0.0
2020-10-01 23:00:00+00:00,-0.0
2020-10-02 00:00:00+00:00,-0.0
2020-10-02 01:00:00+00:00,-0.0
2020-10-02 02:00:00+00:00,-0.0
2020-10-02 03:00:00+00:00,-0.0
2020-10-02 04:00:00+00:00,-0.0
2020-10-02 05:00:00+00:00,-0.0
2020-10-02 06:00:00+00:00,-0.0
2020-10-02 07:00:00+00:00,-0.0
2020-10-02 08:00:00+00:00,-0.0
2020-10-02 09:00:00+00:00,-0.0
2020-10-02 10:00:00+00:00,-0.0
2020-10-02 11:00:00+00:00,-0.0
2020-10-02 12:00:00+00:00,-0.0
2020-10-02 13:00:00+00:00,-0.0
2020-10-02 14:00:00+00:00,-0.0
2020-10-02 15:00:00+00:00,-0.0
2020-10-02 16:00:00+00:00,-0.0
2020-10-02 17:00:00+00:00,-0.0
2020-10-02 18:00:00+00:00,-0.0
2020-10-02 19:00:00+00:00,-0.0
2020-10-02 20:00:00+00:00,-0.0
2020-10-02 21:00:00+00:00,-0.0
2020-10-02 22:00:00+00:00,-0.0
2020-10-02 23:00:00+00:00,-0.0
2020-10-03 00:00:00+00:00,-0.0
2020-10-03 01:00:00+00:00,-0.0
2020-10-03 02:00:00+00:00,-0.0
2020-10-03 03:00:00+00:00,-0.0
2020-10-03 04:00:00+00:00,-0.0
2020-10-03 05:00:00+00:00,-0.0
2020-10-03 06:00:00+00:00,-0.0
2020-10-03 07:00:00+00:00,-0.0
2020-10-03 08:00:00+00:00,-0.0
2020-10-03 09:00:00+00:00,-0.0
2020-10-03 10:00:00+00:00,-0.0
2020-10-03 11:00:00+00:00,-0.0
2020-10-03 12:00:00+00:00,-0.0
2020-10-03 13:00:00+00:00,-0.0
2020-10-03 14:00:00+00:00,-0.0
2020-10-03 15:00:00+00:00,-0.0
2020-10-03 16:00:00+00:00,-0.0
2020-10-03 17:00:00+00:00,-0.0
2020-10-03 18:00:00+00:00,-0.0
2020-10-03 19:00:00+00:00,-0.0
2020-10-03 20:00:00+00:00,-0.0
2020-10-03 21:00:00+00:00,-0.0
2020-10-03 22:00:00+00:00,-0.0
2020-10-03 23:00:00+00:00,-0.0
2020-10-04 00:00:00+00:00,-0.0
2020-10-04 01:00:00+00:00,-0.0
2020-10-04 02:00:00+00:00,-0.0
2020-10-04 03:00:00+00:00,-0.0
2020-10-04 04:00:00+00:00,-0.0
2020-10-04 05:00:00+00:00,-0.0
2020-10-04 06:00:00+00:00,-0.0
2020-10-04 07:00:00+00:00,-0.0
2020-10-04 08:00:00+00:00,-0.0
2020-10-04 09:00:00+00:00,-0.0
2020-10-04 10:00:00+00:00,-0.0
2020-10-04 11:00:00+00:00,-0.0
2020-10-04 12:00:00+00:00,-0.0
2020-10-04 13:00:00+00:00,-0.0
2020-10-04 14:00:00+00:00,-0.0
2020-10-04 15:00:00+00:00,-0.0
2020-10-04 16:00:00+00:00,-0.0
2020-10-04 17:00:00+00:00,-0.0
2020-10-04 18:00:00+00:00,-0.0
2020-10-04 19:00:00+00:00,-0.0
2020-10-04 20:00:00+00:00,-0.0
2020-10-04 21:00:00+00:00,-0.0
2020-10-04 22:00:00+00:00,-0.0
2020-10-04 23:00:00+00:00,-0.0
2020-10-05 00:00:00+00:00,-0.0
2020-10-05 01:00:00+00:00,-0.0
2020-10-05 02:00:00+00:00,-0.0
2020-10-05 03:00:00+00:00,-0.0
2020-10-05 04:00:00+00:00,-0.0
2020-10-05 05:00:00+00:00,-0.0
2020-10-05 06:00:00+00:00,0.039399395483469386
2020-10-05 07:00:00+00:00,-0.0
2020-10-05 08:00:00+00:00,-0.0
2020-10-05 09:00:00+00:00,-0.0
2020-10-05 10:00:00+00:00,-0.0
2020-10-05 11:00:00+00:00,-0.0
2020-10-05 12:00:00+00:00,-0.0
2020-10-05 13:00:00+00:00,-0.0
2020-10-05 14:00:00+00:00,-0.0
2020-10-05 15:00:00+00:00,-0.0
2020-10-05 16:00:00+00:00,-0.0
2020-10-05 17:00:00+00:00,-0.0
2020-10-05 18:00:00+00:00,-0.0
2020-10-05 19:00:00+00:00,-0.0
2020-10-05 20:00:00+00:00,-0.0
2020-10-05 21:00:00+00:00,-0.0
2020-10-05 22:00:00+00:00,-0.0
2020-10-05 23:00:00+00:00,-0.0
2020-10-06 00:00:00+00:00,-0.0
2020-10-06 01:00:00+00:00,-0.0
2020-10-06 02:00:00+00:00,-0.0
2020-10-06 03:00:00+00:00,-0.0
2020-10-06 04:00:00+00:00,-0.0
2020-10-06 05:00:00+00:00,-0.0
2020-10-06 06:00:00+00:00,-0.0
2020-10-06 07:00:00+00:00,-0.0
2020-10-06 08:00:00+00:00,-0.0
2020-10-06 09:00:00+00:00,-0.0
2020-10-06 10:00:00+00:00,-0.0
2020-10-06 11:00:00+00:00,-0.0
2020-10-06 12:00:00+00:00,-0.0
2020-10-06 13:00:00+00:00,-0.0
2020-10-06 14:00:00+00:00,-0.0
2020-10-06 15:00:00+00:00,-0.0
2020-10-06 16:00:00+00:00,-0.0
2020-10-06 17:00:00+00:00,-0.0
2020-10-06 18:00:00+00:00,-0.0
2020-10-06 19:00:00+00:00,-0.0
2020-10-06 20:00:00+00:00,-0.0
2020-10-06 21:00:00+00:00,-0.0
2020-10-06 22:00:00+00:00,-0.0
2020-10-06 23:00:00+00:00,-0.0
2020-10-07 00:00:00+00:00,-0.0
2020-10-07 01:00:00+00:00,-0.0
2020-10-07 02:00:00+00:00,-0.0
2020-10-07 03:00:00+00:00,-0.0
2020-10-07 04:00:00+00:00,-0.0
2020-10-07 05:00:00+00:00,-0.0
2020-10-07 06:00:00+00:00,-0.0
2020-10-07 07:00:00+00:00,-0.0
2020-10-07 08:00:00+00:00,-0.0
2020-10-07 09:00:00+00:00,-0.0
2020-10-07 10:00:00+00:00,-0.0
2020-10-07 11:00:00+00:00,-0.0
2020-10-07 12:00:00+00:00,-0.0
2020-10-07 13:00:00+00:00,-0.0
2020-10-07 14:00:00+00:00,-0.0
2020-10-07 15:00:00+00:00,-0.0
2020-10-07 16:00:00+00:00,0.03810064159506323
2020-10-07 17:00:00+00:00,-0.0
2020-10-07 18:00:00+00:00,-0.0
2020-10-07 19:00:00+00:00,-0.0
2020-10-07 20:00:00+00:00,-0.0
2020-10-07 21:00:00+00:00,-0.0
2020-10-07 22:00:00+00:00,-0.0
2020-10-07 23:00:00+00:00,-0.0
2020-10-08 00:00:00+00:00,-0.0
2020-10-08 01:00:00+00:00,-0.0
2020-10-08 02:00:00+00:00,-0.0
2020-10-08 03:00:00+00:00,-0.0
2020-10-08 04:00:00+00:00,0.032943252728110335
2020-10-08 05:00:00+00:00,-0.0
2020-10-08 06:00:00+00:00,-0.0
2020-10-08 07:00:00+00:00,-0.0
2020-10-08 08:00:00+00:00,-0.0
2020-10-08 09:00:00+00:00,-0.0
2020-10-08 10:00:00+00:00,-0.0
2020-10-08 11:00:00+00:00,-0.0
2020-10-08 12:00:00+00:00,-0.0
2020-10-08 13:00:00+00:00,-0.0
2020-10-08 14:00:00+00:00,-0.0
2020-10-08 15:00:00+00:00,-0.0
2020-10-08 16:00:00+00:00,-0.0
2020-10-08 17:00:00+00:00,-0.0
2020-10-08 18:00:00+00:00,-0.0
2020-10-08 19:00:00+00:00,-0.0
2020-10-08 20:00:00+00:00,-0.0
2020-10-08 21:00:00+00:00,-0.0
2020-10-08 22:00:00+00:00,-0.0
2020-10-08 23:00:00+00:00,-0.0
2020-10-09 00:00:00+00:00,-0.0
2020-10-09 01:00:00+00:00,0.03351805288118763
2020-10-09 02:00:00+00:00,-0.0
2020-10-09 03:00:00+00:00,-0.0
2020-10-09 04:00:00+00:00,-0.0
2020-10-09 05:00:00+00:00,-0.0
2020-10-09 06:00:00+00:00,-0.0
2020-10-09 07:00:00+00:00,-0.0
2020-10-09 08:00:00+00:00,-0.0
2020-10-09 09:00:00+00:00,-0.0
2020-10-09 10:00:00+00:00,-0.05289832564112619
2020-10-09 11:00:00+00:00,-0.0
2020-10-09 12:00:00+00:00,-0.0
2020-10-09 13:00:00+00:00,-0.0
2020-10-09 14:00:00+00:00,-0.0
2020-10-09 15:00:00+00:00,-0.0
2020-10-09 16:00:00+00:00,-0.0
2020-10-09 17:00:00+00:00,0.016121032059077382
2020-10-09 18:00:00+00:00,0.02746695810779411
2020-10-09 19:00:00+00:00,-0.0
2020-10-09 20:00:00+00:00,-0.0
2020-10-09 21:00:00+00:00,-0.0
2020-10-09 22:00:00+00:00,-0.0
2020-10-09 23:00:00+00:00,-0.0
2020-10-10 00:00:00+00:00,-0.0
2020-10-10 01:00:00+00:00,-0.0
2020-10-10 02:00:00+00:00,-0.05258220605531336
2020-10-10 03:00:00+00:00,-0.0
2020-10-10 04:00:00+00:00,-0.0
2020-10-10 05:00:00+00:00,-0.0
2020-10-10 06:00:00+00:00,-0.0
2020-10-10 07:00:00+00:00,-0.0
2020-10-10 08:00:00+00:00,-0.0
2020-10-10 09:00:00+00:00,-0.0
2020-10-10 10:00:00+00:00,-0.0
2020-10-10 11:00:00+00:00,-0.0
2020-10-10 12:00:00+00:00,-0.0
2020-10-10 13:00:00+00:00,-0.0
2020-10-10 14:00:00+00:00,-0.0
2020-10-10 15:00:00+00:00,-0.0
2020-10-10 16:00:00+00:00,0.02255097432254995
2020-10-10 17:00:00+00:00,-0.0
2020-10-10 18:00:00+00:00,-0.0377767669652643
2020-10-10 19:00:00+00:00,-0.0
2020-10-10 20:00:00+00:00,-0.0
2020-10-10 21:00:00+00:00,-0.0
2020-10-10 22:00:00+00:00,-0.0
2020-10-10 23:00:00+00:00,0.03592687153170846
2020-10-11 00:00:00+00:00,-0.0
2020-10-11 01:00:00+00:00,-0.0
2020-10-11 02:00:00+00:00,-0.0
2020-10-11 03:00:00+00:00,-0.0
2020-10-11 04:00:00+00:00,-0.0
2020-10-11 05:00:00+00:00,-0.0
2020-10-11 06:00:00+00:00,-0.0
2020-10-11 07:00:00+00:00,-0.0
2020-10-11 08:00:00+00:00,-0.0
2020-10-11 09:00:00+00:00,-0.05599035899025322
2020-10-11 10:00:00+00:00,-0.0
2020-10-11 11:00:00+00:00,-0.0
2020-10-11 12:00:00+00:00,-0.0
2020-10-11 13:00:00+00:00,-0.0
2020-10-11 14:00:00+00:00,-0.0
2020-10-11 15:00:00+00:00,-0.07380106035135642
2020-10-11 16:00:00+00:00,-0.0
2020-10-11 17:00:00+00:00,-0.0
2020-10-11 18:00:00+00:00,-0.0
2020-10-11 19:00:00+00:00,-0.0
2020-10-11 20:00:00+00:00,0.030092680237061204
2020-10-11 21:00:00+00:00,-0.0
2020-10-11 22:00:00+00:00,-0.0
2020-10-11 23:00:00+00:00,-0.0
2020-10-12 00:00:00+00:00,-0.0
2020-10-12 01:00:00+00:00,-0.0
2020-10-12 02:00:00+00:00,-0.0
2020-10-12 03:00:00+00:00,-0.0
2020-10-12 04:00:00+00:00,-0.0
2020-10-12 05:00:00+00:00,-0.0
2020-10-12 06:00:00+00:00,-0.0
2020-10-12 07:00:00+00:00,-0.0
2020-10-12 08:00:00+00:00,-0.0
2020-10-12 09:00:00+00:00,-0.0
2020-10-12 10:00:00+00:00,-0.0
2020-10-12 11:00:00+00:00,-0.0
2020-10-12 12:00:00+00:00,-0.0
2020-10-12 13:00:00+00:00,-0.0
2020-10-12 14:00:00+00:00,-0.0
2020-10-12 15:00:00+00:00,-0.0
2020-10-12 16:00:00+00:00,-0.0
2020-10-12 17:00:00+00:00,-0.0
2020-10-12 18:00:00+00:00,-0.0
2020-10-12 19:00:00+00:00,-0.0
2020-10-12 20:00:00+00:00,-0.0
2020-10-12 21:00:00+00:00,-0.0
2020-10-12 22:00:00+00:00,-0.0
2020-10-12 23:00:00+00:00,-0.0
2020-10-13 00:00:00+00:00,-0.0
2020-10-13 01:00:00+00:00,-0.0
2020-10-13 02:00:00+00:00,-0.0
2020-10-13 03:00:00+00:00,-0.0
2020-10-13 04:00:00+00:00,-0.0
2020-10-13 05:00:00+00:00,-0.0
2020-10-13 06:00:00+00:00,-0.0
2020-10-13 07:00:00+00:00,-0.0
2020-10-13 08:00:00+00:00,-0.0
2020-10-13 09:00:00+00:00,-0.0
2020-10-13 10:00:00+00:00,-0.0
2020-10-13 11:00:00+00:00,-0.0
2020-10-13 12:00:00+00:00,-0.0
2020-10-13 13:00:00+00:00,-0.0
2020-10-13 14:00:00+00:00,-0.0
2020-10-13 15:00:00+00:00,-0.0
2020-10-13 16:00:00+00:00,-0.0
2020-10-13 17:00:00+00:00,-0.0
2020-10-13 18:00:00+00:00,-0.0
2020-10-13 19:00:00+00:00,-0.0
2020-10-13 20:00:00+00:00,-0.0
2020-10-13 21:00:00+00:00,-0.0
2020-10-13 22:00:00+00:00,-0.0
2020-10-13 23:00:00+00:00,-0.0
2020-10-14 00:00:00+00:00,-0.0
2020-10-14 01:00:00+00:00,-0.0
2020-10-14 02:00:00+00:00,-0.0
2020-10-14 03:00:00+00:00,-0.0
2020-10-14 04:00:00+00:00,-0.0
2020-10-14 05:00:00+00:00,-0.0
2020-10-14 06:00:00+00:00,-0.0
2020-10-14 07:00:00+00:00,-0.0
2020-10-14 08:00:00+00:00,-0.0
2020-10-14 09:00:00+00:00,-0.0
2020-10-14 10:00:00+00:00,-0.0
2020-10-14 11:00:00+00:00,-0.0
2020-10-14 12:00:00+00:00,-0.0
2020-10-14 13:00:00+00:00,-0.0
2020-10-14 14:00:00+00:00,-0.0
2020-10-14 15:00:00+00:00,-0.0
2020-10-14 16:00:00+00:00,0.06631775307232836
2020-10-14 17:00:00+00:00,-0.0
2020-10-14 18:00:00+00:00,-0.0
2020-10-14 19:00:00+00:00,-0.0
2020-10-14 20:00:00+00:00,-0.0
2020-10-14 21:00:00+00:00,-0.0
2020-10-14 22:00:00+00:00,-0.0
2020-10-14 23:00:00+00:00,-0.0
2020-10-15 00:00:00+00:00,-0.0
2020-10-15 01:00:00+00:00,-0.0
2020-10-15 02:00:00+00:00,-0.0
2020-10-15 03:00:00+00:00,-0.0
2020-10-15 04:00:00+00:00,-0.0
2020-10-15 05:00:00+00:00,-0.0
2020-10-15 06:00:00+00:00,-0.0
2020-10-15 07:00:00+00:00,-0.0
2020-10-15 08:00:00+00:00,-0.0
2020-10-15 09:00:00+00:00,-0.0
2020-10-15 10:00:00+00:00,-0.0
2020-10-15 11:00:00+00:00,-0.0
2020-10-15 12:00:00+00:00,-0.0
2020-10-15 13:00:00+00:00,-0.0
2020-10-15 14:00:00+00:00,-0.0
2020-10-15 15:00:00+00:00,-0.0
2020-10-15 16:00:00+00:00,-0.0
2020-10-15 17:00:00+00:00,-0.0
2020-10-15 18:00:00+00:00,-0.0
2020-10-15 19:00:00+00:00,-0.0
2020-10-15 20:00:00+00:00,-0.0
2020-10-15 21:00:00+00:00,-0.0
2020-10-15 22:00:00+00:00,-0.0
2020-10-15 23:00:00+00:00,-0.0
2020-10-16 00:00:00+00:00,-0.0
2020-10-16 01:00:00+00:00,-0.0
2020-10-16 02:00:00+00:00,-0.0
2020-10-16 03:00:00+00:00,-0.0
2020-10-16 04:00:00+00:00,-0.0
2020-10-16 05:00:00+00:00,-0.0
2020-10-16 06:00:00+00:00,-0.0
2020-10-16 07:00:00+00:00,-0.0
2020-10-16 08:00:00+00:00,-0.0
2020-10-16 09:00:00+00:00,-0.0
2020-10-16 10:00:00+00:00,-0.0
2020-10-16 11:00:00+00:00,-0.0
2020-10-16 12:00:00+00:00,-0.0
2020-10-16 13:00:00+00:00,-0.0
2020-10-16 14:00:00+00:00,-0.0
2020-10-16 15:00:00+00:00,-0.0
2020-10-16 16:00:00+00:00,-0.0
2020-10-16 17:00:00+00:00,-0.0
2020-10-16 18:00:00+00:00,-0.0
2020-10-16 19:00:00+00:00,-0.0
2020-10-16 20:00:00+00:00,-0.0
2020-10-16 21:00:00+00:00,-0.0
2020-10-16 22:00:00+00:00,-0.0
2020-10-16 23:00:00+00:00,-0.0
2020-10-17 00:00:00+00:00,-0.0
2020-10-17 01:00:00+00:00,-0.0
2020-10-17 02:00:00+00:00,-0.0
2020-10-17 03:00:00+00:00,-0.0
2020-10-17 04:00:00+00:00,-0.0
2020-10-17 05:00:00+00:00,-0.0
2020-10-17 06:00:00+00:00,-0.0
2020-10-17 07:00:00+00:00,-0.0
2020-10-17 08:00:00+00:00,-0.0
2020-10-17 09:00:00+00:00,-0.0
2020-10-17 10:00:00+00:00,-0.0
2020-10-17 11:00:00+00:00,-0.0
2020-10-17 12:00:00+00:00,-0.0
2020-10-17 13:00:00+00:00,-0.0
2020-10-17 14:00:00+00:00,0.018589152709494208
2020-10-17 15:00:00+00:00,-0.0
2020-10-17 16:00:00+00:00,0.027711844492369124
2020-10-17 17:00:00+00:00,-0.0
2020-10-17 18:00:00+00:00,-0.0
2020-10-17 19:00:00+00:00,-0.0
2020-10-17 20:00:00+00:00,-0.0
2020-10-17 21:00:00+00:00,-0.0
2020-10-17 22:00:00+00:00,-0.0
2020-10-17 23:00:00+00:00,-0.0
2020-10-18 00:00:00+00:00,-0.0
2020-10-18 01:00:00+00:00,-0.0
2020-10-18 02:00:00+00:00,-0.0
2020-10-18 03:00:00+00:00,-0.0
2020-10-18 04:00:00+00:00,-0.0
2020-10-18 05:00:00+00:00,-0.0
2020-10-18 06:00:00+00:00,-0.0
2020-10-18 07:00:00+00:00,-0.0
2020-10-18 08:00:00+00:00,-0.0
2020-10-18 09:00:00+00:00,-0.0
2020-10-18 10:00:00+00:00,-0.0
2020-10-18 11:00:00+00:00,-0.0
2020-10-18 12:00:00+00:00,-0.0
2020-10-18 13:00:00+00:00,-0.057445649073496155
2020-10-18 14:00:00+00:00,-0.0
2020-10-18 15:00:00+00:00,-0.0
2020-10-18 16:00:00+00:00,-0.0
2020-10-18 17:00:00+00:00,-0.0
2020-10-18 18:00:00+00:00,-0.0
2020-10-18 19:00:00+00:00,-0.0
2020-10-18 20:00:00+00:00,-0.0
2020-10-18 21:00:00+00:00,-0.0
2020-10-18 22:00:00+00:00,-0.0
2020-10-18 23:00:00+00:00,-0.0
2020-10-19 00:00:00+00:00,0.028565962055345253
2020-10-19 01:00:00+00:00,-0.0
2020-10-19 02:00:00+00:00,-0.0
2020-10-19 03:00:00+00:00,0.019705737519620188
2020-10-19 04:00:00+00:00,-0.0
2020-10-19 05:00:00+00:00,-0.0
2020-10-19 06:00:00+00:00,-0.0
2020-10-19 07:00:00+00:00,-0.0
2020-10-19 08:00:00+00:00,-0.0
2020-10-19 09:00:00+00:00,-0.0
2020-10-19 10:00:00+00:00,-0.0
2020-10-19 11:00:00+00:00,-0.0
2020-10-19 12:00:00+00:00,-0.0
2020-10-19 13:00:00+00:00,-0.0
2020-10-19 14:00:00+00:00,-0.0
2020-10-19 15:00:00+00:00,-0.0
2020-10-19 16:00:00+00:00,-0.0
2020-10-19 17:00:00+00:00,-0.0
2020-10-19 18:00:00+00:00,-0.0
2020-10-19 19:00:00+00:00,-0.0
2020-10-19 20:00:00+00:00,-0.0
2020-10-19 21:00:00+00:00,-0.0
2020-10-19 22:00:00+00:00,-0.0
2020-10-19 23:00:00+00:00,-0.0
2020-10-20 00:00:00+00:00,-0.0
2020-10-20 01:00:00+00:00,-0.0
2020-10-20 02:00:00+00:00,-0.0
2020-10-20 03:00:00+00:00,-0.0
2020-10-20 04:00:00+00:00,-0.0
2020-10-20 05:00:00+00:00,-0.0
2020-10-20 06:00:00+00:00,-0.0
2020-10-20 07:00:00+00:00,-0.0
2020-10-20 08:00:00+00:00,-0.0
2020-10-20 09:00:00+00:00,-0.0
2020-10-20 10:00:00+00:00,-0.0
2020-10-20 11:00:00+00:00,-0.0
2020-10-20 12:00:00+00:00,-0.0
2020-10-20 13:00:00+00:00,-0.0
2020-10-20 14:00:00+00:00,-0.0
2020-10-20 15:00:00+00:00,-0.0
2020-10-20 16:00:00+00:00,-0.0
2020-10-20 17:00:00+00:00,-0.0
2020-10-20 18:00:00+00:00,-0.0
2020-10-20 19:00:00+00:00,-0.0
2020-10-20 20:00:00+00:00,-0.0
2020-10-20 21:00:00+00:00,-0.0
2020-10-20 22:00:00+00:00,-0.0
2020-10-20 23:00:00+00:00,-0.0
2020-10-21 00:00:00+00:00,-0.0
2020-10-21 01:00:00+00:00,-0.0
2020-10-21 02:00:00+00:00,-0.0
2020-10-21 03:00:00+00:00,-0.0
2020-10-21 04:00:00+00:00,-0.0
2020-10-21 05:00:00+00:00,-0.0
2020-10-21 06:00:00+00:00,-0.0
2020-10-21 07:00:00+00:00,-0.0
2020-10-21 08:00:00+00:00,-0.0
2020-10-21 09:00:00+00:00,-0.0
2020-10-21 10:00:00+00:00,-0.0
2020-10-21 11:00:00+00:00,-0.0
2020-10-21 12:00:00+00:00,-0.0
2020-10-21 13:00:00+00:00,-0.0
2020-10-21 14:00:00+00:00,-0.0
2020-10-21 15:00:00+00:00,-0.0
2020-10-21 16:00:00+00:00,-0.0
2020-10-21 17:00:00+00:00,-0.0
2020-10-21 18:00:00+00:00,-0.0
2020-10-21 19:00:00+00:00,-0.0
2020-10-21 20:00:00+00:00,-0.0
2020-10-21 21:00:00+00:00,-0.0
2020-10-21 22:00:00+00:00,-0.0
2020-10-21 23:00:00+00:00,-0.0
2020-10-22 00:00:00+00:00,-0.0
2020-10-22 01:00:00+00:00,-0.0
2020-10-22 02:00:00+00:00,-0.0
2020-10-22 03:00:00+00:00,-0.0
2020-10-22 04:00:00+00:00,-0.0
2020-10-22 05:00:00+00:00,-0.0
2020-10-22 06:00:00+00:00,-0.0
2020-10-22 07:00:00+00:00,-0.0
2020-10-22 08:00:00+00:00,-0.0
2020-10-22 09:00:00+00:00,-0.0
2020-10-22 10:00:00+00:00,-0.0
2020-10-22 11:00:00+00:00,-0.0
2020-10-22 12:00:00+00:00,-0.0
2020-10-22 13:00:00+00:00,-0.0
2020-10-22 14:00:00+00:00,-0.0
2020-10-22 15:00:00+00:00,-0.0
2020-10-22 16:00:00+00:00,-0.0
2020-10-22 17:00:00+00:00,-0.0757377460295202
2020-10-22 18:00:00+00:00,-0.0
2020-10-22 19:00:00+00:00,-0.0
2020-10-22 20:00:00+00:00,-0.0
2020-10-22 21:00:00+00:00,-0.0
2020-10-22 22:00:00+00:00,-0.0
2020-10-22 23:00:00+00:00,-0.0
2020-10-23 00:00:00+00:00,-0.0
2020-10-23 01:00:00+00:00,-0.0
2020-10-23 02:00:00+00:00,-0.0
2020-10-23 03:00:00+00:00,-0.0
2020-10-23 04:00:00+00:00,-0.0
2020-10-23 05:00:00+00:00,-0.0
2020-10-23 06:00:00+00:00,-0.0
2020-10-23 07:00:00+00:00,-0.0
2020-10-23 08:00:00+00:00,-0.0
2020-10-23 09:00:00+00:00,-0.0
2020-10-23 10:00:00+00:00,-0.0
2020-10-23 11:00:00+00:00,-0.0
2020-10-23 12:00:00+00:00,-0.0
2020-10-23 13:00:00+00:00,-0.0
2020-10-23 14:00:00+00:00,-0.0
2020-10-23 15:00:00+00:00,-0.0
2020-10-23 16:00:00+00:00,-0.0
2020-10-23 17:00:00+00:00,-0.0
2020-10-23 18:00:00+00:00,-0.0
2020-10-23 19:00:00+00:00,-0.0
2020-10-23 20:00:00+00:00,-0.0
2020-10-23 21:00:00+00:00,-0.0
2020-10-23 22:00:00+00:00,-0.0
2020-10-23 23:00:00+00:00,-0.0
2020-10-24 00:00:00+00:00,-0.0
2020-10-24 01:00:00+00:00,-0.0
2020-10-24 02:00:00+00:00,-0.0
2020-10-24 03:00:00+00:00,-0.0
2020-10-24 04:00:00+00:00,-0.0
2020-10-24 05:00:00+00:00,-0.0
2020-10-24 06:00:00+00:00,-0.0
2020-10-24 07:00:00+00:00,-0.0
2020-10-24 08:00:00+00:00,-0.0
2020-10-24 09:00:00+00:00,-0.0
2020-10-24 10:00:00+00:00,-0.0
2020-10-24 11:00:00+00:00,-0.0
2020-10-24 12:00:00+00:00,-0.0
2020-10-24 13:00:00+00:00,-0.0
2020-10-24 14:00:00+00:00,-0.0
2020-10-24 15:00:00+00:00,-0.0
2020-10-24 16:00:00+00:00,-0.0
2020-10-24 17:00:00+00:00,-0.0
2020-10-24 18:00:00+00:00,-0.0
2020-10-24 19:00:00+00:00,-0.0
2020-10-24 20:00:00+00:00,-0.0
2020-10-24 21:00:00+00:00,-0.0
2020-10-24 22:00:00+00:00,-0.0
2020-10-24 23:00:00+00:00,-0.0
2020-10-25 00:00:00+00:00,-0.0
2020-10-25 01:00:00+00:00,-0.0
2020-10-25 02:00:00+00:00,-0.0
2020-10-25 03:00:00+00:00,-0.0
2020-10-25 04:00:00+00:00,-0.0
2020-10-25 05:00:00+00:00,-0.0
2020-10-25 06:00:00+00:00,-0.0
2020-10-25 07:00:00+00:00,-0.0
2020-10-25 08:00:00+00:00,-0.0
2020-10-25 09:00:00+00:00,-0.0
2020-10-25 10:00:00+00:00,-0.0
2020-10-25 11:00:00+00:00,-0.0
2020-10-25 12:00:00+00:00,-0.0
2020-10-25 13:00:00+00:00,-0.0
2020-10-25 14:00:00+00:00,-0.0
2020-10-25 15:00:00+00:00,-0.0
2020-10-25 16:00:00+00:00,-0.0
2020-10-25 17:00:00+00:00,-0.0
2020-10-25 18:00:00+00:00,-0.0
2020-10-25 19:00:00+00:00,-0.0
2020-10-25 20:00:00+00:00,-0.0
2020-10-25 21:00:00+00:00,-0.0
2020-10-25 22:00:00+00:00,-0.0
2020-10-25 23:00:00+00:00,-0.0
2020-10-26 00:00:00+00:00,-0.0
2020-10-26 01:00:00+00:00,-0.0
2020-10-26 02:00:00+00:00,-0.0
2020-10-26 03:00:00+00:00,-0.0
2020-10-26 04:00:00+00:00,-0.0
2020-10-26 05:00:00+00:00,-0.0
2020-10-26 06:00:00+00:00,-0.0
2020-10-26 07:00:00+00:00,-0.0
2020-10-26 08:00:00+00:00,-0.0
2020-10-26 09:00:00+00:00,-0.0
2020-10-26 10:00:00+00:00,-0.0
2020-10-26 11:00:00+00:00,-0.0
2020-10-26 12:00:00+00:00,-0.0
2020-10-26 13:00:00+00:00,-0.0
2020-10-26 14:00:00+00:00,-0.0
2020-10-26 15:00:00+00:00,-0.0
2020-10-26 16:00:00+00:00,-0.0
2020-10-26 17:00:00+00:00,-0.0
2020-10-26 18:00:00+00:00,-0.0
2020-10-26 19:00:00+00:00,-0.0
2020-10-26 20:00:00+00:00,-0.0
2020-10-26 21:00:00+00:00,-0.0
2020-10-26 22:00:00+00:00,-0.0
2020-10-26 23:00:00+00:00,-0.0
2020-10-27 00:00:00+00:00,-0.0
2020-10-27 01:00:00+00:00,-0.0
2020-10-27 02:00:00+00:00,-0.0
2020-10-27 03:00:00+00:00,-0.0
2020-10-27 04:00:00+00:00,-0.0
2020-10-27 05:00:00+00:00,-0.0
2020-10-27 06:00:00+00:00,-0.0
2020-10-27 07:00:00+00:00,0.013274505709646906
2020-10-27 08:00:00+00:00,-0.0
2020-10-27 09:00:00+00:00,-0.0
2020-10-27 10:00:00+00:00,-0.0
2020-10-27 11:00:00+00:00,-0.0
2020-10-27 12:00:00+00:00,-0.0
2020-10-27 13:00:00+00:00,-0.0
2020-10-27 14:00:00+00:00,-0.0
2020-10-27 15:00:00+00:00,-0.0
2020-10-27 16:00:00+00:00,-0.0
2020-10-27 17:00:00+00:00,-0.0
2020-10-27 18:00:00+00:00,-0.0
2020-10-27 19:00:00+00:00,-0.0
2020-10-27 20:00:00+00:00,-0.0
2020-10-27 21:00:00+00:00,-0.0
2020-10-27 22:00:00+00:00,-0.0
2020-10-27 23:00:00+00:00,-0.0
2020-10-28 00:00:00+00:00,-0.0
2020-10-28 01:00:00+00:00,-0.0
2020-10-28 02:00:00+00:00,-0.0
2020-10-28 03:00:00+00:00,-0.0
2020-10-28 04:00:00+00:00,-0.0
2020-10-28 05:00:00+00:00,-0.0
2020-10-28 06:00:00+00:00,-0.0
2020-10-28 07:00:00+00:00,-0.0
2020-10-28 08:00:00+00:00,-0.0
2020-10-28 09:00:00+00:00,-0.0
2020-10-28 10:00:00+00:00,-0.0
2020-10-28 11:00:00+00:00,-0.0
2020-10-28 12:00:00+00:00,-0.0
2020-10-28 13:00:00+00:00,-0.0
2020-10-28 14:00:00+00:00,-0.0
2020-10-28 15:00:00+00:00,-0.0
2020-10-28 16:00:00+00:00,-0.0
2020-10-28 17:00:00+00:00,-0.0
2020-10-28 18:00:00+00:00,-0.0
2020-10-28 19:00:00+00:00,-0.0
2020-10-28 20:00:00+00:00,-0.0
2020-10-28 21:00:00+00:00,-0.0
2020-10-28 22:00:00+00:00,-0.0
2020-10-28 23:00:00+00:00,-0.0
2020-10-29 00:00:00+00:00,-0.0
2020-10-29 01:00:00+00:00,-0.0
2020-10-29 02:00:00+00:00,-0.0
2020-10-29 03:00:00+00:00,-0.0
2020-10-29 04:00:00+00:00,-0.0
2020-10-29 05:00:00+00:00,-0.0
2020-10-29 06:00:00+00:00,-0.0
2020-10-29 07:00:00+00:00,-0.0
2020-10-29 08:00:00+00:00,-0.0
2020-10-29 09:00:00+00:00,-0.0
2020-10-29 10:00:00+00:00,-0.0
2020-10-29 11:00:00+00:00,-0.0
2020-10-29 12:00:00+00:00,-0.0
2020-10-29 13:00:00+00:00,-0.0
2020-10-29 14:00:00+00:00,-0.0
2020-10-29 15:00:00+00:00,-0.0
2020-10-29 16:00:00+00:00,-0.0
2020-10-29 17:00:00+00:00,-0.0
2020-10-29 18:00:00+00:00,-0.0
2020-10-29 19:00:00+00:00,-0.0
2020-10-29 20:00:00+00:00,-0.0
2020-10-29 21:00:00+00:00,-0.0
2020-10-29 22:00:00+00:00,-0.0
2020-10-29 23:00:00+00:00,-0.0
2020-10-30 00:00:00+00:00,-0.0
2020-10-30 01:00:00+00:00,-0.0
2020-10-30 02:00:00+00:00,-0.0
2020-10-30 03:00:00+00:00,-0.0
2020-10-30 04:00:00+00:00,-0.0
2020-10-30 05:00:00+00:00,-0.0
2020-10-30 06:00:00+00:00,-0.0
2020-10-30 07:00:00+00:00,-0.0
2020-10-30 08:00:00+00:00,-0.0
2020-10-30 09:00:00+00:00,-0.0
2020-10-30 10:00:00+00:00,-0.0
2020-10-30 11:00:00+00:00,-0.0
2020-10-30 12:00:00+00:00,-0.0
2020-10-30 13:00:00+00:00,-0.0
2020-10-30 14:00:00+00:00,-0.0
2020-10-30 15:00:00+00:00,-0.0
2020-10-30 16:00:00+00:00,-0.0
2020-10-30 17:00:00+00:00,-0.0
2020-10-30 18:00:00+00:00,-0.0
2020-10-30 19:00:00+00:00,-0.0
2020-10-30 20:00:00+00:00,-0.0
2020-10-30 21:00:00+00:00,-0.0
2020-10-30 22:00:00+00:00,-0.0
2020-10-30 23:00:00+00:00,-0.0
2020-10-31 00:00:00+00:00,-0.0
2020-10-31 01:00:00+00:00,-0.0
2020-10-31 02:00:00+00:00,-0.0
2020-10-31 03:00:00+00:00,-0.0
2020-10-31 04:00:00+00:00,-0.0
2020-10-31 05:00:00+00:00,-0.0
2020-10-31 06:00:00+00:00,-0.0
2020-10-31 07:00:00+00:00,-0.0
2020-10-31 08:00:00+00:00,-0.0
2020-10-31 09:00:00+00:00,-0.07612649736534975
2020-10-31 10:00:00+00:00,-0.0
2020-10-31 11:00:00+00:00,-0.0
2020-10-31 12:00:00+00:00,-0.0
2020-10-31 13:00:00+00:00,-0.0
2020-10-31 14:00:00+00:00,-0.0
2020-10-31 15:00:00+00:00,-0.0
2020-10-31 16:00:00+00:00,-0.0
2020-10-31 17:00:00+00:00,-0.0
2020-10-31 18:00:00+00:00,-0.0
2020-10-31 19:00:00+00:00,-0.0
2020-10-31 20:00:00+00:00,-0.0
2020-10-31 21:00:00+00:00,-0.0
2020-10-31 22:00:00+00:00,-0.0
2020-10-31 23:00:00+00:00,-0.0
2020-11-01 00:00:00+00:00,-0.0
2020-11-01 01:00:00+00:00,-0.0
2020-11-01 02:00:00+00:00,-0.0
2020-11-01 03:00:00+00:00,-0.0
2020-11-01 04:00:00+00:00,-0.0
2020-11-01 05:00:00+00:00,-0.0
2020-11-01 06:00:00+00:00,-0.0
2020-11-01 07:00:00+00:00,-0.0
2020-11-01 08:00:00+00:00,-0.0
2020-11-01 09:00:00+00:00,-0.0
2020-11-01 10:00:00+00:00,-0.0
2020-11-01 11:00:00+00:00,-0.0
2020-11-01 12:00:00+00:00,-0.0
2020-11-01 13:00:00+00:00,-0.0
2020-11-01 14:00:00+00:00,-0.0
2020-11-01 15:00:00+00:00,-0.0
2020-11-01 16:00:00+00:00,-0.0
2020-11-01 17:00:00+00:00,-0.0
2020-11-01 18:00:00+00:00,-0.0
2020-11-01 19:00:00+00:00,-0.0
2020-11-01 20:00:00+00:00,-0.0
2020-11-01 21:00:00+00:00,-0.0
2020-11-01 22:00:00+00:00,-0.0
2020-11-01 23:00:00+00:00,-0.0
2020-11-02 00:00:00+00:00,-0.0
2020-11-02 01:00:00+00:00,-0.0
2020-11-02 02:00:00+00:00,-0.0
2020-11-02 03:00:00+00:00,-0.0
2020-11-02 04:00:00+00:00,-0.0
2020-11-02 05:00:00+00:00,-0.0
2020-11-02 06:00:00+00:00,-0.0
2020-11-02 07:00:00+00:00,-0.0
2020-11-02 08:00:00+00:00,-0.0
2020-11-02 09:00:00+00:00,-0.0
2020-11-02 10:00:00+00:00,-0.0
2020-11-02 11:00:00+00:00,-0.0
2020-11-02 12:00:00+00:00,-0.0
2020-11-02 13:00:00+00:00,-0.0
2020-11-02 14:00:00+00:00,-0.0
2020-11-02 15:00:00+00:00,-0.0
2020-11-02 16:00:00+00:00,-0.0
2020-11-02 17:00:00+00:00,-0.0
2020-11-02 18:00:00+00:00,-0.0
2020-11-02 19:00:00+00:00,-0.0
2020-11-02 20:00:00+00:00,-0.0
2020-11-02 21:00:00+00:00,-0.0
2020-11-02 22:00:00+00:00,-0.0
2020-11-02 23:00:00+00:00,-0.0
2020-11-03 00:00:00+00:00,-0.0
2020-11-03 01:00:00+00:00,-0.0
2020-11-03 02:00:00+00:00,-0.0
2020-11-03 03:00:00+00:00,-0.0
2020-11-03 04:00:00+00:00,-0.0
2020-11-03 05:00:00+00:00,-0.0
2020-11-03 06:00:00+00:00,-0.0
2020-11-03 07:00:00+00:00,-0.0
2020-11-03 08:00:00+00:00,-0.0
2020-11-03 09:00:00+00:00,-0.0
2020-11-03 10:00:00+00:00,-0.0
2020-11-03 11:00:00+00:00,-0.0
2020-11-03 12:00:00+00:00,-0.0
2020-11-03 13:00:00+00:00,-0.0
2020-11-03 14:00:00+00:00,-0.0
2020-11-03 15:00:00+00:00,-0.0
2020-11-03 16:00:00+00:00,-0.0
2020-11-03 17:00:00+00:00,-0.0
2020-11-03 18:00:00+00:00,-0.0
2020-11-03 19:00:00+00:00,-0.0
2020-11-03 20:00:00+00:00,-0.0
2020-11-03 21:00:00+00:00,-0.0
2020-11-03 22:00:00+00:00,-0.0
2020-11-03 23:00:00+00:00,-0.0
2020-11-04 00:00:00+00:00,-0.0
2020-11-04 01:00:00+00:00,-0.0
2020-11-04 02:00:00+00:00,0.04454926834792366
2020-11-04 03:00:00+00:00,-0.0
2020-11-04 04:00:00+00:00,-0.0
2020-11-04 05:00:00+00:00,-0.0
2020-11-04 06:00:00+00:00,-0.0
2020-11-04 07:00:00+00:00,-0.0
2020-11-04 08:00:00+00:00,-0.0
2020-11-04 09:00:00+00:00,-0.0
2020-11-04 10:00:00+00:00,-0.0
2020-11-04 11:00:00+00:00,-0.0
2020-11-04 12:00:00+00:00,-0.0
2020-11-04 13:00:00+00:00,-0.0
2020-11-04 14:00:00+00:00,-0.0
2020-11-04 15:00:00+00:00,-0.0
2020-11-04 16:00:00+00:00,-0.0
2020-11-04 17:00:00+00:00,-0.0
2020-11-04 18:00:00+00:00,-0.0
2020-11-04 19:00:00+00:00,-0.0
2020-11-04 20:00:00+00:00,-0.0
2020-11-04 21:00:00+00:00,-0.0
2020-11-04 22:00:00+00:00,-0.0
2020-11-04 23:00:00+00:00,-0.0
2020-11-05 00:00:00+00:00,-0.0
2020-11-05 01:00:00+00:00,-0.0
2020-11-05 02:00:00+00:00,-0.0
2020-11-05 03:00:00+00:00,-0.0
2020-11-05 04:00:00+00:00,-0.0
2020-11-05 05:00:00+00:00,-0.0
2020-11-05 06:00:00+00:00,-0.0
2020-11-05 07:00:00+00:00,-0.0
2020-11-05 08:00:00+00:00,-0.0
2020-11-05 09:00:00+00:00,-0.0
2020-11-05 10:00:00+00:00,0.031358098495862984
2020-11-05 11:00:00+00:00,-0.0
2020-11-05 12:00:00+00:00,-0.0
2020-11-05 13:00:00+00:00,-0.0
2020-11-05 14:00:00+00:00,-0.0
2020-11-05 15:00:00+00:00,-0.0
2020-11-05 16:00:00+00:00,-0.0
2020-11-05 17:00:00+00:00,-0.0
2020-11-05 18:00:00+00:00,-0.0
2020-11-05 19:00:00+00:00,-0.0
2020-11-05 20:00:00+00:00,-0.0
2020-11-05 21:00:00+00:00,-0.0
2020-11-05 22:00:00+00:00,-0.0
2020-11-05 23:00:00+00:00,-0.0
2020-11-06 00:00:00+00:00,-0.0
2020-11-06 01:00:00+00:00,-0.0
2020-11-06 02:00:00+00:00,-0.04277718102429871
2020-11-06 03:00:00+00:00,-0.0
2020-11-06 04:00:00+00:00,-0.0
2020-11-06 05:00:00+00:00,-0.0
2020-11-06 06:00:00+00:00,-0.0
2020-11-06 07:00:00+00:00,-0.0
2020-11-06 08:00:00+00:00,-0.0
2020-11-06 09:00:00+00:00,-0.0
2020-11-06 10:00:00+00:00,-0.0
2020-11-06 11:00:00+00:00,-0.0
2020-11-06 12:00:00+00:00,-0.0
2020-11-06 13:00:00+00:00,-0.0
2020-11-06 14:00:00+00:00,-0.0
2020-11-06 15:00:00+00:00,-0.0
2020-11-06 16:00:00+00:00,-0.0
2020-11-06 17:00:00+00:00,-0.0
2020-11-06 18:00:00+00:00,-0.0
2020-11-06 19:00:00+00:00,-0.0
2020-11-06 20:00:00+00:00,0.048355209303805616
2020-11-06 21:00:00+00:00,-0.0
2020-11-06 22:00:00+00:00,-0.0
2020-11-06 23:00:00+00:00,-0.0
2020-11-07 00:00:00+00:00,-0.0
2020-11-07 01:00:00+00:00,-0.08734256070612163
2020-11-07 02:00:00+00:00,-0.0
2020-11-07 03:00:00+00:00,0.045519599670617326
2020-11-07 04:00:00+00:00,-0.0
2020-11-07 05:00:00+00:00,-0.0
2020-11-07 06:00:00+00:00,-0.0
2020-11-07 07:00:00+00:00,-0.0
2020-11-07 08:00:00+00:00,-0.0
2020-11-07 09:00:00+00:00,-0.0
2020-11-07 10:00:00+00:00,-0.0
2020-11-07 11:00:00+00:00,-0.0
2020-11-07 12:00:00+00:00,-0.0
2020-11-07 13:00:00+00:00,-0.0
2020-11-07 14:00:00+00:00,0.05905009682761045
2020-11-07 15:00:00+00:00,-0.0
2020-11-07 16:00:00+00:00,-0.0
2020-11-07 17:00:00+00:00,-0.0
2020-11-07 18:00:00+00:00,-0.0
2020-11-07 19:00:00+00:00,-0.0
2020-11-07 20:00:00+00:00,-0.0
2020-11-07 21:00:00+00:00,-0.0
2020-11-07 22:00:00+00:00,-0.0
2020-11-07 23:00:00+00:00,-0.0
2020-11-08 00:00:00+00:00,-0.0
2020-11-08 01:00:00+00:00,-0.0
2020-11-08 02:00:00+00:00,-0.0
2020-11-08 03:00:00+00:00,-0.0
2020-11-08 04:00:00+00:00,-0.0
2020-11-08 05:00:00+00:00,-0.0
2020-11-08 06:00:00+00:00,-0.0
2020-11-08 07:00:00+00:00,-0.0
2020-11-08 08:00:00+00:00,-0.0
2020-11-08 09:00:00+00:00,-0.0
2020-11-08 10:00:00+00:00,-0.0
2020-11-08 11:00:00+00:00,-0.0
2020-11-08 12:00:00+00:00,-0.0
2020-11-08 13:00:00+00:00,-0.0
2020-11-08 14:00:00+00:00,-0.0
2020-11-08 15:00:00+00:00,-0.0
2020-11-08 16:00:00+00:00,-0.0
2020-11-08 17:00:00+00:00,-0.0
2020-11-08 18:00:00+00:00,-0.0
2020-11-08 19:00:00+00:00,-0.0
2020-11-08 20:00:00+00:00,-0.0
2020-11-08 21:00:00+00:00,-0.0
2020-11-08 22:00:00+00:00,-0.0
2020-11-08 23:00:00+00:00,-0.0
2020-11-09 00:00:00+00:00,-0.0
2020-11-09 01:00:00+00:00,-0.0
2020-11-09 02:00:00+00:00,-0.0
2020-11-09 03:00:00+00:00,-0.0
2020-11-09 04:00:00+00:00,-0.0
2020-11-09 05:00:00+00:00,-0.0
2020-11-09 06:00:00+00:00,-0.0
2020-11-09 07:00:00+00:00,-0.0
2020-11-09 08:00:00+00:00,-0.0
2020-11-09 09:00:00+00:00,-0.0
2020-11-09 10:00:00+00:00,-0.0
2020-11-09 11:00:00+00:00,-0.0
2020-11-09 12:00:00+00:00,-0.0
2020-11-09 13:00:00+00:00,-0.0
2020-11-09 14:00:00+00:00,-0.0
2020-11-09 15:00:00+00:00,-0.0
2020-11-09 16:00:00+00:00,-0.0
2020-11-09 17:00:00+00:00,-0.1327051533198472
2020-11-09 18:00:00+00:00,-0.0
2020-11-09 19:00:00+00:00,-0.0
2020-11-09 20:00:00+00:00,-0.0
2020-11-09 21:00:00+00:00,-0.0
2020-11-09 22:00:00+00:00,-0.0
2020-11-09 23:00:00+00:00,-0.0
2020-11-10 00:00:00+00:00,-0.0
2020-11-10 01:00:00+00:00,-0.0
2020-11-10 02:00:00+00:00,-0.0
2020-11-10 03:00:00+00:00,-0.0
2020-11-10 04:00:00+00:00,-0.0
2020-11-10 05:00:00+00:00,-0.0
2020-11-10 06:00:00+00:00,-0.0
2020-11-10 07:00:00+00:00,-0.0
2020-11-10 08:00:00+00:00,-0.0
2020-11-10 09:00:00+00:00,-0.0
2020-11-10 10:00:00+00:00,-0.0
2020-11-10 11:00:00+00:00,-0.0
2020-11-10 12:00:00+00:00,-0.0
2020-11-10 13:00:00+00:00,-0.0
2020-11-10 14:00:00+00:00,-0.0
2020-11-10 15:00:00+00:00,-0.0
2020-11-10 16:00:00+00:00,-0.0
2020-11-10 17:00:00+00:00,-0.0
2020-11-10 18:00:00+00:00,-0.0
2020-11-10 19:00:00+00:00,-0.0
2020-11-10 20:00:00+00:00,-0.0
2020-11-10 21:00:00+00:00,-0.0
2020-11-10 22:00:00+00:00,-0.0
2020-11-10 23:00:00+00:00,-0.0
2020-11-11 00:00:00+00:00,-0.0
2020-11-11 01:00:00+00:00,-0.0
2020-11-11 02:00:00+00:00,-0.0
2020-11-11 03:00:00+00:00,-0.0
2020-11-11 04:00:00+00:00,-0.0
2020-11-11 05:00:00+00:00,-0.0
2020-11-11 06:00:00+00:00,-0.0
2020-11-11 07:00:00+00:00,-0.0
2020-11-11 08:00:00+00:00,-0.0
2020-11-11 09:00:00+00:00,-0.0
2020-11-11 10:00:00+00:00,-0.0
2020-11-11 11:00:00+00:00,-0.0
2020-11-11 12:00:00+00:00,-0.0
2020-11-11 13:00:00+00:00,-0.0
2020-11-11 14:00:00+00:00,-0.0
2020-11-11 15:00:00+00:00,-0.0
2020-11-11 16:00:00+00:00,-0.0
2020-11-11 17:00:00+00:00,-0.0
2020-11-11 18:00:00+00:00,-0.0
2020-11-11 19:00:00+00:00,-0.0
2020-11-11 20:00:00+00:00,-0.0
2020-11-11 21:00:00+00:00,-0.0
2020-11-11 22:00:00+00:00,-0.0
2020-11-11 23:00:00+00:00,-0.0
2020-11-12 00:00:00+00:00,-0.0
2020-11-12 01:00:00+00:00,-0.0
2020-11-12 02:00:00+00:00,-0.0
2020-11-12 03:00:00+00:00,-0.0
2020-11-12 04:00:00+00:00,-0.0
2020-11-12 05:00:00+00:00,-0.0
2020-11-12 06:00:00+00:00,-0.0
2020-11-12 07:00:00+00:00,-0.0
2020-11-12 08:00:00+00:00,-0.0
2020-11-12 09:00:00+00:00,-0.0
2020-11-12 10:00:00+00:00,-0.0
2020-11-12 11:00:00+00:00,-0.0
2020-11-12 12:00:00+00:00,-0.0
2020-11-12 13:00:00+00:00,-0.0
2020-11-12 14:00:00+00:00,-0.0
2020-11-12 15:00:00+00:00,-0.0
2020-11-12 16:00:00+00:00,-0.0
2020-11-12 17:00:00+00:00,-0.0
2020-11-12 18:00:00+00:00,-0.0
2020-11-12 19:00:00+00:00,-0.0
2020-11-12 20:00:00+00:00,-0.0
2020-11-12 21:00:00+00:00,-0.0
2020-11-12 22:00:00+00:00,-0.0
2020-11-12 23:00:00+00:00,-0.0
2020-11-13 00:00:00+00:00,-0.0
2020-11-13 01:00:00+00:00,-0.0
2020-11-13 02:00:00+00:00,-0.0
2020-11-13 03:00:00+00:00,-0.0
2020-11-13 04:00:00+00:00,-0.0
2020-11-13 05:00:00+00:00,-0.0
2020-11-13 06:00:00+00:00,-0.0
2020-11-13 07:00:00+00:00,-0.0
2020-11-13 08:00:00+00:00,-0.0
2020-11-13 09:00:00+00:00,-0.0
2020-11-13 10:00:00+00:00,-0.0
2020-11-13 11:00:00+00:00,-0.0
2020-11-13 12:00:00+00:00,-0.0
2020-11-13 13:00:00+00:00,-0.0
2020-11-13 14:00:00+00:00,-0.0
2020-11-13 15:00:00+00:00,-0.0
2020-11-13 16:00:00+00:00,-0.0
2020-11-13 17:00:00+00:00,-0.0
2020-11-13 18:00:00+00:00,-0.0
2020-11-13 19:00:00+00:00,-0.0
2020-11-13 20:00:00+00:00,-0.0
2020-11-13 21:00:00+00:00,-0.0
2020-11-13 22:00:00+00:00,-0.0
2020-11-13 23:00:00+00:00,-0.0
2020-11-14 00:00:00+00:00,-0.0
2020-11-14 01:00:00+00:00,-0.0
2020-11-14 02:00:00+00:00,-0.0
2020-11-14 03:00:00+00:00,-0.0
2020-11-14 04:00:00+00:00,-0.0
2020-11-14 05:00:00+00:00,-0.0
2020-11-14 06:00:00+00:00,-0.0
2020-11-14 07:00:00+00:00,-0.0
2020-11-14 08:00:00+00:00,-0.0
2020-11-14 09:00:00+00:00,-0.0
2020-11-14 10:00:00+00:00,-0.0
2020-11-14 11:00:00+00:00,-0.0
2020-11-14 12:00:00+00:00,-0.0
2020-11-14 13:00:00+00:00,-0.0
2020-11-14 14:00:00+00:00,-0.0
2020-11-14 15:00:00+00:00,-0.0
2020-11-14 16:00:00+00:00,-0.0
2020-11-14 17:00:00+00:00,-0.0
2020-11-14 18:00:00+00:00,-0.0
2020-11-14 19:00:00+00:00,-0.0
2020-11-14 20:00:00+00:00,-0.0
2020-11-14 21:00:00+00:00,-0.0
2020-11-14 22:00:00+00:00,-0.0
2020-11-14 23:00:00+00:00,-0.0
2020-11-15 00:00:00+00:00,-0.0
2020-11-15 01:00:00+00:00,-0.0
2020-11-15 02:00:00+00:00,-0.0
2020-11-15 03:00:00+00:00,-0.0
2020-11-15 04:00:00+00:00,-0.0
2020-11-15 05:00:00+00:00,-0.0
2020-11-15 06:00:00+00:00,-0.0
2020-11-15 07:00:00+00:00,-0.0
2020-11-15 08:00:00+00:00,-0.0
2020-11-15 09:00:00+00:00,-0.0
2020-11-15 10:00:00+00:00,-0.0
2020-11-15 11:00:00+00:00,-0.0
2020-11-15 12:00:00+00:00,-0.0
2020-11-15 13:00:00+00:00,-0.0
2020-11-15 14:00:00+00:00,-0.0
2020-11-15 15:00:00+00:00,-0.0
2020-11-15 16:00:00+00:00,-0.0
2020-11-15 17:00:00+00:00,-0.0
2020-11-15 18:00:00+00:00,-0.0
2020-11-15 19:00:00+00:00,-0.0
2020-11-15 20:00:00+00:00,-0.0
2020-11-15 21:00:00+00:00,-0.0
2020-11-15 22:00:00+00:00,-0.0
2020-11-15 23:00:00+00:00,-0.0
2020-11-16 00:00:00+00:00,-0.0
2020-11-16 01:00:00+00:00,-0.0
2020-11-16 02:00:00+00:00,-0.0
2020-11-16 03:00:00+00:00,-0.0
2020-11-16 04:00:00+00:00,-0.0
2020-11-16 05:00:00+00:00,-0.0
2020-11-16 06:00:00+00:00,-0.0
2020-11-16 07:00:00+00:00,-0.0
2020-11-16 08:00:00+00:00,-0.0
2020-11-16 09:00:00+00:00,-0.0
2020-11-16 10:00:00+00:00,-0.0
2020-11-16 11:00:00+00:00,-0.0
2020-11-16 12:00:00+00:00,-0.0
2020-11-16 13:00:00+00:00,-0.0
2020-11-16 14:00:00+00:00,-0.0
2020-11-16 15:00:00+00:00,-0.0
2020-11-16 16:00:00+00:00,-0.0
2020-11-16 17:00:00+00:00,-0.0
2020-11-16 18:00:00+00:00,-0.0
2020-11-16 19:00:00+00:00,-0.0
2020-11-16 20:00:00+00:00,-0.0
2020-11-16 21:00:00+00:00,-0.0
2020-11-16 22:00:00+00:00,-0.0
2020-11-16 23:00:00+00:00,-0.0
2020-11-17 00:00:00+00:00,-0.0
2020-11-17 01:00:00+00:00,-0.0
2020-11-17 02:00:00+00:00,-0.0
2020-11-17 03:00:00+00:00,-0.0
2020-11-17 04:00:00+00:00,-0.0
2020-11-17 05:00:00+00:00,-0.0
2020-11-17 06:00:00+00:00,-0.0
2020-11-17 07:00:00+00:00,-0.0
2020-11-17 08:00:00+00:00,-0.0
2020-11-17 09:00:00+00:00,-0.0
2020-11-17 10:00:00+00:00,-0.0
2020-11-17 11:00:00+00:00,-0.0
2020-11-17 12:00:00+00:00,-0.0
2020-11-17 13:00:00+00:00,-0.0
2020-11-17 14:00:00+00:00,-0.0
2020-11-17 15:00:00+00:00,-0.0
2020-11-17 16:00:00+00:00,-0.0
2020-11-17 17:00:00+00:00,-0.0
2020-11-17 18:00:00+00:00,-0.0
2020-11-17 19:00:00+00:00,-0.0
2020-11-17 20:00:00+00:00,-0.0
2020-11-17 21:00:00+00:00,-0.0
2020-11-17 22:00:00+00:00,-0.0
2020-11-17 23:00:00+00:00,-0.0
2020-11-18 00:00:00+00:00,-0.0
2020-11-18 01:00:00+00:00,-0.0
2020-11-18 02:00:00+00:00,-0.0
2020-11-18 03:00:00+00:00,-0.0
2020-11-18 04:00:00+00:00,-0.0
2020-11-18 05:00:00+00:00,-0.0
2020-11-18 06:00:00+00:00,-0.0
2020-11-18 07:00:00+00:00,-0.0
2020-11-18 08:00:00+00:00,-0.0
2020-11-18 09:00:00+00:00,-0.0
2020-11-18 10:00:00+00:00,-0.0
2020-11-18 11:00:00+00:00,-0.0
2020-11-18 12:00:00+00:00,-0.0
2020-11-18 13:00:00+00:00,-0.0
2020-11-18 14:00:00+00:00,-0.0
2020-11-18 15:00:00+00:00,-0.0
2020-11-18 16:00:00+00:00,-0.0
2020-11-18 17:00:00+00:00,-0.0
2020-11-18 18:00:00+00:00,-0.0
2020-11-18 19:00:00+00:00,-0.0
2020-11-18 20:00:00+00:00,-0.0
2020-11-18 21:00:00+00:00,-0.0
2020-11-18 22:00:00+00:00,-0.0
2020-11-18 23:00:00+00:00,-0.0
2020-11-19 00:00:00+00:00,-0.0
2020-11-19 01:00:00+00:00,-0.0
2020-11-19 02:00:00+00:00,-0.0
2020-11-19 03:00:00+00:00,-0.0
2020-11-19 04:00:00+00:00,-0.0
2020-11-19 05:00:00+00:00,-0.0
2020-11-19 06:00:00+00:00,-0.0
2020-11-19 07:00:00+00:00,-0.0
2020-11-19 08:00:00+00:00,-0.0
2020-11-19 09:00:00+00:00,-0.0
2020-11-19 10:00:00+00:00,-0.0
2020-11-19 11:00:00+00:00,-0.0
2020-11-19 12:00:00+00:00,-0.0
2020-11-19 13:00:00+00:00,-0.0
2020-11-19 14:00:00+00:00,-0.0
2020-11-19 15:00:00+00:00,-0.0
2020-11-19 16:00:00+00:00,-0.0
2020-11-19 17:00:00+00:00,-0.0
2020-11-19 18:00:00+00:00,-0.0
2020-11-19 19:00:00+00:00,-0.0
2020-11-19 20:00:00+00:00,-0.0
2020-11-19 21:00:00+00:00,-0.0
2020-11-19 22:00:00+00:00,-0.0
2020-11-19 23:00:00+00:00,-0.0
2020-11-20 00:00:00+00:00,-0.0
2020-11-20 01:00:00+00:00,-0.0
2020-11-20 02:00:00+00:00,-0.0
2020-11-20 03:00:00+00:00,-0.0
2020-11-20 04:00:00+00:00,-0.0
2020-11-20 05:00:00+00:00,-0.0
2020-11-20 06:00:00+00:00,-0.0
2020-11-20 07:00:00+00:00,-0.0
2020-11-20 08:00:00+00:00,-0.0
2020-11-20 09:00:00+00:00,-0.0
2020-11-20 10:00:00+00:00,-0.0
2020-11-20 11:00:00+00:00,-0.0
2020-11-20 12:00:00+00:00,-0.0
2020-11-20 13:00:00+00:00,-0.05567491526083173
2020-11-20 14:00:00+00:00,0.04264489815592892
2020-11-20 15:00:00+00:00,-0.0
2020-11-20 16:00:00+00:00,0.031481516331906885
2020-11-20 17:00:00+00:00,-0.0
2020-11-20 18:00:00+00:00,-0.0
2020-11-20 19:00:00+00:00,-0.0
2020-11-20 20:00:00+00:00,-0.0
2020-11-20 21:00:00+00:00,-0.0
2020-11-20 22:00:00+00:00,-0.0
2020-11-20 23:00:00+00:00,-0.0
2020-11-21 00:00:00+00:00,-0.0
2020-11-21 01:00:00+00:00,-0.0
2020-11-21 02:00:00+00:00,-0.0
2020-11-21 03:00:00+00:00,-0.0
2020-11-21 04:00:00+00:00,-0.0
2020-11-21 05:00:00+00:00,-0.0
2020-11-21 06:00:00+00:00,-0.0
2020-11-21 07:00:00+00:00,-0.0768064796003909
2020-11-21 08:00:00+00:00,-0.0
2020-11-21 09:00:00+00:00,-0.0
2020-11-21 10:00:00+00:00,-0.0
2020-11-21 11:00:00+00:00,-0.0
2020-11-21 12:00:00+00:00,-0.0
2020-11-21 13:00:00+00:00,-0.0
2020-11-21 14:00:00+00:00,-0.0
2020-11-21 15:00:00+00:00,-0.0
2020-11-21 16:00:00+00:00,-0.09428923952224687
2020-11-21 17:00:00+00:00,-0.0
2020-11-21 18:00:00+00:00,-0.0
2020-11-21 19:00:00+00:00,-0.0
2020-11-21 20:00:00+00:00,-0.0
2020-11-21 21:00:00+00:00,-0.0
2020-11-21 22:00:00+00:00,-0.0
2020-11-21 23:00:00+00:00,-0.0
2020-11-22 00:00:00+00:00,-0.0
2020-11-22 01:00:00+00:00,0.050663206486126565
2020-11-22 02:00:00+00:00,-0.0
2020-11-22 03:00:00+00:00,-0.0
2020-11-22 04:00:00+00:00,-0.0
2020-11-22 05:00:00+00:00,-0.0
2020-11-22 06:00:00+00:00,-0.0
2020-11-22 07:00:00+00:00,0.03619696673039444
2020-11-22 08:00:00+00:00,-0.0
2020-11-22 09:00:00+00:00,-0.0
2020-11-22 10:00:00+00:00,-0.0
2020-11-22 11:00:00+00:00,-0.0
2020-11-22 12:00:00+00:00,-0.0
2020-11-22 13:00:00+00:00,-0.0
2020-11-22 14:00:00+00:00,-0.0
2020-11-22 15:00:00+00:00,-0.0
2020-11-22 16:00:00+00:00,-0.0
2020-11-22 17:00:00+00:00,-0.0
2020-11-22 18:00:00+00:00,-0.0
2020-11-22 19:00:00+00:00,-0.0
2020-11-22 20:00:00+00:00,-0.0
2020-11-22 21:00:00+00:00,-0.0
2020-11-22 22:00:00+00:00,-0.0
2020-11-22 23:00:00+00:00,-0.0
2020-11-23 00:00:00+00:00,-0.0
2020-11-23 01:00:00+00:00,-0.0
2020-11-23 02:00:00+00:00,-0.0
2020-11-23 03:00:00+00:00,-0.0
2020-11-23 04:00:00+00:00,-0.0
2020-11-23 05:00:00+00:00,-0.0
2020-11-23 06:00:00+00:00,-0.0
2020-11-23 07:00:00+00:00,-0.0
2020-11-23 08:00:00+00:00,-0.0
2020-11-23 09:00:00+00:00,-0.0
2020-11-23 10:00:00+00:00,-0.0
2020-11-23 11:00:00+00:00,-0.0
2020-11-23 12:00:00+00:00,-0.0
2020-11-23 13:00:00+00:00,-0.0
2020-11-23 14:00:00+00:00,-0.0
2020-11-23 15:00:00+00:00,-0.0
2020-11-23 16:00:00+00:00,-0.0
2020-11-23 17:00:00+00:00,-0.0
2020-11-23 18:00:00+00:00,-0.0
2020-11-23 19:00:00+00:00,-0.0
2020-11-23 20:00:00+00:00,-0.0
2020-11-23 21:00:00+00:00,-0.0
2020-11-23 22:00:00+00:00,-0.0
2020-11-23 23:00:00+00:00,-0.0
2020-11-24 00:00:00+00:00,-0.0
2020-11-24 01:00:00+00:00,-0.0
2020-11-24 02:00:00+00:00,-0.0
2020-11-24 03:00:00+00:00,-0.0
2020-11-24 04:00:00+00:00,-0.0
2020-11-24 05:00:00+00:00,-0.0
2020-11-24 06:00:00+00:00,-0.0
2020-11-24 07:00:00+00:00,-0.0
2020-11-24 08:00:00+00:00,-0.0
2020-11-24 09:00:00+00:00,-0.0
2020-11-24 10:00:00+00:00,-0.0
2020-11-24 11:00:00+00:00,-0.0
2020-11-24 12:00:00+00:00,-0.0
2020-11-24 13:00:00+00:00,-0.0
2020-11-24 14:00:00+00:00,-0.0
2020-11-24 15:00:00+00:00,-0.0
2020-11-24 16:00:00+00:00,-0.0
2020-11-24 17:00:00+00:00,-0.0
2020-11-24 18:00:00+00:00,-0.0
2020-11-24 19:00:00+00:00,-0.0
2020-11-24 20:00:00+00:00,-0.0
2020-11-24 21:00:00+00:00,-0.0
2020-11-24 22:00:00+00:00,-0.0
2020-11-24 23:00:00+00:00,-0.0
2020-11-25 00:00:00+00:00,-0.0
2020-11-25 01:00:00+00:00,-0.0
2020-11-25 02:00:00+00:00,-0.0
2020-11-25 03:00:00+00:00,-0.0
2020-11-25 04:00:00+00:00,-0.0
2020-11-25 05:00:00+00:00,-0.0
2020-11-25 06:00:00+00:00,-0.0
2020-11-25 07:00:00+00:00,-0.0
2020-11-25 08:00:00+00:00,-0.0
2020-11-25 09:00:00+00:00,-0.0
2020-11-25 10:00:00+00:00,-0.0
2020-11-25 11:00:00+00:00,-0.0
2020-11-25 12:00:00+00:00,-0.0
2020-11-25 13:00:00+00:00,-0.0
2020-11-25 14:00:00+00:00,-0.0
2020-11-25 15:00:00+00:00,-0.0
2020-11-25 16:00:00+00:00,-0.0
2020-11-25 17:00:00+00:00,-0.0
2020-11-25 18:00:00+00:00,-0.0
2020-11-25 19:00:00+00:00,-0.0
2020-11-25 20:00:00+00:00,-0.0
2020-11-25 21:00:00+00:00,-0.0
2020-11-25 22:00:00+00:00,-0.0
2020-11-25 23:00:00+00:00,-0.0
2020-11-26 00:00:00+00:00,-0.0
2020-11-26 01:00:00+00:00,-0.0
2020-11-26 02:00:00+00:00,-0.0
2020-11-26 03:00:00+00:00,-0.0
2020-11-26 04:00:00+00:00,-0.0
2020-11-26 05:00:00+00:00,-0.0
2020-11-26 06:00:00+00:00,-0.0
2020-11-26 07:00:00+00:00,-0.0
2020-11-26 08:00:00+00:00,-0.0
2020-11-26 09:00:00+00:00,-0.0
2020-11-26 10:00:00+00:00,-0.0
2020-11-26 11:00:00+00:00,-0.0
2020-11-26 12:00:00+00:00,-0.0
2020-11-26 13:00:00+00:00,-0.0
2020-11-26 14:00:00+00:00,-0.0
2020-11-26 15:00:00+00:00,-0.0
2020-11-26 16:00:00+00:00,-0.0
2020-11-26 17:00:00+00:00,-0.0
2020-11-26 18:00:00+00:00,-0.0
2020-11-26 19:00:00+00:00,-0.0
2020-11-26 20:00:00+00:00,-0.0
2020-11-26 21:00:00+00:00,-0.0
2020-11-26 22:00:00+00:00,-0.0
2020-11-26 23:00:00+00:00,-0.0
2020-11-27 00:00:00+00:00,-0.0
2020-11-27 01:00:00+00:00,-0.0
2020-11-27 02:00:00+00:00,-0.0
2020-11-27 03:00:00+00:00,-0.0
2020-11-27 04:00:00+00:00,-0.0
2020-11-27 05:00:00+00:00,-0.0
2020-11-27 06:00:00+00:00,-0.0
2020-11-27 07:00:00+00:00,-0.0
2020-11-27 08:00:00+00:00,-0.0
2020-11-27 09:00:00+00:00,-0.0
2020-11-27 10:00:00+00:00,-0.0
2020-11-27 11:00:00+00:00,-0.0
2020-11-27 12:00:00+00:00,-0.0
2020-11-27 13:00:00+00:00,-0.0
2020-11-27 14:00:00+00:00,-0.0
2020-11-27 15:00:00+00:00,-0.0
2020-11-27 16:00:00+00:00,-0.0
2020-11-27 17:00:00+00:00,-0.0
2020-11-27 18:00:00+00:00,-0.0
2020-11-27 19:00:00+00:00,-0.0
2020-11-27 20:00:00+00:00,-0.0
2020-11-27 21:00:00+00:00,-0.0
2020-11-27 22:00:00+00:00,-0.0
2020-11-27 23:00:00+00:00,-0.0
2020-11-28 00:00:00+00:00,-0.0
2020-11-28 01:00:00+00:00,-0.0
2020-11-28 02:00:00+00:00,-0.0
2020-11-28 03:00:00+00:00,-0.0
2020-11-28 04:00:00+00:00,-0.0
2020-11-28 05:00:00+00:00,-0.0
2020-11-28 06:00:00+00:00,-0.0
2020-11-28 07:00:00+00:00,-0.0
2020-11-28 08:00:00+00:00,-0.0
2020-11-28 09:00:00+00:00,-0.0
2020-11-28 10:00:00+00:00,-0.0
2020-11-28 11:00:00+00:00,-0.0
2020-11-28 12:00:00+00:00,-0.0
2020-11-28 13:00:00+00:00,-0.0
2020-11-28 14:00:00+00:00,-0.0
2020-11-28 15:00:00+00:00,-0.0
2020-11-28 16:00:00+00:00,-0.0
2020-11-28 17:00:00+00:00,-0.0
2020-11-28 18:00:00+00:00,-0.0
2020-11-28 19:00:00+00:00,-0.0
2020-11-28 20:00:00+00:00,-0.0
2020-11-28 21:00:00+00:00,-0.0
2020-11-28 22:00:00+00:00,-0.0
2020-11-28 23:00:00+00:00,-0.0
2020-11-29 00:00:00+00:00,-0.0
2020-11-29 01:00:00+00:00,-0.0
2020-11-29 02:00:00+00:00,-0.0
2020-11-29 03:00:00+00:00,-0.0
2020-11-29 04:00:00+00:00,-0.0
2020-11-29 05:00:00+00:00,-0.0
2020-11-29 06:00:00+00:00,-0.0
2020-11-29 07:00:00+00:00,-0.0
2020-11-29 08:00:00+00:00,-0.0
2020-11-29 09:00:00+00:00,-0.0
2020-11-29 10:00:00+00:00,-0.0
2020-11-29 11:00:00+00:00,-0.0
2020-11-29 12:00:00+00:00,-0.0
2020-11-29 13:00:00+00:00,-0.0
2020-11-29 14:00:00+00:00,-0.0
2020-11-29 15:00:00+00:00,-0.0
2020-11-29 16:00:00+00:00,-0.0
2020-11-29 17:00:00+00:00,-0.0
2020-11-29 18:00:00+00:00,-0.0
2020-11-29 19:00:00+00:00,-0.0
2020-11-29 20:00:00+00:00,-0.0
2020-11-29 21:00:00+00:00,-0.0
2020-11-29 22:00:00+00:00,-0.0
2020-11-29 23:00:00+00:00,-0.0
2020-11-30 00:00:00+00:00,-0.0
2020-11-30 01:00:00+00:00,-0.0
2020-11-30 02:00:00+00:00,-0.0
2020-11-30 03:00:00+00:00,-0.0
2020-11-30 04:00:00+00:00,-0.0
2020-11-30 05:00:00+00:00,-0.0
2020-11-30 07:00:00+00:00,-0.0
2020-11-30 08:00:00+00:00,-0.0
2020-11-30 09:00:00+00:00,-0.0
2020-11-30 10:00:00+00:00,-0.0
2020-11-30 11:00:00+00:00,-0.0
2020-11-30 12:00:00+00:00,-0.0
2020-11-30 13:00:00+00:00,-0.0
2020-11-30 14:00:00+00:00,-0.0
2020-11-30 15:00:00+00:00,-0.0
2020-11-30 16:00:00+00:00,-0.0
2020-11-30 17:00:00+00:00,-0.0
2020-11-30 18:00:00+00:00,-0.0
2020-11-30 19:00:00+00:00,-0.0
2020-11-30 20:00:00+00:00,-0.0
2020-11-30 21:00:00+00:00,-0.0
2020-11-30 22:00:00+00:00,-0.0
2020-11-30 23:00:00+00:00,-0.0
2020-12-01 00:00:00+00:00,-0.0
2020-12-01 01:00:00+00:00,-0.0
2020-12-01 02:00:00+00:00,-0.0
2020-12-01 03:00:00+00:00,-0.0
2020-12-01 04:00:00+00:00,-0.0
2020-12-01 05:00:00+00:00,-0.0
2020-12-01 06:00:00+00:00,-0.0
2020-12-01 07:00:00+00:00,-0.0
2020-12-01 08:00:00+00:00,-0.0
2020-12-01 09:00:00+00:00,-0.0
2020-12-01 10:00:00+00:00,-0.0
2020-12-01 11:00:00+00:00,-0.0
2020-12-01 12:00:00+00:00,-0.0
2020-12-01 13:00:00+00:00,-0.0
2020-12-01 14:00:00+00:00,-0.0
2020-12-01 15:00:00+00:00,-0.0
2020-12-01 16:00:00+00:00,-0.0
2020-12-01 17:00:00+00:00,-0.0
2020-12-01 18:00:00+00:00,-0.0
2020-12-01 19:00:00+00:00,-0.0
2020-12-01 20:00:00+00:00,-0.0
2020-12-01 21:00:00+00:00,-0.0
2020-12-01 22:00:00+00:00,-0.0
2020-12-01 23:00:00+00:00,-0.0
2020-12-02 00:00:00+00:00,-0.0
2020-12-02 01:00:00+00:00,-0.0
2020-12-02 02:00:00+00:00,-0.0
2020-12-02 03:00:00+00:00,-0.0
2020-12-02 04:00:00+00:00,-0.0
2020-12-02 05:00:00+00:00,-0.0
2020-12-02 06:00:00+00:00,-0.0
2020-12-02 07:00:00+00:00,-0.0
2020-12-02 08:00:00+00:00,-0.0
2020-12-02 09:00:00+00:00,-0.0
2020-12-02 10:00:00+00:00,-0.0
2020-12-02 11:00:00+00:00,-0.0
2020-12-02 12:00:00+00:00,-0.0
2020-12-02 13:00:00+00:00,-0.0
2020-12-02 14:00:00+00:00,-0.0
2020-12-02 15:00:00+00:00,-0.0
2020-12-02 16:00:00+00:00,-0.0
2020-12-02 17:00:00+00:00,-0.0
2020-12-02 18:00:00+00:00,-0.0
2020-12-02 19:00:00+00:00,-0.0
2020-12-02 20:00:00+00:00,-0.0
2020-12-02 21:00:00+00:00,-0.0
2020-12-02 22:00:00+00:00,-0.0
2020-12-02 23:00:00+00:00,-0.0
2020-12-03 00:00:00+00:00,-0.0
2020-12-03 01:00:00+00:00,-0.0
2020-12-03 02:00:00+00:00,-0.0
2020-12-03 03:00:00+00:00,-0.0
2020-12-03 04:00:00+00:00,-0.0
2020-12-03 05:00:00+00:00,-0.0
2020-12-03 06:00:00+00:00,-0.0
2020-12-03 07:00:00+00:00,-0.0
2020-12-03 08:00:00+00:00,-0.0
2020-12-03 09:00:00+00:00,-0.0
2020-12-03 10:00:00+00:00,-0.0
2020-12-03 11:00:00+00:00,-0.0
2020-12-03 12:00:00+00:00,-0.0
2020-12-03 13:00:00+00:00,-0.0
2020-12-03 14:00:00+00:00,-0.0
2020-12-03 15:00:00+00:00,-0.0
2020-12-03 16:00:00+00:00,-0.0
2020-12-03 17:00:00+00:00,-0.0
2020-12-03 18:00:00+00:00,-0.0
2020-12-03 19:00:00+00:00,-0.0
2020-12-03 20:00:00+00:00,-0.0
2020-12-03 21:00:00+00:00,-0.0
2020-12-03 22:00:00+00:00,-0.0
2020-12-03 23:00:00+00:00,-0.0
2020-12-04 00:00:00+00:00,-0.0
2020-12-04 01:00:00+00:00,-0.0
2020-12-04 02:00:00+00:00,-0.0
2020-12-04 03:00:00+00:00,-0.0
2020-12-04 04:00:00+00:00,-0.0
2020-12-04 05:00:00+00:00,-0.0
2020-12-04 06:00:00+00:00,-0.0
2020-12-04 07:00:00+00:00,-0.0
2020-12-04 08:00:00+00:00,-0.0
2020-12-04 09:00:00+00:00,-0.0
2020-12-04 10:00:00+00:00,-0.0
2020-12-04 11:00:00+00:00,-0.0
2020-12-04 12:00:00+00:00,-0.0
2020-12-04 13:00:00+00:00,-0.0
2020-12-04 14:00:00+00:00,-0.0
2020-12-04 15:00:00+00:00,-0.0
2020-12-04 16:00:00+00:00,-0.0
2020-12-04 17:00:00+00:00,-0.0
2020-12-04 18:00:00+00:00,-0.0
2020-12-04 19:00:00+00:00,-0.0
2020-12-04 20:00:00+00:00,-0.0
2020-12-04 21:00:00+00:00,0.07281139740937542
2020-12-04 22:00:00+00:00,-0.0
2020-12-04 23:00:00+00:00,-0.0
2020-12-05 00:00:00+00:00,-0.0
2020-12-05 01:00:00+00:00,-0.0
2020-12-05 02:00:00+00:00,-0.0
2020-12-05 03:00:00+00:00,-0.0
2020-12-05 04:00:00+00:00,-0.0
2020-12-05 05:00:00+00:00,-0.0
2020-12-05 06:00:00+00:00,-0.0
2020-12-05 07:00:00+00:00,-0.0
2020-12-05 08:00:00+00:00,-0.0
2020-12-05 09:00:00+00:00,-0.0
2020-12-05 10:00:00+00:00,-0.0
2020-12-05 11:00:00+00:00,-0.0
2020-12-05 12:00:00+00:00,-0.0
2020-12-05 13:00:00+00:00,-0.0
2020-12-05 14:00:00+00:00,-0.0
2020-12-05 15:00:00+00:00,-0.0
2020-12-05 16:00:00+00:00,-0.0
2020-12-05 17:00:00+00:00,-0.0
2020-12-05 18:00:00+00:00,-0.0
2020-12-05 19:00:00+00:00,-0.0
2020-12-05 20:00:00+00:00,0.04140975011019281
2020-12-05 21:00:00+00:00,-0.0
2020-12-05 22:00:00+00:00,-0.0
2020-12-05 23:00:00+00:00,-0.0
2020-12-06 00:00:00+00:00,-0.0
2020-12-06 01:00:00+00:00,-0.0
2020-12-06 02:00:00+00:00,-0.0
2020-12-06 03:00:00+00:00,-0.0
2020-12-06 04:00:00+00:00,-0.0
2020-12-06 05:00:00+00:00,-0.0
2020-12-06 06:00:00+00:00,-0.0
2020-12-06 07:00:00+00:00,-0.0
2020-12-06 08:00:00+00:00,-0.0
2020-12-06 09:00:00+00:00,-0.0
2020-12-06 10:00:00+00:00,-0.0
2020-12-06 11:00:00+00:00,-0.0
2020-12-06 12:00:00+00:00,-0.0
2020-12-06 13:00:00+00:00,-0.0
2020-12-06 14:00:00+00:00,-0.0
2020-12-06 15:00:00+00:00,-0.0
2020-12-06 16:00:00+00:00,-0.0
2020-12-06 17:00:00+00:00,-0.0
2020-12-06 18:00:00+00:00,-0.0
2020-12-06 19:00:00+00:00,-0.0
2020-12-06 20:00:00+00:00,-0.0
2020-12-06 21:00:00+00:00,-0.0
2020-12-06 22:00:00+00:00,-0.0
2020-12-06 23:00:00+00:00,-0.0
2020-12-07 00:00:00+00:00,-0.0
2020-12-07 01:00:00+00:00,-0.0
2020-12-07 02:00:00+00:00,-0.0
2020-12-07 03:00:00+00:00,-0.0
2020-12-07 04:00:00+00:00,-0.0
2020-12-07 05:00:00+00:00,-0.0
2020-12-07 06:00:00+00:00,-0.0
2020-12-07 07:00:00+00:00,-0.0
2020-12-07 08:00:00+00:00,-0.0
2020-12-07 09:00:00+00:00,-0.0
2020-12-07 10:00:00+00:00,-0.0
2020-12-07 11:00:00+00:00,-0.0
2020-12-07 12:00:00+00:00,-0.0
2020-12-07 13:00:00+00:00,-0.0
2020-12-07 14:00:00+00:00,-0.0
2020-12-07 15:00:00+00:00,-0.0
2020-12-07 16:00:00+00:00,-0.0
2020-12-07 17:00:00+00:00,-0.0
2020-12-07 18:00:00+00:00,-0.0
2020-12-07 19:00:00+00:00,-0.0
2020-12-07 20:00:00+00:00,-0.0
2020-12-07 21:00:00+00:00,-0.0
2020-12-07 22:00:00+00:00,-0.0
2020-12-07 23:00:00+00:00,-0.0
2020-12-08 00:00:00+00:00,-0.0
2020-12-08 01:00:00+00:00,-0.0
2020-12-08 02:00:00+00:00,-0.0
2020-12-08 03:00:00+00:00,-0.0
2020-12-08 04:00:00+00:00,-0.0
2020-12-08 05:00:00+00:00,-0.0
2020-12-08 06:00:00+00:00,-0.0
2020-12-08 07:00:00+00:00,-0.0
2020-12-08 08:00:00+00:00,-0.0
2020-12-08 09:00:00+00:00,-0.0
2020-12-08 10:00:00+00:00,-0.0
2020-12-08 11:00:00+00:00,-0.0
2020-12-08 12:00:00+00:00,-0.0
2020-12-08 13:00:00+00:00,-0.0
2020-12-08 14:00:00+00:00,-0.0
2020-12-08 15:00:00+00:00,-0.0
2020-12-08 16:00:00+00:00,-0.0
2020-12-08 17:00:00+00:00,-0.0
2020-12-08 18:00:00+00:00,-0.0
2020-12-08 19:00:00+00:00,-0.0
2020-12-08 20:00:00+00:00,-0.0
2020-12-08 21:00:00+00:00,-0.0
2020-12-08 22:00:00+00:00,-0.0
2020-12-08 23:00:00+00:00,-0.0
2020-12-09 00:00:00+00:00,-0.0
2020-12-09 01:00:00+00:00,-0.0
2020-12-09 02:00:00+00:00,-0.0
2020-12-09 03:00:00+00:00,-0.0
2020-12-09 04:00:00+00:00,-0.0
2020-12-09 05:00:00+00:00,-0.0
2020-12-09 06:00:00+00:00,-0.0
2020-12-09 07:00:00+00:00,-0.0
2020-12-09 08:00:00+00:00,-0.0
2020-12-09 09:00:00+00:00,-0.0
2020-12-09 10:00:00+00:00,-0.0
2020-12-09 11:00:00+00:00,-0.0
2020-12-09 12:00:00+00:00,-0.0
2020-12-09 13:00:00+00:00,-0.0
2020-12-09 14:00:00+00:00,-0.0
2020-12-09 15:00:00+00:00,-0.0
2020-12-09 16:00:00+00:00,-0.0
2020-12-09 17:00:00+00:00,-0.0
2020-12-09 18:00:00+00:00,-0.0
2020-12-09 19:00:00+00:00,-0.0
2020-12-09 20:00:00+00:00,-0.0
2020-12-09 21:00:00+00:00,-0.0
2020-12-09 22:00:00+00:00,-0.0
2020-12-09 23:00:00+00:00,-0.0
2020-12-10 00:00:00+00:00,-0.0
2020-12-10 01:00:00+00:00,-0.0
2020-12-10 02:00:00+00:00,-0.0
2020-12-10 03:00:00+00:00,-0.0
2020-12-10 04:00:00+00:00,-0.0
2020-12-10 05:00:00+00:00,-0.0
2020-12-10 06:00:00+00:00,-0.0
2020-12-10 07:00:00+00:00,-0.0
2020-12-10 08:00:00+00:00,-0.0
2020-12-10 09:00:00+00:00,-0.0
2020-12-10 10:00:00+00:00,-0.0
2020-12-10 11:00:00+00:00,-0.0
2020-12-10 12:00:00+00:00,-0.0
2020-12-10 13:00:00+00:00,-0.0
2020-12-10 14:00:00+00:00,-0.0
2020-12-10 15:00:00+00:00,-0.0
2020-12-10 16:00:00+00:00,-0.0
2020-12-10 17:00:00+00:00,-0.0
2020-12-10 18:00:00+00:00,-0.0
2020-12-10 19:00:00+00:00,-0.0
2020-12-10 20:00:00+00:00,-0.0
2020-12-10 21:00:00+00:00,0.05909100647902526
2020-12-10 22:00:00+00:00,-0.0
2020-12-10 23:00:00+00:00,-0.0
2020-12-11 00:00:00+00:00,-0.0
2020-12-11 01:00:00+00:00,-0.0
2020-12-11 02:00:00+00:00,-0.0
2020-12-11 03:00:00+00:00,-0.0
2020-12-11 04:00:00+00:00,-0.0
2020-12-11 05:00:00+00:00,-0.0
2020-12-11 06:00:00+00:00,-0.0
2020-12-11 07:00:00+00:00,-0.0
2020-12-11 08:00:00+00:00,-0.0
2020-12-11 09:00:00+00:00,-0.0
2020-12-11 10:00:00+00:00,-0.0
2020-12-11 11:00:00+00:00,-0.0
2020-12-11 12:00:00+00:00,-0.0
2020-12-11 13:00:00+00:00,-0.0
2020-12-11 14:00:00+00:00,-0.0
2020-12-11 15:00:00+00:00,-0.0
2020-12-11 16:00:00+00:00,-0.0
2020-12-11 17:00:00+00:00,-0.0
2020-12-11 18:00:00+00:00,-0.0
2020-12-11 19:00:00+00:00,-0.0
2020-12-11 20:00:00+00:00,-0.0
2020-12-11 21:00:00+00:00,-0.0
2020-12-11 22:00:00+00:00,-0.0
2020-12-11 23:00:00+00:00,-0.0
2020-12-12 00:00:00+00:00,-0.0
2020-12-12 01:00:00+00:00,-0.0
2020-12-12 02:00:00+00:00,-0.0
2020-12-12 03:00:00+00:00,-0.0
2020-12-12 04:00:00+00:00,-0.0
2020-12-12 05:00:00+00:00,-0.0
2020-12-12 06:00:00+00:00,-0.0
2020-12-12 07:00:00+00:00,-0.0
2020-12-12 08:00:00+00:00,-0.0
2020-12-12 09:00:00+00:00,-0.0
2020-12-12 10:00:00+00:00,-0.0
2020-12-12 11:00:00+00:00,-0.0
2020-12-12 12:00:00+00:00,-0.0
2020-12-12 13:00:00+00:00,-0.0
2020-12-12 14:00:00+00:00,-0.0
2020-12-12 15:00:00+00:00,-0.0
2020-12-12 16:00:00+00:00,-0.0
2020-12-12 17:00:00+00:00,-0.0
2020-12-12 18:00:00+00:00,-0.0
2020-12-12 19:00:00+00:00,-0.0
2020-12-12 20:00:00+00:00,-0.0
2020-12-12 21:00:00+00:00,-0.0
2020-12-12 22:00:00+00:00,-0.0
2020-12-12 23:00:00+00:00,-0.0
2020-12-13 00:00:00+00:00,-0.0
2020-12-13 01:00:00+00:00,-0.0
2020-12-13 02:00:00+00:00,-0.0
2020-12-13 03:00:00+00:00,-0.0
2020-12-13 04:00:00+00:00,-0.0
2020-12-13 05:00:00+00:00,-0.0
2020-12-13 06:00:00+00:00,-0.0
2020-12-13 07:00:00+00:00,-0.0
2020-12-13 08:00:00+00:00,-0.0
2020-12-13 09:00:00+00:00,-0.0
2020-12-13 10:00:00+00:00,-0.0
2020-12-13 11:00:00+00:00,-0.0
2020-12-13 12:00:00+00:00,-0.0
2020-12-13 13:00:00+00:00,-0.0
2020-12-13 14:00:00+00:00,-0.0
2020-12-13 15:00:00+00:00,-0.0
2020-12-13 16:00:00+00:00,-0.0
2020-12-13 17:00:00+00:00,-0.0
2020-12-13 18:00:00+00:00,-0.0
2020-12-13 19:00:00+00:00,-0.0
2020-12-13 20:00:00+00:00,-0.0
2020-12-13 21:00:00+00:00,-0.0
2020-12-13 22:00:00+00:00,-0.0
2020-12-13 23:00:00+00:00,-0.0
2020-12-14 00:00:00+00:00,0.04055255004692704
2020-12-14 01:00:00+00:00,-0.0
2020-12-14 02:00:00+00:00,-0.0
2020-12-14 03:00:00+00:00,-0.0
2020-12-14 04:00:00+00:00,-0.0
2020-12-14 05:00:00+00:00,-0.0
2020-12-14 06:00:00+00:00,-0.0
2020-12-14 07:00:00+00:00,-0.0
2020-12-14 08:00:00+00:00,-0.0
2020-12-14 09:00:00+00:00,-0.0
2020-12-14 10:00:00+00:00,-0.0
2020-12-14 11:00:00+00:00,-0.0
2020-12-14 12:00:00+00:00,-0.0
2020-12-14 13:00:00+00:00,-0.0
2020-12-14 14:00:00+00:00,-0.0
2020-12-14 15:00:00+00:00,-0.0
2020-12-14 16:00:00+00:00,-0.0
2020-12-14 17:00:00+00:00,-0.0
2020-12-14 18:00:00+00:00,-0.0
2020-12-14 19:00:00+00:00,-0.0
2020-12-14 20:00:00+00:00,-0.0
2020-12-14 21:00:00+00:00,-0.0
2020-12-14 22:00:00+00:00,-0.0
2020-12-14 23:00:00+00:00,-0.0
2020-12-15 00:00:00+00:00,-0.0
2020-12-15 01:00:00+00:00,-0.0
2020-12-15 02:00:00+00:00,-0.0
2020-12-15 03:00:00+00:00,-0.0
2020-12-15 04:00:00+00:00,-0.0
2020-12-15 05:00:00+00:00,-0.0
2020-12-15 06:00:00+00:00,-0.0
2020-12-15 07:00:00+00:00,-0.0
2020-12-15 08:00:00+00:00,-0.0
2020-12-15 09:00:00+00:00,-0.0
2020-12-15 10:00:00+00:00,-0.0
2020-12-15 11:00:00+00:00,-0.0
2020-12-15 12:00:00+00:00,-0.0
2020-12-15 13:00:00+00:00,-0.0
2020-12-15 14:00:00+00:00,-0.0
2020-12-15 15:00:00+00:00,-0.0
2020-12-15 16:00:00+00:00,-0.0
2020-12-15 17:00:00+00:00,-0.0
2020-12-15 18:00:00+00:00,-0.0
2020-12-15 19:00:00+00:00,-0.0
2020-12-15 20:00:00+00:00,-0.0
2020-12-15 21:00:00+00:00,-0.0
2020-12-15 22:00:00+00:00,-0.0
2020-12-15 23:00:00+00:00,-0.0
2020-12-16 00:00:00+00:00,-0.0
2020-12-16 01:00:00+00:00,-0.0
2020-12-16 02:00:00+00:00,-0.0
2020-12-16 03:00:00+00:00,-0.0
2020-12-16 04:00:00+00:00,-0.0
2020-12-16 05:00:00+00:00,-0.0
2020-12-16 06:00:00+00:00,-0.0
2020-12-16 07:00:00+00:00,-0.0
2020-12-16 08:00:00+00:00,-0.0
2020-12-16 09:00:00+00:00,-0.0
2020-12-16 10:00:00+00:00,-0.0
2020-12-16 11:00:00+00:00,-0.0
2020-12-16 12:00:00+00:00,-0.0
2020-12-16 13:00:00+00:00,-0.0
2020-12-16 14:00:00+00:00,-0.0
2020-12-16 15:00:00+00:00,-0.0
2020-12-16 16:00:00+00:00,-0.0
2020-12-16 17:00:00+00:00,-0.0
2020-12-16 18:00:00+00:00,-0.0
2020-12-16 19:00:00+00:00,-0.0
2020-12-16 20:00:00+00:00,-0.0
2020-12-16 21:00:00+00:00,-0.0
2020-12-16 22:00:00+00:00,-0.0
2020-12-16 23:00:00+00:00,-0.0
2020-12-17 00:00:00+00:00,-0.0
2020-12-17 01:00:00+00:00,-0.0
2020-12-17 02:00:00+00:00,-0.0
2020-12-17 03:00:00+00:00,-0.0
2020-12-17 04:00:00+00:00,-0.0
2020-12-17 05:00:00+00:00,-0.0
2020-12-17 06:00:00+00:00,-0.0
2020-12-17 07:00:00+00:00,-0.0
2020-12-17 08:00:00+00:00,-0.0
2020-12-17 09:00:00+00:00,-0.0
2020-12-17 10:00:00+00:00,-0.0
2020-12-17 11:00:00+00:00,-0.0
2020-12-17 12:00:00+00:00,-0.0
2020-12-17 13:00:00+00:00,-0.0
2020-12-17 14:00:00+00:00,-0.0
2020-12-17 15:00:00+00:00,-0.0
2020-12-17 16:00:00+00:00,-0.06344572553947528
2020-12-17 17:00:00+00:00,-0.0
2020-12-17 18:00:00+00:00,-0.0
2020-12-17 19:00:00+00:00,-0.0
2020-12-17 20:00:00+00:00,-0.0
2020-12-17 21:00:00+00:00,-0.0
2020-12-17 22:00:00+00:00,-0.0
2020-12-17 23:00:00+00:00,-0.0
2020-12-18 00:00:00+00:00,-0.0
2020-12-18 01:00:00+00:00,-0.0
2020-12-18 02:00:00+00:00,-0.0
2020-12-18 03:00:00+00:00,-0.0
2020-12-18 04:00:00+00:00,-0.0
2020-12-18 05:00:00+00:00,-0.0
2020-12-18 06:00:00+00:00,-0.0
2020-12-18 07:00:00+00:00,-0.0
2020-12-18 08:00:00+00:00,-0.0
2020-12-18 09:00:00+00:00,-0.0
2020-12-18 10:00:00+00:00,-0.0
2020-12-18 11:00:00+00:00,-0.0
2020-12-18 12:00:00+00:00,-0.0
2020-12-18 13:00:00+00:00,0.04173741159049907
2020-12-18 14:00:00+00:00,-0.0
2020-12-18 15:00:00+00:00,-0.0
2020-12-18 16:00:00+00:00,-0.0
2020-12-18 17:00:00+00:00,-0.0
2020-12-18 18:00:00+00:00,-0.0
2020-12-18 19:00:00+00:00,-0.0
2020-12-18 20:00:00+00:00,-0.0
2020-12-18 21:00:00+00:00,-0.0
2020-12-18 22:00:00+00:00,-0.0
2020-12-18 23:00:00+00:00,-0.0
2020-12-19 00:00:00+00:00,-0.0
2020-12-19 01:00:00+00:00,-0.0
2020-12-19 02:00:00+00:00,-0.0
2020-12-19 03:00:00+00:00,-0.0
2020-12-19 04:00:00+00:00,-0.0
2020-12-19 05:00:00+00:00,-0.0
2020-12-19 06:00:00+00:00,-0.0
2020-12-19 07:00:00+00:00,-0.0
2020-12-19 08:00:00+00:00,-0.0
2020-12-19 09:00:00+00:00,-0.0
2020-12-19 10:00:00+00:00,-0.0
2020-12-19 11:00:00+00:00,-0.0
2020-12-19 12:00:00+00:00,-0.0
2020-12-19 13:00:00+00:00,-0.0
2020-12-19 14:00:00+00:00,-0.0
2020-12-19 15:00:00+00:00,-0.0
2020-12-19 16:00:00+00:00,-0.0
2020-12-19 17:00:00+00:00,-0.0
2020-12-19 18:00:00+00:00,-0.0
2020-12-19 19:00:00+00:00,-0.0
2020-12-19 20:00:00+00:00,-0.0
2020-12-19 21:00:00+00:00,-0.0
2020-12-19 22:00:00+00:00,-0.0
2020-12-19 23:00:00+00:00,-0.0
2020-12-20 00:00:00+00:00,-0.0
2020-12-20 01:00:00+00:00,-0.0
2020-12-20 02:00:00+00:00,-0.0
2020-12-20 03:00:00+00:00,-0.0
2020-12-20 04:00:00+00:00,-0.0
2020-12-20 05:00:00+00:00,-0.0
2020-12-20 06:00:00+00:00,-0.0
2020-12-20 07:00:00+00:00,-0.0
2020-12-20 08:00:00+00:00,-0.0
2020-12-20 09:00:00+00:00,-0.0
2020-12-20 10:00:00+00:00,-0.0
2020-12-20 11:00:00+00:00,-0.0
2020-12-20 12:00:00+00:00,-0.0
2020-12-20 13:00:00+00:00,-0.0
2020-12-20 14:00:00+00:00,-0.0
2020-12-20 15:00:00+00:00,-0.0
2020-12-20 16:00:00+00:00,-0.0
2020-12-20 17:00:00+00:00,-0.0
2020-12-20 18:00:00+00:00,-0.0
2020-12-20 19:00:00+00:00,-0.0
2020-12-20 20:00:00+00:00,-0.0
2020-12-20 21:00:00+00:00,-0.0
2020-12-20 22:00:00+00:00,-0.0
2020-12-20 23:00:00+00:00,-0.0
2020-12-21 00:00:00+00:00,-0.0
2020-12-21 01:00:00+00:00,-0.0
2020-12-21 02:00:00+00:00,-0.0
2020-12-21 03:00:00+00:00,-0.0
2020-12-21 04:00:00+00:00,-0.0
2020-12-21 05:00:00+00:00,-0.0
2020-12-21 06:00:00+00:00,-0.0
2020-12-21 07:00:00+00:00,-0.0
2020-12-21 08:00:00+00:00,-0.0
2020-12-21 09:00:00+00:00,-0.0
2020-12-21 10:00:00+00:00,-0.0
2020-12-21 11:00:00+00:00,-0.0
2020-12-21 12:00:00+00:00,-0.0
2020-12-21 13:00:00+00:00,-0.0
2020-12-21 18:00:00+00:00,-0.0
2020-12-21 19:00:00+00:00,-0.0
2020-12-21 20:00:00+00:00,-0.0
2020-12-21 21:00:00+00:00,-0.0
2020-12-21 22:00:00+00:00,-0.0
2020-12-21 23:00:00+00:00,-0.0
2020-12-22 00:00:00+00:00,-0.0
2020-12-22 01:00:00+00:00,-0.0
2020-12-22 02:00:00+00:00,-0.0
2020-12-22 03:00:00+00:00,-0.0
2020-12-22 04:00:00+00:00,-0.0
2020-12-22 05:00:00+00:00,-0.0
2020-12-22 06:00:00+00:00,-0.0
2020-12-22 07:00:00+00:00,-0.0
2020-12-22 08:00:00+00:00,-0.0
2020-12-22 09:00:00+00:00,-0.0
2020-12-22 10:00:00+00:00,-0.0
2020-12-22 11:00:00+00:00,-0.0
2020-12-22 12:00:00+00:00,-0.0
2020-12-22 13:00:00+00:00,-0.0
2020-12-22 14:00:00+00:00,-0.0
2020-12-22 15:00:00+00:00,-0.0
2020-12-22 16:00:00+00:00,-0.0
2020-12-22 17:00:00+00:00,-0.0
2020-12-22 18:00:00+00:00,-0.0
2020-12-22 19:00:00+00:00,-0.0
2020-12-22 20:00:00+00:00,-0.0
2020-12-22 21:00:00+00:00,-0.0
2020-12-22 22:00:00+00:00,-0.0
2020-12-22 23:00:00+00:00,-0.0
2020-12-23 00:00:00+00:00,-0.0
2020-12-23 01:00:00+00:00,-0.0
2020-12-23 02:00:00+00:00,-0.0
2020-12-23 03:00:00+00:00,-0.0
2020-12-23 04:00:00+00:00,-0.0
2020-12-23 05:00:00+00:00,-0.0
2020-12-23 06:00:00+00:00,-0.0
2020-12-23 07:00:00+00:00,-0.0
2020-12-23 08:00:00+00:00,-0.0
2020-12-23 09:00:00+00:00,-0.0
2020-12-23 10:00:00+00:00,-0.0
2020-12-23 11:00:00+00:00,-0.0
2020-12-23 12:00:00+00:00,-0.0
2020-12-23 13:00:00+00:00,-0.0
2020-12-23 14:00:00+00:00,-0.0
2020-12-23 15:00:00+00:00,-0.0
2020-12-23 16:00:00+00:00,-0.0
2020-12-23 17:00:00+00:00,-0.0
2020-12-23 18:00:00+00:00,-0.0
2020-12-23 19:00:00+00:00,-0.0
2020-12-23 20:00:00+00:00,-0.0
2020-12-23 21:00:00+00:00,-0.0
2020-12-23 22:00:00+00:00,-0.0
2020-12-23 23:00:00+00:00,-0.0
2020-12-24 00:00:00+00:00,-0.0
2020-12-24 01:00:00+00:00,-0.0
2020-12-24 02:00:00+00:00,-0.0
2020-12-24 03:00:00+00:00,-0.0
2020-12-24 04:00:00+00:00,-0.0
2020-12-24 05:00:00+00:00,-0.0
2020-12-24 06:00:00+00:00,-0.0
2020-12-24 07:00:00+00:00,-0.0
2020-12-24 08:00:00+00:00,-0.0
2020-12-24 09:00:00+00:00,-0.0
2020-12-24 10:00:00+00:00,-0.0
2020-12-24 11:00:00+00:00,-0.0
2020-12-24 12:00:00+00:00,-0.0
2020-12-24 13:00:00+00:00,-0.0
2020-12-24 14:00:00+00:00,-0.0
2020-12-24 15:00:00+00:00,-0.0
2020-12-24 16:00:00+00:00,-0.0
2020-12-24 17:00:00+00:00,-0.0
2020-12-24 18:00:00+00:00,-0.0
2020-12-24 19:00:00+00:00,-0.0
2020-12-24 20:00:00+00:00,-0.0
2020-12-24 21:00:00+00:00,-0.0
2020-12-24 22:00:00+00:00,-0.0
2020-12-24 23:00:00+00:00,-0.0
2020-12-25 00:00:00+00:00,-0.0
2020-12-25 01:00:00+00:00,-0.0
2020-12-25 03:00:00+00:00,-0.0
2020-12-25 04:00:00+00:00,-0.0
2020-12-25 05:00:00+00:00,-0.0
2020-12-25 06:00:00+00:00,-0.0
2020-12-25 07:00:00+00:00,-0.0
2020-12-25 08:00:00+00:00,-0.0
2020-12-25 09:00:00+00:00,-0.0
2020-12-25 10:00:00+00:00,-0.0
2020-12-25 11:00:00+00:00,-0.0
2020-12-25 12:00:00+00:00,-0.09973407441950657
2020-12-25 13:00:00+00:00,-0.0
2020-12-25 14:00:00+00:00,-0.0
2020-12-25 15:00:00+00:00,-0.0
2020-12-25 16:00:00+00:00,-0.0
2020-12-25 17:00:00+00:00,-0.0
2020-12-25 18:00:00+00:00,-0.0
2020-12-25 19:00:00+00:00,-0.0
2020-12-25 20:00:00+00:00,-0.0
2020-12-25 21:00:00+00:00,-0.0
2020-12-25 22:00:00+00:00,-0.0
2020-12-25 23:00:00+00:00,-0.0
2020-12-26 00:00:00+00:00,-0.0
2020-12-26 01:00:00+00:00,-0.0
2020-12-26 02:00:00+00:00,-0.0
2020-12-26 03:00:00+00:00,-0.0
2020-12-26 04:00:00+00:00,-0.0
2020-12-26 05:00:00+00:00,-0.0
2020-12-26 06:00:00+00:00,-0.0
2020-12-26 07:00:00+00:00,-0.0
2020-12-26 08:00:00+00:00,-0.0
2020-12-26 09:00:00+00:00,-0.0
2020-12-26 10:00:00+00:00,-0.0
2020-12-26 11:00:00+00:00,-0.0
2020-12-26 12:00:00+00:00,-0.0
2020-12-26 13:00:00+00:00,-0.0
2020-12-26 14:00:00+00:00,-0.0
2020-12-26 15:00:00+00:00,-0.0
2020-12-26 16:00:00+00:00,-0.0
2020-12-26 17:00:00+00:00,-0.0
2020-12-26 18:00:00+00:00,-0.0
2020-12-26 19:00:00+00:00,-0.0
2020-12-26 20:00:00+00:00,-0.0
2020-12-26 21:00:00+00:00,-0.0
2020-12-26 22:00:00+00:00,-0.0
2020-12-26 23:00:00+00:00,-0.0
2020-12-27 00:00:00+00:00,-0.0
2020-12-27 01:00:00+00:00,-0.0
2020-12-27 02:00:00+00:00,-0.0
2020-12-27 03:00:00+00:00,-0.0
2020-12-27 04:00:00+00:00,-0.0
2020-12-27 05:00:00+00:00,-0.0
2020-12-27 06:00:00+00:00,-0.0
2020-12-27 07:00:00+00:00,-0.0
2020-12-27 08:00:00+00:00,-0.0
2020-12-27 09:00:00+00:00,-0.0
2020-12-27 10:00:00+00:00,-0.0
2020-12-27 11:00:00+00:00,-0.0
2020-12-27 12:00:00+00:00,-0.0
2020-12-27 13:00:00+00:00,-0.0
2020-12-27 14:00:00+00:00,-0.0
2020-12-27 15:00:00+00:00,-0.0
2020-12-27 16:00:00+00:00,-0.0
2020-12-27 17:00:00+00:00,-0.0
2020-12-27 18:00:00+00:00,-0.0
2020-12-27 19:00:00+00:00,-0.0
2020-12-27 20:00:00+00:00,-0.0
2020-12-27 21:00:00+00:00,-0.0
2020-12-27 22:00:00+00:00,-0.0
2020-12-27 23:00:00+00:00,-0.0
2020-12-28 00:00:00+00:00,-0.0
2020-12-28 01:00:00+00:00,-0.0
2020-12-28 02:00:00+00:00,-0.0
2020-12-28 03:00:00+00:00,-0.0
2020-12-28 04:00:00+00:00,-0.0
2020-12-28 05:00:00+00:00,-0.0
2020-12-28 06:00:00+00:00,-0.0
2020-12-28 07:00:00+00:00,-0.0
2020-12-28 08:00:00+00:00,-0.0
2020-12-28 09:00:00+00:00,-0.0
2020-12-28 10:00:00+00:00,-0.0
2020-12-28 11:00:00+00:00,-0.0
2020-12-28 12:00:00+00:00,-0.0
2020-12-28 13:00:00+00:00,-0.0
2020-12-28 14:00:00+00:00,-0.0
2020-12-28 15:00:00+00:00,-0.0
2020-12-28 16:00:00+00:00,-0.0
2020-12-28 17:00:00+00:00,-0.0
2020-12-28 18:00:00+00:00,-0.0
2020-12-28 19:00:00+00:00,-0.0
2020-12-28 20:00:00+00:00,-0.0
2020-12-28 21:00:00+00:00,-0.0
2020-12-28 22:00:00+00:00,0.03315843803120781
2020-12-28 23:00:00+00:00,-0.0
2020-12-29 00:00:00+00:00,-0.0
2020-12-29 01:00:00+00:00,-0.0
2020-12-29 02:00:00+00:00,-0.0
2020-12-29 03:00:00+00:00,-0.0
2020-12-29 04:00:00+00:00,-0.0
2020-12-29 05:00:00+00:00,-0.0
2020-12-29 06:00:00+00:00,-0.0
2020-12-29 07:00:00+00:00,-0.0
2020-12-29 08:00:00+00:00,-0.0
2020-12-29 09:00:00+00:00,-0.0
2020-12-29 10:00:00+00:00,-0.0
2020-12-29 11:00:00+00:00,-0.0
2020-12-29 12:00:00+00:00,-0.0
2020-12-29 13:00:00+00:00,-0.0
2020-12-29 14:00:00+00:00,-0.0
2020-12-29 15:00:00+00:00,-0.0
2020-12-29 16:00:00+00:00,0.04693915725570339
2020-12-29 17:00:00+00:00,-0.0
2020-12-29 18:00:00+00:00,-0.0
2020-12-29 19:00:00+00:00,-0.0
2020-12-29 20:00:00+00:00,-0.0
2020-12-29 21:00:00+00:00,-0.0
2020-12-29 22:00:00+00:00,-0.0
2020-12-29 23:00:00+00:00,-0.0
2020-12-30 00:00:00+00:00,-0.0
2020-12-30 01:00:00+00:00,-0.0
2020-12-30 02:00:00+00:00,-0.0
2020-12-30 03:00:00+00:00,-0.0
2020-12-30 04:00:00+00:00,-0.0
2020-12-30 05:00:00+00:00,-0.0
2020-12-30 06:00:00+00:00,-0.0
2020-12-30 07:00:00+00:00,-0.0
2020-12-30 08:00:00+00:00,-0.0
2020-12-30 09:00:00+00:00,-0.0
2020-12-30 10:00:00+00:00,-0.0
2020-12-30 11:00:00+00:00,-0.0
2020-12-30 12:00:00+00:00,-0.0
2020-12-30 13:00:00+00:00,-0.0
2020-12-30 14:00:00+00:00,-0.0
2020-12-30 15:00:00+00:00,-0.0
2020-12-30 16:00:00+00:00,-0.0
2020-12-30 17:00:00+00:00,-0.0
2020-12-30 18:00:00+00:00,-0.0
2020-12-30 19:00:00+00:00,-0.0
2020-12-30 20:00:00+00:00,-0.0
2020-12-30 21:00:00+00:00,-0.0
2020-12-30 22:00:00+00:00,-0.0
2020-12-30 23:00:00+00:00,-0.0
2020-12-31 00:00:00+00:00,-0.0
2020-12-31 01:00:00+00:00,-0.0
2020-12-31 02:00:00+00:00,-0.0
2020-12-31 03:00:00+00:00,-0.0
2020-12-31 04:00:00+00:00,-0.0
2020-12-31 05:00:00+00:00,-0.0
2020-12-31 06:00:00+00:00,-0.0
2020-12-31 07:00:00+00:00,-0.0
2020-12-31 08:00:00+00:00,-0.0
2020-12-31 09:00:00+00:00,-0.0
2020-12-31 10:00:00+00:00,-0.0
2020-12-31 11:00:00+00:00,-0.0
2020-12-31 12:00:00+00:00,-0.0
2020-12-31 13:00:00+00:00,-0.0
2020-12-31 14:00:00+00:00,-0.0
2020-12-31 15:00:00+00:00,-0.0
2020-12-31 16:00:00+00:00,-0.0
2020-12-31 17:00:00+00:00,-0.0
2020-12-31 18:00:00+00:00,-0.0
2020-12-31 19:00:00+00:00,-0.0
2020-12-31 20:00:00+00:00,-0.0
2020-12-31 21:00:00+00:00,-0.0
2020-12-31 22:00:00+00:00,-0.0
2020-12-31 23:00:00+00:00,-0.0
2021-01-01 00:00:00+00:00,-0.0
2021-01-01 01:00:00+00:00,-0.0
2021-01-01 02:00:00+00:00,-0.0
2021-01-01 03:00:00+00:00,-0.0
2021-01-01 04:00:00+00:00,-0.0
2021-01-01 05:00:00+00:00,-0.0
2021-01-01 06:00:00+00:00,-0.0
2021-01-01 07:00:00+00:00,-0.0
2021-01-01 08:00:00+00:00,0.04057140136555757
2021-01-01 09:00:00+00:00,-0.0
2021-01-01 10:00:00+00:00,-0.0
2021-01-01 11:00:00+00:00,-0.0
2021-01-01 12:00:00+00:00,-0.0
2021-01-01 13:00:00+00:00,-0.0
2021-01-01 14:00:00+00:00,-0.0
2021-01-01 15:00:00+00:00,-0.0
2021-01-01 16:00:00+00:00,-0.0
2021-01-01 17:00:00+00:00,0.059986133064999364
2021-01-01 18:00:00+00:00,-0.0
2021-01-01 19:00:00+00:00,-0.0
2021-01-01 20:00:00+00:00,-0.0
2021-01-01 21:00:00+00:00,-0.0
2021-01-01 22:00:00+00:00,-0.0
2021-01-01 23:00:00+00:00,-0.0
2021-01-02 00:00:00+00:00,-0.0
2021-01-02 01:00:00+00:00,-0.0
2021-01-02 02:00:00+00:00,-0.0
2021-01-02 03:00:00+00:00,-0.0
2021-01-02 04:00:00+00:00,-0.0
2021-01-02 05:00:00+00:00,-0.0
2021-01-02 06:00:00+00:00,-0.0
2021-01-02 07:00:00+00:00,-0.0
2021-01-02 08:00:00+00:00,-0.0
2021-01-02 09:00:00+00:00,-0.0
2021-01-02 10:00:00+00:00,-0.0
2021-01-02 11:00:00+00:00,-0.0
2021-01-02 12:00:00+00:00,-0.0
2021-01-02 13:00:00+00:00,-0.0
2021-01-02 14:00:00+00:00,-0.0
2021-01-02 15:00:00+00:00,-0.0
2021-01-02 16:00:00+00:00,-0.0
2021-01-02 17:00:00+00:00,-0.0
2021-01-02 18:00:00+00:00,-0.0
2021-01-02 19:00:00+00:00,-0.0
2021-01-02 20:00:00+00:00,-0.0
2021-01-02 21:00:00+00:00,-0.0
2021-01-02 22:00:00+00:00,-0.0
2021-01-02 23:00:00+00:00,-0.0
2021-01-03 00:00:00+00:00,-0.0
2021-01-03 01:00:00+00:00,-0.0
2021-01-03 02:00:00+00:00,-0.0
2021-01-03 03:00:00+00:00,-0.0
2021-01-03 04:00:00+00:00,-0.0
2021-01-03 05:00:00+00:00,-0.0
2021-01-03 06:00:00+00:00,-0.0
2021-01-03 07:00:00+00:00,-0.0
2021-01-03 08:00:00+00:00,-0.0
2021-01-03 09:00:00+00:00,-0.0
2021-01-03 10:00:00+00:00,-0.0
2021-01-03 11:00:00+00:00,-0.0
2021-01-03 12:00:00+00:00,-0.0
2021-01-03 13:00:00+00:00,-0.0
2021-01-03 14:00:00+00:00,-0.0
2021-01-03 15:00:00+00:00,-0.0
2021-01-03 16:00:00+00:00,-0.0
2021-01-03 17:00:00+00:00,0.0015430410086311928
2021-01-03 18:00:00+00:00,-0.0
2021-01-03 19:00:00+00:00,-0.0
2021-01-03 20:00:00+00:00,-0.0
2021-01-03 21:00:00+00:00,-0.0
2021-01-03 22:00:00+00:00,-0.0
2021-01-03 23:00:00+00:00,-0.0
2021-01-04 00:00:00+00:00,-0.0
2021-01-04 01:00:00+00:00,-0.0
2021-01-04 02:00:00+00:00,-0.0
2021-01-04 03:00:00+00:00,-0.0
2021-01-04 04:00:00+00:00,-0.0
2021-01-04 05:00:00+00:00,-0.0
2021-01-04 06:00:00+00:00,-0.0
2021-01-04 07:00:00+00:00,-0.0
2021-01-04 08:00:00+00:00,-0.0
2021-01-04 09:00:00+00:00,0.0043413127999717
2021-01-04 10:00:00+00:00,-0.0
2021-01-04 11:00:00+00:00,-0.0
2021-01-04 12:00:00+00:00,-0.0
2021-01-04 13:00:00+00:00,-0.0
2021-01-04 14:00:00+00:00,-0.0
2021-01-04 15:00:00+00:00,-0.0
2021-01-04 16:00:00+00:00,-0.0
2021-01-04 17:00:00+00:00,-0.0
2021-01-04 18:00:00+00:00,-0.0
2021-01-04 19:00:00+00:00,-0.0
2021-01-04 20:00:00+00:00,-0.0
2021-01-04 21:00:00+00:00,-0.0
2021-01-04 22:00:00+00:00,-0.0
2021-01-04 23:00:00+00:00,-0.0
2021-01-05 00:00:00+00:00,-0.0
2021-01-05 01:00:00+00:00,-0.0
2021-01-05 02:00:00+00:00,-0.0
2021-01-05 03:00:00+00:00,-0.0
2021-01-05 04:00:00+00:00,-0.0
2021-01-05 05:00:00+00:00,-0.0
2021-01-05 06:00:00+00:00,-0.0
2021-01-05 07:00:00+00:00,-0.0
2021-01-05 08:00:00+00:00,-0.0
2021-01-05 09:00:00+00:00,-0.0
2021-01-05 10:00:00+00:00,-0.0
2021-01-05 11:00:00+00:00,-0.0
2021-01-05 12:00:00+00:00,-0.0
2021-01-05 13:00:00+00:00,-0.0
2021-01-05 14:00:00+00:00,-0.0
2021-01-05 15:00:00+00:00,-0.0
2021-01-05 16:00:00+00:00,-0.0
2021-01-05 17:00:00+00:00,-0.0
2021-01-05 18:00:00+00:00,-0.0
2021-01-05 19:00:00+00:00,-0.0
2021-01-05 20:00:00+00:00,-0.0
2021-01-05 21:00:00+00:00,-0.0
2021-01-05 22:00:00+00:00,-0.0
2021-01-05 23:00:00+00:00,-0.0
2021-01-06 00:00:00+00:00,-0.0
2021-01-06 01:00:00+00:00,-0.0
2021-01-06 02:00:00+00:00,-0.0
2021-01-06 03:00:00+00:00,-0.0
2021-01-06 04:00:00+00:00,-0.0
2021-01-06 05:00:00+00:00,-0.0
2021-01-06 06:00:00+00:00,-0.0
2021-01-06 07:00:00+00:00,-0.0
2021-01-06 08:00:00+00:00,-0.0
2021-01-06 09:00:00+00:00,-0.0
2021-01-06 10:00:00+00:00,-0.0
2021-01-06 11:00:00+00:00,-0.0
2021-01-06 12:00:00+00:00,-0.0
2021-01-06 13:00:00+00:00,-0.0
2021-01-06 14:00:00+00:00,-0.0
2021-01-06 15:00:00+00:00,-0.0
2021-01-06 16:00:00+00:00,-0.0
2021-01-06 17:00:00+00:00,-0.0
2021-01-06 18:00:00+00:00,-0.0
2021-01-06 19:00:00+00:00,-0.0
2021-01-06 20:00:00+00:00,-0.0
2021-01-06 21:00:00+00:00,-0.0
2021-01-06 22:00:00+00:00,-0.0
2021-01-06 23:00:00+00:00,-0.0
2021-01-07 00:00:00+00:00,-0.0
2021-01-07 01:00:00+00:00,-0.0
2021-01-07 02:00:00+00:00,-0.0
2021-01-07 03:00:00+00:00,-0.0
2021-01-07 04:00:00+00:00,-0.0
2021-01-07 05:00:00+00:00,-0.0
2021-01-07 06:00:00+00:00,-0.0
2021-01-07 07:00:00+00:00,-0.0
2021-01-07 08:00:00+00:00,-0.0
2021-01-07 09:00:00+00:00,-0.0
2021-01-07 10:00:00+00:00,-0.0
2021-01-07 11:00:00+00:00,-0.0
2021-01-07 12:00:00+00:00,-0.0
2021-01-07 13:00:00+00:00,-0.0
2021-01-07 14:00:00+00:00,-0.0
2021-01-07 15:00:00+00:00,-0.0
2021-01-07 16:00:00+00:00,-0.0
2021-01-07 17:00:00+00:00,-0.0
2021-01-07 18:00:00+00:00,-0.0
2021-01-07 19:00:00+00:00,-0.0
2021-01-07 20:00:00+00:00,-0.0
2021-01-07 21:00:00+00:00,-0.0
2021-01-07 22:00:00+00:00,-0.0
2021-01-07 23:00:00+00:00,-0.0
2021-01-08 00:00:00+00:00,-0.0
2021-01-08 01:00:00+00:00,-0.0
2021-01-08 02:00:00+00:00,-0.0
2021-01-08 03:00:00+00:00,-0.0
2021-01-08 04:00:00+00:00,-0.0
2021-01-08 05:00:00+00:00,-0.0
2021-01-08 06:00:00+00:00,-0.0
2021-01-08 07:00:00+00:00,-0.0
2021-01-08 08:00:00+00:00,-0.0
2021-01-08 09:00:00+00:00,-0.0
2021-01-08 10:00:00+00:00,-0.0
2021-01-08 11:00:00+00:00,-0.0
2021-01-08 12:00:00+00:00,-0.0
2021-01-08 13:00:00+00:00,-0.0
2021-01-08 14:00:00+00:00,-0.0
2021-01-08 15:00:00+00:00,-0.0
2021-01-08 16:00:00+00:00,-0.0
2021-01-08 17:00:00+00:00,-0.0
2021-01-08 18:00:00+00:00,-0.0
2021-01-08 19:00:00+00:00,-0.0
2021-01-08 20:00:00+00:00,-0.0
2021-01-08 21:00:00+00:00,-0.0
2021-01-08 22:00:00+00:00,-0.0
2021-01-08 23:00:00+00:00,-0.0
2021-01-09 00:00:00+00:00,-0.0
2021-01-09 01:00:00+00:00,-0.0
2021-01-09 02:00:00+00:00,-0.0
2021-01-09 03:00:00+00:00,-0.0
2021-01-09 04:00:00+00:00,-0.0
2021-01-09 05:00:00+00:00,-0.0
2021-01-09 06:00:00+00:00,-0.0
2021-01-09 07:00:00+00:00,-0.0
2021-01-09 08:00:00+00:00,-0.0
2021-01-09 09:00:00+00:00,-0.0
2021-01-09 10:00:00+00:00,-0.0
2021-01-09 11:00:00+00:00,-0.0
2021-01-09 12:00:00+00:00,-0.0
2021-01-09 13:00:00+00:00,-0.0
2021-01-09 14:00:00+00:00,-0.0
2021-01-09 15:00:00+00:00,-0.0
2021-01-09 16:00:00+00:00,-0.0
2021-01-09 17:00:00+00:00,-0.0
2021-01-09 18:00:00+00:00,-0.0
2021-01-09 19:00:00+00:00,-0.0
2021-01-09 20:00:00+00:00,-0.0
2021-01-09 21:00:00+00:00,-0.0
2021-01-09 22:00:00+00:00,-0.0
2021-01-09 23:00:00+00:00,-0.0
2021-01-10 00:00:00+00:00,-0.0
2021-01-10 01:00:00+00:00,-0.0
2021-01-10 02:00:00+00:00,-0.0
2021-01-10 03:00:00+00:00,-0.0
2021-01-10 04:00:00+00:00,-0.0
2021-01-10 05:00:00+00:00,-0.0
2021-01-10 06:00:00+00:00,-0.0
2021-01-10 07:00:00+00:00,-0.0
2021-01-10 08:00:00+00:00,-0.0
2021-01-10 09:00:00+00:00,-0.0
2021-01-10 10:00:00+00:00,-0.0
2021-01-10 11:00:00+00:00,-0.02226122521949309
2021-01-10 12:00:00+00:00,-0.0
2021-01-10 13:00:00+00:00,-0.0
2021-01-10 14:00:00+00:00,-0.0
2021-01-10 15:00:00+00:00,-0.0
2021-01-10 16:00:00+00:00,-0.0
2021-01-10 17:00:00+00:00,-0.0
2021-01-10 18:00:00+00:00,-0.0
2021-01-10 19:00:00+00:00,-0.0
2021-01-10 20:00:00+00:00,-0.0
2021-01-10 21:00:00+00:00,-0.0
2021-01-10 22:00:00+00:00,-0.0
2021-01-10 23:00:00+00:00,-0.0
2021-01-11 00:00:00+00:00,-0.0
2021-01-11 01:00:00+00:00,-0.0
2021-01-11 02:00:00+00:00,-0.0
2021-01-11 03:00:00+00:00,-0.0
2021-01-11 04:00:00+00:00,-0.0
2021-01-11 05:00:00+00:00,-0.0
2021-01-11 06:00:00+00:00,-0.0
2021-01-11 07:00:00+00:00,-0.0
2021-01-11 08:00:00+00:00,-0.0
2021-01-11 09:00:00+00:00,-0.0
2021-01-11 10:00:00+00:00,-0.0
2021-01-11 11:00:00+00:00,-0.0
2021-01-11 12:00:00+00:00,-0.0
2021-01-11 13:00:00+00:00,-0.0
2021-01-11 14:00:00+00:00,-0.0
2021-01-11 15:00:00+00:00,-0.0
2021-01-11 16:00:00+00:00,-0.0
2021-01-11 17:00:00+00:00,-0.0
2021-01-11 18:00:00+00:00,-0.0
2021-01-11 19:00:00+00:00,-0.0
2021-01-11 20:00:00+00:00,-0.0
2021-01-11 21:00:00+00:00,-0.0
2021-01-11 22:00:00+00:00,-0.0
2021-01-11 23:00:00+00:00,-0.0
2021-01-12 00:00:00+00:00,-0.0
2021-01-12 01:00:00+00:00,-0.0
2021-01-12 02:00:00+00:00,-0.0
2021-01-12 03:00:00+00:00,-0.0
2021-01-12 04:00:00+00:00,-0.0
2021-01-12 05:00:00+00:00,-0.0
2021-01-12 06:00:00+00:00,-0.0
2021-01-12 07:00:00+00:00,-0.0
2021-01-12 08:00:00+00:00,-0.0
2021-01-12 09:00:00+00:00,-0.0
2021-01-12 10:00:00+00:00,-0.0
2021-01-12 11:00:00+00:00,-0.0
2021-01-12 12:00:00+00:00,-0.0
2021-01-12 13:00:00+00:00,0.09238991597524454
2021-01-12 14:00:00+00:00,-0.0
2021-01-12 15:00:00+00:00,-0.0
2021-01-12 16:00:00+00:00,-0.0
2021-01-12 17:00:00+00:00,-0.0
2021-01-12 18:00:00+00:00,-0.0
2021-01-12 19:00:00+00:00,-0.0
2021-01-12 20:00:00+00:00,-0.0
2021-01-12 21:00:00+00:00,-0.0
2021-01-12 22:00:00+00:00,-0.0
2021-01-12 23:00:00+00:00,-0.0
2021-01-13 00:00:00+00:00,-0.0
2021-01-13 01:00:00+00:00,-0.0
2021-01-13 02:00:00+00:00,-0.0
2021-01-13 03:00:00+00:00,-0.0
2021-01-13 04:00:00+00:00,-0.0
2021-01-13 05:00:00+00:00,-0.0
2021-01-13 06:00:00+00:00,-0.0
2021-01-13 07:00:00+00:00,-0.0
2021-01-13 08:00:00+00:00,-0.0
2021-01-13 09:00:00+00:00,-0.0
2021-01-13 10:00:00+00:00,-0.0
2021-01-13 11:00:00+00:00,-0.0
2021-01-13 12:00:00+00:00,-0.0
2021-01-13 13:00:00+00:00,-0.0
2021-01-13 14:00:00+00:00,-0.0
2021-01-13 15:00:00+00:00,-0.0
2021-01-13 16:00:00+00:00,-0.0
2021-01-13 17:00:00+00:00,-0.0
2021-01-13 18:00:00+00:00,-0.0
2021-01-13 19:00:00+00:00,-0.0
2021-01-13 20:00:00+00:00,-0.0
2021-01-13 21:00:00+00:00,-0.0
2021-01-13 22:00:00+00:00,-0.0
2021-01-13 23:00:00+00:00,-0.0
2021-01-14 00:00:00+00:00,-0.0
2021-01-14 01:00:00+00:00,-0.0
2021-01-14 02:00:00+00:00,-0.0
2021-01-14 03:00:00+00:00,-0.0
2021-01-14 04:00:00+00:00,-0.0
2021-01-14 05:00:00+00:00,-0.0
2021-01-14 06:00:00+00:00,-0.0
2021-01-14 07:00:00+00:00,-0.0
2021-01-14 08:00:00+00:00,-0.0
2021-01-14 09:00:00+00:00,-0.0
2021-01-14 10:00:00+00:00,-0.0
2021-01-14 11:00:00+00:00,-0.0
2021-01-14 12:00:00+00:00,-0.0
2021-01-14 13:00:00+00:00,-0.0
2021-01-14 14:00:00+00:00,-0.0
2021-01-14 15:00:00+00:00,-0.0
2021-01-14 16:00:00+00:00,-0.0
2021-01-14 17:00:00+00:00,-0.0
2021-01-14 18:00:00+00:00,-0.0
2021-01-14 19:00:00+00:00,-0.0
2021-01-14 20:00:00+00:00,-0.0
2021-01-14 21:00:00+00:00,-0.0
2021-01-14 22:00:00+00:00,-0.0
2021-01-14 23:00:00+00:00,-0.0
2021-01-15 00:00:00+00:00,-0.16369097707888414
2021-01-15 01:00:00+00:00,-0.16192956230438962
2021-01-15 02:00:00+00:00,-0.0
2021-01-15 03:00:00+00:00,0.0904047312474485
2021-01-15 04:00:00+00:00,-0.0
2021-01-15 05:00:00+00:00,-0.0
2021-01-15 06:00:00+00:00,-0.0
2021-01-15 07:00:00+00:00,-0.0
2021-01-15 08:00:00+00:00,-0.0
2021-01-15 09:00:00+00:00,-0.0
2021-01-15 10:00:00+00:00,-0.0
2021-01-15 11:00:00+00:00,-0.0
2021-01-15 12:00:00+00:00,-0.0
2021-01-15 13:00:00+00:00,-0.0
2021-01-15 14:00:00+00:00,-0.0
2021-01-15 15:00:00+00:00,-0.0
2021-01-15 16:00:00+00:00,-0.011461074625829185
2021-01-15 17:00:00+00:00,-0.0
2021-01-15 18:00:00+00:00,-0.0
2021-01-15 19:00:00+00:00,-0.0
2021-01-15 20:00:00+00:00,-0.0
2021-01-15 21:00:00+00:00,-0.0
2021-01-15 22:00:00+00:00,-0.0
2021-01-15 23:00:00+00:00,-0.0
2021-01-16 00:00:00+00:00,-0.0
2021-01-16 01:00:00+00:00,-0.0
2021-01-16 02:00:00+00:00,-0.0
2021-01-16 03:00:00+00:00,-0.0
2021-01-16 04:00:00+00:00,-0.0
2021-01-16 05:00:00+00:00,-0.0
2021-01-16 06:00:00+00:00,-0.0
2021-01-16 07:00:00+00:00,-0.0
2021-01-16 08:00:00+00:00,-0.0
2021-01-16 09:00:00+00:00,-0.0
2021-01-16 10:00:00+00:00,-0.0
2021-01-16 11:00:00+00:00,-0.0
2021-01-16 12:00:00+00:00,-0.0
2021-01-16 13:00:00+00:00,-0.0
2021-01-16 14:00:00+00:00,-0.0
2021-01-16 15:00:00+00:00,-0.38533610265059753
2021-01-16 16:00:00+00:00,-0.0
2021-01-16 17:00:00+00:00,-0.0
2021-01-16 18:00:00+00:00,-0.0
2021-01-16 19:00:00+00:00,-0.0
2021-01-16 20:00:00+00:00,-0.0
2021-01-16 21:00:00+00:00,-0.0
2021-01-16 22:00:00+00:00,0.0589099888645245
2021-01-16 23:00:00+00:00,-0.0
2021-01-17 00:00:00+00:00,-0.0
2021-01-17 01:00:00+00:00,-0.0
2021-01-17 02:00:00+00:00,-0.0
2021-01-17 03:00:00+00:00,-0.0
2021-01-17 04:00:00+00:00,-0.0
2021-01-17 05:00:00+00:00,-0.0
2021-01-17 06:00:00+00:00,-0.0
2021-01-17 07:00:00+00:00,-0.0
2021-01-17 08:00:00+00:00,-0.0
2021-01-17 09:00:00+00:00,-0.0
2021-01-17 10:00:00+00:00,-0.0
2021-01-17 11:00:00+00:00,-0.0
2021-01-17 12:00:00+00:00,-0.0
2021-01-17 13:00:00+00:00,-0.0
2021-01-17 14:00:00+00:00,-0.0
2021-01-17 15:00:00+00:00,-0.0
2021-01-17 16:00:00+00:00,-0.0
2021-01-17 17:00:00+00:00,-0.0
2021-01-17 18:00:00+00:00,-0.0
2021-01-17 19:00:00+00:00,-0.0
2021-01-17 20:00:00+00:00,-0.0
2021-01-17 21:00:00+00:00,-0.0
2021-01-17 22:00:00+00:00,-0.0
2021-01-17 23:00:00+00:00,-0.0
2021-01-18 00:00:00+00:00,-0.0
2021-01-18 01:00:00+00:00,-0.0
2021-01-18 02:00:00+00:00,-0.0
2021-01-18 03:00:00+00:00,-0.0
2021-01-18 04:00:00+00:00,-0.0
2021-01-18 05:00:00+00:00,-0.0
2021-01-18 06:00:00+00:00,-0.0
2021-01-18 07:00:00+00:00,-0.0
2021-01-18 08:00:00+00:00,-0.0
2021-01-18 09:00:00+00:00,-0.0
2021-01-18 10:00:00+00:00,-0.0
2021-01-18 11:00:00+00:00,-0.0
2021-01-18 12:00:00+00:00,-0.0
2021-01-18 13:00:00+00:00,-0.0
2021-01-18 14:00:00+00:00,-0.0
2021-01-18 15:00:00+00:00,-0.0
2021-01-18 16:00:00+00:00,-0.0
2021-01-18 17:00:00+00:00,-0.0
2021-01-18 18:00:00+00:00,-0.0
2021-01-18 19:00:00+00:00,-0.0
2021-01-18 20:00:00+00:00,-0.0
2021-01-18 21:00:00+00:00,-0.0
2021-01-18 22:00:00+00:00,-0.0
2021-01-18 23:00:00+00:00,-0.0
2021-01-19 00:00:00+00:00,-0.0
2021-01-19 01:00:00+00:00,-0.0
2021-01-19 02:00:00+00:00,-0.0
2021-01-19 03:00:00+00:00,-0.0
2021-01-19 04:00:00+00:00,-0.0
2021-01-19 05:00:00+00:00,-0.0
2021-01-19 06:00:00+00:00,-0.0
2021-01-19 07:00:00+00:00,-0.0
2021-01-19 08:00:00+00:00,-0.0
2021-01-19 09:00:00+00:00,-0.0
2021-01-19 10:00:00+00:00,-0.0
2021-01-19 11:00:00+00:00,-0.0
2021-01-19 12:00:00+00:00,-0.0
2021-01-19 13:00:00+00:00,-0.0
2021-01-19 14:00:00+00:00,-0.0
2021-01-19 15:00:00+00:00,-0.0
2021-01-19 16:00:00+00:00,-0.0
2021-01-19 17:00:00+00:00,-0.0
2021-01-19 18:00:00+00:00,-0.0
2021-01-19 19:00:00+00:00,-0.0
2021-01-19 20:00:00+00:00,-0.0
2021-01-19 21:00:00+00:00,-0.0
2021-01-19 22:00:00+00:00,-0.0
2021-01-19 23:00:00+00:00,-0.0
2021-01-20 00:00:00+00:00,-0.0
2021-01-20 01:00:00+00:00,-0.0
2021-01-20 02:00:00+00:00,-0.0
2021-01-20 03:00:00+00:00,-0.0
2021-01-20 04:00:00+00:00,-0.0
2021-01-20 05:00:00+00:00,-0.0
2021-01-20 06:00:00+00:00,-0.0
2021-01-20 07:00:00+00:00,-0.0
2021-01-20 08:00:00+00:00,-0.0
2021-01-20 09:00:00+00:00,-0.0
2021-01-20 10:00:00+00:00,-0.0
2021-01-20 11:00:00+00:00,-0.0
2021-01-20 12:00:00+00:00,-0.0
2021-01-20 13:00:00+00:00,-0.0
2021-01-20 14:00:00+00:00,-0.0
2021-01-20 15:00:00+00:00,-0.0
2021-01-20 16:00:00+00:00,-0.0
2021-01-20 17:00:00+00:00,-0.0
2021-01-20 18:00:00+00:00,-0.0
2021-01-20 19:00:00+00:00,-0.0
2021-01-20 20:00:00+00:00,-0.0
2021-01-20 21:00:00+00:00,-0.0
2021-01-20 22:00:00+00:00,-0.0
2021-01-20 23:00:00+00:00,-0.0
2021-01-21 00:00:00+00:00,-0.0
2021-01-21 01:00:00+00:00,-0.0
2021-01-21 02:00:00+00:00,-0.0
2021-01-21 03:00:00+00:00,-0.0
2021-01-21 04:00:00+00:00,-0.0
2021-01-21 05:00:00+00:00,-0.0
2021-01-21 06:00:00+00:00,-0.0
2021-01-21 07:00:00+00:00,-0.0
2021-01-21 08:00:00+00:00,0.2551172935939394
2021-01-21 09:00:00+00:00,-0.0
2021-01-21 10:00:00+00:00,-0.0
2021-01-21 11:00:00+00:00,-0.0
2021-01-21 12:00:00+00:00,-0.0
2021-01-21 13:00:00+00:00,-0.0
2021-01-21 14:00:00+00:00,-0.0
2021-01-21 15:00:00+00:00,-0.0
2021-01-21 16:00:00+00:00,-0.0
2021-01-21 17:00:00+00:00,-0.0
2021-01-21 18:00:00+00:00,-0.0
2021-01-21 19:00:00+00:00,-0.0
2021-01-21 20:00:00+00:00,-0.0
2021-01-21 21:00:00+00:00,-0.0
2021-01-21 22:00:00+00:00,-0.0
2021-01-21 23:00:00+00:00,-0.0
2021-01-22 00:00:00+00:00,-0.0
2021-01-22 01:00:00+00:00,-0.0
2021-01-22 02:00:00+00:00,-0.0
2021-01-22 03:00:00+00:00,-0.0
2021-01-22 04:00:00+00:00,-0.0
2021-01-22 05:00:00+00:00,-0.0
2021-01-22 06:00:00+00:00,-0.0
2021-01-22 07:00:00+00:00,-0.0
2021-01-22 08:00:00+00:00,-0.0
2021-01-22 09:00:00+00:00,-0.0
2021-01-22 10:00:00+00:00,-0.0
2021-01-22 11:00:00+00:00,-0.0
2021-01-22 12:00:00+00:00,-0.0
2021-01-22 13:00:00+00:00,-0.0
2021-01-22 14:00:00+00:00,-0.0
2021-01-22 15:00:00+00:00,-0.0
2021-01-22 16:00:00+00:00,-0.0
2021-01-22 17:00:00+00:00,-0.0
2021-01-22 18:00:00+00:00,-0.0
2021-01-22 19:00:00+00:00,-0.0
2021-01-22 20:00:00+00:00,-0.0
2021-01-22 21:00:00+00:00,-0.0
2021-01-22 22:00:00+00:00,-0.0
2021-01-22 23:00:00+00:00,-0.0
2021-01-23 00:00:00+00:00,-0.0
2021-01-23 01:00:00+00:00,-0.0
2021-01-23 02:00:00+00:00,-0.0
2021-01-23 03:00:00+00:00,-0.0
2021-01-23 04:00:00+00:00,-0.0
2021-01-23 05:00:00+00:00,-0.0
2021-01-23 06:00:00+00:00,-0.0
2021-01-23 07:00:00+00:00,-0.0
2021-01-23 08:00:00+00:00,-0.0
2021-01-23 09:00:00+00:00,-0.0
2021-01-23 10:00:00+00:00,-0.0
2021-01-23 11:00:00+00:00,-0.0
2021-01-23 12:00:00+00:00,-0.0
2021-01-23 13:00:00+00:00,-0.0
2021-01-23 14:00:00+00:00,-0.0
2021-01-23 15:00:00+00:00,-0.0
2021-01-23 16:00:00+00:00,-0.0
2021-01-23 17:00:00+00:00,-0.0
2021-01-23 18:00:00+00:00,-0.0
2021-01-23 19:00:00+00:00,-0.0
2021-01-23 20:00:00+00:00,-0.0
2021-01-23 21:00:00+00:00,-0.0
2021-01-23 22:00:00+00:00,-0.0
2021-01-23 23:00:00+00:00,-0.0
2021-01-24 00:00:00+00:00,-0.0
2021-01-24 01:00:00+00:00,-0.0
2021-01-24 02:00:00+00:00,-0.0
2021-01-24 03:00:00+00:00,-0.0
2021-01-24 04:00:00+00:00,-0.0
2021-01-24 05:00:00+00:00,-0.0
2021-01-24 06:00:00+00:00,-0.0
2021-01-24 07:00:00+00:00,-0.0
2021-01-24 08:00:00+00:00,-0.0
2021-01-24 09:00:00+00:00,-0.0
2021-01-24 10:00:00+00:00,-0.0
2021-01-24 11:00:00+00:00,-0.0
2021-01-24 12:00:00+00:00,-0.0
2021-01-24 13:00:00+00:00,-0.0
2021-01-24 14:00:00+00:00,-0.0
2021-01-24 15:00:00+00:00,-0.0
2021-01-24 16:00:00+00:00,-0.0
2021-01-24 17:00:00+00:00,-0.0
2021-01-24 18:00:00+00:00,-0.0
2021-01-24 19:00:00+00:00,-0.0
2021-01-24 20:00:00+00:00,-0.0
2021-01-24 21:00:00+00:00,-0.0
2021-01-24 22:00:00+00:00,-0.0
2021-01-24 23:00:00+00:00,-0.0
2021-01-25 00:00:00+00:00,-0.0
2021-01-25 01:00:00+00:00,-0.0
2021-01-25 02:00:00+00:00,-0.0
2021-01-25 03:00:00+00:00,-0.0
2021-01-25 04:00:00+00:00,-0.0
2021-01-25 05:00:00+00:00,-0.0
2021-01-25 06:00:00+00:00,-0.0
2021-01-25 07:00:00+00:00,-0.0
2021-01-25 08:00:00+00:00,-0.0
2021-01-25 09:00:00+00:00,-0.0
2021-01-25 10:00:00+00:00,-0.0
2021-01-25 11:00:00+00:00,-0.0
2021-01-25 12:00:00+00:00,-0.0
2021-01-25 13:00:00+00:00,-0.0
2021-01-25 14:00:00+00:00,-0.0
2021-01-25 15:00:00+00:00,-0.0
2021-01-25 16:00:00+00:00,-0.0
2021-01-25 17:00:00+00:00,-0.0
2021-01-25 18:00:00+00:00,-0.0
2021-01-25 19:00:00+00:00,-0.0
2021-01-25 20:00:00+00:00,-0.0
2021-01-25 21:00:00+00:00,-0.0
2021-01-25 22:00:00+00:00,-0.0
2021-01-25 23:00:00+00:00,-0.0
2021-01-26 00:00:00+00:00,-0.0
2021-01-26 01:00:00+00:00,-0.0
2021-01-26 02:00:00+00:00,-0.0
2021-01-26 03:00:00+00:00,-0.0
2021-01-26 04:00:00+00:00,-0.0
2021-01-26 05:00:00+00:00,-0.0
2021-01-26 06:00:00+00:00,-0.0
2021-01-26 07:00:00+00:00,-0.0
2021-01-26 08:00:00+00:00,-0.0
2021-01-26 09:00:00+00:00,-0.0
2021-01-26 10:00:00+00:00,-0.0
2021-01-26 11:00:00+00:00,-0.0
2021-01-26 12:00:00+00:00,-0.0
2021-01-26 13:00:00+00:00,-0.0
2021-01-26 14:00:00+00:00,-0.0
2021-01-26 15:00:00+00:00,-0.0
2021-01-26 16:00:00+00:00,-0.0
2021-01-26 17:00:00+00:00,-0.0
2021-01-26 18:00:00+00:00,-0.0
2021-01-26 19:00:00+00:00,-0.0
2021-01-26 20:00:00+00:00,-0.0
2021-01-26 21:00:00+00:00,-0.0
2021-01-26 22:00:00+00:00,-0.0
2021-01-26 23:00:00+00:00,-0.0
2021-01-27 00:00:00+00:00,-0.0
2021-01-27 01:00:00+00:00,-0.0
2021-01-27 02:00:00+00:00,-0.0
2021-01-27 03:00:00+00:00,-0.0
2021-01-27 04:00:00+00:00,-0.0
2021-01-27 05:00:00+00:00,0.13659252700600732
2021-01-27 06:00:00+00:00,-0.0
2021-01-27 07:00:00+00:00,-0.0
2021-01-27 08:00:00+00:00,0.11253338551244707
2021-01-27 09:00:00+00:00,-0.0
2021-01-27 10:00:00+00:00,-0.0
2021-01-27 11:00:00+00:00,-0.0
2021-01-27 12:00:00+00:00,-0.0
2021-01-27 13:00:00+00:00,-0.0
2021-01-27 14:00:00+00:00,-0.0
2021-01-27 15:00:00+00:00,-0.0
2021-01-27 16:00:00+00:00,-0.0
2021-01-27 17:00:00+00:00,-0.0
2021-01-27 18:00:00+00:00,-0.0
2021-01-27 19:00:00+00:00,-0.0
2021-01-27 20:00:00+00:00,-0.0
2021-01-27 21:00:00+00:00,-0.0
2021-01-27 22:00:00+00:00,-0.0
2021-01-27 23:00:00+00:00,-0.0
2021-01-28 00:00:00+00:00,-0.0
2021-01-28 01:00:00+00:00,-0.0
2021-01-28 02:00:00+00:00,-0.0
2021-01-28 03:00:00+00:00,-0.0
2021-01-28 04:00:00+00:00,-0.0
2021-01-28 05:00:00+00:00,-0.0
2021-01-28 06:00:00+00:00,-0.0
2021-01-28 07:00:00+00:00,-0.0
2021-01-28 08:00:00+00:00,-0.0
2021-01-28 09:00:00+00:00,-0.0
2021-01-28 10:00:00+00:00,-0.15353249449524314
2021-01-28 11:00:00+00:00,-0.0
2021-01-28 12:00:00+00:00,-0.0
2021-01-28 13:00:00+00:00,-0.0
2021-01-28 14:00:00+00:00,-0.0
2021-01-28 15:00:00+00:00,-0.0
2021-01-28 16:00:00+00:00,-0.0
2021-01-28 17:00:00+00:00,-0.0
2021-01-28 18:00:00+00:00,-0.0
2021-01-28 19:00:00+00:00,-0.0
2021-01-28 20:00:00+00:00,-0.0
2021-01-28 21:00:00+00:00,-0.0
2021-01-28 22:00:00+00:00,-0.0
2021-01-28 23:00:00+00:00,-0.0
2021-01-29 00:00:00+00:00,-0.0
2021-01-29 01:00:00+00:00,-0.0
2021-01-29 02:00:00+00:00,-0.0
2021-01-29 03:00:00+00:00,-0.0
2021-01-29 04:00:00+00:00,0.06942381683680922
2021-01-29 05:00:00+00:00,-0.0
2021-01-29 06:00:00+00:00,-0.0
2021-01-29 07:00:00+00:00,-0.0
2021-01-29 08:00:00+00:00,-0.0
2021-01-29 09:00:00+00:00,-0.0
2021-01-29 10:00:00+00:00,-0.0
2021-01-29 11:00:00+00:00,-0.0
2021-01-29 12:00:00+00:00,-0.0
2021-01-29 13:00:00+00:00,-0.0
2021-01-29 14:00:00+00:00,-0.0
2021-01-29 15:00:00+00:00,-0.0
2021-01-29 16:00:00+00:00,-0.0
2021-01-29 17:00:00+00:00,-0.0
2021-01-29 18:00:00+00:00,-0.0
2021-01-29 19:00:00+00:00,-0.0
2021-01-29 20:00:00+00:00,-0.0
2021-01-29 21:00:00+00:00,-0.0
2021-01-29 22:00:00+00:00,-0.0
2021-01-29 23:00:00+00:00,-0.0
2021-01-30 00:00:00+00:00,-0.0
2021-01-30 01:00:00+00:00,-0.0
2021-01-30 02:00:00+00:00,-0.0
2021-01-30 03:00:00+00:00,-0.0
2021-01-30 04:00:00+00:00,-0.0
2021-01-30 05:00:00+00:00,-0.0
2021-01-30 06:00:00+00:00,-0.0
2021-01-30 07:00:00+00:00,-0.0
2021-01-30 08:00:00+00:00,-0.0
2021-01-30 09:00:00+00:00,-0.0
2021-01-30 10:00:00+00:00,-0.0
2021-01-30 11:00:00+00:00,-0.0
2021-01-30 12:00:00+00:00,-0.0
2021-01-30 13:00:00+00:00,-0.0
2021-01-30 14:00:00+00:00,-0.0
2021-01-30 15:00:00+00:00,-0.0
2021-01-30 16:00:00+00:00,-0.0
2021-01-30 17:00:00+00:00,-0.0
2021-01-30 18:00:00+00:00,-0.0
2021-01-30 19:00:00+00:00,-0.0
2021-01-30 20:00:00+00:00,-0.0
2021-01-30 21:00:00+00:00,-0.0
2021-01-30 22:00:00+00:00,-0.0
2021-01-30 23:00:00+00:00,-0.0
2021-01-31 00:00:00+00:00,-0.0
2021-01-31 01:00:00+00:00,-0.0
2021-01-31 02:00:00+00:00,-0.0
2021-01-31 03:00:00+00:00,-0.0
2021-01-31 04:00:00+00:00,-0.0
2021-01-31 05:00:00+00:00,-0.0
2021-01-31 06:00:00+00:00,-0.0
2021-01-31 07:00:00+00:00,-0.0
2021-01-31 08:00:00+00:00,-0.0
2021-01-31 09:00:00+00:00,-0.0
2021-01-31 10:00:00+00:00,-0.0
2021-01-31 11:00:00+00:00,-0.0
2021-01-31 12:00:00+00:00,-0.0
2021-01-31 13:00:00+00:00,-0.0
2021-01-31 14:00:00+00:00,-0.0
2021-01-31 15:00:00+00:00,-0.0
2021-01-31 16:00:00+00:00,-0.0
2021-01-31 17:00:00+00:00,-0.0
2021-01-31 18:00:00+00:00,-0.0
2021-01-31 19:00:00+00:00,-0.0
2021-01-31 20:00:00+00:00,-0.0
2021-01-31 21:00:00+00:00,-0.0
2021-01-31 22:00:00+00:00,-0.0
2021-01-31 23:00:00+00:00,-0.0
2021-02-01 00:00:00+00:00,-0.0
2021-02-01 01:00:00+00:00,-0.0
2021-02-01 02:00:00+00:00,-0.0
2021-02-01 03:00:00+00:00,-0.0
2021-02-01 04:00:00+00:00,-0.0
2021-02-01 05:00:00+00:00,-0.0
2021-02-01 06:00:00+00:00,-0.0
2021-02-01 07:00:00+00:00,-0.0
2021-02-01 08:00:00+00:00,-0.0
2021-02-01 09:00:00+00:00,-0.0
2021-02-01 10:00:00+00:00,-0.0
2021-02-01 11:00:00+00:00,-0.0
2021-02-01 12:00:00+00:00,-0.0
2021-02-01 13:00:00+00:00,-0.0
2021-02-01 14:00:00+00:00,-0.0
2021-02-01 15:00:00+00:00,-0.0
2021-02-01 16:00:00+00:00,-0.0
2021-02-01 17:00:00+00:00,-0.0
2021-02-01 18:00:00+00:00,-0.0
2021-02-01 19:00:00+00:00,-0.0
2021-02-01 20:00:00+00:00,-0.22015984274317968
2021-02-01 21:00:00+00:00,-0.0
2021-02-01 22:00:00+00:00,-0.0
2021-02-01 23:00:00+00:00,-0.0
2021-02-02 00:00:00+00:00,-0.0
2021-02-02 01:00:00+00:00,-0.0
2021-02-02 02:00:00+00:00,-0.0
2021-02-02 03:00:00+00:00,-0.0
2021-02-02 04:00:00+00:00,-0.0
2021-02-02 05:00:00+00:00,-0.0
2021-02-02 06:00:00+00:00,-0.0
2021-02-02 07:00:00+00:00,-0.0
2021-02-02 08:00:00+00:00,-0.0
2021-02-02 09:00:00+00:00,-0.0
2021-02-02 10:00:00+00:00,-0.0
2021-02-02 11:00:00+00:00,-0.0
2021-02-02 12:00:00+00:00,-0.0
2021-02-02 13:00:00+00:00,-0.0
2021-02-02 14:00:00+00:00,-0.0
2021-02-02 15:00:00+00:00,-0.0
2021-02-02 16:00:00+00:00,-0.0
2021-02-02 17:00:00+00:00,-0.0
2021-02-02 18:00:00+00:00,-0.0
2021-02-02 19:00:00+00:00,-0.0
2021-02-02 20:00:00+00:00,-0.0
2021-02-02 21:00:00+00:00,-0.0
2021-02-02 22:00:00+00:00,-0.0
2021-02-02 23:00:00+00:00,-0.0
2021-02-03 00:00:00+00:00,-0.0
2021-02-03 01:00:00+00:00,-0.0
2021-02-03 02:00:00+00:00,-0.0
2021-02-03 03:00:00+00:00,-0.0
2021-02-03 04:00:00+00:00,-0.0
2021-02-03 05:00:00+00:00,-0.0
2021-02-03 06:00:00+00:00,-0.0
2021-02-03 07:00:00+00:00,-0.0
2021-02-03 08:00:00+00:00,-0.0
2021-02-03 09:00:00+00:00,-0.0
2021-02-03 10:00:00+00:00,-0.0
2021-02-03 11:00:00+00:00,-0.0
2021-02-03 12:00:00+00:00,-0.0
2021-02-03 13:00:00+00:00,-0.0
2021-02-03 14:00:00+00:00,-0.0
2021-02-03 15:00:00+00:00,-0.0
2021-02-03 16:00:00+00:00,-0.0
2021-02-03 17:00:00+00:00,-0.0
2021-02-03 18:00:00+00:00,-0.0
2021-02-03 19:00:00+00:00,-0.0
2021-02-03 20:00:00+00:00,-0.0
2021-02-03 21:00:00+00:00,-0.0
2021-02-03 22:00:00+00:00,-0.0
2021-02-03 23:00:00+00:00,-0.0
2021-02-04 00:00:00+00:00,-0.0
2021-02-04 01:00:00+00:00,-0.0
2021-02-04 02:00:00+00:00,-0.0
2021-02-04 03:00:00+00:00,-0.0
2021-02-04 04:00:00+00:00,-0.0
2021-02-04 05:00:00+00:00,-0.0
2021-02-04 06:00:00+00:00,-0.0
2021-02-04 07:00:00+00:00,-0.0
2021-02-04 08:00:00+00:00,-0.0
2021-02-04 09:00:00+00:00,-0.0
2021-02-04 10:00:00+00:00,-0.0
2021-02-04 11:00:00+00:00,-0.0
2021-02-04 12:00:00+00:00,-0.0
2021-02-04 13:00:00+00:00,-0.0
2021-02-04 14:00:00+00:00,-0.0
2021-02-04 15:00:00+00:00,-0.0
2021-02-04 16:00:00+00:00,-0.0
2021-02-04 17:00:00+00:00,-0.0
2021-02-04 18:00:00+00:00,-0.0
2021-02-04 19:00:00+00:00,-0.0
2021-02-04 20:00:00+00:00,-0.0
2021-02-04 21:00:00+00:00,-0.0
2021-02-04 22:00:00+00:00,-0.0
2021-02-04 23:00:00+00:00,-0.0
2021-02-05 00:00:00+00:00,-0.0
2021-02-05 01:00:00+00:00,-0.0
2021-02-05 02:00:00+00:00,-0.0
2021-02-05 03:00:00+00:00,-0.0
2021-02-05 04:00:00+00:00,-0.0
2021-02-05 05:00:00+00:00,-0.0
2021-02-05 06:00:00+00:00,-0.0
2021-02-05 07:00:00+00:00,-0.0
2021-02-05 08:00:00+00:00,-0.0
2021-02-05 09:00:00+00:00,-0.0
2021-02-05 10:00:00+00:00,-0.0
2021-02-05 11:00:00+00:00,-0.0
2021-02-05 12:00:00+00:00,-0.25157950050797706
2021-02-05 13:00:00+00:00,-0.0
2021-02-05 14:00:00+00:00,-0.0
2021-02-05 15:00:00+00:00,-0.0
2021-02-05 16:00:00+00:00,-0.0
2021-02-05 17:00:00+00:00,-0.0
2021-02-05 18:00:00+00:00,0.28948819194748915
2021-02-05 19:00:00+00:00,-0.0
2021-02-05 20:00:00+00:00,-0.0
2021-02-05 21:00:00+00:00,-0.0
2021-02-05 22:00:00+00:00,-0.0
2021-02-05 23:00:00+00:00,-0.0
2021-02-06 00:00:00+00:00,-0.0
2021-02-06 01:00:00+00:00,-0.0
2021-02-06 02:00:00+00:00,-0.0
2021-02-06 03:00:00+00:00,-0.0
2021-02-06 04:00:00+00:00,-0.0
2021-02-06 05:00:00+00:00,-0.0
2021-02-06 06:00:00+00:00,-0.0
2021-02-06 07:00:00+00:00,-0.0
2021-02-06 08:00:00+00:00,-0.0
2021-02-06 09:00:00+00:00,-0.0
2021-02-06 10:00:00+00:00,-0.0
2021-02-06 11:00:00+00:00,-0.0
2021-02-06 12:00:00+00:00,-0.0
2021-02-06 13:00:00+00:00,-0.0
2021-02-06 14:00:00+00:00,-0.0
2021-02-06 15:00:00+00:00,-0.0
2021-02-06 16:00:00+00:00,-0.0
2021-02-06 17:00:00+00:00,-0.0
2021-02-06 18:00:00+00:00,-0.0
2021-02-06 19:00:00+00:00,-0.0
2021-02-06 20:00:00+00:00,-0.0
2021-02-06 21:00:00+00:00,-0.0
2021-02-06 22:00:00+00:00,-0.0
2021-02-06 23:00:00+00:00,-0.0
2021-02-07 00:00:00+00:00,-0.0
2021-02-07 01:00:00+00:00,-0.0
2021-02-07 02:00:00+00:00,-0.0
2021-02-07 03:00:00+00:00,-0.0
2021-02-07 04:00:00+00:00,-0.0
2021-02-07 05:00:00+00:00,-0.0
2021-02-07 06:00:00+00:00,-0.0
2021-02-07 07:00:00+00:00,-0.0
2021-02-07 08:00:00+00:00,-0.0
2021-02-07 09:00:00+00:00,-0.0
2021-02-07 10:00:00+00:00,-0.0
2021-02-07 11:00:00+00:00,-0.0
2021-02-07 12:00:00+00:00,-0.36808348577942973
2021-02-07 13:00:00+00:00,-0.0
2021-02-07 14:00:00+00:00,-0.0
2021-02-07 15:00:00+00:00,-0.0
2021-02-07 16:00:00+00:00,-0.0
2021-02-07 17:00:00+00:00,-0.0
2021-02-07 18:00:00+00:00,-0.0
2021-02-07 19:00:00+00:00,-0.0
2021-02-07 20:00:00+00:00,-0.0
2021-02-07 21:00:00+00:00,-0.0
2021-02-07 22:00:00+00:00,-0.0
2021-02-07 23:00:00+00:00,-0.0
2021-02-08 00:00:00+00:00,-0.0
2021-02-08 01:00:00+00:00,-0.0
2021-02-08 02:00:00+00:00,-0.0
2021-02-08 03:00:00+00:00,-0.0
2021-02-08 04:00:00+00:00,-0.0
2021-02-08 05:00:00+00:00,-0.0
2021-02-08 06:00:00+00:00,-0.0
2021-02-08 07:00:00+00:00,-0.0
2021-02-08 08:00:00+00:00,-0.0
2021-02-08 09:00:00+00:00,-0.0
2021-02-08 10:00:00+00:00,-0.0
2021-02-08 11:00:00+00:00,-0.0
2021-02-08 12:00:00+00:00,-0.0
2021-02-08 13:00:00+00:00,-0.0
2021-02-08 14:00:00+00:00,-0.0
2021-02-08 15:00:00+00:00,-0.0
2021-02-08 16:00:00+00:00,-0.0
2021-02-08 17:00:00+00:00,-0.0
2021-02-08 18:00:00+00:00,-0.0
2021-02-08 19:00:00+00:00,-0.0
2021-02-08 20:00:00+00:00,-0.0
2021-02-08 21:00:00+00:00,-0.0
2021-02-08 22:00:00+00:00,-0.0
2021-02-08 23:00:00+00:00,-0.0
2021-02-09 00:00:00+00:00,-0.0
2021-02-09 01:00:00+00:00,-0.0
2021-02-09 02:00:00+00:00,-0.0
2021-02-09 03:00:00+00:00,-0.0
2021-02-09 04:00:00+00:00,-0.0
2021-02-09 05:00:00+00:00,-0.0
2021-02-09 06:00:00+00:00,-0.0
2021-02-09 07:00:00+00:00,-0.0
2021-02-09 08:00:00+00:00,-0.0
2021-02-09 09:00:00+00:00,-0.0
2021-02-09 10:00:00+00:00,-0.0
2021-02-09 11:00:00+00:00,-0.0
2021-02-09 12:00:00+00:00,-0.0
2021-02-09 13:00:00+00:00,-0.0
2021-02-09 14:00:00+00:00,-0.0
2021-02-09 15:00:00+00:00,-0.0
2021-02-09 16:00:00+00:00,-0.0
2021-02-09 17:00:00+00:00,-0.0
2021-02-09 18:00:00+00:00,-0.0
2021-02-09 19:00:00+00:00,-0.0
2021-02-09 20:00:00+00:00,-0.0
2021-02-09 21:00:00+00:00,-0.0
2021-02-09 22:00:00+00:00,-0.0
2021-02-09 23:00:00+00:00,-0.0
2021-02-10 00:00:00+00:00,-0.0
2021-02-10 01:00:00+00:00,-0.0
2021-02-10 02:00:00+00:00,-0.0
2021-02-10 03:00:00+00:00,-0.0
2021-02-10 04:00:00+00:00,-0.0
2021-02-10 05:00:00+00:00,-0.0
2021-02-10 06:00:00+00:00,-0.0
2021-02-10 07:00:00+00:00,-0.0
2021-02-10 08:00:00+00:00,-0.0
2021-02-10 09:00:00+00:00,-0.0
2021-02-10 10:00:00+00:00,-0.0
2021-02-10 11:00:00+00:00,-0.0
2021-02-10 12:00:00+00:00,0.19380663272926066
2021-02-10 13:00:00+00:00,-0.0
2021-02-10 14:00:00+00:00,-0.0
2021-02-10 15:00:00+00:00,-0.0
2021-02-10 16:00:00+00:00,-0.0
2021-02-10 17:00:00+00:00,-0.0
2021-02-10 18:00:00+00:00,-0.0
2021-02-10 19:00:00+00:00,-0.0
2021-02-10 20:00:00+00:00,-0.0
2021-02-10 21:00:00+00:00,-0.0
2021-02-10 22:00:00+00:00,-0.0
2021-02-10 23:00:00+00:00,-0.0
2021-02-11 00:00:00+00:00,-0.0
2021-02-11 01:00:00+00:00,-0.0
2021-02-11 02:00:00+00:00,-0.0
2021-02-11 03:00:00+00:00,-0.0
2021-02-11 05:00:00+00:00,-0.0
2021-02-11 06:00:00+00:00,-0.0
2021-02-11 07:00:00+00:00,-0.0
2021-02-11 08:00:00+00:00,-0.0
2021-02-11 09:00:00+00:00,-0.0
2021-02-11 10:00:00+00:00,-0.0
2021-02-11 11:00:00+00:00,-0.0
2021-02-11 12:00:00+00:00,-0.0
2021-02-11 13:00:00+00:00,-0.0
2021-02-11 14:00:00+00:00,-0.0
2021-02-11 15:00:00+00:00,-0.0
2021-02-11 16:00:00+00:00,-0.0
2021-02-11 17:00:00+00:00,-0.0
2021-02-11 18:00:00+00:00,-0.0
2021-02-11 19:00:00+00:00,-0.0
2021-02-11 20:00:00+00:00,-0.0
2021-02-11 21:00:00+00:00,-0.0
2021-02-11 22:00:00+00:00,-0.0
2021-02-11 23:00:00+00:00,-0.0
2021-02-12 00:00:00+00:00,-0.0
2021-02-12 01:00:00+00:00,-0.0
2021-02-12 02:00:00+00:00,-0.0
2021-02-12 03:00:00+00:00,-0.4777134714136958
2021-02-12 04:00:00+00:00,-0.0
2021-02-12 05:00:00+00:00,-0.0
2021-02-12 06:00:00+00:00,-0.0
2021-02-12 07:00:00+00:00,-0.0
2021-02-12 08:00:00+00:00,-0.0
2021-02-12 09:00:00+00:00,-0.0
2021-02-12 10:00:00+00:00,-0.0
2021-02-12 11:00:00+00:00,-0.0
2021-02-12 12:00:00+00:00,-0.0
2021-02-12 13:00:00+00:00,-0.0
2021-02-12 14:00:00+00:00,-0.0
2021-02-12 15:00:00+00:00,-0.0
2021-02-12 16:00:00+00:00,-0.0
2021-02-12 17:00:00+00:00,-0.0
2021-02-12 18:00:00+00:00,-0.0
2021-02-12 19:00:00+00:00,-0.0
2021-02-12 20:00:00+00:00,-0.0
2021-02-12 21:00:00+00:00,-1.0078199298887291
2021-02-12 22:00:00+00:00,0.0
2021-02-12 23:00:00+00:00,0.0
2021-02-13 00:00:00+00:00,0.0
2021-02-13 01:00:00+00:00,0.0
2021-02-13 02:00:00+00:00,0.0
2021-02-13 03:00:00+00:00,0.0
2021-02-13 04:00:00+00:00,0.0
2021-02-13 05:00:00+00:00,0.0
2021-02-13 06:00:00+00:00,0.0
2021-02-13 07:00:00+00:00,-57.472976881068426
2021-02-13 08:00:00+00:00,-0.0
2021-02-13 09:00:00+00:00,-0.0
2021-02-13 10:00:00+00:00,-0.0
2021-02-13 11:00:00+00:00,0.6626670264580732
2021-02-13 12:00:00+00:00,-0.0
2021-02-13 13:00:00+00:00,-0.0
2021-02-13 14:00:00+00:00,-0.0
2021-02-13 15:00:00+00:00,-0.0
2021-02-13 16:00:00+00:00,-0.0
2021-02-13 17:00:00+00:00,-0.0
2021-02-13 18:00:00+00:00,-0.0
2021-02-13 19:00:00+00:00,-0.0
2021-02-13 20:00:00+00:00,-0.0
2021-02-13 21:00:00+00:00,-0.0
2021-02-13 22:00:00+00:00,0.26380162756805675
2021-02-13 23:00:00+00:00,-0.0
2021-02-14 00:00:00+00:00,-0.0
2021-02-14 01:00:00+00:00,-0.0
2021-02-14 02:00:00+00:00,-0.0
2021-02-14 03:00:00+00:00,-0.0
2021-02-14 04:00:00+00:00,-0.0
2021-02-14 05:00:00+00:00,-0.0
2021-02-14 06:00:00+00:00,-0.0
2021-02-14 07:00:00+00:00,-0.0
2021-02-14 08:00:00+00:00,-0.0
2021-02-14 09:00:00+00:00,-0.0
2021-02-14 10:00:00+00:00,-0.0
2021-02-14 11:00:00+00:00,-0.0
2021-02-14 12:00:00+00:00,-0.0
2021-02-14 13:00:00+00:00,-0.0
2021-02-14 14:00:00+00:00,0.45696627575019627
2021-02-14 15:00:00+00:00,-0.0
2021-02-14 16:00:00+00:00,-0.0
2021-02-14 17:00:00+00:00,-0.0
2021-02-14 18:00:00+00:00,-0.0
2021-02-14 19:00:00+00:00,-0.0
2021-02-14 20:00:00+00:00,-0.0
2021-02-14 21:00:00+00:00,-0.0
2021-02-14 22:00:00+00:00,-0.0
2021-02-14 23:00:00+00:00,-0.0
2021-02-15 00:00:00+00:00,-0.0
2021-02-15 01:00:00+00:00,0.37855565179084993
2021-02-15 02:00:00+00:00,-0.0
2021-02-15 03:00:00+00:00,-0.0
2021-02-15 04:00:00+00:00,-0.0
2021-02-15 05:00:00+00:00,-0.0
2021-02-15 06:00:00+00:00,-0.0
2021-02-15 07:00:00+00:00,-0.0
2021-02-15 08:00:00+00:00,-0.0
2021-02-15 09:00:00+00:00,-0.0
2021-02-15 10:00:00+00:00,-0.0
2021-02-15 11:00:00+00:00,-0.0
2021-02-15 12:00:00+00:00,-0.0
2021-02-15 13:00:00+00:00,-0.0
2021-02-15 14:00:00+00:00,-0.0
2021-02-15 15:00:00+00:00,-0.0
2021-02-15 16:00:00+00:00,-0.0
2021-02-15 17:00:00+00:00,-0.0
2021-02-15 18:00:00+00:00,-0.0
2021-02-15 19:00:00+00:00,-0.7202791617831268
2021-02-15 20:00:00+00:00,-0.0
2021-02-15 21:00:00+00:00,-0.0
2021-02-15 22:00:00+00:00,0.015334001018911456
2021-02-15 23:00:00+00:00,-0.0
2021-02-16 00:00:00+00:00,-0.0
2021-02-16 01:00:00+00:00,-0.0
2021-02-16 02:00:00+00:00,-0.0
2021-02-16 03:00:00+00:00,-0.0
2021-02-16 04:00:00+00:00,-0.0
2021-02-16 05:00:00+00:00,-0.0
2021-02-16 06:00:00+00:00,-0.0
2021-02-16 07:00:00+00:00,-0.0
2021-02-16 08:00:00+00:00,-0.0
2021-02-16 09:00:00+00:00,-0.0
2021-02-16 10:00:00+00:00,-0.0
2021-02-16 11:00:00+00:00,-0.0
2021-02-16 12:00:00+00:00,-0.0
2021-02-16 13:00:00+00:00,-0.0
2021-02-16 14:00:00+00:00,-0.0
2021-02-16 15:00:00+00:00,-0.0
2021-02-16 16:00:00+00:00,-0.0
2021-02-16 17:00:00+00:00,-0.0
2021-02-16 18:00:00+00:00,-0.0
2021-02-16 19:00:00+00:00,-0.0
2021-02-16 20:00:00+00:00,-0.0
2021-02-16 21:00:00+00:00,-0.0
2021-02-16 22:00:00+00:00,-0.0
2021-02-16 23:00:00+00:00,-0.0
2021-02-17 00:00:00+00:00,-0.0
2021-02-17 01:00:00+00:00,-0.0
2021-02-17 02:00:00+00:00,-0.0
2021-02-17 03:00:00+00:00,-0.0
2021-02-17 04:00:00+00:00,1.3108845480474836
2021-02-17 05:00:00+00:00,-0.0
2021-02-17 06:00:00+00:00,-0.0
2021-02-17 07:00:00+00:00,-0.0
2021-02-17 08:00:00+00:00,-0.0
2021-02-17 09:00:00+00:00,-0.0
2021-02-17 10:00:00+00:00,-0.0
2021-02-17 11:00:00+00:00,-0.0
2021-02-17 12:00:00+00:00,-0.0
2021-02-17 13:00:00+00:00,-0.0
2021-02-17 14:00:00+00:00,-0.0
2021-02-17 15:00:00+00:00,-0.0
2021-02-17 16:00:00+00:00,-0.0
2021-02-17 17:00:00+00:00,-0.0
2021-02-17 18:00:00+00:00,-0.0
2021-02-17 19:00:00+00:00,-0.0
2021-02-17 20:00:00+00:00,-0.0
2021-02-17 21:00:00+00:00,-0.0
2021-02-17 22:00:00+00:00,-0.0
2021-02-17 23:00:00+00:00,-0.0
2021-02-18 00:00:00+00:00,-0.0
2021-02-18 01:00:00+00:00,-0.0
2021-02-18 02:00:00+00:00,-0.0
2021-02-18 03:00:00+00:00,-0.0
2021-02-18 04:00:00+00:00,-0.0
2021-02-18 05:00:00+00:00,-0.0
2021-02-18 06:00:00+00:00,-0.0
2021-02-18 07:00:00+00:00,-0.0
2021-02-18 08:00:00+00:00,-0.0
2021-02-18 09:00:00+00:00,-0.0
2021-02-18 10:00:00+00:00,-0.0
2021-02-18 11:00:00+00:00,-0.0
2021-02-18 12:00:00+00:00,-0.0
2021-02-18 13:00:00+00:00,-0.0
2021-02-18 14:00:00+00:00,-0.0
2021-02-18 15:00:00+00:00,-0.0
2021-02-18 16:00:00+00:00,-0.0
2021-02-18 17:00:00+00:00,-0.0
2021-02-18 18:00:00+00:00,-0.0
2021-02-18 19:00:00+00:00,-0.0
2021-02-18 20:00:00+00:00,-0.0
2021-02-18 21:00:00+00:00,-0.0
2021-02-18 22:00:00+00:00,-0.0
2021-02-18 23:00:00+00:00,-0.0
2021-02-19 00:00:00+00:00,-0.0
2021-02-19 01:00:00+00:00,-0.0
2021-02-19 02:00:00+00:00,-0.0
2021-02-19 03:00:00+00:00,-0.0
2021-02-19 04:00:00+00:00,-0.0
2021-02-19 05:00:00+00:00,-0.0
2021-02-19 06:00:00+00:00,-0.0
2021-02-19 07:00:00+00:00,-0.0
2021-02-19 08:00:00+00:00,-0.0
2021-02-19 09:00:00+00:00,-0.0
2021-02-19 10:00:00+00:00,-0.0
2021-02-19 11:00:00+00:00,-0.0
2021-02-19 12:00:00+00:00,-0.0
2021-02-19 13:00:00+00:00,-0.0
2021-02-19 14:00:00+00:00,-0.0
2021-02-19 15:00:00+00:00,-0.0
2021-02-19 16:00:00+00:00,-0.0
2021-02-19 17:00:00+00:00,-0.0
2021-02-19 18:00:00+00:00,-0.0
2021-02-19 19:00:00+00:00,-0.0
2021-02-19 20:00:00+00:00,-0.0
2021-02-19 21:00:00+00:00,-0.0
2021-02-19 22:00:00+00:00,-0.0
2021-02-19 23:00:00+00:00,-0.0
2021-02-20 00:00:00+00:00,-0.0
2021-02-20 01:00:00+00:00,-0.0
2021-02-20 02:00:00+00:00,-0.0
2021-02-20 03:00:00+00:00,-0.0
2021-02-20 04:00:00+00:00,-0.0
2021-02-20 05:00:00+00:00,-0.0
2021-02-20 06:00:00+00:00,-0.0
2021-02-20 07:00:00+00:00,-0.0
2021-02-20 08:00:00+00:00,-0.0
2021-02-20 09:00:00+00:00,-0.0
2021-02-20 10:00:00+00:00,-0.0
2021-02-20 11:00:00+00:00,-0.0
2021-02-20 12:00:00+00:00,-0.0
2021-02-20 13:00:00+00:00,-0.0
2021-02-20 14:00:00+00:00,-0.0
2021-02-20 15:00:00+00:00,-0.0
2021-02-20 16:00:00+00:00,-0.0
2021-02-20 17:00:00+00:00,-0.0
2021-02-20 18:00:00+00:00,-0.0
2021-02-20 19:00:00+00:00,-0.0
2021-02-20 20:00:00+00:00,-0.0
2021-02-20 21:00:00+00:00,-0.0
2021-02-20 22:00:00+00:00,0.40734541366510424
2021-02-20 23:00:00+00:00,-0.0
2021-02-21 00:00:00+00:00,-0.0
2021-02-21 01:00:00+00:00,-0.0
2021-02-21 02:00:00+00:00,-0.0
2021-02-21 03:00:00+00:00,-0.0
2021-02-21 04:00:00+00:00,-0.0
2021-02-21 05:00:00+00:00,-0.0
2021-02-21 06:00:00+00:00,-0.0
2021-02-21 07:00:00+00:00,-0.0
2021-02-21 08:00:00+00:00,-0.0
2021-02-21 09:00:00+00:00,-0.0
2021-02-21 10:00:00+00:00,-0.0
2021-02-21 11:00:00+00:00,-0.0
2021-02-21 12:00:00+00:00,-0.0
2021-02-21 13:00:00+00:00,-0.0
2021-02-21 14:00:00+00:00,-0.0
2021-02-21 15:00:00+00:00,-0.0
2021-02-21 16:00:00+00:00,-0.0
2021-02-21 17:00:00+00:00,-0.0
2021-02-21 18:00:00+00:00,-0.0
2021-02-21 19:00:00+00:00,-0.0
2021-02-21 20:00:00+00:00,-0.0
2021-02-21 21:00:00+00:00,-0.0
2021-02-21 22:00:00+00:00,-0.0
2021-02-21 23:00:00+00:00,-0.0
2021-02-22 00:00:00+00:00,-0.0
2021-02-22 01:00:00+00:00,-0.0
2021-02-22 02:00:00+00:00,-0.0
2021-02-22 03:00:00+00:00,-0.0
2021-02-22 04:00:00+00:00,-0.0
2021-02-22 05:00:00+00:00,-0.0
2021-02-22 06:00:00+00:00,-0.0
2021-02-22 07:00:00+00:00,-0.0
2021-02-22 08:00:00+00:00,-0.0
2021-02-22 09:00:00+00:00,-0.0
2021-02-22 10:00:00+00:00,-0.0
2021-02-22 11:00:00+00:00,-0.0
2021-02-22 12:00:00+00:00,-0.0
2021-02-22 13:00:00+00:00,-0.0
2021-02-22 14:00:00+00:00,-0.0
2021-02-22 15:00:00+00:00,-0.0
2021-02-22 16:00:00+00:00,-0.0
2021-02-22 17:00:00+00:00,-0.0
2021-02-22 18:00:00+00:00,-0.0
2021-02-22 19:00:00+00:00,-0.0
2021-02-22 20:00:00+00:00,-0.0
2021-02-22 21:00:00+00:00,-0.0
2021-02-22 22:00:00+00:00,-0.0
2021-02-22 23:00:00+00:00,-0.0
2021-02-23 00:00:00+00:00,-0.0
2021-02-23 01:00:00+00:00,-0.0
2021-02-23 02:00:00+00:00,-0.0
2021-02-23 03:00:00+00:00,-0.0
2021-02-23 04:00:00+00:00,-0.0
2021-02-23 05:00:00+00:00,0.23328655478476892
2021-02-23 06:00:00+00:00,-0.0
2021-02-23 07:00:00+00:00,-0.0
2021-02-23 08:00:00+00:00,-0.0
2021-02-23 09:00:00+00:00,-0.0
2021-02-23 10:00:00+00:00,-0.0
2021-02-23 11:00:00+00:00,-0.0
2021-02-23 12:00:00+00:00,-0.0
2021-02-23 13:00:00+00:00,-0.0
2021-02-23 14:00:00+00:00,-0.0
2021-02-23 15:00:00+00:00,-0.0
2021-02-23 16:00:00+00:00,-0.0
2021-02-23 17:00:00+00:00,-0.0
2021-02-23 18:00:00+00:00,-0.0
2021-02-23 19:00:00+00:00,-0.0
2021-02-23 20:00:00+00:00,-0.0
2021-02-23 21:00:00+00:00,-0.0
2021-02-23 22:00:00+00:00,-0.0
2021-02-23 23:00:00+00:00,-0.0
2021-02-24 00:00:00+00:00,-0.0
2021-02-24 01:00:00+00:00,-0.0
2021-02-24 02:00:00+00:00,-0.0
2021-02-24 03:00:00+00:00,-0.0
2021-02-24 04:00:00+00:00,-0.0
2021-02-24 05:00:00+00:00,-0.0
2021-02-24 06:00:00+00:00,-0.0
2021-02-24 07:00:00+00:00,-0.0
2021-02-24 08:00:00+00:00,-0.0
2021-02-24 09:00:00+00:00,-0.0
2021-02-24 10:00:00+00:00,-0.0
2021-02-24 11:00:00+00:00,-0.0
2021-02-24 12:00:00+00:00,-0.0
2021-02-24 13:00:00+00:00,-0.0
2021-02-24 14:00:00+00:00,-0.0
2021-02-24 15:00:00+00:00,-0.0
2021-02-24 16:00:00+00:00,-0.0
2021-02-24 17:00:00+00:00,-0.0
2021-02-24 18:00:00+00:00,-0.0
2021-02-24 19:00:00+00:00,-0.0
2021-02-24 20:00:00+00:00,-0.0
2021-02-24 21:00:00+00:00,-0.0
2021-02-24 22:00:00+00:00,-0.0
2021-02-24 23:00:00+00:00,-0.0
2021-02-25 00:00:00+00:00,-0.0
2021-02-25 01:00:00+00:00,-0.0
2021-02-25 02:00:00+00:00,-0.0
2021-02-25 03:00:00+00:00,-0.0
2021-02-25 04:00:00+00:00,-0.0
2021-02-25 05:00:00+00:00,-0.0
2021-02-25 06:00:00+00:00,-0.0
2021-02-25 07:00:00+00:00,-0.0
2021-02-25 08:00:00+00:00,-0.0
2021-02-25 09:00:00+00:00,-0.0
2021-02-25 10:00:00+00:00,-0.0
2021-02-25 11:00:00+00:00,-0.0
2021-02-25 12:00:00+00:00,-0.0
2021-02-25 13:00:00+00:00,-0.0
2021-02-25 14:00:00+00:00,-0.0
2021-02-25 15:00:00+00:00,-0.0
2021-02-25 16:00:00+00:00,-0.0
2021-02-25 17:00:00+00:00,-0.0
2021-02-25 18:00:00+00:00,-0.0
2021-02-25 19:00:00+00:00,-0.0
2021-02-25 20:00:00+00:00,-0.0
2021-02-25 21:00:00+00:00,-0.0
2021-02-25 22:00:00+00:00,-0.0
2021-02-25 23:00:00+00:00,-0.0
2021-02-26 00:00:00+00:00,-0.0
2021-02-26 01:00:00+00:00,-0.0
2021-02-26 02:00:00+00:00,-0.0
2021-02-26 03:00:00+00:00,-0.0
2021-02-26 04:00:00+00:00,-0.0
2021-02-26 05:00:00+00:00,-0.0
2021-02-26 06:00:00+00:00,-0.0
2021-02-26 07:00:00+00:00,-0.0
2021-02-26 08:00:00+00:00,-0.0
2021-02-26 09:00:00+00:00,-0.0
2021-02-26 10:00:00+00:00,-0.0
2021-02-26 11:00:00+00:00,-0.0
2021-02-26 12:00:00+00:00,-0.0
2021-02-26 13:00:00+00:00,-0.0
2021-02-26 14:00:00+00:00,-0.0
2021-02-26 15:00:00+00:00,-0.0
2021-02-26 16:00:00+00:00,-0.0
2021-02-26 17:00:00+00:00,-0.0
2021-02-26 18:00:00+00:00,-0.0
2021-02-26 19:00:00+00:00,-0.0
2021-02-26 20:00:00+00:00,-0.0
2021-02-26 21:00:00+00:00,-0.0
2021-02-26 22:00:00+00:00,-0.0
2021-02-26 23:00:00+00:00,-0.0
2021-02-27 00:00:00+00:00,-0.0
2021-02-27 01:00:00+00:00,-0.0
2021-02-27 02:00:00+00:00,-0.0
2021-02-27 03:00:00+00:00,-0.0
2021-02-27 04:00:00+00:00,-0.0
2021-02-27 05:00:00+00:00,-0.0
2021-02-27 06:00:00+00:00,-0.0
2021-02-27 07:00:00+00:00,-0.0
2021-02-27 08:00:00+00:00,-0.0
2021-02-27 09:00:00+00:00,-0.0
2021-02-27 10:00:00+00:00,-0.0
2021-02-27 11:00:00+00:00,-0.0
2021-02-27 12:00:00+00:00,-0.0
2021-02-27 13:00:00+00:00,-0.0
2021-02-27 14:00:00+00:00,-0.0
2021-02-27 15:00:00+00:00,-0.0
2021-02-27 16:00:00+00:00,-0.0
2021-02-27 17:00:00+00:00,-0.0
2021-02-27 18:00:00+00:00,-0.0
2021-02-27 19:00:00+00:00,-0.0
2021-02-27 20:00:00+00:00,-0.0
2021-02-27 21:00:00+00:00,-0.0
2021-02-27 22:00:00+00:00,-0.0
2021-02-27 23:00:00+00:00,0.13221735977298082
2021-02-28 00:00:00+00:00,-0.0
2021-02-28 01:00:00+00:00,-0.0
2021-02-28 02:00:00+00:00,-0.0
2021-02-28 03:00:00+00:00,-0.0
2021-02-28 04:00:00+00:00,-0.0
2021-02-28 05:00:00+00:00,-0.0
2021-02-28 06:00:00+00:00,-0.0
2021-02-28 07:00:00+00:00,-0.0
2021-02-28 08:00:00+00:00,-0.0
2021-02-28 09:00:00+00:00,-0.0
2021-02-28 10:00:00+00:00,-0.0
2021-02-28 11:00:00+00:00,-0.0
2021-02-28 12:00:00+00:00,-0.0
2021-02-28 13:00:00+00:00,-0.0
2021-02-28 14:00:00+00:00,-0.0
2021-02-28 15:00:00+00:00,-0.0
2021-02-28 16:00:00+00:00,-0.0
2021-02-28 17:00:00+00:00,-0.0
2021-02-28 18:00:00+00:00,-0.0
2021-02-28 19:00:00+00:00,-0.0
2021-02-28 20:00:00+00:00,-0.0
2021-02-28 21:00:00+00:00,-0.0
2021-02-28 22:00:00+00:00,-0.0
2021-02-28 23:00:00+00:00,-0.0
2021-03-01 00:00:00+00:00,-0.0
2021-03-01 01:00:00+00:00,-0.0
2021-03-01 02:00:00+00:00,-0.0
2021-03-01 03:00:00+00:00,-0.0
2021-03-01 04:00:00+00:00,-0.0
2021-03-01 05:00:00+00:00,-0.0
2021-03-01 06:00:00+00:00,-0.0
2021-03-01 07:00:00+00:00,-0.0
2021-03-01 08:00:00+00:00,-0.0
2021-03-01 09:00:00+00:00,-0.0
2021-03-01 10:00:00+00:00,-0.0
2021-03-01 11:00:00+00:00,-0.0
2021-03-01 12:00:00+00:00,-0.0
2021-03-01 13:00:00+00:00,-0.0
2021-03-01 14:00:00+00:00,-0.0
2021-03-01 15:00:00+00:00,-0.0
2021-03-01 16:00:00+00:00,-0.0
2021-03-01 17:00:00+00:00,-0.0
2021-03-01 18:00:00+00:00,-0.0
2021-03-01 19:00:00+00:00,-0.0
2021-03-01 20:00:00+00:00,-0.0
2021-03-01 21:00:00+00:00,-0.0
2021-03-01 22:00:00+00:00,-0.0
2021-03-01 23:00:00+00:00,-0.0
2021-03-02 00:00:00+00:00,-0.0
2021-03-02 01:00:00+00:00,-0.0
2021-03-02 02:00:00+00:00,-0.0
2021-03-02 03:00:00+00:00,-0.0
2021-03-02 04:00:00+00:00,-0.0
2021-03-02 05:00:00+00:00,-0.0
2021-03-02 06:00:00+00:00,-0.0
2021-03-02 07:00:00+00:00,-0.0
2021-03-02 08:00:00+00:00,-0.0
2021-03-02 09:00:00+00:00,-0.0
2021-03-02 10:00:00+00:00,-0.0
2021-03-02 11:00:00+00:00,-0.0
2021-03-02 12:00:00+00:00,-0.0
2021-03-02 13:00:00+00:00,-0.0
2021-03-02 14:00:00+00:00,-0.0
2021-03-02 15:00:00+00:00,-0.0
2021-03-02 16:00:00+00:00,-0.0
2021-03-02 17:00:00+00:00,-0.0
2021-03-02 18:00:00+00:00,-0.0
2021-03-02 19:00:00+00:00,-0.0
2021-03-02 20:00:00+00:00,-0.0
2021-03-02 21:00:00+00:00,-0.0
2021-03-02 22:00:00+00:00,-0.0
2021-03-02 23:00:00+00:00,-0.0
2021-03-03 00:00:00+00:00,-0.0
2021-03-03 01:00:00+00:00,-0.0
2021-03-03 02:00:00+00:00,-0.0
2021-03-03 03:00:00+00:00,-0.0
2021-03-03 04:00:00+00:00,-0.0
2021-03-03 05:00:00+00:00,-0.0
2021-03-03 06:00:00+00:00,-0.0
2021-03-03 07:00:00+00:00,-0.0
2021-03-03 08:00:00+00:00,-0.0
2021-03-03 09:00:00+00:00,-0.0
2021-03-03 10:00:00+00:00,-0.0
2021-03-03 11:00:00+00:00,-0.0
2021-03-03 12:00:00+00:00,-0.0
2021-03-03 13:00:00+00:00,-0.0
2021-03-03 14:00:00+00:00,-0.0
2021-03-03 15:00:00+00:00,-0.0
2021-03-03 16:00:00+00:00,-0.0
2021-03-03 17:00:00+00:00,-0.0
2021-03-03 18:00:00+00:00,-0.0
2021-03-03 19:00:00+00:00,-0.0
2021-03-03 20:00:00+00:00,-0.3195869606475324
2021-03-03 21:00:00+00:00,-0.0
2021-03-03 22:00:00+00:00,-0.0
2021-03-03 23:00:00+00:00,-0.0
2021-03-04 00:00:00+00:00,-0.0
2021-03-04 01:00:00+00:00,-0.0
2021-03-04 02:00:00+00:00,-0.0
2021-03-04 03:00:00+00:00,-0.0
2021-03-04 04:00:00+00:00,-0.0
2021-03-04 05:00:00+00:00,-0.0
2021-03-04 06:00:00+00:00,-0.0
2021-03-04 07:00:00+00:00,-0.0
2021-03-04 08:00:00+00:00,-0.0
2021-03-04 09:00:00+00:00,-0.0
2021-03-04 10:00:00+00:00,-0.0
2021-03-04 11:00:00+00:00,-0.0
2021-03-04 12:00:00+00:00,-0.0
2021-03-04 13:00:00+00:00,-0.0
2021-03-04 14:00:00+00:00,-0.0
2021-03-04 15:00:00+00:00,-0.0
2021-03-04 16:00:00+00:00,-0.0
2021-03-04 17:00:00+00:00,-0.0
2021-03-04 18:00:00+00:00,-0.0
2021-03-04 19:00:00+00:00,-0.0
2021-03-04 20:00:00+00:00,-0.0
2021-03-04 21:00:00+00:00,-0.0
2021-03-04 22:00:00+00:00,-0.0
2021-03-04 23:00:00+00:00,-0.0
2021-03-05 00:00:00+00:00,-0.0
2021-03-05 01:00:00+00:00,-0.0
2021-03-05 02:00:00+00:00,-0.0
2021-03-05 03:00:00+00:00,-0.0
2021-03-05 04:00:00+00:00,-0.0
2021-03-05 05:00:00+00:00,-0.0
2021-03-05 06:00:00+00:00,-0.0
2021-03-05 07:00:00+00:00,-0.0
2021-03-05 08:00:00+00:00,-0.0
2021-03-05 09:00:00+00:00,-0.0
2021-03-05 10:00:00+00:00,-0.0
2021-03-05 11:00:00+00:00,-0.0
2021-03-05 12:00:00+00:00,-0.0
2021-03-05 13:00:00+00:00,-0.0
2021-03-05 14:00:00+00:00,-0.0
2021-03-05 15:00:00+00:00,-0.0
2021-03-05 16:00:00+00:00,-0.0
2021-03-05 17:00:00+00:00,-0.0
2021-03-05 18:00:00+00:00,-0.0
2021-03-05 19:00:00+00:00,-0.0
2021-03-05 20:00:00+00:00,-0.0
2021-03-05 21:00:00+00:00,-0.0
2021-03-05 22:00:00+00:00,-0.0
2021-03-05 23:00:00+00:00,-0.0
2021-03-06 00:00:00+00:00,-0.0
2021-03-06 01:00:00+00:00,-0.0
2021-03-06 03:00:00+00:00,-0.0
2021-03-06 04:00:00+00:00,-0.0
2021-03-06 05:00:00+00:00,-0.0
2021-03-06 06:00:00+00:00,-0.0
2021-03-06 07:00:00+00:00,-0.0
2021-03-06 08:00:00+00:00,-0.0
2021-03-06 09:00:00+00:00,-0.0
2021-03-06 10:00:00+00:00,-0.0
2021-03-06 11:00:00+00:00,-0.0
2021-03-06 12:00:00+00:00,-0.0
2021-03-06 13:00:00+00:00,-0.0
2021-03-06 14:00:00+00:00,-0.0
2021-03-06 15:00:00+00:00,-0.0
2021-03-06 16:00:00+00:00,-0.0
2021-03-06 17:00:00+00:00,-0.0
2021-03-06 18:00:00+00:00,-0.0
2021-03-06 19:00:00+00:00,-0.0
2021-03-06 20:00:00+00:00,-0.0
2021-03-06 21:00:00+00:00,-0.0
2021-03-06 22:00:00+00:00,-0.0
2021-03-06 23:00:00+00:00,-0.0
2021-03-07 00:00:00+00:00,-0.0
2021-03-07 01:00:00+00:00,-0.0
2021-03-07 02:00:00+00:00,-0.0
2021-03-07 03:00:00+00:00,-0.0
2021-03-07 04:00:00+00:00,-0.0
2021-03-07 05:00:00+00:00,-0.0
2021-03-07 06:00:00+00:00,-0.0
2021-03-07 07:00:00+00:00,-0.0
2021-03-07 08:00:00+00:00,-0.0
2021-03-07 09:00:00+00:00,-0.0
2021-03-07 10:00:00+00:00,-0.0
2021-03-07 11:00:00+00:00,-0.0
2021-03-07 12:00:00+00:00,-0.0
2021-03-07 13:00:00+00:00,-0.0
2021-03-07 14:00:00+00:00,-0.0
2021-03-07 15:00:00+00:00,-0.0
2021-03-07 16:00:00+00:00,-0.0
2021-03-07 17:00:00+00:00,-0.0
2021-03-07 18:00:00+00:00,-0.0
2021-03-07 19:00:00+00:00,-0.0
2021-03-07 20:00:00+00:00,-0.0
2021-03-07 21:00:00+00:00,-0.0
2021-03-07 22:00:00+00:00,-0.0
2021-03-07 23:00:00+00:00,-0.0
2021-03-08 00:00:00+00:00,-0.0
2021-03-08 01:00:00+00:00,-0.0
2021-03-08 02:00:00+00:00,-0.0
2021-03-08 03:00:00+00:00,-0.0
2021-03-08 04:00:00+00:00,-0.0
2021-03-08 05:00:00+00:00,-0.0
2021-03-08 06:00:00+00:00,-0.0
2021-03-08 07:00:00+00:00,-0.0
2021-03-08 08:00:00+00:00,-0.0
2021-03-08 09:00:00+00:00,-0.0
2021-03-08 10:00:00+00:00,-0.0
2021-03-08 11:00:00+00:00,-0.0
2021-03-08 12:00:00+00:00,-0.0
2021-03-08 13:00:00+00:00,-0.0
2021-03-08 14:00:00+00:00,-0.0
2021-03-08 15:00:00+00:00,-0.0
2021-03-08 16:00:00+00:00,-0.0
2021-03-08 17:00:00+00:00,-0.0
2021-03-08 18:00:00+00:00,-0.0
2021-03-08 19:00:00+00:00,-0.0
2021-03-08 20:00:00+00:00,-0.0
2021-03-08 21:00:00+00:00,-0.0
2021-03-08 22:00:00+00:00,-0.0
2021-03-08 23:00:00+00:00,-0.0
2021-03-09 00:00:00+00:00,-0.0
2021-03-09 01:00:00+00:00,-0.0
2021-03-09 02:00:00+00:00,-0.0
2021-03-09 03:00:00+00:00,-0.0
2021-03-09 04:00:00+00:00,-0.0
2021-03-09 05:00:00+00:00,-0.0
2021-03-09 06:00:00+00:00,-0.0
2021-03-09 07:00:00+00:00,-0.0
2021-03-09 08:00:00+00:00,-0.0
2021-03-09 09:00:00+00:00,-0.0
2021-03-09 10:00:00+00:00,-0.0
2021-03-09 11:00:00+00:00,-0.0
2021-03-09 12:00:00+00:00,-0.0
2021-03-09 13:00:00+00:00,-0.0
2021-03-09 14:00:00+00:00,-0.0
2021-03-09 15:00:00+00:00,-0.0
2021-03-09 16:00:00+00:00,-0.0
2021-03-09 17:00:00+00:00,-0.0
2021-03-09 18:00:00+00:00,-0.0
2021-03-09 19:00:00+00:00,-0.0
2021-03-09 20:00:00+00:00,-0.0
2021-03-09 21:00:00+00:00,-0.0
2021-03-09 22:00:00+00:00,-0.0
2021-03-09 23:00:00+00:00,-0.0
2021-03-10 00:00:00+00:00,-0.0
2021-03-10 01:00:00+00:00,-0.0
2021-03-10 02:00:00+00:00,-0.0
2021-03-10 03:00:00+00:00,-0.0
2021-03-10 04:00:00+00:00,-0.0
2021-03-10 05:00:00+00:00,-0.0
2021-03-10 06:00:00+00:00,-0.0
2021-03-10 07:00:00+00:00,-0.0
2021-03-10 08:00:00+00:00,-0.0
2021-03-10 09:00:00+00:00,-0.0
2021-03-10 10:00:00+00:00,-0.0
2021-03-10 11:00:00+00:00,-0.0
2021-03-10 12:00:00+00:00,-0.0
2021-03-10 13:00:00+00:00,-0.0
2021-03-10 14:00:00+00:00,-0.0
2021-03-10 15:00:00+00:00,-0.0
2021-03-10 16:00:00+00:00,-0.0
2021-03-10 17:00:00+00:00,-0.0
2021-03-10 18:00:00+00:00,-0.0
2021-03-10 19:00:00+00:00,-0.0
2021-03-10 20:00:00+00:00,-0.0
2021-03-10 21:00:00+00:00,-0.0
2021-03-10 22:00:00+00:00,-0.0
2021-03-10 23:00:00+00:00,-0.0
2021-03-11 00:00:00+00:00,-0.0
2021-03-11 01:00:00+00:00,-0.0
2021-03-11 02:00:00+00:00,-0.0
2021-03-11 03:00:00+00:00,-0.0
2021-03-11 04:00:00+00:00,-0.0
2021-03-11 05:00:00+00:00,-0.0
2021-03-11 06:00:00+00:00,-0.0
2021-03-11 07:00:00+00:00,-0.0
2021-03-11 08:00:00+00:00,-0.0
2021-03-11 09:00:00+00:00,-0.0
2021-03-11 10:00:00+00:00,-0.0
2021-03-11 11:00:00+00:00,-0.0
2021-03-11 12:00:00+00:00,-0.0
2021-03-11 13:00:00+00:00,-0.0
2021-03-11 14:00:00+00:00,-0.0
2021-03-11 15:00:00+00:00,-0.0
2021-03-11 16:00:00+00:00,-0.0
2021-03-11 17:00:00+00:00,-0.0
2021-03-11 18:00:00+00:00,-0.0
2021-03-11 19:00:00+00:00,-0.0
2021-03-11 20:00:00+00:00,-0.0
2021-03-11 21:00:00+00:00,-0.0
2021-03-11 22:00:00+00:00,-0.0
2021-03-11 23:00:00+00:00,-0.0
2021-03-12 00:00:00+00:00,0.1447748347079098
2021-03-12 01:00:00+00:00,-0.0
2021-03-12 02:00:00+00:00,-0.0
2021-03-12 03:00:00+00:00,-0.0
2021-03-12 04:00:00+00:00,-0.0
2021-03-12 05:00:00+00:00,-0.0
2021-03-12 06:00:00+00:00,-0.0
2021-03-12 07:00:00+00:00,-0.0
2021-03-12 08:00:00+00:00,-0.0
2021-03-12 09:00:00+00:00,-0.0
2021-03-12 10:00:00+00:00,-0.0
2021-03-12 11:00:00+00:00,-0.0
2021-03-12 12:00:00+00:00,-0.0
2021-03-12 13:00:00+00:00,0.2049823548375561
2021-03-12 14:00:00+00:00,-0.0
2021-03-12 15:00:00+00:00,-0.0
2021-03-12 16:00:00+00:00,-0.0
2021-03-12 17:00:00+00:00,-0.0
2021-03-12 18:00:00+00:00,-0.0
2021-03-12 19:00:00+00:00,-0.0
2021-03-12 20:00:00+00:00,-0.0
2021-03-12 21:00:00+00:00,-0.0
2021-03-12 22:00:00+00:00,-0.0
2021-03-12 23:00:00+00:00,-0.0
2021-03-13 00:00:00+00:00,-0.0
2021-03-13 01:00:00+00:00,-0.0
2021-03-13 02:00:00+00:00,-0.0
2021-03-13 03:00:00+00:00,-0.0
2021-03-13 04:00:00+00:00,-0.0
2021-03-13 05:00:00+00:00,-0.0
2021-03-13 06:00:00+00:00,-0.0
2021-03-13 07:00:00+00:00,-0.0
2021-03-13 08:00:00+00:00,-0.0
2021-03-13 09:00:00+00:00,-0.0
2021-03-13 10:00:00+00:00,-0.0
2021-03-13 11:00:00+00:00,-0.0
2021-03-13 12:00:00+00:00,-0.0
2021-03-13 13:00:00+00:00,-0.0
2021-03-13 14:00:00+00:00,-0.0
2021-03-13 15:00:00+00:00,-0.0
2021-03-13 16:00:00+00:00,-0.0
2021-03-13 17:00:00+00:00,-0.0
2021-03-13 18:00:00+00:00,-0.0
2021-03-13 19:00:00+00:00,-0.0
2021-03-13 20:00:00+00:00,-0.0
2021-03-13 21:00:00+00:00,-0.0
2021-03-13 22:00:00+00:00,-0.0
2021-03-13 23:00:00+00:00,-0.0
2021-03-14 00:00:00+00:00,-0.0
2021-03-14 01:00:00+00:00,-0.0
2021-03-14 02:00:00+00:00,-0.0
2021-03-14 03:00:00+00:00,-0.0
2021-03-14 04:00:00+00:00,-0.0
2021-03-14 05:00:00+00:00,-0.0
2021-03-14 06:00:00+00:00,-0.0
2021-03-14 07:00:00+00:00,-0.0
2021-03-14 08:00:00+00:00,-0.0
2021-03-14 09:00:00+00:00,-0.0
2021-03-14 10:00:00+00:00,-0.0
2021-03-14 11:00:00+00:00,-0.0
2021-03-14 12:00:00+00:00,-0.0
2021-03-14 13:00:00+00:00,-0.0
2021-03-14 14:00:00+00:00,-0.0
2021-03-14 15:00:00+00:00,-0.0
2021-03-14 16:00:00+00:00,-0.0
2021-03-14 17:00:00+00:00,-0.0
2021-03-14 18:00:00+00:00,-0.0
2021-03-14 19:00:00+00:00,-0.0
2021-03-14 20:00:00+00:00,-0.0
2021-03-14 21:00:00+00:00,-0.0
2021-03-14 22:00:00+00:00,-0.0
2021-03-14 23:00:00+00:00,-0.0
2021-03-15 00:00:00+00:00,-0.0
2021-03-15 01:00:00+00:00,-0.0
2021-03-15 02:00:00+00:00,-0.0
2021-03-15 03:00:00+00:00,-0.0
2021-03-15 04:00:00+00:00,-0.0
2021-03-15 05:00:00+00:00,-0.0
2021-03-15 06:00:00+00:00,-0.0
2021-03-15 07:00:00+00:00,0.04753160681506965
2021-03-15 08:00:00+00:00,-0.0
2021-03-15 09:00:00+00:00,-0.0
2021-03-15 10:00:00+00:00,-0.0
2021-03-15 11:00:00+00:00,-0.0
2021-03-15 12:00:00+00:00,-0.0
2021-03-15 13:00:00+00:00,-0.0
2021-03-15 14:00:00+00:00,-0.0
2021-03-15 15:00:00+00:00,-0.0
2021-03-15 16:00:00+00:00,-0.0
2021-03-15 17:00:00+00:00,-0.0
2021-03-15 18:00:00+00:00,-0.0
2021-03-15 19:00:00+00:00,-0.0
2021-03-15 20:00:00+00:00,-0.0
2021-03-15 21:00:00+00:00,-0.0
2021-03-15 22:00:00+00:00,-0.0
2021-03-15 23:00:00+00:00,-0.0
2021-03-16 00:00:00+00:00,-0.0
2021-03-16 01:00:00+00:00,-0.0
2021-03-16 02:00:00+00:00,-0.0
2021-03-16 03:00:00+00:00,-0.0
2021-03-16 04:00:00+00:00,-0.0
2021-03-16 05:00:00+00:00,-0.0
2021-03-16 06:00:00+00:00,-0.0
2021-03-16 07:00:00+00:00,-0.0
2021-03-16 08:00:00+00:00,-0.0
2021-03-16 09:00:00+00:00,-0.0
2021-03-16 10:00:00+00:00,-0.0
2021-03-16 11:00:00+00:00,-0.0
2021-03-16 12:00:00+00:00,-0.0
2021-03-16 13:00:00+00:00,-0.0
2021-03-16 14:00:00+00:00,-0.0
2021-03-16 15:00:00+00:00,-0.0
2021-03-16 16:00:00+00:00,-0.0
2021-03-16 17:00:00+00:00,-0.0
2021-03-16 18:00:00+00:00,-0.0
2021-03-16 19:00:00+00:00,-0.0
2021-03-16 20:00:00+00:00,-0.0
2021-03-16 21:00:00+00:00,-0.0
2021-03-16 22:00:00+00:00,-0.0
2021-03-16 23:00:00+00:00,-0.0
2021-03-17 00:00:00+00:00,-0.0
2021-03-17 01:00:00+00:00,-0.0
2021-03-17 02:00:00+00:00,-0.0
2021-03-17 03:00:00+00:00,-0.0
2021-03-17 04:00:00+00:00,-0.0
2021-03-17 05:00:00+00:00,-0.0
2021-03-17 06:00:00+00:00,-0.0
2021-03-17 07:00:00+00:00,-0.0
2021-03-17 08:00:00+00:00,-0.0
2021-03-17 09:00:00+00:00,-0.0
2021-03-17 10:00:00+00:00,-0.0
2021-03-17 11:00:00+00:00,-0.0
2021-03-17 12:00:00+00:00,-0.0
2021-03-17 13:00:00+00:00,-0.0
2021-03-17 14:00:00+00:00,-0.0
2021-03-17 15:00:00+00:00,-0.0
2021-03-17 16:00:00+00:00,-0.0
2021-03-17 17:00:00+00:00,-0.0
2021-03-17 18:00:00+00:00,-0.0
2021-03-17 19:00:00+00:00,-0.0
2021-03-17 20:00:00+00:00,-0.0
2021-03-17 21:00:00+00:00,-0.0
2021-03-17 22:00:00+00:00,-0.0
2021-03-17 23:00:00+00:00,-0.0
2021-03-18 00:00:00+00:00,-0.0
2021-03-18 01:00:00+00:00,-0.0
2021-03-18 02:00:00+00:00,-0.0
2021-03-18 03:00:00+00:00,-0.0
2021-03-18 04:00:00+00:00,-0.0
2021-03-18 05:00:00+00:00,-0.0
2021-03-18 06:00:00+00:00,-0.0
2021-03-18 07:00:00+00:00,-0.0
2021-03-18 08:00:00+00:00,-0.0
2021-03-18 09:00:00+00:00,-0.0
2021-03-18 10:00:00+00:00,-0.0
2021-03-18 11:00:00+00:00,-0.0
2021-03-18 12:00:00+00:00,-0.0
2021-03-18 13:00:00+00:00,-0.0
2021-03-18 14:00:00+00:00,-0.0
2021-03-18 15:00:00+00:00,-0.0
2021-03-18 16:00:00+00:00,0.10699984468793083
2021-03-18 17:00:00+00:00,-0.0
2021-03-18 18:00:00+00:00,-0.0
2021-03-18 19:00:00+00:00,-0.0
2021-03-18 20:00:00+00:00,-0.0
2021-03-18 21:00:00+00:00,-0.0
2021-03-18 22:00:00+00:00,-0.0
2021-03-18 23:00:00+00:00,0.1266836134207427
2021-03-19 00:00:00+00:00,-0.0
2021-03-19 01:00:00+00:00,-0.0
2021-03-19 02:00:00+00:00,-0.0
2021-03-19 03:00:00+00:00,-0.0
2021-03-19 04:00:00+00:00,-0.0
2021-03-19 05:00:00+00:00,-0.0
2021-03-19 06:00:00+00:00,-0.0
2021-03-19 07:00:00+00:00,-0.0
2021-03-19 08:00:00+00:00,-0.0
2021-03-19 09:00:00+00:00,-0.0
2021-03-19 10:00:00+00:00,-0.0
2021-03-19 11:00:00+00:00,-0.0
2021-03-19 12:00:00+00:00,-0.0
2021-03-19 13:00:00+00:00,-0.0
2021-03-19 14:00:00+00:00,-0.0
2021-03-19 15:00:00+00:00,-0.0
2021-03-19 16:00:00+00:00,-0.0
2021-03-19 17:00:00+00:00,-0.0
2021-03-19 18:00:00+00:00,-0.0
2021-03-19 19:00:00+00:00,-0.0
2021-03-19 20:00:00+00:00,-0.0
2021-03-19 21:00:00+00:00,-0.0
2021-03-19 22:00:00+00:00,-0.0
2021-03-19 23:00:00+00:00,-0.0
2021-03-20 00:00:00+00:00,-0.0
2021-03-20 01:00:00+00:00,-0.0
2021-03-20 02:00:00+00:00,-0.0
2021-03-20 03:00:00+00:00,-0.0
2021-03-20 04:00:00+00:00,-0.0
2021-03-20 05:00:00+00:00,-0.0
2021-03-20 06:00:00+00:00,-0.0
2021-03-20 07:00:00+00:00,-0.0
2021-03-20 08:00:00+00:00,-0.0
2021-03-20 09:00:00+00:00,-0.0
2021-03-20 10:00:00+00:00,-0.0
2021-03-20 11:00:00+00:00,-0.0
2021-03-20 12:00:00+00:00,-0.0
2021-03-20 13:00:00+00:00,-0.0
2021-03-20 14:00:00+00:00,-0.0
2021-03-20 15:00:00+00:00,-0.0
2021-03-20 16:00:00+00:00,-0.0
2021-03-20 17:00:00+00:00,-0.0
2021-03-20 18:00:00+00:00,-0.0
2021-03-20 19:00:00+00:00,-0.0
2021-03-20 20:00:00+00:00,-0.0
2021-03-20 21:00:00+00:00,-0.0
2021-03-20 22:00:00+00:00,-0.0
2021-03-20 23:00:00+00:00,-0.0
2021-03-21 00:00:00+00:00,-0.0
2021-03-21 01:00:00+00:00,-0.0
2021-03-21 02:00:00+00:00,-0.0
2021-03-21 03:00:00+00:00,-0.0
2021-03-21 04:00:00+00:00,-0.0
2021-03-21 05:00:00+00:00,-0.0
2021-03-21 06:00:00+00:00,-0.0
2021-03-21 07:00:00+00:00,-0.0
2021-03-21 08:00:00+00:00,-0.0
2021-03-21 09:00:00+00:00,-0.0
2021-03-21 10:00:00+00:00,-0.0
2021-03-21 11:00:00+00:00,-0.0
2021-03-21 12:00:00+00:00,-0.0
2021-03-21 13:00:00+00:00,-0.0
2021-03-21 14:00:00+00:00,-0.0
2021-03-21 15:00:00+00:00,-0.0
2021-03-21 16:00:00+00:00,-0.0
2021-03-21 17:00:00+00:00,-0.0
2021-03-21 18:00:00+00:00,-0.0
2021-03-21 19:00:00+00:00,-0.0
2021-03-21 20:00:00+00:00,-0.0
2021-03-21 21:00:00+00:00,-0.0
2021-03-21 22:00:00+00:00,-0.0
2021-03-21 23:00:00+00:00,-0.0
2021-03-22 00:00:00+00:00,-0.0
2021-03-22 01:00:00+00:00,-0.0
2021-03-22 02:00:00+00:00,-0.0
2021-03-22 03:00:00+00:00,-0.0
2021-03-22 04:00:00+00:00,-0.0
2021-03-22 05:00:00+00:00,-0.0
2021-03-22 06:00:00+00:00,-0.0
2021-03-22 07:00:00+00:00,-0.0
2021-03-22 08:00:00+00:00,0.06633988304625067
2021-03-22 09:00:00+00:00,-0.0
2021-03-22 10:00:00+00:00,-0.0
2021-03-22 11:00:00+00:00,-0.0
2021-03-22 12:00:00+00:00,-0.0
2021-03-22 13:00:00+00:00,-0.0
2021-03-22 14:00:00+00:00,-0.0
2021-03-22 15:00:00+00:00,-0.0
2021-03-22 16:00:00+00:00,-0.0
2021-03-22 17:00:00+00:00,-0.0
2021-03-22 18:00:00+00:00,-0.0
2021-03-22 19:00:00+00:00,-0.0
2021-03-22 20:00:00+00:00,-0.0
2021-03-22 21:00:00+00:00,-0.0
2021-03-22 22:00:00+00:00,-0.0
2021-03-22 23:00:00+00:00,-0.0
2021-03-23 00:00:00+00:00,-0.0
2021-03-23 01:00:00+00:00,-0.0
2021-03-23 02:00:00+00:00,-0.0
2021-03-23 03:00:00+00:00,-0.0
2021-03-23 04:00:00+00:00,-0.0
2021-03-23 05:00:00+00:00,-0.0
2021-03-23 06:00:00+00:00,-0.0
2021-03-23 07:00:00+00:00,-0.0
2021-03-23 08:00:00+00:00,-0.0
2021-03-23 09:00:00+00:00,-0.0
2021-03-23 10:00:00+00:00,-0.0
2021-03-23 11:00:00+00:00,-0.0
2021-03-23 12:00:00+00:00,-0.0
2021-03-23 13:00:00+00:00,-0.0
2021-03-23 14:00:00+00:00,-0.0
2021-03-23 15:00:00+00:00,-0.0
2021-03-23 16:00:00+00:00,-0.0
2021-03-23 17:00:00+00:00,-0.0
2021-03-23 18:00:00+00:00,-0.0
2021-03-23 19:00:00+00:00,-0.0
2021-03-23 20:00:00+00:00,0.0768878239995958
2021-03-23 21:00:00+00:00,-0.0
2021-03-23 22:00:00+00:00,-0.0
2021-03-23 23:00:00+00:00,-0.0
2021-03-24 00:00:00+00:00,-0.0
2021-03-24 01:00:00+00:00,-0.0
2021-03-24 02:00:00+00:00,-0.0
2021-03-24 03:00:00+00:00,-0.0
2021-03-24 04:00:00+00:00,-0.0
2021-03-24 05:00:00+00:00,-0.0
2021-03-24 06:00:00+00:00,-0.0
2021-03-24 07:00:00+00:00,-0.0
2021-03-24 08:00:00+00:00,-0.0
2021-03-24 09:00:00+00:00,-0.0
2021-03-24 10:00:00+00:00,-0.0
2021-03-24 11:00:00+00:00,-0.0
2021-03-24 12:00:00+00:00,-0.0
2021-03-24 13:00:00+00:00,-0.0
2021-03-24 14:00:00+00:00,-0.0
2021-03-24 15:00:00+00:00,-0.0
2021-03-24 16:00:00+00:00,-0.0
2021-03-24 17:00:00+00:00,-0.0
2021-03-24 18:00:00+00:00,-0.0
2021-03-24 19:00:00+00:00,0.06588606549034501
2021-03-24 20:00:00+00:00,-0.0
2021-03-24 21:00:00+00:00,-0.0
2021-03-24 22:00:00+00:00,-0.0
2021-03-24 23:00:00+00:00,-0.0
2021-03-25 00:00:00+00:00,-0.0
2021-03-25 01:00:00+00:00,-0.0
2021-03-25 02:00:00+00:00,-0.0
2021-03-25 03:00:00+00:00,-0.0
2021-03-25 04:00:00+00:00,-0.0
2021-03-25 05:00:00+00:00,-0.0
2021-03-25 06:00:00+00:00,-0.0
2021-03-25 07:00:00+00:00,-0.0
2021-03-25 08:00:00+00:00,-0.0
2021-03-25 09:00:00+00:00,-0.0
2021-03-25 10:00:00+00:00,-0.0
2021-03-25 11:00:00+00:00,-0.0
2021-03-25 12:00:00+00:00,-0.0
2021-03-25 13:00:00+00:00,-0.0
2021-03-25 14:00:00+00:00,-0.0
2021-03-25 15:00:00+00:00,-0.0
2021-03-25 16:00:00+00:00,-0.0
2021-03-25 17:00:00+00:00,-0.0
2021-03-25 18:00:00+00:00,-0.0
2021-03-25 19:00:00+00:00,-0.0
2021-03-25 20:00:00+00:00,-0.0
2021-03-25 21:00:00+00:00,-0.0
2021-03-25 22:00:00+00:00,-0.0
2021-03-25 23:00:00+00:00,-0.0
2021-03-26 00:00:00+00:00,-0.0
2021-03-26 01:00:00+00:00,-0.0
2021-03-26 02:00:00+00:00,-0.0
2021-03-26 03:00:00+00:00,-0.0
2021-03-26 04:00:00+00:00,-0.0
2021-03-26 05:00:00+00:00,-0.0
2021-03-26 06:00:00+00:00,-0.0
2021-03-26 07:00:00+00:00,-0.0
2021-03-26 08:00:00+00:00,-0.0
2021-03-26 09:00:00+00:00,-0.0
2021-03-26 10:00:00+00:00,-0.0
2021-03-26 11:00:00+00:00,-0.0
2021-03-26 12:00:00+00:00,-0.0
2021-03-26 13:00:00+00:00,-0.0
2021-03-26 14:00:00+00:00,-0.0
2021-03-26 15:00:00+00:00,-0.0
2021-03-26 16:00:00+00:00,-0.0
2021-03-26 17:00:00+00:00,-0.0
2021-03-26 18:00:00+00:00,-0.0
2021-03-26 19:00:00+00:00,-0.0
2021-03-26 20:00:00+00:00,-0.0
2021-03-26 21:00:00+00:00,-0.0
2021-03-26 22:00:00+00:00,-0.0
2021-03-26 23:00:00+00:00,-0.0
2021-03-27 00:00:00+00:00,-0.0
2021-03-27 01:00:00+00:00,-0.0
2021-03-27 02:00:00+00:00,-0.0
2021-03-27 03:00:00+00:00,-0.0
2021-03-27 04:00:00+00:00,-0.0
2021-03-27 05:00:00+00:00,-0.0
2021-03-27 06:00:00+00:00,-0.0
2021-03-27 07:00:00+00:00,-0.0
2021-03-27 08:00:00+00:00,-0.0
2021-03-27 09:00:00+00:00,-0.0
2021-03-27 10:00:00+00:00,-0.0
2021-03-27 11:00:00+00:00,-0.0
2021-03-27 12:00:00+00:00,-0.0
2021-03-27 13:00:00+00:00,-0.0
2021-03-27 14:00:00+00:00,-0.0
2021-03-27 15:00:00+00:00,-0.0
2021-03-27 16:00:00+00:00,-0.0
2021-03-27 17:00:00+00:00,-0.0
2021-03-27 18:00:00+00:00,-0.0
2021-03-27 19:00:00+00:00,-0.0
2021-03-27 20:00:00+00:00,-0.0
2021-03-27 21:00:00+00:00,-0.0
2021-03-27 22:00:00+00:00,-0.0
2021-03-27 23:00:00+00:00,-0.0
2021-03-28 00:00:00+00:00,-0.0
2021-03-28 01:00:00+00:00,-0.0
2021-03-28 02:00:00+00:00,-0.0
2021-03-28 03:00:00+00:00,-0.0
2021-03-28 04:00:00+00:00,-0.0
2021-03-28 05:00:00+00:00,-0.0
2021-03-28 06:00:00+00:00,-0.0
2021-03-28 07:00:00+00:00,-0.0
2021-03-28 08:00:00+00:00,-0.0
2021-03-28 09:00:00+00:00,-0.0
2021-03-28 10:00:00+00:00,-0.0
2021-03-28 11:00:00+00:00,-0.0
2021-03-28 12:00:00+00:00,-0.0
2021-03-28 13:00:00+00:00,-0.0
2021-03-28 14:00:00+00:00,-0.0
2021-03-28 15:00:00+00:00,-0.18184297812313824
2021-03-28 16:00:00+00:00,-0.0
2021-03-28 17:00:00+00:00,-0.0
2021-03-28 18:00:00+00:00,-0.0
2021-03-28 19:00:00+00:00,-0.0
2021-03-28 20:00:00+00:00,-0.0
2021-03-28 21:00:00+00:00,-0.0
2021-03-28 22:00:00+00:00,-0.0
2021-03-28 23:00:00+00:00,-0.0
2021-03-29 00:00:00+00:00,-0.0
2021-03-29 01:00:00+00:00,-0.0
2021-03-29 02:00:00+00:00,-0.0
2021-03-29 03:00:00+00:00,-0.0
2021-03-29 04:00:00+00:00,-0.0
2021-03-29 05:00:00+00:00,-0.0
2021-03-29 06:00:00+00:00,-0.0
2021-03-29 07:00:00+00:00,-0.0
2021-03-29 08:00:00+00:00,-0.0
2021-03-29 09:00:00+00:00,-0.0
2021-03-29 10:00:00+00:00,-0.0
2021-03-29 11:00:00+00:00,-0.0
2021-03-29 12:00:00+00:00,-0.0
2021-03-29 13:00:00+00:00,-0.0
2021-03-29 14:00:00+00:00,-0.0
2021-03-29 15:00:00+00:00,-0.0
2021-03-29 16:00:00+00:00,-0.0
2021-03-29 17:00:00+00:00,-0.0
2021-03-29 18:00:00+00:00,-0.0
2021-03-29 19:00:00+00:00,-0.0
2021-03-29 20:00:00+00:00,-0.0
2021-03-29 21:00:00+00:00,-0.0
2021-03-29 22:00:00+00:00,-0.0
2021-03-29 23:00:00+00:00,-0.0
2021-03-30 00:00:00+00:00,-0.0
2021-03-30 01:00:00+00:00,-0.0
2021-03-30 02:00:00+00:00,-0.0
2021-03-30 03:00:00+00:00,-0.0
2021-03-30 04:00:00+00:00,-0.0
2021-03-30 05:00:00+00:00,-0.0
2021-03-30 06:00:00+00:00,-0.0
2021-03-30 07:00:00+00:00,-0.0
2021-03-30 08:00:00+00:00,-0.0
2021-03-30 09:00:00+00:00,-0.0
2021-03-30 10:00:00+00:00,-0.0
2021-03-30 11:00:00+00:00,-0.0
2021-03-30 12:00:00+00:00,-0.0
2021-03-30 13:00:00+00:00,-0.0
2021-03-30 14:00:00+00:00,-0.0
2021-03-30 15:00:00+00:00,-0.0
2021-03-30 16:00:00+00:00,-0.0
2021-03-30 17:00:00+00:00,-0.0
2021-03-30 18:00:00+00:00,-0.0
2021-03-30 19:00:00+00:00,-0.0
2021-03-30 20:00:00+00:00,-0.0
2021-03-30 21:00:00+00:00,-0.0
2021-03-30 22:00:00+00:00,-0.0
2021-03-30 23:00:00+00:00,-0.0
2021-03-31 00:00:00+00:00,-0.0
2021-03-31 01:00:00+00:00,-0.0
2021-03-31 02:00:00+00:00,-0.0
2021-03-31 03:00:00+00:00,-0.0
2021-03-31 04:00:00+00:00,-0.0
2021-03-31 05:00:00+00:00,-0.0
2021-03-31 06:00:00+00:00,-0.0
2021-03-31 07:00:00+00:00,-0.0
2021-03-31 08:00:00+00:00,-0.0
2021-03-31 09:00:00+00:00,-0.0
2021-03-31 10:00:00+00:00,-0.0
2021-03-31 11:00:00+00:00,-0.0
2021-03-31 12:00:00+00:00,-0.0
2021-03-31 13:00:00+00:00,-0.0
2021-03-31 14:00:00+00:00,-0.0
2021-03-31 15:00:00+00:00,-0.0
2021-03-31 16:00:00+00:00,-0.0
2021-03-31 17:00:00+00:00,-0.0
2021-03-31 18:00:00+00:00,-0.0
2021-03-31 19:00:00+00:00,-0.0
2021-03-31 20:00:00+00:00,-0.0
2021-03-31 21:00:00+00:00,-0.0
2021-03-31 22:00:00+00:00,-0.0
2021-03-31 23:00:00+00:00,-0.0
2021-04-01 00:00:00+00:00,-0.0
2021-04-01 01:00:00+00:00,-0.0
2021-04-01 02:00:00+00:00,-0.0
2021-04-01 03:00:00+00:00,-0.0
2021-04-01 04:00:00+00:00,-0.0
2021-04-01 05:00:00+00:00,-0.0
2021-04-01 06:00:00+00:00,-0.0
2021-04-01 07:00:00+00:00,-0.0
2021-04-01 08:00:00+00:00,-0.0
2021-04-01 09:00:00+00:00,-0.0
2021-04-01 10:00:00+00:00,-0.0
2021-04-01 11:00:00+00:00,-0.0
2021-04-01 12:00:00+00:00,-0.0
2021-04-01 13:00:00+00:00,-0.0
2021-04-01 14:00:00+00:00,-0.0
2021-04-01 15:00:00+00:00,-0.0
2021-04-01 16:00:00+00:00,-0.0
2021-04-01 17:00:00+00:00,-0.0
2021-04-01 18:00:00+00:00,-0.0
2021-04-01 19:00:00+00:00,-0.0
2021-04-01 20:00:00+00:00,-0.0
2021-04-01 21:00:00+00:00,-0.0
2021-04-01 22:00:00+00:00,-0.0
2021-04-01 23:00:00+00:00,-0.0
2021-04-02 00:00:00+00:00,-0.0
2021-04-02 01:00:00+00:00,-0.0
2021-04-02 02:00:00+00:00,-0.0
2021-04-02 03:00:00+00:00,-0.0
2021-04-02 04:00:00+00:00,-0.0
2021-04-02 05:00:00+00:00,-0.0
2021-04-02 06:00:00+00:00,-0.0
2021-04-02 07:00:00+00:00,-0.0
2021-04-02 08:00:00+00:00,-0.0
2021-04-02 09:00:00+00:00,-0.0
2021-04-02 10:00:00+00:00,-0.0
2021-04-02 11:00:00+00:00,-0.0
2021-04-02 12:00:00+00:00,-0.0
2021-04-02 13:00:00+00:00,-0.0
2021-04-02 14:00:00+00:00,-0.0
2021-04-02 15:00:00+00:00,-0.0
2021-04-02 16:00:00+00:00,-0.0
2021-04-02 17:00:00+00:00,-0.0
2021-04-02 18:00:00+00:00,-0.0
2021-04-02 19:00:00+00:00,-0.0
2021-04-02 20:00:00+00:00,-0.0
2021-04-02 21:00:00+00:00,-0.0
2021-04-02 22:00:00+00:00,-0.0
2021-04-02 23:00:00+00:00,-0.0
2021-04-03 00:00:00+00:00,-0.0
2021-04-03 01:00:00+00:00,-0.16456502935102124
2021-04-03 02:00:00+00:00,-0.0
2021-04-03 03:00:00+00:00,-0.0
2021-04-03 04:00:00+00:00,-0.0
2021-04-03 05:00:00+00:00,-0.0
2021-04-03 06:00:00+00:00,-0.0
2021-04-03 07:00:00+00:00,-0.0
2021-04-03 08:00:00+00:00,-0.0
2021-04-03 09:00:00+00:00,-0.0
2021-04-03 10:00:00+00:00,-0.0
2021-04-03 11:00:00+00:00,-0.0
2021-04-03 12:00:00+00:00,-0.0
2021-04-03 13:00:00+00:00,-0.0
2021-04-03 14:00:00+00:00,-0.114310071595627
2021-04-03 15:00:00+00:00,-0.0
2021-04-03 16:00:00+00:00,0.057879672597154735
2021-04-03 17:00:00+00:00,-0.0
2021-04-03 18:00:00+00:00,0.07771743242027776
2021-04-03 19:00:00+00:00,-0.0
2021-04-03 20:00:00+00:00,-0.0
2021-04-03 21:00:00+00:00,0.10370096202830138
2021-04-03 22:00:00+00:00,-0.0
2021-04-03 23:00:00+00:00,-0.0
2021-04-04 00:00:00+00:00,-0.0
2021-04-04 01:00:00+00:00,-0.0
2021-04-04 02:00:00+00:00,-0.0
2021-04-04 03:00:00+00:00,-0.0
2021-04-04 04:00:00+00:00,-0.0
2021-04-04 05:00:00+00:00,-0.0
2021-04-04 06:00:00+00:00,-0.0
2021-04-04 07:00:00+00:00,-0.0
2021-04-04 08:00:00+00:00,-0.0
2021-04-04 09:00:00+00:00,-0.0
2021-04-04 10:00:00+00:00,-0.0
2021-04-04 11:00:00+00:00,-0.0
2021-04-04 12:00:00+00:00,-0.0
2021-04-04 13:00:00+00:00,-0.0
2021-04-04 14:00:00+00:00,-0.0
2021-04-04 15:00:00+00:00,-0.0
2021-04-04 16:00:00+00:00,-0.0
2021-04-04 17:00:00+00:00,-0.0
2021-04-04 18:00:00+00:00,-0.0
2021-04-04 19:00:00+00:00,-0.0
2021-04-04 20:00:00+00:00,-0.0
2021-04-04 21:00:00+00:00,-0.0
2021-04-04 22:00:00+00:00,-0.0
2021-04-04 23:00:00+00:00,-0.0
2021-04-05 00:00:00+00:00,-0.0
2021-04-05 01:00:00+00:00,-0.0
2021-04-05 02:00:00+00:00,-0.0
2021-04-05 03:00:00+00:00,-0.0
2021-04-05 04:00:00+00:00,-0.0
2021-04-05 05:00:00+00:00,-0.0
2021-04-05 06:00:00+00:00,-0.0
2021-04-05 07:00:00+00:00,-0.0
2021-04-05 08:00:00+00:00,-0.0
2021-04-05 09:00:00+00:00,-0.0
2021-04-05 10:00:00+00:00,-0.0
2021-04-05 11:00:00+00:00,-0.0
2021-04-05 12:00:00+00:00,-0.0
2021-04-05 13:00:00+00:00,-0.0
2021-04-05 14:00:00+00:00,-0.0
2021-04-05 15:00:00+00:00,-0.0
2021-04-05 16:00:00+00:00,-0.0
2021-04-05 17:00:00+00:00,-0.0
2021-04-05 18:00:00+00:00,-0.0
2021-04-05 19:00:00+00:00,-0.0
2021-04-05 20:00:00+00:00,-0.0
2021-04-05 21:00:00+00:00,-0.0
2021-04-05 22:00:00+00:00,-0.0
2021-04-05 23:00:00+00:00,-0.0
2021-04-06 00:00:00+00:00,-0.0
2021-04-06 01:00:00+00:00,-0.0
2021-04-06 02:00:00+00:00,-0.0
2021-04-06 03:00:00+00:00,-0.0
2021-04-06 04:00:00+00:00,-0.0
2021-04-06 05:00:00+00:00,-0.0
2021-04-06 06:00:00+00:00,-0.0
2021-04-06 07:00:00+00:00,-0.0
2021-04-06 08:00:00+00:00,-0.0
2021-04-06 09:00:00+00:00,-0.0
2021-04-06 10:00:00+00:00,-0.0
2021-04-06 11:00:00+00:00,-0.0
2021-04-06 12:00:00+00:00,-0.0
2021-04-06 13:00:00+00:00,-0.0
2021-04-06 14:00:00+00:00,-0.0
2021-04-06 15:00:00+00:00,-0.0
2021-04-06 16:00:00+00:00,-0.0
2021-04-06 17:00:00+00:00,-0.0
2021-04-06 18:00:00+00:00,-0.0
2021-04-06 19:00:00+00:00,-0.0
2021-04-06 20:00:00+00:00,-0.0
2021-04-06 21:00:00+00:00,-0.0
2021-04-06 22:00:00+00:00,-0.0
2021-04-06 23:00:00+00:00,-0.0
2021-04-07 00:00:00+00:00,-0.0
2021-04-07 01:00:00+00:00,-0.0
2021-04-07 02:00:00+00:00,-0.0
2021-04-07 03:00:00+00:00,-0.0
2021-04-07 04:00:00+00:00,-0.0
2021-04-07 05:00:00+00:00,-0.0
2021-04-07 06:00:00+00:00,-0.0
2021-04-07 07:00:00+00:00,-0.0
2021-04-07 08:00:00+00:00,-0.0
2021-04-07 09:00:00+00:00,0.02800192724247213
2021-04-07 10:00:00+00:00,-0.0
2021-04-07 11:00:00+00:00,-0.0
2021-04-07 12:00:00+00:00,-0.0
2021-04-07 13:00:00+00:00,-0.0
2021-04-07 14:00:00+00:00,-0.0
2021-04-07 15:00:00+00:00,-0.0
2021-04-07 16:00:00+00:00,-0.0
2021-04-07 17:00:00+00:00,-0.0
2021-04-07 18:00:00+00:00,-0.0
2021-04-07 19:00:00+00:00,-0.0
2021-04-07 20:00:00+00:00,-0.0
2021-04-07 21:00:00+00:00,-0.0
2021-04-07 22:00:00+00:00,-0.0
2021-04-07 23:00:00+00:00,-0.0
2021-04-08 00:00:00+00:00,-0.0
2021-04-08 01:00:00+00:00,-0.0
2021-04-08 02:00:00+00:00,-0.0
2021-04-08 03:00:00+00:00,-0.0
2021-04-08 04:00:00+00:00,-0.0
2021-04-08 05:00:00+00:00,-0.0
2021-04-08 06:00:00+00:00,-0.0
2021-04-08 07:00:00+00:00,-0.0
2021-04-08 08:00:00+00:00,-0.0
2021-04-08 09:00:00+00:00,-0.0
2021-04-08 10:00:00+00:00,-0.0
2021-04-08 11:00:00+00:00,-0.0
2021-04-08 12:00:00+00:00,-0.0
2021-04-08 13:00:00+00:00,-0.0
2021-04-08 14:00:00+00:00,-0.0
2021-04-08 15:00:00+00:00,-0.0
2021-04-08 16:00:00+00:00,-0.0
2021-04-08 17:00:00+00:00,-0.0
2021-04-08 18:00:00+00:00,-0.0
2021-04-08 19:00:00+00:00,-0.0
2021-04-08 20:00:00+00:00,-0.0
2021-04-08 21:00:00+00:00,-0.0
2021-04-08 22:00:00+00:00,-0.0
2021-04-08 23:00:00+00:00,-0.0
2021-04-09 00:00:00+00:00,-0.0
2021-04-09 01:00:00+00:00,-0.0
2021-04-09 02:00:00+00:00,-0.0
2021-04-09 03:00:00+00:00,-0.0
2021-04-09 04:00:00+00:00,-0.0
2021-04-09 05:00:00+00:00,-0.0
2021-04-09 06:00:00+00:00,-0.0
2021-04-09 07:00:00+00:00,-0.0
2021-04-09 08:00:00+00:00,-0.0
2021-04-09 09:00:00+00:00,-0.0
2021-04-09 10:00:00+00:00,-0.0
2021-04-09 11:00:00+00:00,-0.0
2021-04-09 12:00:00+00:00,-0.0
2021-04-09 13:00:00+00:00,-0.0
2021-04-09 14:00:00+00:00,-0.0
2021-04-09 15:00:00+00:00,-0.0
2021-04-09 16:00:00+00:00,-0.0
2021-04-09 17:00:00+00:00,-0.0
2021-04-09 18:00:00+00:00,-0.0
2021-04-09 19:00:00+00:00,-0.0
2021-04-09 20:00:00+00:00,-0.0
2021-04-09 21:00:00+00:00,-0.0
2021-04-09 22:00:00+00:00,-0.0
2021-04-09 23:00:00+00:00,-0.0
2021-04-10 00:00:00+00:00,-0.0
2021-04-10 01:00:00+00:00,-0.0
2021-04-10 02:00:00+00:00,-0.0
2021-04-10 03:00:00+00:00,-0.0
2021-04-10 04:00:00+00:00,-0.0
2021-04-10 05:00:00+00:00,-0.0
2021-04-10 06:00:00+00:00,-0.0
2021-04-10 07:00:00+00:00,-0.0
2021-04-10 08:00:00+00:00,-0.0
2021-04-10 09:00:00+00:00,-0.0
2021-04-10 10:00:00+00:00,-0.0
2021-04-10 11:00:00+00:00,-0.0
2021-04-10 12:00:00+00:00,-0.0
2021-04-10 13:00:00+00:00,-0.0
2021-04-10 14:00:00+00:00,0.05212961229513453
2021-04-10 15:00:00+00:00,-0.0
2021-04-10 16:00:00+00:00,-0.0
2021-04-10 17:00:00+00:00,-0.0
2021-04-10 18:00:00+00:00,-0.0
2021-04-10 19:00:00+00:00,-0.0
2021-04-10 20:00:00+00:00,-0.0
2021-04-10 21:00:00+00:00,-0.0
2021-04-10 22:00:00+00:00,-0.0
2021-04-10 23:00:00+00:00,-0.0
2021-04-11 00:00:00+00:00,-0.0
2021-04-11 01:00:00+00:00,-0.0
2021-04-11 02:00:00+00:00,-0.0
2021-04-11 03:00:00+00:00,-0.0
2021-04-11 04:00:00+00:00,-0.0
2021-04-11 05:00:00+00:00,-0.0
2021-04-11 06:00:00+00:00,-0.0
2021-04-11 07:00:00+00:00,-0.0
2021-04-11 08:00:00+00:00,-0.0
2021-04-11 09:00:00+00:00,-0.0
2021-04-11 10:00:00+00:00,-0.0
2021-04-11 11:00:00+00:00,-0.0
2021-04-11 12:00:00+00:00,-0.0
2021-04-11 13:00:00+00:00,-0.0
2021-04-11 14:00:00+00:00,-0.0
2021-04-11 15:00:00+00:00,-0.0
2021-04-11 16:00:00+00:00,-0.0
2021-04-11 17:00:00+00:00,-0.0
2021-04-11 18:00:00+00:00,-0.0
2021-04-11 19:00:00+00:00,-0.0
2021-04-11 20:00:00+00:00,-0.0
2021-04-11 21:00:00+00:00,-0.0
2021-04-11 22:00:00+00:00,-0.0
2021-04-11 23:00:00+00:00,-0.0
2021-04-12 00:00:00+00:00,-0.0
2021-04-12 01:00:00+00:00,-0.0
2021-04-12 02:00:00+00:00,-0.0
2021-04-12 03:00:00+00:00,-0.0
2021-04-12 04:00:00+00:00,-0.0
2021-04-12 05:00:00+00:00,-0.0
2021-04-12 06:00:00+00:00,-0.0
2021-04-12 07:00:00+00:00,-0.0
2021-04-12 08:00:00+00:00,-0.0
2021-04-12 09:00:00+00:00,-0.0
2021-04-12 10:00:00+00:00,-0.0
2021-04-12 11:00:00+00:00,-0.0
2021-04-12 12:00:00+00:00,-0.0
2021-04-12 13:00:00+00:00,-0.0
2021-04-12 14:00:00+00:00,-0.0
2021-04-12 15:00:00+00:00,-0.0
2021-04-12 16:00:00+00:00,-0.0
2021-04-12 17:00:00+00:00,-0.0
2021-04-12 18:00:00+00:00,-0.0
2021-04-12 19:00:00+00:00,-0.0
2021-04-12 20:00:00+00:00,-0.0
2021-04-12 21:00:00+00:00,-0.0
2021-04-12 22:00:00+00:00,-0.0
2021-04-12 23:00:00+00:00,-0.0
2021-04-13 00:00:00+00:00,-0.0
2021-04-13 01:00:00+00:00,-0.0
2021-04-13 02:00:00+00:00,-0.0
2021-04-13 03:00:00+00:00,-0.0
2021-04-13 04:00:00+00:00,-0.0
2021-04-13 05:00:00+00:00,-0.0
2021-04-13 06:00:00+00:00,-0.0
2021-04-13 07:00:00+00:00,-0.0
2021-04-13 08:00:00+00:00,-0.0
2021-04-13 09:00:00+00:00,-0.0
2021-04-13 10:00:00+00:00,-0.0
2021-04-13 11:00:00+00:00,-0.0
2021-04-13 12:00:00+00:00,-0.0
2021-04-13 13:00:00+00:00,-0.0
2021-04-13 14:00:00+00:00,-0.0
2021-04-13 15:00:00+00:00,-0.0
2021-04-13 16:00:00+00:00,-0.0
2021-04-13 17:00:00+00:00,-0.0
2021-04-13 18:00:00+00:00,-0.0
2021-04-13 19:00:00+00:00,-0.0
2021-04-13 20:00:00+00:00,-0.0
2021-04-13 21:00:00+00:00,-0.0
2021-04-13 22:00:00+00:00,-0.0
2021-04-13 23:00:00+00:00,-0.0
2021-04-14 00:00:00+00:00,-0.0
2021-04-14 01:00:00+00:00,-0.0
2021-04-14 02:00:00+00:00,-0.0
2021-04-14 03:00:00+00:00,-0.0
2021-04-14 04:00:00+00:00,-0.0
2021-04-14 05:00:00+00:00,-0.0
2021-04-14 06:00:00+00:00,-0.0
2021-04-14 07:00:00+00:00,-0.0
2021-04-14 08:00:00+00:00,-0.0
2021-04-14 09:00:00+00:00,-0.0
2021-04-14 10:00:00+00:00,-0.0
2021-04-14 11:00:00+00:00,-0.0
2021-04-14 12:00:00+00:00,-0.0
2021-04-14 13:00:00+00:00,-0.0
2021-04-14 14:00:00+00:00,-0.0
2021-04-14 15:00:00+00:00,-0.0
2021-04-14 16:00:00+00:00,-0.0
2021-04-14 17:00:00+00:00,-0.0
2021-04-14 18:00:00+00:00,-0.0
2021-04-14 19:00:00+00:00,-0.0
2021-04-14 20:00:00+00:00,-0.0
2021-04-14 21:00:00+00:00,-0.0
2021-04-14 22:00:00+00:00,-0.0
2021-04-14 23:00:00+00:00,-0.0
2021-04-15 00:00:00+00:00,-0.0
2021-04-15 01:00:00+00:00,-0.0
2021-04-15 02:00:00+00:00,-0.0
2021-04-15 03:00:00+00:00,-0.0
2021-04-15 04:00:00+00:00,-0.0
2021-04-15 05:00:00+00:00,-0.0
2021-04-15 06:00:00+00:00,-0.0
2021-04-15 07:00:00+00:00,-0.0
2021-04-15 08:00:00+00:00,-0.0
2021-04-15 09:00:00+00:00,-0.0
2021-04-15 10:00:00+00:00,-0.0
2021-04-15 11:00:00+00:00,-0.0
2021-04-15 12:00:00+00:00,-0.0
2021-04-15 13:00:00+00:00,-0.0
2021-04-15 14:00:00+00:00,-0.0
2021-04-15 15:00:00+00:00,-0.0
2021-04-15 16:00:00+00:00,-0.0
2021-04-15 17:00:00+00:00,-0.0
2021-04-15 18:00:00+00:00,-0.0
2021-04-15 19:00:00+00:00,-0.0
2021-04-15 20:00:00+00:00,-0.0
2021-04-15 21:00:00+00:00,-0.0
2021-04-15 22:00:00+00:00,-0.0
2021-04-15 23:00:00+00:00,-0.0
2021-04-16 00:00:00+00:00,-0.0
2021-04-16 01:00:00+00:00,-0.0
2021-04-16 02:00:00+00:00,-0.0
2021-04-16 03:00:00+00:00,-0.0
2021-04-16 04:00:00+00:00,-0.0
2021-04-16 05:00:00+00:00,-0.0
2021-04-16 06:00:00+00:00,-0.0
2021-04-16 07:00:00+00:00,-0.0
2021-04-16 08:00:00+00:00,-0.0
2021-04-16 09:00:00+00:00,-0.0
2021-04-16 10:00:00+00:00,-0.0
2021-04-16 11:00:00+00:00,-0.0
2021-04-16 12:00:00+00:00,-0.0
2021-04-16 13:00:00+00:00,-0.0
2021-04-16 14:00:00+00:00,-0.0
2021-04-16 15:00:00+00:00,-0.0
2021-04-16 16:00:00+00:00,-0.0
2021-04-16 17:00:00+00:00,-0.0
2021-04-16 18:00:00+00:00,-0.0
2021-04-16 19:00:00+00:00,-0.0
2021-04-16 20:00:00+00:00,-0.0
2021-04-16 21:00:00+00:00,-0.0
2021-04-16 22:00:00+00:00,-0.0
2021-04-16 23:00:00+00:00,-0.0
2021-04-17 00:00:00+00:00,-0.0
2021-04-17 01:00:00+00:00,-0.0
2021-04-17 02:00:00+00:00,-0.0
2021-04-17 03:00:00+00:00,-0.0
2021-04-17 04:00:00+00:00,-0.0
2021-04-17 05:00:00+00:00,-0.0
2021-04-17 06:00:00+00:00,-0.0
2021-04-17 07:00:00+00:00,-0.0
2021-04-17 08:00:00+00:00,-0.0
2021-04-17 09:00:00+00:00,-0.0
2021-04-17 10:00:00+00:00,-0.0
2021-04-17 11:00:00+00:00,-0.0
2021-04-17 12:00:00+00:00,-0.0
2021-04-17 13:00:00+00:00,-0.0
2021-04-17 14:00:00+00:00,-0.0
2021-04-17 15:00:00+00:00,-0.0
2021-04-17 16:00:00+00:00,-0.0
2021-04-17 17:00:00+00:00,-0.0
2021-04-17 18:00:00+00:00,-0.0
2021-04-17 19:00:00+00:00,-0.0
2021-04-17 20:00:00+00:00,-0.0
2021-04-17 21:00:00+00:00,-0.0
2021-04-17 22:00:00+00:00,-0.0
2021-04-17 23:00:00+00:00,-0.0
2021-04-18 00:00:00+00:00,-0.0
2021-04-18 01:00:00+00:00,-0.0
2021-04-18 02:00:00+00:00,-0.0
2021-04-18 03:00:00+00:00,-0.0
2021-04-18 04:00:00+00:00,-0.0
2021-04-18 05:00:00+00:00,-0.0
2021-04-18 06:00:00+00:00,-0.0
2021-04-18 07:00:00+00:00,-0.0
2021-04-18 08:00:00+00:00,-0.0
2021-04-18 09:00:00+00:00,-0.0
2021-04-18 10:00:00+00:00,-0.0
2021-04-18 11:00:00+00:00,-0.0
2021-04-18 12:00:00+00:00,-0.0
2021-04-18 13:00:00+00:00,-0.0
2021-04-18 14:00:00+00:00,-0.0
2021-04-18 15:00:00+00:00,-0.0
2021-04-18 16:00:00+00:00,-0.0
2021-04-18 17:00:00+00:00,-0.0
2021-04-18 18:00:00+00:00,-0.0
2021-04-18 19:00:00+00:00,-0.0
2021-04-18 20:00:00+00:00,-0.0
2021-04-18 21:00:00+00:00,-0.0
2021-04-18 22:00:00+00:00,-0.0
2021-04-18 23:00:00+00:00,-0.0
2021-04-19 00:00:00+00:00,-0.0
2021-04-19 01:00:00+00:00,-0.0
2021-04-19 02:00:00+00:00,-0.0
2021-04-19 03:00:00+00:00,-0.0
2021-04-19 04:00:00+00:00,-0.0
2021-04-19 05:00:00+00:00,-0.0
2021-04-19 06:00:00+00:00,-0.0
2021-04-19 07:00:00+00:00,-0.0
2021-04-19 08:00:00+00:00,-0.0
2021-04-19 09:00:00+00:00,-0.0
2021-04-19 10:00:00+00:00,-0.0
2021-04-19 11:00:00+00:00,-0.0
2021-04-19 12:00:00+00:00,-0.0
2021-04-19 13:00:00+00:00,-0.0
2021-04-19 14:00:00+00:00,-0.0
2021-04-19 15:00:00+00:00,-0.0
2021-04-19 16:00:00+00:00,-0.0
2021-04-19 17:00:00+00:00,-0.0
2021-04-19 18:00:00+00:00,-0.0
2021-04-19 19:00:00+00:00,-0.0
2021-04-19 20:00:00+00:00,-0.0
2021-04-19 21:00:00+00:00,-0.0
2021-04-19 22:00:00+00:00,-0.0
2021-04-19 23:00:00+00:00,-0.0
2021-04-20 00:00:00+00:00,-0.0
2021-04-20 01:00:00+00:00,-0.0
2021-04-20 04:00:00+00:00,-0.0
2021-04-20 05:00:00+00:00,-0.0
2021-04-20 06:00:00+00:00,-0.0
2021-04-20 07:00:00+00:00,-0.0
2021-04-20 08:00:00+00:00,-0.0
2021-04-20 09:00:00+00:00,-0.0
2021-04-20 10:00:00+00:00,-0.0
2021-04-20 11:00:00+00:00,-0.0
2021-04-20 12:00:00+00:00,-0.0
2021-04-20 13:00:00+00:00,-0.0
2021-04-20 14:00:00+00:00,-0.0
2021-04-20 15:00:00+00:00,-0.0
2021-04-20 16:00:00+00:00,-0.0
2021-04-20 17:00:00+00:00,-0.0
2021-04-20 18:00:00+00:00,-0.0
2021-04-20 19:00:00+00:00,-0.0
2021-04-20 20:00:00+00:00,-0.0
2021-04-20 21:00:00+00:00,-0.0
2021-04-20 22:00:00+00:00,-0.0
2021-04-20 23:00:00+00:00,-0.0
2021-04-21 00:00:00+00:00,-0.0
2021-04-21 01:00:00+00:00,-0.0
2021-04-21 02:00:00+00:00,-0.0
2021-04-21 03:00:00+00:00,-0.0
2021-04-21 04:00:00+00:00,-0.0
2021-04-21 05:00:00+00:00,-0.0
2021-04-21 06:00:00+00:00,-0.0
2021-04-21 07:00:00+00:00,-0.0
2021-04-21 08:00:00+00:00,-0.0
2021-04-21 09:00:00+00:00,-0.0
2021-04-21 10:00:00+00:00,-0.0
2021-04-21 11:00:00+00:00,-0.0
2021-04-21 12:00:00+00:00,-0.0
2021-04-21 13:00:00+00:00,-0.0
2021-04-21 14:00:00+00:00,-0.0
2021-04-21 15:00:00+00:00,-0.0
2021-04-21 16:00:00+00:00,-0.0
2021-04-21 17:00:00+00:00,-0.0
2021-04-21 18:00:00+00:00,-0.0
2021-04-21 19:00:00+00:00,-0.0
2021-04-21 20:00:00+00:00,-0.0
2021-04-21 21:00:00+00:00,-0.0
2021-04-21 22:00:00+00:00,-0.0
2021-04-21 23:00:00+00:00,-0.0
2021-04-22 00:00:00+00:00,-0.0
2021-04-22 01:00:00+00:00,-0.0
2021-04-22 02:00:00+00:00,-0.0
2021-04-22 03:00:00+00:00,-0.0
2021-04-22 04:00:00+00:00,-0.0
2021-04-22 05:00:00+00:00,-0.0
2021-04-22 06:00:00+00:00,-0.0
2021-04-22 07:00:00+00:00,-0.0
2021-04-22 08:00:00+00:00,-0.0
2021-04-22 09:00:00+00:00,-0.0
2021-04-22 10:00:00+00:00,-0.0
2021-04-22 11:00:00+00:00,-0.0
2021-04-22 12:00:00+00:00,-0.0
2021-04-22 13:00:00+00:00,-0.0
2021-04-22 14:00:00+00:00,-0.0
2021-04-22 15:00:00+00:00,-0.0
2021-04-22 16:00:00+00:00,-0.0
2021-04-22 17:00:00+00:00,-0.0
2021-04-22 18:00:00+00:00,-0.0
2021-04-22 19:00:00+00:00,-0.0
2021-04-22 20:00:00+00:00,-0.0
2021-04-22 21:00:00+00:00,-0.0
2021-04-22 22:00:00+00:00,-0.0
2021-04-22 23:00:00+00:00,-0.0
2021-04-23 00:00:00+00:00,-0.0
2021-04-23 01:00:00+00:00,-0.0
2021-04-23 02:00:00+00:00,-0.0
2021-04-23 03:00:00+00:00,-0.0
2021-04-23 04:00:00+00:00,-0.0
2021-04-23 05:00:00+00:00,-0.0
2021-04-23 06:00:00+00:00,-0.0
2021-04-23 07:00:00+00:00,-0.0
2021-04-23 08:00:00+00:00,-0.0
2021-04-23 09:00:00+00:00,-0.0
2021-04-23 10:00:00+00:00,-0.0
2021-04-23 11:00:00+00:00,-0.0
2021-04-23 12:00:00+00:00,-0.0
2021-04-23 13:00:00+00:00,-0.0
2021-04-23 14:00:00+00:00,-0.0
2021-04-23 15:00:00+00:00,-0.0
2021-04-23 16:00:00+00:00,-0.0
2021-04-23 17:00:00+00:00,-0.0
2021-04-23 18:00:00+00:00,-0.0
2021-04-23 19:00:00+00:00,-0.0
2021-04-23 20:00:00+00:00,-0.0
2021-04-23 21:00:00+00:00,-0.0
2021-04-23 22:00:00+00:00,-0.0
2021-04-23 23:00:00+00:00,-0.0
2021-04-24 00:00:00+00:00,-0.0
2021-04-24 01:00:00+00:00,-0.0
2021-04-24 02:00:00+00:00,-0.0
2021-04-24 03:00:00+00:00,-0.0
2021-04-24 04:00:00+00:00,-0.0
2021-04-24 05:00:00+00:00,-0.0
2021-04-24 06:00:00+00:00,-0.0
2021-04-24 07:00:00+00:00,-0.0
2021-04-24 08:00:00+00:00,-0.0
2021-04-24 09:00:00+00:00,-0.0
2021-04-24 10:00:00+00:00,-0.0
2021-04-24 11:00:00+00:00,-0.0
2021-04-24 12:00:00+00:00,-0.0
2021-04-24 13:00:00+00:00,-0.0
2021-04-24 14:00:00+00:00,-0.0
2021-04-24 15:00:00+00:00,-0.0
2021-04-24 16:00:00+00:00,-0.0
2021-04-24 17:00:00+00:00,-0.0
2021-04-24 18:00:00+00:00,-0.0
2021-04-24 19:00:00+00:00,-0.0
2021-04-24 20:00:00+00:00,-0.0
2021-04-24 21:00:00+00:00,-0.0
2021-04-24 22:00:00+00:00,-0.0
2021-04-24 23:00:00+00:00,-0.0
2021-04-25 00:00:00+00:00,-0.0
2021-04-25 01:00:00+00:00,-0.0
2021-04-25 02:00:00+00:00,-0.0
2021-04-25 03:00:00+00:00,-0.0
2021-04-25 04:00:00+00:00,-0.0
2021-04-25 08:00:00+00:00,-0.0
2021-04-25 09:00:00+00:00,-0.0
2021-04-25 10:00:00+00:00,-0.0
2021-04-25 11:00:00+00:00,-0.0
2021-04-25 12:00:00+00:00,-0.0
2021-04-25 13:00:00+00:00,-0.0
2021-04-25 14:00:00+00:00,-0.0
2021-04-25 15:00:00+00:00,-0.0
2021-04-25 16:00:00+00:00,-0.0
2021-04-25 17:00:00+00:00,-0.0
2021-04-25 18:00:00+00:00,-0.0
2021-04-25 19:00:00+00:00,-0.0
2021-04-25 20:00:00+00:00,-0.0
2021-04-25 21:00:00+00:00,-0.0
2021-04-25 22:00:00+00:00,-0.0
2021-04-25 23:00:00+00:00,-0.0
2021-04-26 00:00:00+00:00,-0.0
2021-04-26 01:00:00+00:00,-0.0
2021-04-26 02:00:00+00:00,-0.0
2021-04-26 03:00:00+00:00,-0.0
2021-04-26 04:00:00+00:00,-0.0
2021-04-26 05:00:00+00:00,-0.0
2021-04-26 06:00:00+00:00,-0.0
2021-04-26 07:00:00+00:00,-0.0
2021-04-26 08:00:00+00:00,-0.0
2021-04-26 09:00:00+00:00,-0.0
2021-04-26 10:00:00+00:00,-0.0
2021-04-26 11:00:00+00:00,-0.0
2021-04-26 12:00:00+00:00,-0.0
2021-04-26 13:00:00+00:00,-0.0
2021-04-26 14:00:00+00:00,-0.0
2021-04-26 15:00:00+00:00,-0.0
2021-04-26 16:00:00+00:00,-0.0
2021-04-26 17:00:00+00:00,-0.37529757887322873
2021-04-26 18:00:00+00:00,-0.0
2021-04-26 19:00:00+00:00,-0.0
2021-04-26 20:00:00+00:00,-0.0
2021-04-26 21:00:00+00:00,0.0914467231184684
2021-04-26 22:00:00+00:00,-0.0
2021-04-26 23:00:00+00:00,-0.0
2021-04-27 00:00:00+00:00,-0.0
2021-04-27 01:00:00+00:00,-0.0
2021-04-27 02:00:00+00:00,-0.0
2021-04-27 03:00:00+00:00,-0.0
2021-04-27 04:00:00+00:00,-0.0
2021-04-27 05:00:00+00:00,-0.0
2021-04-27 06:00:00+00:00,-0.0
2021-04-27 07:00:00+00:00,-0.0
2021-04-27 08:00:00+00:00,-0.0
2021-04-27 09:00:00+00:00,-0.0
2021-04-27 10:00:00+00:00,-0.0
2021-04-27 11:00:00+00:00,-0.0
2021-04-27 12:00:00+00:00,-0.0
2021-04-27 13:00:00+00:00,-0.0
2021-04-27 14:00:00+00:00,-0.0
2021-04-27 15:00:00+00:00,-0.0
2021-04-27 16:00:00+00:00,-0.0
2021-04-27 17:00:00+00:00,-0.0
2021-04-27 18:00:00+00:00,-0.0
2021-04-27 19:00:00+00:00,-0.0
2021-04-27 20:00:00+00:00,-0.0
2021-04-27 21:00:00+00:00,-0.0
2021-04-27 22:00:00+00:00,-0.0
2021-04-27 23:00:00+00:00,-0.0
2021-04-28 00:00:00+00:00,-0.0
2021-04-28 01:00:00+00:00,-0.0
2021-04-28 02:00:00+00:00,-0.0
2021-04-28 03:00:00+00:00,-0.0
2021-04-28 04:00:00+00:00,-0.0
2021-04-28 05:00:00+00:00,-0.0
2021-04-28 06:00:00+00:00,-0.0
2021-04-28 07:00:00+00:00,-0.0
2021-04-28 08:00:00+00:00,-0.0
2021-04-28 09:00:00+00:00,-0.0
2021-04-28 10:00:00+00:00,-0.0
2021-04-28 11:00:00+00:00,-0.0
2021-04-28 12:00:00+00:00,-0.0
2021-04-28 13:00:00+00:00,-0.0
2021-04-28 14:00:00+00:00,-0.0
2021-04-28 15:00:00+00:00,-0.0
2021-04-28 16:00:00+00:00,-0.0
2021-04-28 17:00:00+00:00,-0.0
2021-04-28 18:00:00+00:00,-0.0
2021-04-28 19:00:00+00:00,-0.0
2021-04-28 20:00:00+00:00,-0.0
2021-04-28 21:00:00+00:00,-0.0
2021-04-28 22:00:00+00:00,-0.0
2021-04-28 23:00:00+00:00,-0.0
2021-04-29 00:00:00+00:00,-0.0
2021-04-29 01:00:00+00:00,-0.0
2021-04-29 02:00:00+00:00,-0.0
2021-04-29 03:00:00+00:00,-0.0
2021-04-29 04:00:00+00:00,-0.0
2021-04-29 05:00:00+00:00,-0.0
2021-04-29 06:00:00+00:00,-0.0
2021-04-29 07:00:00+00:00,-0.0
2021-04-29 08:00:00+00:00,-0.0
2021-04-29 09:00:00+00:00,-0.0
2021-04-29 10:00:00+00:00,-0.0
2021-04-29 11:00:00+00:00,-0.0
2021-04-29 12:00:00+00:00,-0.0
2021-04-29 13:00:00+00:00,-0.0
2021-04-29 14:00:00+00:00,-0.0
2021-04-29 15:00:00+00:00,-0.0
2021-04-29 16:00:00+00:00,-0.0
2021-04-29 17:00:00+00:00,-0.0
2021-04-29 18:00:00+00:00,0.06616005866858475
2021-04-29 19:00:00+00:00,-0.0
2021-04-29 20:00:00+00:00,-0.0
2021-04-29 21:00:00+00:00,-0.0
2021-04-29 22:00:00+00:00,-0.0
2021-04-29 23:00:00+00:00,-0.0
2021-04-30 00:00:00+00:00,-0.0
2021-04-30 01:00:00+00:00,-0.0
2021-04-30 02:00:00+00:00,-0.0
2021-04-30 03:00:00+00:00,-0.0
2021-04-30 04:00:00+00:00,-0.0
2021-04-30 05:00:00+00:00,-0.0
2021-04-30 06:00:00+00:00,-0.0
2021-04-30 07:00:00+00:00,-0.0
2021-04-30 08:00:00+00:00,-0.0
2021-04-30 09:00:00+00:00,-0.0
2021-04-30 10:00:00+00:00,-0.0
2021-04-30 11:00:00+00:00,-0.0
2021-04-30 12:00:00+00:00,-0.0
2021-04-30 13:00:00+00:00,-0.0
2021-04-30 14:00:00+00:00,-0.0
2021-04-30 15:00:00+00:00,-0.0
2021-04-30 16:00:00+00:00,-0.0
2021-04-30 17:00:00+00:00,-0.0
2021-04-30 18:00:00+00:00,-0.0
2021-04-30 19:00:00+00:00,-0.0
2021-04-30 20:00:00+00:00,-0.0
2021-04-30 21:00:00+00:00,-0.0
2021-04-30 22:00:00+00:00,-0.0
2021-04-30 23:00:00+00:00,-0.0
2021-05-01 00:00:00+00:00,-0.0
2021-05-01 01:00:00+00:00,-0.0
2021-05-01 02:00:00+00:00,-0.0
2021-05-01 03:00:00+00:00,-0.0
2021-05-01 04:00:00+00:00,-0.0
2021-05-01 05:00:00+00:00,-0.0
2021-05-01 06:00:00+00:00,-0.0
2021-05-01 07:00:00+00:00,-0.0
2021-05-01 08:00:00+00:00,-0.0
2021-05-01 09:00:00+00:00,-0.0
2021-05-01 10:00:00+00:00,-0.0
2021-05-01 11:00:00+00:00,-0.0
2021-05-01 12:00:00+00:00,-0.0
2021-05-01 13:00:00+00:00,-0.0
2021-05-01 14:00:00+00:00,-0.0
2021-05-01 15:00:00+00:00,-0.0
2021-05-01 16:00:00+00:00,-0.0
2021-05-01 17:00:00+00:00,-0.0
2021-05-01 18:00:00+00:00,-0.0
2021-05-01 19:00:00+00:00,-0.0
2021-05-01 20:00:00+00:00,-0.0
2021-05-01 21:00:00+00:00,-0.0
2021-05-01 22:00:00+00:00,-0.0
2021-05-01 23:00:00+00:00,-0.0
2021-05-02 00:00:00+00:00,-0.0
2021-05-02 01:00:00+00:00,-0.0
2021-05-02 02:00:00+00:00,-0.0
2021-05-02 03:00:00+00:00,-0.0
2021-05-02 04:00:00+00:00,-0.0
2021-05-02 05:00:00+00:00,-0.0
2021-05-02 06:00:00+00:00,-0.0
2021-05-02 07:00:00+00:00,-0.0
2021-05-02 08:00:00+00:00,-0.0
2021-05-02 09:00:00+00:00,-0.0
2021-05-02 10:00:00+00:00,-0.0
2021-05-02 11:00:00+00:00,-0.0
2021-05-02 12:00:00+00:00,-0.0
2021-05-02 13:00:00+00:00,-0.0
2021-05-02 14:00:00+00:00,-0.0
2021-05-02 15:00:00+00:00,-0.0
2021-05-02 16:00:00+00:00,-0.0
2021-05-02 17:00:00+00:00,-0.0
2021-05-02 18:00:00+00:00,-0.0
2021-05-02 19:00:00+00:00,-0.0
2021-05-02 20:00:00+00:00,-0.0
2021-05-02 21:00:00+00:00,-0.0
2021-05-02 22:00:00+00:00,-0.0
2021-05-02 23:00:00+00:00,-0.0
2021-05-03 00:00:00+00:00,-0.0
2021-05-03 01:00:00+00:00,-0.0
2021-05-03 02:00:00+00:00,-0.0
2021-05-03 03:00:00+00:00,-0.0
2021-05-03 04:00:00+00:00,-0.0
2021-05-03 05:00:00+00:00,-0.0
2021-05-03 06:00:00+00:00,-0.0
2021-05-03 07:00:00+00:00,-0.0
2021-05-03 08:00:00+00:00,-0.0
2021-05-03 09:00:00+00:00,-0.0
2021-05-03 10:00:00+00:00,-0.0
2021-05-03 11:00:00+00:00,-0.0
2021-05-03 12:00:00+00:00,-0.0
2021-05-03 13:00:00+00:00,-0.0
2021-05-03 14:00:00+00:00,-0.0
2021-05-03 15:00:00+00:00,-0.0
2021-05-03 16:00:00+00:00,-0.0
2021-05-03 17:00:00+00:00,-0.0
2021-05-03 18:00:00+00:00,-0.0
2021-05-03 19:00:00+00:00,-0.0
2021-05-03 20:00:00+00:00,-0.0
2021-05-03 21:00:00+00:00,-0.0
2021-05-03 22:00:00+00:00,-0.0
2021-05-03 23:00:00+00:00,-0.0
2021-05-04 00:00:00+00:00,-0.0
2021-05-04 01:00:00+00:00,-0.0
2021-05-04 02:00:00+00:00,-0.0
2021-05-04 03:00:00+00:00,-0.0
2021-05-04 04:00:00+00:00,-0.0
2021-05-04 05:00:00+00:00,-0.0
2021-05-04 06:00:00+00:00,-0.0
2021-05-04 07:00:00+00:00,-0.0
2021-05-04 08:00:00+00:00,-0.0
2021-05-04 09:00:00+00:00,-0.0
2021-05-04 10:00:00+00:00,-0.0
2021-05-04 11:00:00+00:00,-0.0
2021-05-04 12:00:00+00:00,-0.0
2021-05-04 13:00:00+00:00,-0.0
2021-05-04 14:00:00+00:00,-0.0
2021-05-04 15:00:00+00:00,-0.0
2021-05-04 16:00:00+00:00,-0.0
2021-05-04 17:00:00+00:00,-0.0
2021-05-04 18:00:00+00:00,-0.0
2021-05-04 19:00:00+00:00,-0.0
2021-05-04 20:00:00+00:00,-0.0
2021-05-04 21:00:00+00:00,-0.0
2021-05-04 22:00:00+00:00,-0.0
2021-05-04 23:00:00+00:00,-0.0
2021-05-05 00:00:00+00:00,-0.0
2021-05-05 01:00:00+00:00,-0.0
2021-05-05 02:00:00+00:00,-0.0
2021-05-05 03:00:00+00:00,-0.0
2021-05-05 04:00:00+00:00,-0.0
2021-05-05 05:00:00+00:00,-0.0
2021-05-05 06:00:00+00:00,-0.0
2021-05-05 07:00:00+00:00,-0.0
2021-05-05 08:00:00+00:00,-0.0
2021-05-05 09:00:00+00:00,-0.0
2021-05-05 10:00:00+00:00,-0.0
2021-05-05 11:00:00+00:00,-0.0
2021-05-05 12:00:00+00:00,-0.0
2021-05-05 13:00:00+00:00,-0.0
2021-05-05 14:00:00+00:00,-0.0
2021-05-05 15:00:00+00:00,-0.0
2021-05-05 16:00:00+00:00,-0.0
2021-05-05 17:00:00+00:00,-0.0
2021-05-05 18:00:00+00:00,-0.0
2021-05-05 19:00:00+00:00,-0.0
2021-05-05 20:00:00+00:00,-0.0
2021-05-05 21:00:00+00:00,-0.0
2021-05-05 22:00:00+00:00,-0.0
2021-05-05 23:00:00+00:00,-0.0
2021-05-06 00:00:00+00:00,-0.0
2021-05-06 01:00:00+00:00,-0.0
2021-05-06 02:00:00+00:00,-0.0
2021-05-06 03:00:00+00:00,-0.0
2021-05-06 04:00:00+00:00,-0.0
2021-05-06 05:00:00+00:00,-0.0
2021-05-06 06:00:00+00:00,0.19974472689804088
2021-05-06 07:00:00+00:00,-0.0
2021-05-06 08:00:00+00:00,-0.0
2021-05-06 09:00:00+00:00,-0.0
2021-05-06 10:00:00+00:00,-0.0
2021-05-06 11:00:00+00:00,-0.0
2021-05-06 12:00:00+00:00,-0.0
2021-05-06 13:00:00+00:00,-0.0
2021-05-06 14:00:00+00:00,-0.0
2021-05-06 15:00:00+00:00,-0.0
2021-05-06 16:00:00+00:00,-0.0
2021-05-06 17:00:00+00:00,-0.0
2021-05-06 18:00:00+00:00,-0.0
2021-05-06 19:00:00+00:00,-0.0
2021-05-06 20:00:00+00:00,-0.0
2021-05-06 21:00:00+00:00,-0.0
2021-05-06 22:00:00+00:00,-0.0
2021-05-06 23:00:00+00:00,-0.0
2021-05-07 00:00:00+00:00,-0.0
2021-05-07 01:00:00+00:00,-0.0
2021-05-07 02:00:00+00:00,-0.0
2021-05-07 03:00:00+00:00,-0.0
2021-05-07 04:00:00+00:00,-0.0
2021-05-07 05:00:00+00:00,-0.0
2021-05-07 06:00:00+00:00,-0.0
2021-05-07 07:00:00+00:00,-0.0
2021-05-07 08:00:00+00:00,-0.0
2021-05-07 09:00:00+00:00,-0.0
2021-05-07 10:00:00+00:00,-0.0
2021-05-07 11:00:00+00:00,-0.0
2021-05-07 12:00:00+00:00,-0.0
2021-05-07 13:00:00+00:00,-0.0
2021-05-07 14:00:00+00:00,-0.22424087100781445
2021-05-07 15:00:00+00:00,-0.0
2021-05-07 16:00:00+00:00,-0.0
2021-05-07 17:00:00+00:00,-0.0
2021-05-07 18:00:00+00:00,-0.0
2021-05-07 19:00:00+00:00,-0.0
2021-05-07 20:00:00+00:00,-0.0
2021-05-07 21:00:00+00:00,-0.0
2021-05-07 22:00:00+00:00,0.20199007925272988
2021-05-07 23:00:00+00:00,-0.0
2021-05-08 00:00:00+00:00,-0.0
2021-05-08 01:00:00+00:00,-0.0
2021-05-08 02:00:00+00:00,-0.0
2021-05-08 03:00:00+00:00,-0.0
2021-05-08 04:00:00+00:00,-0.0
2021-05-08 05:00:00+00:00,-0.0
2021-05-08 06:00:00+00:00,-0.0
2021-05-08 07:00:00+00:00,-0.0
2021-05-08 08:00:00+00:00,-0.0
2021-05-08 09:00:00+00:00,-0.0
2021-05-08 10:00:00+00:00,-0.0
2021-05-08 11:00:00+00:00,-0.0
2021-05-08 12:00:00+00:00,-0.0
2021-05-08 13:00:00+00:00,-0.0
2021-05-08 14:00:00+00:00,-0.0
2021-05-08 15:00:00+00:00,-0.0
2021-05-08 16:00:00+00:00,-0.0
2021-05-08 17:00:00+00:00,-0.0
2021-05-08 18:00:00+00:00,-0.0
2021-05-08 19:00:00+00:00,-0.0
2021-05-08 20:00:00+00:00,-0.0
2021-05-08 21:00:00+00:00,-0.0
2021-05-08 22:00:00+00:00,-0.0
2021-05-08 23:00:00+00:00,-0.0
2021-05-09 00:00:00+00:00,-0.0
2021-05-09 01:00:00+00:00,-0.0
2021-05-09 02:00:00+00:00,-0.0
2021-05-09 03:00:00+00:00,-0.0
2021-05-09 04:00:00+00:00,-0.0
2021-05-09 05:00:00+00:00,-0.0
2021-05-09 06:00:00+00:00,-0.0
2021-05-09 07:00:00+00:00,-0.0
2021-05-09 08:00:00+00:00,-0.0
2021-05-09 09:00:00+00:00,-0.0
2021-05-09 10:00:00+00:00,-0.0
2021-05-09 11:00:00+00:00,-0.0
2021-05-09 12:00:00+00:00,0.0901533998992207
2021-05-09 13:00:00+00:00,-0.0
2021-05-09 14:00:00+00:00,-0.0
2021-05-09 15:00:00+00:00,-0.0
2021-05-09 16:00:00+00:00,-0.0
2021-05-09 17:00:00+00:00,-0.0
2021-05-09 18:00:00+00:00,-0.0
2021-05-09 19:00:00+00:00,-0.0
2021-05-09 20:00:00+00:00,-0.0
2021-05-09 21:00:00+00:00,-0.0
2021-05-09 22:00:00+00:00,-0.0
2021-05-09 23:00:00+00:00,-0.0
2021-05-10 00:00:00+00:00,-0.0
2021-05-10 01:00:00+00:00,-0.0
2021-05-10 02:00:00+00:00,-0.0
2021-05-10 03:00:00+00:00,-0.0
2021-05-10 04:00:00+00:00,-0.0
2021-05-10 05:00:00+00:00,-0.0
2021-05-10 06:00:00+00:00,-0.0
2021-05-10 07:00:00+00:00,-0.0
2021-05-10 08:00:00+00:00,-0.0
2021-05-10 09:00:00+00:00,-0.0
2021-05-10 10:00:00+00:00,-0.0
2021-05-10 11:00:00+00:00,-0.0
2021-05-10 12:00:00+00:00,-0.0
2021-05-10 13:00:00+00:00,-0.0
2021-05-10 14:00:00+00:00,-0.0
2021-05-10 15:00:00+00:00,-0.0
2021-05-10 16:00:00+00:00,-0.0
2021-05-10 17:00:00+00:00,-0.0
2021-05-10 18:00:00+00:00,-0.0
2021-05-10 19:00:00+00:00,-0.0
2021-05-10 20:00:00+00:00,-0.0
2021-05-10 21:00:00+00:00,-0.0
2021-05-10 22:00:00+00:00,-0.0
2021-05-10 23:00:00+00:00,-0.0
2021-05-11 00:00:00+00:00,-0.0
2021-05-11 01:00:00+00:00,-0.0
2021-05-11 02:00:00+00:00,-0.0
2021-05-11 03:00:00+00:00,-0.0
2021-05-11 04:00:00+00:00,-0.0
2021-05-11 05:00:00+00:00,-0.0
2021-05-11 06:00:00+00:00,-0.0
2021-05-11 07:00:00+00:00,-0.0
2021-05-11 08:00:00+00:00,-0.0
2021-05-11 09:00:00+00:00,-0.0
2021-05-11 10:00:00+00:00,-0.0
2021-05-11 11:00:00+00:00,-0.0
2021-05-11 12:00:00+00:00,-0.0
2021-05-11 13:00:00+00:00,-0.0
2021-05-11 14:00:00+00:00,-0.0
2021-05-11 15:00:00+00:00,-0.0
2021-05-11 16:00:00+00:00,-0.0
2021-05-11 17:00:00+00:00,-0.0
2021-05-11 18:00:00+00:00,-0.0
2021-05-11 19:00:00+00:00,-0.0
2021-05-11 20:00:00+00:00,-0.0
2021-05-11 21:00:00+00:00,-0.0
2021-05-11 22:00:00+00:00,-0.0
2021-05-11 23:00:00+00:00,-0.0
2021-05-12 00:00:00+00:00,-0.0
2021-05-12 01:00:00+00:00,-0.0
2021-05-12 02:00:00+00:00,-0.0
2021-05-12 03:00:00+00:00,-0.0
2021-05-12 04:00:00+00:00,-0.0
2021-05-12 05:00:00+00:00,-0.0
2021-05-12 06:00:00+00:00,-0.0
2021-05-12 07:00:00+00:00,-0.0
2021-05-12 08:00:00+00:00,-0.0
2021-05-12 09:00:00+00:00,-0.0
2021-05-12 10:00:00+00:00,-0.0
2021-05-12 11:00:00+00:00,-0.0
2021-05-12 12:00:00+00:00,-0.0
2021-05-12 13:00:00+00:00,-0.0
2021-05-12 14:00:00+00:00,-0.0
2021-05-12 15:00:00+00:00,-0.0
2021-05-12 16:00:00+00:00,-0.0
2021-05-12 17:00:00+00:00,-0.0
2021-05-12 18:00:00+00:00,0.0766225359031524
2021-05-12 19:00:00+00:00,-0.0
2021-05-12 20:00:00+00:00,-0.0
2021-05-12 21:00:00+00:00,-0.0
2021-05-12 22:00:00+00:00,-0.0
2021-05-12 23:00:00+00:00,-0.0
2021-05-13 00:00:00+00:00,-0.0
2021-05-13 01:00:00+00:00,-0.0
2021-05-13 02:00:00+00:00,-0.0
2021-05-13 03:00:00+00:00,-0.0
2021-05-13 04:00:00+00:00,-0.0
2021-05-13 05:00:00+00:00,-0.0
2021-05-13 06:00:00+00:00,-0.0
2021-05-13 07:00:00+00:00,-0.0
2021-05-13 08:00:00+00:00,-0.0
2021-05-13 09:00:00+00:00,-0.0
2021-05-13 10:00:00+00:00,-0.0
2021-05-13 11:00:00+00:00,-0.0
2021-05-13 12:00:00+00:00,-0.0
2021-05-13 13:00:00+00:00,-0.0
2021-05-13 14:00:00+00:00,-0.0
2021-05-13 15:00:00+00:00,-0.0
2021-05-13 16:00:00+00:00,-0.0
2021-05-13 17:00:00+00:00,-0.0
2021-05-13 18:00:00+00:00,-0.0
2021-05-13 19:00:00+00:00,-0.0
2021-05-13 20:00:00+00:00,-0.0
2021-05-13 21:00:00+00:00,-0.0
2021-05-13 22:00:00+00:00,-0.0
2021-05-13 23:00:00+00:00,-0.0
2021-05-14 00:00:00+00:00,-0.0
2021-05-14 01:00:00+00:00,-0.0
2021-05-14 02:00:00+00:00,-0.0
2021-05-14 03:00:00+00:00,-0.0
2021-05-14 04:00:00+00:00,-0.0
2021-05-14 05:00:00+00:00,-0.0
2021-05-14 06:00:00+00:00,-0.0
2021-05-14 07:00:00+00:00,-0.0
2021-05-14 08:00:00+00:00,-0.0
2021-05-14 09:00:00+00:00,-0.0
2021-05-14 10:00:00+00:00,-0.0
2021-05-14 11:00:00+00:00,-0.0
2021-05-14 12:00:00+00:00,-0.0
2021-05-14 13:00:00+00:00,-0.0
2021-05-14 14:00:00+00:00,-0.0
2021-05-14 15:00:00+00:00,-0.0
2021-05-14 16:00:00+00:00,-0.0
2021-05-14 17:00:00+00:00,-0.0
2021-05-14 18:00:00+00:00,-0.0
2021-05-14 19:00:00+00:00,-0.0
2021-05-14 20:00:00+00:00,-0.0
2021-05-14 21:00:00+00:00,-0.0
2021-05-14 22:00:00+00:00,-0.0
2021-05-14 23:00:00+00:00,-0.0
2021-05-15 00:00:00+00:00,-0.0
2021-05-15 01:00:00+00:00,-0.0
2021-05-15 02:00:00+00:00,-0.0
2021-05-15 03:00:00+00:00,-0.0
2021-05-15 04:00:00+00:00,-0.0
2021-05-15 05:00:00+00:00,-0.0
2021-05-15 06:00:00+00:00,-0.0
2021-05-15 07:00:00+00:00,-0.0
2021-05-15 08:00:00+00:00,-0.0
2021-05-15 09:00:00+00:00,-0.0
2021-05-15 10:00:00+00:00,0.08619342649946299
2021-05-15 11:00:00+00:00,-0.0
2021-05-15 12:00:00+00:00,-0.0
2021-05-15 13:00:00+00:00,-0.0
2021-05-15 14:00:00+00:00,-0.0
2021-05-15 15:00:00+00:00,-0.0
2021-05-15 16:00:00+00:00,-0.0
2021-05-15 17:00:00+00:00,-0.0
2021-05-15 18:00:00+00:00,-0.0
2021-05-15 19:00:00+00:00,-0.0
2021-05-15 20:00:00+00:00,-0.0
2021-05-15 21:00:00+00:00,-0.0
2021-05-15 22:00:00+00:00,-0.0
2021-05-15 23:00:00+00:00,0.17768904183857762
2021-05-16 00:00:00+00:00,-0.0
2021-05-16 01:00:00+00:00,-0.0
2021-05-16 02:00:00+00:00,-0.0
2021-05-16 03:00:00+00:00,-0.0
2021-05-16 04:00:00+00:00,-0.0
2021-05-16 05:00:00+00:00,-0.0
2021-05-16 06:00:00+00:00,-0.0
2021-05-16 07:00:00+00:00,-0.0
2021-05-16 08:00:00+00:00,-0.0
2021-05-16 09:00:00+00:00,-0.0
2021-05-16 10:00:00+00:00,-0.0
2021-05-16 11:00:00+00:00,-0.0
2021-05-16 12:00:00+00:00,-0.0
2021-05-16 13:00:00+00:00,-0.0
2021-05-16 14:00:00+00:00,-0.0
2021-05-16 15:00:00+00:00,-0.0
2021-05-16 16:00:00+00:00,-0.0
2021-05-16 17:00:00+00:00,-0.0
2021-05-16 18:00:00+00:00,-0.0
2021-05-16 19:00:00+00:00,-0.0
2021-05-16 20:00:00+00:00,-0.0
2021-05-16 21:00:00+00:00,-0.0
2021-05-16 22:00:00+00:00,-0.0
2021-05-16 23:00:00+00:00,-0.0
2021-05-17 00:00:00+00:00,-0.0
2021-05-17 01:00:00+00:00,-0.0
2021-05-17 02:00:00+00:00,-0.0
2021-05-17 03:00:00+00:00,-0.0
2021-05-17 04:00:00+00:00,-0.0
2021-05-17 05:00:00+00:00,-0.0
2021-05-17 06:00:00+00:00,-0.0
2021-05-17 07:00:00+00:00,-0.0
2021-05-17 08:00:00+00:00,-0.0
2021-05-17 09:00:00+00:00,-0.0
2021-05-17 10:00:00+00:00,-0.0
2021-05-17 11:00:00+00:00,-0.0
2021-05-17 12:00:00+00:00,-0.0
2021-05-17 13:00:00+00:00,-0.0
2021-05-17 14:00:00+00:00,-0.0
2021-05-17 15:00:00+00:00,-0.0
2021-05-17 16:00:00+00:00,-0.0
2021-05-17 17:00:00+00:00,-0.0
2021-05-17 18:00:00+00:00,-0.0
2021-05-17 19:00:00+00:00,-0.0
2021-05-17 20:00:00+00:00,-0.0
2021-05-17 21:00:00+00:00,-0.0
2021-05-17 22:00:00+00:00,-0.0
2021-05-17 23:00:00+00:00,-0.0
2021-05-18 00:00:00+00:00,-0.0
2021-05-18 01:00:00+00:00,-0.0
2021-05-18 02:00:00+00:00,-0.0
2021-05-18 03:00:00+00:00,-0.0
2021-05-18 04:00:00+00:00,-0.0
2021-05-18 05:00:00+00:00,-0.0
2021-05-18 06:00:00+00:00,-0.0
2021-05-18 07:00:00+00:00,-0.0
2021-05-18 08:00:00+00:00,-0.0
2021-05-18 09:00:00+00:00,-0.0
2021-05-18 10:00:00+00:00,-0.0
2021-05-18 11:00:00+00:00,-0.0
2021-05-18 12:00:00+00:00,-0.0
2021-05-18 13:00:00+00:00,0.09882505201254328
2021-05-18 14:00:00+00:00,-0.0
2021-05-18 15:00:00+00:00,-0.0
2021-05-18 16:00:00+00:00,-0.0
2021-05-18 17:00:00+00:00,-0.0
2021-05-18 18:00:00+00:00,-0.0
2021-05-18 19:00:00+00:00,-0.0
2021-05-18 20:00:00+00:00,-0.0
2021-05-18 21:00:00+00:00,-0.0
2021-05-18 22:00:00+00:00,-0.0
2021-05-18 23:00:00+00:00,-0.0
2021-05-19 00:00:00+00:00,-0.0
2021-05-19 01:00:00+00:00,-0.0
2021-05-19 02:00:00+00:00,-0.0
2021-05-19 03:00:00+00:00,-0.0
2021-05-19 04:00:00+00:00,-0.0
2021-05-19 05:00:00+00:00,-0.0
2021-05-19 06:00:00+00:00,-0.0
2021-05-19 07:00:00+00:00,-0.0
2021-05-19 08:00:00+00:00,-0.0
2021-05-19 09:00:00+00:00,-0.0
2021-05-19 10:00:00+00:00,-0.0
2021-05-19 11:00:00+00:00,-0.0
2021-05-19 12:00:00+00:00,-0.0
2021-05-19 13:00:00+00:00,-0.0
2021-05-19 14:00:00+00:00,-0.0
2021-05-19 15:00:00+00:00,-0.0
2021-05-19 16:00:00+00:00,-0.0
2021-05-19 17:00:00+00:00,-0.0
2021-05-19 18:00:00+00:00,-0.0
2021-05-19 19:00:00+00:00,-0.0
2021-05-19 20:00:00+00:00,-0.0
2021-05-19 21:00:00+00:00,-0.0
2021-05-19 22:00:00+00:00,-0.0
2021-05-19 23:00:00+00:00,-0.0
2021-05-20 00:00:00+00:00,-0.0
2021-05-20 01:00:00+00:00,-0.0
2021-05-20 02:00:00+00:00,-0.0
2021-05-20 03:00:00+00:00,-0.0
2021-05-20 04:00:00+00:00,-0.0
2021-05-20 05:00:00+00:00,-0.0
2021-05-20 06:00:00+00:00,-0.0
2021-05-20 07:00:00+00:00,-0.0
2021-05-20 08:00:00+00:00,-0.0
2021-05-20 09:00:00+00:00,-0.0
2021-05-20 10:00:00+00:00,-0.0
2021-05-20 11:00:00+00:00,-0.0
2021-05-20 12:00:00+00:00,-0.0
2021-05-20 13:00:00+00:00,-0.0
2021-05-20 14:00:00+00:00,-0.0
2021-05-20 15:00:00+00:00,-0.0
2021-05-20 16:00:00+00:00,-0.0
2021-05-20 17:00:00+00:00,-0.0
2021-05-20 18:00:00+00:00,-0.0
2021-05-20 19:00:00+00:00,-0.0
2021-05-20 20:00:00+00:00,-0.0
2021-05-20 21:00:00+00:00,-0.0
2021-05-20 22:00:00+00:00,-0.0
2021-05-20 23:00:00+00:00,-0.0
2021-05-21 00:00:00+00:00,-0.0
2021-05-21 01:00:00+00:00,-0.0
2021-05-21 02:00:00+00:00,-0.0
2021-05-21 03:00:00+00:00,-0.0
2021-05-21 04:00:00+00:00,-0.0
2021-05-21 05:00:00+00:00,-0.0
2021-05-21 06:00:00+00:00,-0.0
2021-05-21 07:00:00+00:00,-0.0
2021-05-21 08:00:00+00:00,-0.0
2021-05-21 09:00:00+00:00,-0.0
2021-05-21 10:00:00+00:00,-0.0
2021-05-21 11:00:00+00:00,-0.0
2021-05-21 12:00:00+00:00,-0.0
2021-05-21 13:00:00+00:00,-0.0
2021-05-21 14:00:00+00:00,-0.0
2021-05-21 15:00:00+00:00,-0.0
2021-05-21 16:00:00+00:00,-0.0
2021-05-21 17:00:00+00:00,-0.0
2021-05-21 18:00:00+00:00,-0.0
2021-05-21 19:00:00+00:00,-0.0
2021-05-21 20:00:00+00:00,-0.0
2021-05-21 21:00:00+00:00,-0.0
2021-05-21 22:00:00+00:00,-0.0
2021-05-21 23:00:00+00:00,-0.0
2021-05-22 00:00:00+00:00,-0.0
2021-05-22 01:00:00+00:00,-0.0
2021-05-22 02:00:00+00:00,-0.0
2021-05-22 03:00:00+00:00,-0.0
2021-05-22 04:00:00+00:00,-0.0
2021-05-22 05:00:00+00:00,-0.0
2021-05-22 06:00:00+00:00,-0.0
2021-05-22 07:00:00+00:00,-0.0
2021-05-22 08:00:00+00:00,-0.0
2021-05-22 09:00:00+00:00,-0.0
2021-05-22 10:00:00+00:00,-0.0
2021-05-22 11:00:00+00:00,-0.0
2021-05-22 12:00:00+00:00,-0.0
2021-05-22 13:00:00+00:00,-0.0
2021-05-22 14:00:00+00:00,-0.0
2021-05-22 15:00:00+00:00,-0.0
2021-05-22 16:00:00+00:00,-0.0
2021-05-22 17:00:00+00:00,-0.0
2021-05-22 18:00:00+00:00,-0.0
2021-05-22 19:00:00+00:00,-0.0
2021-05-22 20:00:00+00:00,-0.0
2021-05-22 21:00:00+00:00,-0.0
2021-05-22 22:00:00+00:00,-0.0
2021-05-22 23:00:00+00:00,-0.0
2021-05-23 00:00:00+00:00,-0.0
2021-05-23 01:00:00+00:00,-0.0
2021-05-23 02:00:00+00:00,-0.0
2021-05-23 03:00:00+00:00,-0.0
2021-05-23 04:00:00+00:00,-0.0
2021-05-23 05:00:00+00:00,-0.0
2021-05-23 06:00:00+00:00,-0.0
2021-05-23 07:00:00+00:00,-0.0
2021-05-23 08:00:00+00:00,-0.0
2021-05-23 09:00:00+00:00,-0.0
2021-05-23 10:00:00+00:00,-0.0
2021-05-23 11:00:00+00:00,-0.0
2021-05-23 12:00:00+00:00,-0.0
2021-05-23 13:00:00+00:00,-0.0
2021-05-23 14:00:00+00:00,-0.0
2021-05-23 15:00:00+00:00,-0.0
2021-05-23 16:00:00+00:00,-0.0
2021-05-23 17:00:00+00:00,-0.0
2021-05-23 18:00:00+00:00,-0.0
2021-05-23 19:00:00+00:00,-0.0
2021-05-23 20:00:00+00:00,-0.0
2021-05-23 21:00:00+00:00,-0.0
2021-05-23 22:00:00+00:00,-0.0
2021-05-23 23:00:00+00:00,-0.0
2021-05-24 00:00:00+00:00,-0.0
2021-05-24 01:00:00+00:00,-0.0
2021-05-24 02:00:00+00:00,-0.0
2021-05-24 03:00:00+00:00,-0.0
2021-05-24 04:00:00+00:00,-0.0
2021-05-24 05:00:00+00:00,-0.0
2021-05-24 06:00:00+00:00,-0.0
2021-05-24 07:00:00+00:00,-0.0
2021-05-24 08:00:00+00:00,-0.0
2021-05-24 09:00:00+00:00,-0.0
2021-05-24 10:00:00+00:00,-0.0
2021-05-24 11:00:00+00:00,-0.0
2021-05-24 12:00:00+00:00,-0.0
2021-05-24 13:00:00+00:00,-0.0
2021-05-24 14:00:00+00:00,-0.0
2021-05-24 15:00:00+00:00,-0.0
2021-05-24 16:00:00+00:00,-0.0
2021-05-24 17:00:00+00:00,-0.0
2021-05-24 18:00:00+00:00,-0.0
2021-05-24 19:00:00+00:00,-0.0
2021-05-24 20:00:00+00:00,-0.0
2021-05-24 21:00:00+00:00,-0.0
2021-05-24 22:00:00+00:00,-0.0
2021-05-24 23:00:00+00:00,-0.0
2021-05-25 00:00:00+00:00,-0.0
2021-05-25 01:00:00+00:00,-0.0
2021-05-25 02:00:00+00:00,-0.0
2021-05-25 03:00:00+00:00,-0.0
2021-05-25 04:00:00+00:00,-0.0
2021-05-25 05:00:00+00:00,-0.0
2021-05-25 06:00:00+00:00,-0.0
2021-05-25 07:00:00+00:00,-0.0
2021-05-25 08:00:00+00:00,-0.0
2021-05-25 09:00:00+00:00,-0.0
2021-05-25 10:00:00+00:00,-0.0
2021-05-25 11:00:00+00:00,-0.0
2021-05-25 12:00:00+00:00,-0.0
2021-05-25 13:00:00+00:00,-0.0
2021-05-25 14:00:00+00:00,-0.0
2021-05-25 15:00:00+00:00,-0.0
2021-05-25 16:00:00+00:00,-0.0
2021-05-25 17:00:00+00:00,-0.0
2021-05-25 18:00:00+00:00,-0.0
2021-05-25 19:00:00+00:00,-0.0
2021-05-25 20:00:00+00:00,-0.0
2021-05-25 21:00:00+00:00,-0.0
2021-05-25 22:00:00+00:00,-0.0
2021-05-25 23:00:00+00:00,-0.0
2021-05-26 00:00:00+00:00,-0.0
2021-05-26 01:00:00+00:00,-0.0
2021-05-26 02:00:00+00:00,-0.0
2021-05-26 03:00:00+00:00,-0.0
2021-05-26 04:00:00+00:00,-0.0
2021-05-26 05:00:00+00:00,-0.0
2021-05-26 06:00:00+00:00,-0.0
2021-05-26 07:00:00+00:00,-0.5027959587738504
2021-05-26 08:00:00+00:00,-0.0
2021-05-26 09:00:00+00:00,-0.0
2021-05-26 10:00:00+00:00,-0.0
2021-05-26 11:00:00+00:00,-0.0
2021-05-26 12:00:00+00:00,-0.0
2021-05-26 13:00:00+00:00,-0.0
2021-05-26 14:00:00+00:00,-0.0
2021-05-26 15:00:00+00:00,-0.0
2021-05-26 16:00:00+00:00,-0.0
2021-05-26 17:00:00+00:00,-0.0
2021-05-26 18:00:00+00:00,-0.0
2021-05-26 19:00:00+00:00,-0.0
2021-05-26 20:00:00+00:00,-0.0
2021-05-26 21:00:00+00:00,-0.0
2021-05-26 22:00:00+00:00,-0.0
2021-05-26 23:00:00+00:00,-0.0
2021-05-27 00:00:00+00:00,-0.0
2021-05-27 01:00:00+00:00,-0.0
2021-05-27 02:00:00+00:00,-0.0
2021-05-27 03:00:00+00:00,-0.0
2021-05-27 04:00:00+00:00,-0.0
2021-05-27 05:00:00+00:00,-0.0
2021-05-27 06:00:00+00:00,-0.0
2021-05-27 07:00:00+00:00,-0.0
2021-05-27 08:00:00+00:00,-0.0
2021-05-27 09:00:00+00:00,-0.0
2021-05-27 10:00:00+00:00,-0.0
2021-05-27 11:00:00+00:00,-0.0
2021-05-27 12:00:00+00:00,-0.0
2021-05-27 13:00:00+00:00,-0.0
2021-05-27 14:00:00+00:00,-0.0
2021-05-27 15:00:00+00:00,-0.0
2021-05-27 16:00:00+00:00,-0.0
2021-05-27 17:00:00+00:00,-0.0
2021-05-27 18:00:00+00:00,-0.0
2021-05-27 19:00:00+00:00,-0.0
2021-05-27 20:00:00+00:00,-0.0
2021-05-27 21:00:00+00:00,-0.0
2021-05-27 22:00:00+00:00,-0.0
2021-05-27 23:00:00+00:00,-0.0
2021-05-28 00:00:00+00:00,-0.0
2021-05-28 01:00:00+00:00,-0.0
2021-05-28 02:00:00+00:00,-0.0
2021-05-28 03:00:00+00:00,-0.0
2021-05-28 04:00:00+00:00,-0.0
2021-05-28 05:00:00+00:00,-0.0
2021-05-28 06:00:00+00:00,-0.0
2021-05-28 07:00:00+00:00,-0.0
2021-05-28 08:00:00+00:00,-0.0
2021-05-28 09:00:00+00:00,-0.0
2021-05-28 10:00:00+00:00,-0.0
2021-05-28 11:00:00+00:00,-0.0
2021-05-28 12:00:00+00:00,-0.0
2021-05-28 13:00:00+00:00,-0.0
2021-05-28 14:00:00+00:00,-0.0
2021-05-28 15:00:00+00:00,-0.0
2021-05-28 16:00:00+00:00,-0.0
2021-05-28 17:00:00+00:00,-0.0
2021-05-28 18:00:00+00:00,-0.0
2021-05-28 19:00:00+00:00,-0.0
2021-05-28 20:00:00+00:00,-0.0
2021-05-28 21:00:00+00:00,-0.0
2021-05-28 22:00:00+00:00,-0.0
2021-05-28 23:00:00+00:00,-0.0
2021-05-29 00:00:00+00:00,-0.0
2021-05-29 01:00:00+00:00,-0.0
2021-05-29 02:00:00+00:00,-0.0
2021-05-29 03:00:00+00:00,-0.0
2021-05-29 04:00:00+00:00,-0.0
2021-05-29 05:00:00+00:00,-0.0
2021-05-29 06:00:00+00:00,-0.0
2021-05-29 07:00:00+00:00,-0.0
2021-05-29 08:00:00+00:00,-0.0
2021-05-29 09:00:00+00:00,-0.0
2021-05-29 10:00:00+00:00,-0.0
2021-05-29 11:00:00+00:00,-0.0
2021-05-29 12:00:00+00:00,-0.0
2021-05-29 13:00:00+00:00,0.19191535238736357
2021-05-29 14:00:00+00:00,-0.0
2021-05-29 15:00:00+00:00,-0.0
2021-05-29 16:00:00+00:00,-0.0
2021-05-29 17:00:00+00:00,-0.0
2021-05-29 18:00:00+00:00,-0.0
2021-05-29 19:00:00+00:00,-0.0
2021-05-29 20:00:00+00:00,-0.0
2021-05-29 21:00:00+00:00,-0.0
2021-05-29 22:00:00+00:00,-0.0
2021-05-29 23:00:00+00:00,-0.0
2021-05-30 00:00:00+00:00,-0.0
2021-05-30 01:00:00+00:00,-0.0
2021-05-30 02:00:00+00:00,-0.0
2021-05-30 03:00:00+00:00,-0.0
2021-05-30 04:00:00+00:00,-0.0
2021-05-30 05:00:00+00:00,-0.0
2021-05-30 06:00:00+00:00,-0.0
2021-05-30 07:00:00+00:00,-0.0
2021-05-30 08:00:00+00:00,-0.0
2021-05-30 09:00:00+00:00,-0.0
2021-05-30 10:00:00+00:00,-0.0
2021-05-30 11:00:00+00:00,-0.0
2021-05-30 12:00:00+00:00,-0.0
2021-05-30 13:00:00+00:00,-0.0
2021-05-30 14:00:00+00:00,-0.0
2021-05-30 15:00:00+00:00,-0.0
2021-05-30 16:00:00+00:00,-0.0
2021-05-30 17:00:00+00:00,-0.0
2021-05-30 18:00:00+00:00,-0.0
2021-05-30 19:00:00+00:00,-0.0
2021-05-30 20:00:00+00:00,-0.0
2021-05-30 21:00:00+00:00,-0.0
2021-05-30 22:00:00+00:00,-0.0
2021-05-30 23:00:00+00:00,-0.0
2021-05-31 00:00:00+00:00,-0.0
2021-05-31 01:00:00+00:00,-0.0
2021-05-31 02:00:00+00:00,-0.0
2021-05-31 03:00:00+00:00,-0.0
2021-05-31 04:00:00+00:00,-0.0
2021-05-31 05:00:00+00:00,-0.0
2021-05-31 06:00:00+00:00,-0.0
2021-05-31 07:00:00+00:00,-0.0
2021-05-31 08:00:00+00:00,-0.0
2021-05-31 09:00:00+00:00,-0.0
2021-05-31 10:00:00+00:00,-0.0
2021-05-31 11:00:00+00:00,-0.0
2021-05-31 12:00:00+00:00,-0.0
2021-05-31 13:00:00+00:00,-0.0
2021-05-31 14:00:00+00:00,-0.0
2021-05-31 15:00:00+00:00,-0.0
2021-05-31 16:00:00+00:00,-0.0
2021-05-31 17:00:00+00:00,-0.0
2021-05-31 18:00:00+00:00,-0.0
2021-05-31 19:00:00+00:00,-0.0
2021-05-31 20:00:00+00:00,-0.0
2021-05-31 21:00:00+00:00,-0.0
2021-05-31 22:00:00+00:00,-0.0
2021-05-31 23:00:00+00:00,-0.0
2021-06-01 00:00:00+00:00,-0.0
2021-06-01 01:00:00+00:00,-0.0
2021-06-01 02:00:00+00:00,-0.0
2021-06-01 03:00:00+00:00,-0.0
2021-06-01 04:00:00+00:00,-0.0
2021-06-01 05:00:00+00:00,-0.0
2021-06-01 06:00:00+00:00,-0.0
2021-06-01 07:00:00+00:00,-0.0
2021-06-01 08:00:00+00:00,-0.0
2021-06-01 09:00:00+00:00,-0.0
2021-06-01 10:00:00+00:00,-0.0
2021-06-01 11:00:00+00:00,-0.0
2021-06-01 12:00:00+00:00,-0.0
2021-06-01 13:00:00+00:00,-0.0
2021-06-01 14:00:00+00:00,-0.0
2021-06-01 15:00:00+00:00,-0.0
2021-06-01 16:00:00+00:00,-0.0
2021-06-01 17:00:00+00:00,-0.0
2021-06-01 18:00:00+00:00,-0.0
2021-06-01 19:00:00+00:00,-0.0
2021-06-01 20:00:00+00:00,-0.0
2021-06-01 21:00:00+00:00,-0.0
2021-06-01 22:00:00+00:00,-0.0
2021-06-01 23:00:00+00:00,-0.0
2021-06-02 00:00:00+00:00,-0.0
2021-06-02 01:00:00+00:00,-0.0
2021-06-02 02:00:00+00:00,-0.0
2021-06-02 03:00:00+00:00,-0.0
2021-06-02 04:00:00+00:00,-0.0
2021-06-02 05:00:00+00:00,-0.0
2021-06-02 06:00:00+00:00,-0.0
2021-06-02 07:00:00+00:00,-0.0
2021-06-02 08:00:00+00:00,-0.0
2021-06-02 09:00:00+00:00,-0.0
2021-06-02 10:00:00+00:00,-0.0
2021-06-02 11:00:00+00:00,-0.0
2021-06-02 12:00:00+00:00,-0.0
2021-06-02 13:00:00+00:00,-0.19828356780701065
2021-06-02 14:00:00+00:00,-0.0
2021-06-02 15:00:00+00:00,-0.0
2021-06-02 16:00:00+00:00,-0.0
2021-06-02 17:00:00+00:00,-0.0
2021-06-02 18:00:00+00:00,-0.0
2021-06-02 19:00:00+00:00,-0.0
2021-06-02 20:00:00+00:00,-0.0
2021-06-02 21:00:00+00:00,-0.0
2021-06-02 22:00:00+00:00,-0.0
2021-06-02 23:00:00+00:00,-0.0
2021-06-03 00:00:00+00:00,-0.0
2021-06-03 01:00:00+00:00,-0.0
2021-06-03 02:00:00+00:00,-0.0
2021-06-03 03:00:00+00:00,-0.0
2021-06-03 04:00:00+00:00,-0.0
2021-06-03 05:00:00+00:00,-0.0
2021-06-03 06:00:00+00:00,-0.0
2021-06-03 07:00:00+00:00,-0.0
2021-06-03 08:00:00+00:00,-0.0
2021-06-03 09:00:00+00:00,-0.0
2021-06-03 10:00:00+00:00,-0.0
2021-06-03 11:00:00+00:00,-0.0
2021-06-03 12:00:00+00:00,-0.0
2021-06-03 13:00:00+00:00,0.1555231367451753
2021-06-03 14:00:00+00:00,-0.0
2021-06-03 15:00:00+00:00,-0.0
2021-06-03 16:00:00+00:00,-0.0
2021-06-03 17:00:00+00:00,-0.0
2021-06-03 18:00:00+00:00,-0.0
2021-06-03 19:00:00+00:00,-0.0
2021-06-03 20:00:00+00:00,-0.0
2021-06-03 21:00:00+00:00,-0.0
2021-06-03 22:00:00+00:00,-0.0
2021-06-03 23:00:00+00:00,-0.0
2021-06-04 00:00:00+00:00,-0.0
2021-06-04 01:00:00+00:00,-0.0
2021-06-04 02:00:00+00:00,-0.0
2021-06-04 03:00:00+00:00,-0.0
2021-06-04 04:00:00+00:00,-0.0
2021-06-04 05:00:00+00:00,0.15684662008196285
2021-06-04 06:00:00+00:00,-0.0
2021-06-04 07:00:00+00:00,-0.0
2021-06-04 08:00:00+00:00,-0.0
2021-06-04 09:00:00+00:00,-0.0
2021-06-04 10:00:00+00:00,-0.0
2021-06-04 11:00:00+00:00,-0.0
2021-06-04 12:00:00+00:00,-0.0
2021-06-04 13:00:00+00:00,-0.0
2021-06-04 14:00:00+00:00,-0.0
2021-06-04 15:00:00+00:00,-0.0
2021-06-04 16:00:00+00:00,-0.0
2021-06-04 17:00:00+00:00,-0.0
2021-06-04 18:00:00+00:00,-0.0
2021-06-04 19:00:00+00:00,-0.0
2021-06-04 20:00:00+00:00,-0.0
2021-06-04 21:00:00+00:00,-0.0
2021-06-04 22:00:00+00:00,-0.0
2021-06-04 23:00:00+00:00,-0.0
2021-06-05 00:00:00+00:00,-0.0
2021-06-05 01:00:00+00:00,-0.0
2021-06-05 02:00:00+00:00,-0.0
2021-06-05 03:00:00+00:00,-0.0
2021-06-05 04:00:00+00:00,-0.0
2021-06-05 05:00:00+00:00,-0.0
2021-06-05 06:00:00+00:00,-0.0
2021-06-05 07:00:00+00:00,-0.0
2021-06-05 08:00:00+00:00,-0.0
2021-06-05 09:00:00+00:00,-0.0
2021-06-05 10:00:00+00:00,-0.0
2021-06-05 11:00:00+00:00,-0.0
2021-06-05 12:00:00+00:00,-0.0
2021-06-05 13:00:00+00:00,-0.0
2021-06-05 14:00:00+00:00,-0.0
2021-06-05 15:00:00+00:00,-0.0
2021-06-05 16:00:00+00:00,-0.0
2021-06-05 17:00:00+00:00,-0.0
2021-06-05 18:00:00+00:00,-0.0
2021-06-05 19:00:00+00:00,-0.0
2021-06-05 20:00:00+00:00,-0.0
2021-06-05 21:00:00+00:00,-0.0
2021-06-05 22:00:00+00:00,-0.0
2021-06-05 23:00:00+00:00,-0.0
2021-06-06 00:00:00+00:00,-0.0
2021-06-06 01:00:00+00:00,-0.0
2021-06-06 02:00:00+00:00,-0.0
2021-06-06 03:00:00+00:00,-0.0
2021-06-06 04:00:00+00:00,-0.0
2021-06-06 05:00:00+00:00,-0.0
2021-06-06 06:00:00+00:00,-0.0
2021-06-06 07:00:00+00:00,-0.0
2021-06-06 08:00:00+00:00,-0.0
2021-06-06 09:00:00+00:00,-0.0
2021-06-06 10:00:00+00:00,-0.0
2021-06-06 11:00:00+00:00,-0.0
2021-06-06 12:00:00+00:00,-0.0
2021-06-06 13:00:00+00:00,-0.0
2021-06-06 14:00:00+00:00,-0.0
2021-06-06 15:00:00+00:00,-0.0
2021-06-06 16:00:00+00:00,-0.0
2021-06-06 17:00:00+00:00,-0.0
2021-06-06 18:00:00+00:00,-0.0
2021-06-06 19:00:00+00:00,-0.0
2021-06-06 20:00:00+00:00,-0.0
2021-06-06 21:00:00+00:00,-0.0
2021-06-06 22:00:00+00:00,-0.0
2021-06-06 23:00:00+00:00,-0.0
2021-06-07 00:00:00+00:00,-0.0
2021-06-07 01:00:00+00:00,-0.0
2021-06-07 02:00:00+00:00,-0.0
2021-06-07 03:00:00+00:00,-0.0
2021-06-07 04:00:00+00:00,-0.0
2021-06-07 05:00:00+00:00,-0.0
2021-06-07 06:00:00+00:00,-0.0
2021-06-07 07:00:00+00:00,-0.0
2021-06-07 08:00:00+00:00,-0.0
2021-06-07 09:00:00+00:00,-0.0
2021-06-07 10:00:00+00:00,-0.0
2021-06-07 11:00:00+00:00,-0.0
2021-06-07 12:00:00+00:00,-0.0
2021-06-07 13:00:00+00:00,-0.0
2021-06-07 14:00:00+00:00,-0.0
2021-06-07 15:00:00+00:00,-0.0
2021-06-07 16:00:00+00:00,-0.0
2021-06-07 17:00:00+00:00,-0.0
2021-06-07 18:00:00+00:00,-0.0
2021-06-07 19:00:00+00:00,-0.0
2021-06-07 20:00:00+00:00,-0.0
2021-06-07 21:00:00+00:00,-0.0
2021-06-07 22:00:00+00:00,-0.0
2021-06-07 23:00:00+00:00,-0.0
2021-06-08 00:00:00+00:00,-0.0
2021-06-08 01:00:00+00:00,-0.0
2021-06-08 02:00:00+00:00,-0.0
2021-06-08 03:00:00+00:00,-0.0
2021-06-08 04:00:00+00:00,-0.0
2021-06-08 05:00:00+00:00,-0.0
2021-06-08 06:00:00+00:00,-0.0
2021-06-08 07:00:00+00:00,-0.0
2021-06-08 08:00:00+00:00,-0.0
2021-06-08 09:00:00+00:00,-0.0
2021-06-08 10:00:00+00:00,-0.0
2021-06-08 11:00:00+00:00,-0.0
2021-06-08 12:00:00+00:00,-0.0
2021-06-08 13:00:00+00:00,-0.0
2021-06-08 14:00:00+00:00,-0.0
2021-06-08 15:00:00+00:00,-0.0
2021-06-08 16:00:00+00:00,-0.0
2021-06-08 17:00:00+00:00,-0.0
2021-06-08 18:00:00+00:00,-0.0
2021-06-08 19:00:00+00:00,-0.0
2021-06-08 20:00:00+00:00,-0.0
2021-06-08 21:00:00+00:00,-0.0
2021-06-08 22:00:00+00:00,-0.0
2021-06-08 23:00:00+00:00,-0.0
2021-06-09 00:00:00+00:00,-0.0
2021-06-09 01:00:00+00:00,-0.0
2021-06-09 02:00:00+00:00,-0.0
2021-06-09 03:00:00+00:00,-0.0
2021-06-09 04:00:00+00:00,-0.0
2021-06-09 05:00:00+00:00,-0.0
2021-06-09 06:00:00+00:00,-0.0
2021-06-09 07:00:00+00:00,-0.0
2021-06-09 08:00:00+00:00,-0.0
2021-06-09 09:00:00+00:00,-0.0
2021-06-09 10:00:00+00:00,-0.0
2021-06-09 11:00:00+00:00,-0.0
2021-06-09 12:00:00+00:00,-0.0
2021-06-09 13:00:00+00:00,-0.0
2021-06-09 14:00:00+00:00,-0.0
2021-06-09 15:00:00+00:00,-0.0
2021-06-09 16:00:00+00:00,-0.0
2021-06-09 17:00:00+00:00,-0.0
2021-06-09 18:00:00+00:00,-0.0
2021-06-09 19:00:00+00:00,-0.0
2021-06-09 20:00:00+00:00,-0.0
2021-06-09 21:00:00+00:00,-0.0
2021-06-09 22:00:00+00:00,-0.0
2021-06-09 23:00:00+00:00,-0.0
2021-06-10 00:00:00+00:00,-0.0
2021-06-10 01:00:00+00:00,-0.0
2021-06-10 02:00:00+00:00,-0.0
2021-06-10 03:00:00+00:00,-0.0
2021-06-10 04:00:00+00:00,-0.0
2021-06-10 05:00:00+00:00,-0.0
2021-06-10 06:00:00+00:00,-0.0
2021-06-10 07:00:00+00:00,-0.0
2021-06-10 08:00:00+00:00,-0.0
2021-06-10 09:00:00+00:00,-0.0
2021-06-10 10:00:00+00:00,-0.0
2021-06-10 11:00:00+00:00,-0.0
2021-06-10 12:00:00+00:00,-0.0
2021-06-10 13:00:00+00:00,-0.0
2021-06-10 14:00:00+00:00,-0.0
2021-06-10 15:00:00+00:00,-0.0
2021-06-10 16:00:00+00:00,-0.0
2021-06-10 17:00:00+00:00,-0.0
2021-06-10 18:00:00+00:00,-0.0
2021-06-10 19:00:00+00:00,-0.0
2021-06-10 20:00:00+00:00,-0.0
2021-06-10 21:00:00+00:00,-0.0
2021-06-10 22:00:00+00:00,-0.0
2021-06-10 23:00:00+00:00,-0.0
2021-06-11 00:00:00+00:00,-0.0
2021-06-11 01:00:00+00:00,-0.0
2021-06-11 02:00:00+00:00,-0.0
2021-06-11 03:00:00+00:00,-0.0
2021-06-11 04:00:00+00:00,-0.0
2021-06-11 05:00:00+00:00,-0.0
2021-06-11 06:00:00+00:00,-0.0
2021-06-11 07:00:00+00:00,-0.0
2021-06-11 08:00:00+00:00,-0.0
2021-06-11 09:00:00+00:00,-0.0
2021-06-11 10:00:00+00:00,-0.0
2021-06-11 11:00:00+00:00,-0.0
2021-06-11 12:00:00+00:00,-0.0
2021-06-11 13:00:00+00:00,-0.0
2021-06-11 14:00:00+00:00,-0.0
2021-06-11 15:00:00+00:00,-0.0
2021-06-11 16:00:00+00:00,-0.0
2021-06-11 17:00:00+00:00,-0.0
2021-06-11 18:00:00+00:00,-0.0
2021-06-11 19:00:00+00:00,-0.0
2021-06-11 20:00:00+00:00,-0.0
2021-06-11 21:00:00+00:00,-0.0
2021-06-11 22:00:00+00:00,-0.0
2021-06-11 23:00:00+00:00,-0.0
2021-06-12 00:00:00+00:00,-0.0
2021-06-12 01:00:00+00:00,-0.0
2021-06-12 02:00:00+00:00,-0.0
2021-06-12 03:00:00+00:00,-0.0
2021-06-12 04:00:00+00:00,-0.0
2021-06-12 05:00:00+00:00,-0.0
2021-06-12 06:00:00+00:00,-0.0
2021-06-12 07:00:00+00:00,-0.0
2021-06-12 08:00:00+00:00,-0.0
2021-06-12 09:00:00+00:00,-0.0
2021-06-12 10:00:00+00:00,-0.0
2021-06-12 11:00:00+00:00,-0.0
2021-06-12 12:00:00+00:00,-0.0
2021-06-12 13:00:00+00:00,-0.0
2021-06-12 14:00:00+00:00,-0.0
2021-06-12 15:00:00+00:00,-0.0
2021-06-12 16:00:00+00:00,-0.0
2021-06-12 17:00:00+00:00,-0.0
2021-06-12 18:00:00+00:00,-0.0
2021-06-12 19:00:00+00:00,-0.0
2021-06-12 20:00:00+00:00,-0.0
2021-06-12 21:00:00+00:00,-0.0
2021-06-12 22:00:00+00:00,-0.0
2021-06-12 23:00:00+00:00,-0.0
2021-06-13 00:00:00+00:00,-0.0
2021-06-13 01:00:00+00:00,-0.0
2021-06-13 02:00:00+00:00,-0.0
2021-06-13 03:00:00+00:00,0.12263788502481601
2021-06-13 04:00:00+00:00,-0.0
2021-06-13 05:00:00+00:00,-0.0
2021-06-13 06:00:00+00:00,-0.0
2021-06-13 07:00:00+00:00,-0.0
2021-06-13 08:00:00+00:00,-0.0
2021-06-13 09:00:00+00:00,-0.0
2021-06-13 10:00:00+00:00,-0.0
2021-06-13 11:00:00+00:00,-0.0
2021-06-13 12:00:00+00:00,-0.0
2021-06-13 13:00:00+00:00,-0.0
2021-06-13 14:00:00+00:00,-0.0
2021-06-13 15:00:00+00:00,-0.0
2021-06-13 16:00:00+00:00,-0.0
2021-06-13 17:00:00+00:00,-0.0
2021-06-13 18:00:00+00:00,-0.0
2021-06-13 19:00:00+00:00,-0.0
2021-06-13 20:00:00+00:00,-0.0
2021-06-13 21:00:00+00:00,-0.0
2021-06-13 22:00:00+00:00,-0.0
2021-06-13 23:00:00+00:00,-0.0
2021-06-14 00:00:00+00:00,-0.0
2021-06-14 01:00:00+00:00,-0.0
2021-06-14 02:00:00+00:00,-0.0
2021-06-14 03:00:00+00:00,-0.0
2021-06-14 04:00:00+00:00,-0.0
2021-06-14 05:00:00+00:00,-0.0
2021-06-14 06:00:00+00:00,-0.0
2021-06-14 07:00:00+00:00,-0.0
2021-06-14 08:00:00+00:00,-0.0
2021-06-14 09:00:00+00:00,-0.0
2021-06-14 10:00:00+00:00,-0.0
2021-06-14 11:00:00+00:00,-0.0
2021-06-14 12:00:00+00:00,-0.0
2021-06-14 13:00:00+00:00,-0.0
2021-06-14 14:00:00+00:00,-0.0
2021-06-14 15:00:00+00:00,-0.0
2021-06-14 16:00:00+00:00,-0.0
2021-06-14 17:00:00+00:00,-0.0
2021-06-14 18:00:00+00:00,-0.0
2021-06-14 19:00:00+00:00,-0.0
2021-06-14 20:00:00+00:00,-0.0
2021-06-14 21:00:00+00:00,-0.0
2021-06-14 22:00:00+00:00,-0.0
2021-06-14 23:00:00+00:00,-0.0
2021-06-15 00:00:00+00:00,-0.0
2021-06-15 01:00:00+00:00,-0.0
2021-06-15 02:00:00+00:00,-0.0
2021-06-15 03:00:00+00:00,-0.0
2021-06-15 04:00:00+00:00,-0.0
2021-06-15 05:00:00+00:00,-0.0
2021-06-15 06:00:00+00:00,-0.0
2021-06-15 07:00:00+00:00,-0.0
2021-06-15 08:00:00+00:00,-0.0
2021-06-15 09:00:00+00:00,-0.0
2021-06-15 10:00:00+00:00,-0.0
2021-06-15 11:00:00+00:00,-0.0
2021-06-15 12:00:00+00:00,-0.0
2021-06-15 13:00:00+00:00,-0.0
2021-06-15 14:00:00+00:00,-0.0
2021-06-15 15:00:00+00:00,-0.0
2021-06-15 16:00:00+00:00,-0.0
2021-06-15 17:00:00+00:00,-0.0
2021-06-15 18:00:00+00:00,-0.0
2021-06-15 19:00:00+00:00,-0.0
2021-06-15 20:00:00+00:00,-0.0
2021-06-15 21:00:00+00:00,-0.0
2021-06-15 22:00:00+00:00,-0.0
2021-06-15 23:00:00+00:00,-0.0
2021-06-16 00:00:00+00:00,-0.0
2021-06-16 01:00:00+00:00,-0.0
2021-06-16 02:00:00+00:00,-0.0
2021-06-16 03:00:00+00:00,-0.0
2021-06-16 04:00:00+00:00,-0.0
2021-06-16 05:00:00+00:00,-0.0
2021-06-16 06:00:00+00:00,-0.0
2021-06-16 07:00:00+00:00,-0.0
2021-06-16 08:00:00+00:00,-0.0
2021-06-16 09:00:00+00:00,-0.0
2021-06-16 10:00:00+00:00,-0.0
2021-06-16 11:00:00+00:00,-0.0
2021-06-16 12:00:00+00:00,-0.0
2021-06-16 13:00:00+00:00,-0.0
2021-06-16 14:00:00+00:00,-0.0
2021-06-16 15:00:00+00:00,-0.0
2021-06-16 16:00:00+00:00,-0.0
2021-06-16 17:00:00+00:00,-0.0
2021-06-16 18:00:00+00:00,-0.0
2021-06-16 19:00:00+00:00,-0.0
2021-06-16 20:00:00+00:00,-0.0
2021-06-16 21:00:00+00:00,-0.0
2021-06-16 22:00:00+00:00,-0.0
2021-06-16 23:00:00+00:00,-0.0
2021-06-17 00:00:00+00:00,-0.27002558934377546
2021-06-17 01:00:00+00:00,-0.0
2021-06-17 02:00:00+00:00,-0.0
2021-06-17 03:00:00+00:00,-0.0
2021-06-17 04:00:00+00:00,-0.0
2021-06-17 05:00:00+00:00,-0.0
2021-06-17 06:00:00+00:00,-0.0
2021-06-17 07:00:00+00:00,-0.0
2021-06-17 08:00:00+00:00,-0.0
2021-06-17 09:00:00+00:00,-0.0
2021-06-17 10:00:00+00:00,-0.0
2021-06-17 11:00:00+00:00,-0.0
2021-06-17 12:00:00+00:00,-0.0
2021-06-17 13:00:00+00:00,-0.0
2021-06-17 14:00:00+00:00,-0.0
2021-06-17 15:00:00+00:00,-0.0
2021-06-17 16:00:00+00:00,-0.0
2021-06-17 17:00:00+00:00,-0.0
2021-06-17 18:00:00+00:00,-0.0
2021-06-17 19:00:00+00:00,-0.0
2021-06-17 20:00:00+00:00,-0.0
2021-06-17 21:00:00+00:00,-0.0
2021-06-17 22:00:00+00:00,-0.0
2021-06-17 23:00:00+00:00,-0.0
2021-06-18 00:00:00+00:00,-0.0
2021-06-18 01:00:00+00:00,-0.0
2021-06-18 02:00:00+00:00,-0.0
2021-06-18 03:00:00+00:00,-0.0
2021-06-18 04:00:00+00:00,-0.0
2021-06-18 05:00:00+00:00,-0.0
2021-06-18 06:00:00+00:00,-0.0
2021-06-18 07:00:00+00:00,-0.0
2021-06-18 08:00:00+00:00,-0.0
2021-06-18 09:00:00+00:00,-0.0
2021-06-18 10:00:00+00:00,-0.0
2021-06-18 11:00:00+00:00,-0.0
2021-06-18 12:00:00+00:00,-0.0
2021-06-18 13:00:00+00:00,-0.0
2021-06-18 14:00:00+00:00,-0.0
2021-06-18 15:00:00+00:00,-0.0
2021-06-18 16:00:00+00:00,-0.0
2021-06-18 17:00:00+00:00,-0.0
2021-06-18 18:00:00+00:00,-0.0
2021-06-18 19:00:00+00:00,-0.0
2021-06-18 20:00:00+00:00,-0.0
2021-06-18 21:00:00+00:00,-0.0
2021-06-18 22:00:00+00:00,-0.0
2021-06-18 23:00:00+00:00,-0.0
2021-06-19 00:00:00+00:00,-0.0
2021-06-19 01:00:00+00:00,-0.0
2021-06-19 02:00:00+00:00,-0.0
2021-06-19 03:00:00+00:00,-0.0
2021-06-19 04:00:00+00:00,-0.0
2021-06-19 05:00:00+00:00,-0.0
2021-06-19 06:00:00+00:00,-0.0
2021-06-19 07:00:00+00:00,-0.0
2021-06-19 08:00:00+00:00,-0.0
2021-06-19 09:00:00+00:00,-0.0
2021-06-19 10:00:00+00:00,-0.0
2021-06-19 11:00:00+00:00,-0.0
2021-06-19 12:00:00+00:00,-0.0
2021-06-19 13:00:00+00:00,-0.0
2021-06-19 14:00:00+00:00,-0.0
2021-06-19 15:00:00+00:00,-0.0
2021-06-19 16:00:00+00:00,-0.0
2021-06-19 17:00:00+00:00,-0.0
2021-06-19 18:00:00+00:00,-0.0
2021-06-19 19:00:00+00:00,-0.0
2021-06-19 20:00:00+00:00,-0.0
2021-06-19 21:00:00+00:00,-0.0
2021-06-19 22:00:00+00:00,-0.0
2021-06-19 23:00:00+00:00,-0.0
2021-06-20 00:00:00+00:00,-0.0
2021-06-20 01:00:00+00:00,-0.0
2021-06-20 02:00:00+00:00,-0.0
2021-06-20 03:00:00+00:00,-0.0
2021-06-20 04:00:00+00:00,-0.0
2021-06-20 05:00:00+00:00,-0.0
2021-06-20 06:00:00+00:00,-0.0
2021-06-20 07:00:00+00:00,-0.0
2021-06-20 08:00:00+00:00,-0.0
2021-06-20 09:00:00+00:00,-0.0
2021-06-20 10:00:00+00:00,-0.0
2021-06-20 11:00:00+00:00,-0.0
2021-06-20 12:00:00+00:00,-0.0
2021-06-20 13:00:00+00:00,-0.0
2021-06-20 14:00:00+00:00,-0.0
2021-06-20 15:00:00+00:00,-0.0
2021-06-20 16:00:00+00:00,-0.0
2021-06-20 17:00:00+00:00,-0.0
2021-06-20 18:00:00+00:00,-0.0
2021-06-20 19:00:00+00:00,-0.0
2021-06-20 20:00:00+00:00,-0.0
2021-06-20 21:00:00+00:00,-0.0
2021-06-20 22:00:00+00:00,-0.0
2021-06-20 23:00:00+00:00,-0.0
2021-06-21 00:00:00+00:00,-0.0
2021-06-21 01:00:00+00:00,-0.0
2021-06-21 02:00:00+00:00,0.1360197421118426
2021-06-21 03:00:00+00:00,-0.0
2021-06-21 04:00:00+00:00,-0.0
2021-06-21 05:00:00+00:00,-0.0
2021-06-21 06:00:00+00:00,-0.0
2021-06-21 07:00:00+00:00,-0.0
2021-06-21 08:00:00+00:00,-0.0
2021-06-21 09:00:00+00:00,-0.0
2021-06-21 10:00:00+00:00,-0.0
2021-06-21 11:00:00+00:00,-0.0
2021-06-21 12:00:00+00:00,-0.0
2021-06-21 13:00:00+00:00,-0.0
2021-06-21 14:00:00+00:00,-0.0
2021-06-21 15:00:00+00:00,-0.0
2021-06-21 16:00:00+00:00,-0.0
2021-06-21 17:00:00+00:00,-0.0
2021-06-21 18:00:00+00:00,-0.0
2021-06-21 19:00:00+00:00,-0.0
2021-06-21 20:00:00+00:00,-0.0
2021-06-21 21:00:00+00:00,-0.0
2021-06-21 22:00:00+00:00,-0.0
2021-06-21 23:00:00+00:00,-0.0
2021-06-22 00:00:00+00:00,-0.0
2021-06-22 01:00:00+00:00,-0.0
2021-06-22 02:00:00+00:00,-0.0
2021-06-22 03:00:00+00:00,-0.0
2021-06-22 04:00:00+00:00,-0.0
2021-06-22 05:00:00+00:00,-0.0
2021-06-22 06:00:00+00:00,-0.0
2021-06-22 07:00:00+00:00,-0.0
2021-06-22 08:00:00+00:00,-0.0
2021-06-22 09:00:00+00:00,-0.0
2021-06-22 10:00:00+00:00,-0.0
2021-06-22 11:00:00+00:00,-0.0
2021-06-22 12:00:00+00:00,-0.0
2021-06-22 13:00:00+00:00,-0.0
2021-06-22 14:00:00+00:00,-0.0
2021-06-22 15:00:00+00:00,-0.0
2021-06-22 16:00:00+00:00,-0.0
2021-06-22 17:00:00+00:00,-0.0
2021-06-22 18:00:00+00:00,-0.0
2021-06-22 19:00:00+00:00,-0.0
2021-06-22 20:00:00+00:00,-0.0
2021-06-22 21:00:00+00:00,-0.0
2021-06-22 22:00:00+00:00,-0.0
2021-06-22 23:00:00+00:00,-0.0
2021-06-23 00:00:00+00:00,-0.0
2021-06-23 01:00:00+00:00,-0.0
2021-06-23 02:00:00+00:00,-0.0
2021-06-23 03:00:00+00:00,-0.0
2021-06-23 04:00:00+00:00,-0.0
2021-06-23 05:00:00+00:00,-0.0
2021-06-23 06:00:00+00:00,-0.0
2021-06-23 07:00:00+00:00,-0.0
2021-06-23 08:00:00+00:00,-0.0
2021-06-23 09:00:00+00:00,-0.0
2021-06-23 10:00:00+00:00,-0.0
2021-06-23 11:00:00+00:00,-0.0
2021-06-23 12:00:00+00:00,-0.0
2021-06-23 13:00:00+00:00,-0.0
2021-06-23 14:00:00+00:00,-0.0
2021-06-23 15:00:00+00:00,-0.0
2021-06-23 16:00:00+00:00,-0.0
2021-06-23 17:00:00+00:00,-0.0
2021-06-23 18:00:00+00:00,-0.0
2021-06-23 19:00:00+00:00,-0.0
2021-06-23 20:00:00+00:00,-0.0
2021-06-23 21:00:00+00:00,-0.0
2021-06-23 22:00:00+00:00,-0.0
2021-06-23 23:00:00+00:00,-0.0
2021-06-24 00:00:00+00:00,-0.0
2021-06-24 01:00:00+00:00,-0.0
2021-06-24 02:00:00+00:00,0.17725797653032271
2021-06-24 03:00:00+00:00,-0.0
2021-06-24 04:00:00+00:00,-0.0
2021-06-24 05:00:00+00:00,-0.0
2021-06-24 06:00:00+00:00,-0.0
2021-06-24 07:00:00+00:00,-0.0
2021-06-24 08:00:00+00:00,-0.0
2021-06-24 09:00:00+00:00,-0.0
2021-06-24 10:00:00+00:00,-0.0
2021-06-24 11:00:00+00:00,-0.0
2021-06-24 12:00:00+00:00,-0.0
2021-06-24 13:00:00+00:00,-0.0
2021-06-24 14:00:00+00:00,-0.0
2021-06-24 15:00:00+00:00,-0.0
2021-06-24 16:00:00+00:00,-0.0
2021-06-24 17:00:00+00:00,-0.0
2021-06-24 18:00:00+00:00,-0.0
2021-06-24 19:00:00+00:00,-0.0
2021-06-24 20:00:00+00:00,-0.0
2021-06-24 21:00:00+00:00,-0.0
2021-06-24 22:00:00+00:00,-0.0
2021-06-24 23:00:00+00:00,-0.0
2021-06-25 00:00:00+00:00,-0.0
2021-06-25 01:00:00+00:00,-0.0
2021-06-25 02:00:00+00:00,-0.0
2021-06-25 03:00:00+00:00,-0.0
2021-06-25 04:00:00+00:00,-0.0
2021-06-25 05:00:00+00:00,-0.0
2021-06-25 06:00:00+00:00,-0.0
2021-06-25 07:00:00+00:00,-0.0
2021-06-25 08:00:00+00:00,0.12384169543672423
2021-06-25 09:00:00+00:00,-0.0
2021-06-25 10:00:00+00:00,-0.0
2021-06-25 11:00:00+00:00,-0.0
2021-06-25 12:00:00+00:00,-0.0
2021-06-25 13:00:00+00:00,-0.0
2021-06-25 14:00:00+00:00,-0.0
2021-06-25 15:00:00+00:00,-0.0
2021-06-25 16:00:00+00:00,-0.0
2021-06-25 17:00:00+00:00,-0.0
2021-06-25 18:00:00+00:00,-0.0
2021-06-25 19:00:00+00:00,-0.0
2021-06-25 20:00:00+00:00,-0.0
2021-06-25 21:00:00+00:00,-0.0
2021-06-25 22:00:00+00:00,-0.0
2021-06-25 23:00:00+00:00,-0.0
2021-06-26 00:00:00+00:00,-0.0
2021-06-26 01:00:00+00:00,-0.0
2021-06-26 02:00:00+00:00,-0.0
2021-06-26 03:00:00+00:00,-0.0
2021-06-26 04:00:00+00:00,-0.0
2021-06-26 05:00:00+00:00,-0.0
2021-06-26 06:00:00+00:00,-0.0
2021-06-26 07:00:00+00:00,-0.0
2021-06-26 08:00:00+00:00,-0.0
2021-06-26 09:00:00+00:00,-0.0
2021-06-26 10:00:00+00:00,-0.0
2021-06-26 11:00:00+00:00,-0.0
2021-06-26 12:00:00+00:00,-0.0
2021-06-26 13:00:00+00:00,-0.0
2021-06-26 14:00:00+00:00,-0.0
2021-06-26 15:00:00+00:00,-0.0
2021-06-26 16:00:00+00:00,-0.0
2021-06-26 17:00:00+00:00,-0.0
2021-06-26 18:00:00+00:00,-0.0
2021-06-26 19:00:00+00:00,-0.0
2021-06-26 20:00:00+00:00,-0.0
2021-06-26 21:00:00+00:00,-0.0
2021-06-26 22:00:00+00:00,-0.0
2021-06-26 23:00:00+00:00,-0.0
2021-06-27 00:00:00+00:00,-0.0
2021-06-27 01:00:00+00:00,-0.0
2021-06-27 02:00:00+00:00,-0.0
2021-06-27 03:00:00+00:00,-0.0
2021-06-27 04:00:00+00:00,-0.0
2021-06-27 05:00:00+00:00,-0.0
2021-06-27 06:00:00+00:00,-0.0
2021-06-27 07:00:00+00:00,-0.0
2021-06-27 08:00:00+00:00,-0.0
2021-06-27 09:00:00+00:00,-0.0
2021-06-27 10:00:00+00:00,-0.0
2021-06-27 11:00:00+00:00,-0.0
2021-06-27 12:00:00+00:00,-0.0
2021-06-27 13:00:00+00:00,-0.0
2021-06-27 14:00:00+00:00,-0.0
2021-06-27 15:00:00+00:00,-0.0
2021-06-27 16:00:00+00:00,-0.0
2021-06-27 17:00:00+00:00,-0.0
2021-06-27 18:00:00+00:00,-0.0
2021-06-27 19:00:00+00:00,-0.0
2021-06-27 20:00:00+00:00,-0.0
2021-06-27 21:00:00+00:00,-0.0
2021-06-27 22:00:00+00:00,-0.0
2021-06-27 23:00:00+00:00,-0.0
2021-06-28 00:00:00+00:00,-0.0
2021-06-28 01:00:00+00:00,-0.0
2021-06-28 02:00:00+00:00,-0.0
2021-06-28 03:00:00+00:00,-0.0
2021-06-28 04:00:00+00:00,-0.0
2021-06-28 05:00:00+00:00,-0.0
2021-06-28 06:00:00+00:00,-0.0
2021-06-28 07:00:00+00:00,-0.0
2021-06-28 08:00:00+00:00,-0.0
2021-06-28 09:00:00+00:00,-0.0
2021-06-28 10:00:00+00:00,-0.0
2021-06-28 11:00:00+00:00,-0.0
2021-06-28 12:00:00+00:00,-0.0
2021-06-28 13:00:00+00:00,-0.0
2021-06-28 14:00:00+00:00,-0.0
2021-06-28 15:00:00+00:00,-0.0
2021-06-28 16:00:00+00:00,-0.0
2021-06-28 17:00:00+00:00,-0.0
2021-06-28 18:00:00+00:00,-0.0
2021-06-28 19:00:00+00:00,-0.0
2021-06-28 20:00:00+00:00,-0.0
2021-06-28 21:00:00+00:00,-0.0
2021-06-28 22:00:00+00:00,-0.0
2021-06-28 23:00:00+00:00,-0.0
2021-06-29 00:00:00+00:00,-0.0
2021-06-29 01:00:00+00:00,-0.16606430589509424
2021-06-29 02:00:00+00:00,-0.0
2021-06-29 03:00:00+00:00,-0.0
2021-06-29 04:00:00+00:00,-0.0
2021-06-29 05:00:00+00:00,-0.0
2021-06-29 06:00:00+00:00,-0.0
2021-06-29 07:00:00+00:00,-0.0
2021-06-29 08:00:00+00:00,-0.0
2021-06-29 09:00:00+00:00,-0.0
2021-06-29 10:00:00+00:00,-0.1887903579129825
2021-06-29 11:00:00+00:00,-0.0
2021-06-29 12:00:00+00:00,-0.0
2021-06-29 13:00:00+00:00,-0.0
2021-06-29 14:00:00+00:00,-0.0
2021-06-29 15:00:00+00:00,-0.0
2021-06-29 16:00:00+00:00,-0.0
2021-06-29 17:00:00+00:00,-0.0
2021-06-29 18:00:00+00:00,-0.0
2021-06-29 19:00:00+00:00,-0.0
2021-06-29 20:00:00+00:00,-0.0
2021-06-29 21:00:00+00:00,-0.0
2021-06-29 22:00:00+00:00,-0.0
2021-06-29 23:00:00+00:00,-0.0
2021-06-30 00:00:00+00:00,0.024194698170055068
2021-06-30 01:00:00+00:00,-0.0
2021-06-30 02:00:00+00:00,-0.0
2021-06-30 03:00:00+00:00,-0.0
2021-06-30 04:00:00+00:00,0.15853150221497028
2021-06-30 05:00:00+00:00,-0.0
2021-06-30 06:00:00+00:00,-0.0
2021-06-30 07:00:00+00:00,-0.0
2021-06-30 08:00:00+00:00,-0.0
2021-06-30 09:00:00+00:00,-0.0
2021-06-30 10:00:00+00:00,-0.0
2021-06-30 11:00:00+00:00,-0.0
2021-06-30 12:00:00+00:00,-0.0
2021-06-30 13:00:00+00:00,-0.0
2021-06-30 14:00:00+00:00,-0.0
2021-06-30 15:00:00+00:00,0.11342085936003285
2021-06-30 16:00:00+00:00,-0.0
2021-06-30 17:00:00+00:00,-0.0
2021-06-30 18:00:00+00:00,-0.0
2021-06-30 19:00:00+00:00,-0.0
2021-06-30 20:00:00+00:00,-0.0
2021-06-30 21:00:00+00:00,-0.0
2021-06-30 22:00:00+00:00,-0.0
2021-06-30 23:00:00+00:00,-0.0
2021-07-01 00:00:00+00:00,-0.0
2021-07-01 01:00:00+00:00,-0.0
2021-07-01 02:00:00+00:00,-0.0
2021-07-01 03:00:00+00:00,-0.0
2021-07-01 04:00:00+00:00,-0.0
2021-07-01 05:00:00+00:00,-0.0
2021-07-01 06:00:00+00:00,-0.0
2021-07-01 07:00:00+00:00,-0.0
2021-07-01 08:00:00+00:00,-0.0
2021-07-01 09:00:00+00:00,-0.0
2021-07-01 10:00:00+00:00,-0.0
2021-07-01 11:00:00+00:00,-0.0
2021-07-01 12:00:00+00:00,-0.0
2021-07-01 13:00:00+00:00,-0.0
2021-07-01 14:00:00+00:00,-0.0
2021-07-01 15:00:00+00:00,-0.0
2021-07-01 16:00:00+00:00,-0.0
2021-07-01 17:00:00+00:00,-0.0
2021-07-01 18:00:00+00:00,-0.0
2021-07-01 19:00:00+00:00,-0.0
2021-07-01 20:00:00+00:00,-0.0
2021-07-01 21:00:00+00:00,-0.0
2021-07-01 22:00:00+00:00,-0.0
2021-07-01 23:00:00+00:00,-0.0
2021-07-02 00:00:00+00:00,-0.0
2021-07-02 01:00:00+00:00,-0.0
2021-07-02 02:00:00+00:00,-0.0
2021-07-02 03:00:00+00:00,-0.0
2021-07-02 04:00:00+00:00,-0.0
2021-07-02 05:00:00+00:00,-0.0
2021-07-02 06:00:00+00:00,-0.0
2021-07-02 07:00:00+00:00,-0.0
2021-07-02 08:00:00+00:00,-0.0
2021-07-02 09:00:00+00:00,-0.0
2021-07-02 10:00:00+00:00,-0.0
2021-07-02 11:00:00+00:00,-0.0
2021-07-02 12:00:00+00:00,-0.0
2021-07-02 13:00:00+00:00,-0.0
2021-07-02 14:00:00+00:00,-0.0
2021-07-02 15:00:00+00:00,-0.0
2021-07-02 16:00:00+00:00,-0.0
2021-07-02 17:00:00+00:00,-0.0
2021-07-02 18:00:00+00:00,-0.0
2021-07-02 19:00:00+00:00,-0.0
2021-07-02 20:00:00+00:00,-0.0
2021-07-02 21:00:00+00:00,-0.0
2021-07-02 22:00:00+00:00,-0.0
2021-07-02 23:00:00+00:00,-0.0
2021-07-03 00:00:00+00:00,-0.0
2021-07-03 01:00:00+00:00,-0.0
2021-07-03 02:00:00+00:00,-0.0
2021-07-03 03:00:00+00:00,-0.0
2021-07-03 04:00:00+00:00,-0.0
2021-07-03 05:00:00+00:00,-0.0
2021-07-03 06:00:00+00:00,-0.0
2021-07-03 07:00:00+00:00,-0.0
2021-07-03 08:00:00+00:00,-0.0
2021-07-03 09:00:00+00:00,-0.0
2021-07-03 10:00:00+00:00,-0.0
2021-07-03 11:00:00+00:00,-0.0
2021-07-03 12:00:00+00:00,-0.0
2021-07-03 13:00:00+00:00,-0.0
2021-07-03 14:00:00+00:00,-0.0
2021-07-03 15:00:00+00:00,-0.0
2021-07-03 16:00:00+00:00,-0.0
2021-07-03 17:00:00+00:00,-0.0
2021-07-03 18:00:00+00:00,-0.0
2021-07-03 19:00:00+00:00,-0.0
2021-07-03 20:00:00+00:00,-0.0
2021-07-03 21:00:00+00:00,-0.0
2021-07-03 22:00:00+00:00,-0.0
2021-07-03 23:00:00+00:00,-0.0
2021-07-04 00:00:00+00:00,-0.0
2021-07-04 01:00:00+00:00,-0.0
2021-07-04 02:00:00+00:00,-0.0
2021-07-04 03:00:00+00:00,-0.0
2021-07-04 04:00:00+00:00,-0.0
2021-07-04 05:00:00+00:00,-0.0
2021-07-04 06:00:00+00:00,-0.0
2021-07-04 07:00:00+00:00,-0.0
2021-07-04 08:00:00+00:00,-0.0
2021-07-04 09:00:00+00:00,-0.0
2021-07-04 10:00:00+00:00,-0.0
2021-07-04 11:00:00+00:00,-0.0
2021-07-04 12:00:00+00:00,-0.0
2021-07-04 13:00:00+00:00,-0.0
2021-07-04 14:00:00+00:00,-0.0
2021-07-04 15:00:00+00:00,-0.0
2021-07-04 16:00:00+00:00,-0.0
2021-07-04 17:00:00+00:00,-0.0
2021-07-04 18:00:00+00:00,-0.0
2021-07-04 19:00:00+00:00,-0.0
2021-07-04 20:00:00+00:00,-0.0
2021-07-04 21:00:00+00:00,-0.0
2021-07-04 22:00:00+00:00,-0.0
2021-07-04 23:00:00+00:00,-0.0
2021-07-05 00:00:00+00:00,-0.0
2021-07-05 01:00:00+00:00,-0.0
2021-07-05 02:00:00+00:00,-0.0
2021-07-05 03:00:00+00:00,-0.0
2021-07-05 04:00:00+00:00,-0.0
2021-07-05 05:00:00+00:00,-0.0
2021-07-05 06:00:00+00:00,-0.0
2021-07-05 07:00:00+00:00,-0.0
2021-07-05 08:00:00+00:00,-0.0
2021-07-05 09:00:00+00:00,-0.0
2021-07-05 10:00:00+00:00,-0.0
2021-07-05 11:00:00+00:00,-0.0
2021-07-05 12:00:00+00:00,-0.0
2021-07-05 13:00:00+00:00,-0.0
2021-07-05 14:00:00+00:00,-0.0
2021-07-05 15:00:00+00:00,-0.0
2021-07-05 16:00:00+00:00,-0.0
2021-07-05 17:00:00+00:00,0.02280329298784237
2021-07-05 18:00:00+00:00,-0.0
2021-07-05 19:00:00+00:00,-0.0
2021-07-05 20:00:00+00:00,-0.0
2021-07-05 21:00:00+00:00,-0.19676175816279667
2021-07-05 22:00:00+00:00,-0.0
2021-07-05 23:00:00+00:00,-0.0
2021-07-06 00:00:00+00:00,-0.0
2021-07-06 01:00:00+00:00,-0.0
2021-07-06 02:00:00+00:00,-0.0
2021-07-06 03:00:00+00:00,-0.0
2021-07-06 04:00:00+00:00,-0.0
2021-07-06 05:00:00+00:00,-0.0
2021-07-06 06:00:00+00:00,-0.0
2021-07-06 07:00:00+00:00,-0.0
2021-07-06 08:00:00+00:00,-0.0
2021-07-06 09:00:00+00:00,0.12597805660329017
2021-07-06 10:00:00+00:00,-0.0
2021-07-06 11:00:00+00:00,-0.0
2021-07-06 12:00:00+00:00,-0.0
2021-07-06 13:00:00+00:00,-0.0
2021-07-06 14:00:00+00:00,-0.0
2021-07-06 15:00:00+00:00,-0.0
2021-07-06 16:00:00+00:00,-0.0
2021-07-06 17:00:00+00:00,-0.0
2021-07-06 18:00:00+00:00,-0.0
2021-07-06 19:00:00+00:00,-0.0
2021-07-06 20:00:00+00:00,-0.0
2021-07-06 21:00:00+00:00,-0.0
2021-07-06 22:00:00+00:00,-0.0
2021-07-06 23:00:00+00:00,-0.0
2021-07-07 00:00:00+00:00,-0.0
2021-07-07 01:00:00+00:00,-0.0
2021-07-07 02:00:00+00:00,-0.0
2021-07-07 03:00:00+00:00,-0.0
2021-07-07 04:00:00+00:00,-0.0
2021-07-07 05:00:00+00:00,-0.0
2021-07-07 06:00:00+00:00,-0.0
2021-07-07 07:00:00+00:00,-0.0
2021-07-07 08:00:00+00:00,-0.0
2021-07-07 09:00:00+00:00,-0.0
2021-07-07 10:00:00+00:00,-0.0
2021-07-07 11:00:00+00:00,-0.0
2021-07-07 12:00:00+00:00,-0.0
2021-07-07 13:00:00+00:00,-0.0
2021-07-07 14:00:00+00:00,-0.0
2021-07-07 15:00:00+00:00,-0.0
2021-07-07 16:00:00+00:00,-0.0
2021-07-07 17:00:00+00:00,-0.0
2021-07-07 18:00:00+00:00,-0.0
2021-07-07 19:00:00+00:00,-0.0
2021-07-07 20:00:00+00:00,-0.0
2021-07-07 21:00:00+00:00,-0.0
2021-07-07 22:00:00+00:00,-0.0
2021-07-07 23:00:00+00:00,-0.0
2021-07-08 00:00:00+00:00,-0.0
2021-07-08 01:00:00+00:00,-0.0
2021-07-08 02:00:00+00:00,-0.0
2021-07-08 03:00:00+00:00,-0.0
2021-07-08 04:00:00+00:00,-0.0
2021-07-08 05:00:00+00:00,-0.0
2021-07-08 06:00:00+00:00,-0.0
2021-07-08 07:00:00+00:00,-0.0
2021-07-08 08:00:00+00:00,-0.0
2021-07-08 09:00:00+00:00,-0.0
2021-07-08 10:00:00+00:00,-0.0
2021-07-08 11:00:00+00:00,-0.0
2021-07-08 12:00:00+00:00,-0.0
2021-07-08 13:00:00+00:00,-0.0
2021-07-08 14:00:00+00:00,-0.0
2021-07-08 15:00:00+00:00,-0.0
2021-07-08 16:00:00+00:00,-0.0
2021-07-08 17:00:00+00:00,-0.0
2021-07-08 18:00:00+00:00,-0.0
2021-07-08 19:00:00+00:00,-0.0
2021-07-08 20:00:00+00:00,-0.0
2021-07-08 21:00:00+00:00,-0.0
2021-07-08 22:00:00+00:00,-0.0
2021-07-08 23:00:00+00:00,-0.0
2021-07-09 00:00:00+00:00,-0.0
2021-07-09 01:00:00+00:00,-0.0
2021-07-09 02:00:00+00:00,-0.0
2021-07-09 03:00:00+00:00,-0.0
2021-07-09 04:00:00+00:00,-0.0
2021-07-09 05:00:00+00:00,-0.0
2021-07-09 06:00:00+00:00,-0.0
2021-07-09 07:00:00+00:00,-0.0
2021-07-09 08:00:00+00:00,-0.0
2021-07-09 09:00:00+00:00,-0.0
2021-07-09 10:00:00+00:00,-0.0
2021-07-09 11:00:00+00:00,-0.0
2021-07-09 12:00:00+00:00,-0.0
2021-07-09 13:00:00+00:00,-0.0
2021-07-09 14:00:00+00:00,-0.0
2021-07-09 15:00:00+00:00,-0.0
2021-07-09 16:00:00+00:00,-0.0
2021-07-09 17:00:00+00:00,-0.0
2021-07-09 18:00:00+00:00,-0.0
2021-07-09 19:00:00+00:00,-0.0
2021-07-09 20:00:00+00:00,-0.0
2021-07-09 21:00:00+00:00,-0.0
2021-07-09 22:00:00+00:00,-0.0
2021-07-09 23:00:00+00:00,-0.0
2021-07-10 00:00:00+00:00,-0.0
2021-07-10 01:00:00+00:00,-0.0
2021-07-10 02:00:00+00:00,-0.0
2021-07-10 03:00:00+00:00,-0.0
2021-07-10 04:00:00+00:00,-0.0
2021-07-10 05:00:00+00:00,-0.0
2021-07-10 06:00:00+00:00,-0.0
2021-07-10 07:00:00+00:00,-0.0
2021-07-10 08:00:00+00:00,-0.0
2021-07-10 09:00:00+00:00,-0.0
2021-07-10 10:00:00+00:00,-0.0
2021-07-10 11:00:00+00:00,-0.0
2021-07-10 12:00:00+00:00,-0.0
2021-07-10 13:00:00+00:00,-0.0
2021-07-10 14:00:00+00:00,-0.0
2021-07-10 15:00:00+00:00,-0.0
2021-07-10 16:00:00+00:00,-0.0
2021-07-10 17:00:00+00:00,0.08842229965432978
2021-07-10 18:00:00+00:00,-0.0
2021-07-10 19:00:00+00:00,-0.0
2021-07-10 20:00:00+00:00,-0.0
2021-07-10 21:00:00+00:00,-0.0
2021-07-10 22:00:00+00:00,-0.0
2021-07-10 23:00:00+00:00,-0.0
2021-07-11 00:00:00+00:00,-0.0
2021-07-11 01:00:00+00:00,-0.13791239490850843
2021-07-11 02:00:00+00:00,-0.0
2021-07-11 03:00:00+00:00,-0.0
2021-07-11 04:00:00+00:00,-0.0
2021-07-11 05:00:00+00:00,-0.0
2021-07-11 06:00:00+00:00,-0.0
2021-07-11 07:00:00+00:00,-0.0
2021-07-11 08:00:00+00:00,-0.0
2021-07-11 09:00:00+00:00,-0.0
2021-07-11 10:00:00+00:00,-0.0
2021-07-11 11:00:00+00:00,-0.0
2021-07-11 12:00:00+00:00,-0.0
2021-07-11 13:00:00+00:00,-0.0
2021-07-11 14:00:00+00:00,-0.0
2021-07-11 15:00:00+00:00,-0.0
2021-07-11 16:00:00+00:00,-0.0
2021-07-11 17:00:00+00:00,-0.0
2021-07-11 18:00:00+00:00,-0.0
2021-07-11 19:00:00+00:00,-0.0
2021-07-11 20:00:00+00:00,-0.0
2021-07-11 21:00:00+00:00,-0.0
2021-07-11 22:00:00+00:00,-0.0
2021-07-11 23:00:00+00:00,-0.0
2021-07-12 00:00:00+00:00,-0.0
2021-07-12 01:00:00+00:00,-0.0
2021-07-12 02:00:00+00:00,-0.0
2021-07-12 03:00:00+00:00,-0.0
2021-07-12 04:00:00+00:00,-0.0
2021-07-12 05:00:00+00:00,-0.0
2021-07-12 06:00:00+00:00,-0.0
2021-07-12 07:00:00+00:00,-0.0
2021-07-12 08:00:00+00:00,-0.0
2021-07-12 09:00:00+00:00,-0.0
2021-07-12 10:00:00+00:00,0.1319717589210611
2021-07-12 11:00:00+00:00,-0.0
2021-07-12 12:00:00+00:00,-0.0
2021-07-12 13:00:00+00:00,-0.0
2021-07-12 14:00:00+00:00,-0.0
2021-07-12 15:00:00+00:00,-0.0
2021-07-12 16:00:00+00:00,-0.0
2021-07-12 17:00:00+00:00,-0.0
2021-07-12 18:00:00+00:00,-0.0
2021-07-12 19:00:00+00:00,-0.0
2021-07-12 20:00:00+00:00,-0.0
2021-07-12 21:00:00+00:00,-0.0
2021-07-12 22:00:00+00:00,-0.0
2021-07-12 23:00:00+00:00,-0.0
2021-07-13 00:00:00+00:00,-0.0
2021-07-13 01:00:00+00:00,-0.0
2021-07-13 02:00:00+00:00,-0.0
2021-07-13 03:00:00+00:00,-0.0
2021-07-13 04:00:00+00:00,-0.0
2021-07-13 05:00:00+00:00,-0.0
2021-07-13 06:00:00+00:00,-0.0
2021-07-13 07:00:00+00:00,-0.0
2021-07-13 08:00:00+00:00,-0.0
2021-07-13 09:00:00+00:00,-0.0
2021-07-13 10:00:00+00:00,-0.0
2021-07-13 11:00:00+00:00,-0.0
2021-07-13 12:00:00+00:00,-0.0
2021-07-13 13:00:00+00:00,-0.0
2021-07-13 14:00:00+00:00,-0.0
2021-07-13 15:00:00+00:00,-0.0
2021-07-13 16:00:00+00:00,-0.0
2021-07-13 17:00:00+00:00,-0.0
2021-07-13 18:00:00+00:00,-0.0
2021-07-13 19:00:00+00:00,-0.0
2021-07-13 20:00:00+00:00,-0.0
2021-07-13 21:00:00+00:00,-0.0
2021-07-13 22:00:00+00:00,-0.0
2021-07-13 23:00:00+00:00,-0.0
2021-07-14 00:00:00+00:00,-0.0
2021-07-14 01:00:00+00:00,-0.0
2021-07-14 02:00:00+00:00,-0.0
2021-07-14 03:00:00+00:00,-0.0
2021-07-14 04:00:00+00:00,-0.0
2021-07-14 05:00:00+00:00,-0.0
2021-07-14 06:00:00+00:00,-0.0
2021-07-14 07:00:00+00:00,-0.0
2021-07-14 08:00:00+00:00,-0.0
2021-07-14 09:00:00+00:00,-0.0
2021-07-14 10:00:00+00:00,-0.0
2021-07-14 11:00:00+00:00,-0.0
2021-07-14 12:00:00+00:00,-0.0
2021-07-14 13:00:00+00:00,-0.0
2021-07-14 14:00:00+00:00,-0.0
2021-07-14 15:00:00+00:00,-0.0
2021-07-14 16:00:00+00:00,-0.0
2021-07-14 17:00:00+00:00,-0.0
2021-07-14 18:00:00+00:00,-0.0
2021-07-14 19:00:00+00:00,-0.0
2021-07-14 20:00:00+00:00,-0.0
2021-07-14 21:00:00+00:00,-0.0
2021-07-14 22:00:00+00:00,-0.0
2021-07-14 23:00:00+00:00,-0.0
2021-07-15 00:00:00+00:00,-0.0
2021-07-15 01:00:00+00:00,-0.0
2021-07-15 02:00:00+00:00,-0.0
2021-07-15 03:00:00+00:00,-0.0
2021-07-15 04:00:00+00:00,0.10666223431703789
2021-07-15 05:00:00+00:00,-0.0
2021-07-15 06:00:00+00:00,-0.0
2021-07-15 07:00:00+00:00,-0.0
2021-07-15 08:00:00+00:00,-0.0
2021-07-15 09:00:00+00:00,-0.0
2021-07-15 10:00:00+00:00,-0.0
2021-07-15 11:00:00+00:00,-0.0
2021-07-15 12:00:00+00:00,-0.0
2021-07-15 13:00:00+00:00,-0.0
2021-07-15 14:00:00+00:00,-0.0
2021-07-15 15:00:00+00:00,-0.0
2021-07-15 16:00:00+00:00,-0.0
2021-07-15 17:00:00+00:00,-0.0
2021-07-15 18:00:00+00:00,-0.0
2021-07-15 19:00:00+00:00,-0.0
2021-07-15 20:00:00+00:00,-0.0
2021-07-15 21:00:00+00:00,-0.0
2021-07-15 22:00:00+00:00,-0.0
2021-07-15 23:00:00+00:00,-0.0
2021-07-16 00:00:00+00:00,-0.0
2021-07-16 01:00:00+00:00,-0.0
2021-07-16 02:00:00+00:00,-0.0
2021-07-16 03:00:00+00:00,-0.0
2021-07-16 04:00:00+00:00,-0.0
2021-07-16 05:00:00+00:00,-0.0
2021-07-16 06:00:00+00:00,-0.0
2021-07-16 07:00:00+00:00,-0.0
2021-07-16 08:00:00+00:00,-0.0
2021-07-16 09:00:00+00:00,-0.0
2021-07-16 10:00:00+00:00,0.03733674289152924
2021-07-16 11:00:00+00:00,-0.0
2021-07-16 12:00:00+00:00,-0.0
2021-07-16 13:00:00+00:00,-0.0
2021-07-16 14:00:00+00:00,-0.0
2021-07-16 15:00:00+00:00,-0.0
2021-07-16 16:00:00+00:00,-0.0
2021-07-16 17:00:00+00:00,-0.0
2021-07-16 18:00:00+00:00,-0.0
2021-07-16 19:00:00+00:00,-0.0
2021-07-16 20:00:00+00:00,-0.0
2021-07-16 21:00:00+00:00,-0.0
2021-07-16 22:00:00+00:00,-0.0
2021-07-16 23:00:00+00:00,-0.0
2021-07-17 00:00:00+00:00,-0.0
2021-07-17 01:00:00+00:00,-0.0
2021-07-17 02:00:00+00:00,-0.0
2021-07-17 03:00:00+00:00,-0.0
2021-07-17 04:00:00+00:00,-0.0
2021-07-17 05:00:00+00:00,-0.0
2021-07-17 06:00:00+00:00,-0.0
2021-07-17 07:00:00+00:00,-0.0
2021-07-17 08:00:00+00:00,-0.0
2021-07-17 09:00:00+00:00,-0.0
2021-07-17 10:00:00+00:00,-0.0
2021-07-17 11:00:00+00:00,-0.0
2021-07-17 12:00:00+00:00,-0.0
2021-07-17 13:00:00+00:00,-0.0
2021-07-17 14:00:00+00:00,-0.0
2021-07-17 15:00:00+00:00,-0.0
2021-07-17 16:00:00+00:00,-0.0
2021-07-17 17:00:00+00:00,-0.0
2021-07-17 18:00:00+00:00,-0.0
2021-07-17 19:00:00+00:00,-0.0
2021-07-17 20:00:00+00:00,-0.0
2021-07-17 21:00:00+00:00,-0.0
2021-07-17 22:00:00+00:00,-0.0
2021-07-17 23:00:00+00:00,-0.0
2021-07-18 00:00:00+00:00,-0.0
2021-07-18 01:00:00+00:00,-0.0
2021-07-18 02:00:00+00:00,-0.0
2021-07-18 03:00:00+00:00,-0.0
2021-07-18 04:00:00+00:00,-0.0
2021-07-18 05:00:00+00:00,-0.0
2021-07-18 06:00:00+00:00,-0.0
2021-07-18 07:00:00+00:00,-0.0
2021-07-18 08:00:00+00:00,-0.0
2021-07-18 09:00:00+00:00,-0.0
2021-07-18 10:00:00+00:00,-0.0
2021-07-18 11:00:00+00:00,-0.0
2021-07-18 12:00:00+00:00,-0.0
2021-07-18 13:00:00+00:00,-0.0
2021-07-18 14:00:00+00:00,-0.0
2021-07-18 15:00:00+00:00,-0.0
2021-07-18 16:00:00+00:00,-0.0
2021-07-18 17:00:00+00:00,-0.0
2021-07-18 18:00:00+00:00,-0.0
2021-07-18 19:00:00+00:00,-0.0
2021-07-18 20:00:00+00:00,-0.0
2021-07-18 21:00:00+00:00,-0.0
2021-07-18 22:00:00+00:00,-0.0
2021-07-18 23:00:00+00:00,-0.0
2021-07-19 00:00:00+00:00,-0.0
2021-07-19 01:00:00+00:00,-0.0
2021-07-19 02:00:00+00:00,-0.0
2021-07-19 03:00:00+00:00,-0.0
2021-07-19 04:00:00+00:00,-0.0
2021-07-19 05:00:00+00:00,-0.0
2021-07-19 06:00:00+00:00,-0.0
2021-07-19 07:00:00+00:00,-0.0
2021-07-19 08:00:00+00:00,-0.0
2021-07-19 09:00:00+00:00,-0.0
2021-07-19 10:00:00+00:00,-0.0
2021-07-19 11:00:00+00:00,-0.0
2021-07-19 12:00:00+00:00,-0.0
2021-07-19 13:00:00+00:00,-0.0
2021-07-19 14:00:00+00:00,-0.0
2021-07-19 15:00:00+00:00,-0.0
2021-07-19 16:00:00+00:00,-0.0
2021-07-19 17:00:00+00:00,-0.0
2021-07-19 18:00:00+00:00,-0.0
2021-07-19 19:00:00+00:00,-0.0
2021-07-19 20:00:00+00:00,-0.0
2021-07-19 21:00:00+00:00,-0.0
2021-07-19 22:00:00+00:00,-0.0
2021-07-19 23:00:00+00:00,-0.0
2021-07-20 00:00:00+00:00,-0.0
2021-07-20 01:00:00+00:00,-0.0
2021-07-20 02:00:00+00:00,-0.0
2021-07-20 03:00:00+00:00,-0.0
2021-07-20 04:00:00+00:00,-0.0
2021-07-20 05:00:00+00:00,-0.0
2021-07-20 06:00:00+00:00,-0.0
2021-07-20 07:00:00+00:00,-0.0
2021-07-20 08:00:00+00:00,-0.0
2021-07-20 09:00:00+00:00,-0.0
2021-07-20 10:00:00+00:00,-0.0
2021-07-20 11:00:00+00:00,-0.0
2021-07-20 12:00:00+00:00,-0.0
2021-07-20 13:00:00+00:00,-0.0
2021-07-20 14:00:00+00:00,-0.0
2021-07-20 15:00:00+00:00,-0.0
2021-07-20 16:00:00+00:00,-0.0
2021-07-20 17:00:00+00:00,-0.0
2021-07-20 18:00:00+00:00,-0.0
2021-07-20 19:00:00+00:00,-0.0
2021-07-20 20:00:00+00:00,-0.0
2021-07-20 21:00:00+00:00,-0.0
2021-07-20 22:00:00+00:00,-0.0
2021-07-20 23:00:00+00:00,-0.0
2021-07-21 00:00:00+00:00,0.10507858123712327
2021-07-21 01:00:00+00:00,-0.0
2021-07-21 02:00:00+00:00,-0.0
2021-07-21 03:00:00+00:00,-0.0
2021-07-21 04:00:00+00:00,-0.0
2021-07-21 05:00:00+00:00,-0.0
2021-07-21 06:00:00+00:00,-0.0
2021-07-21 07:00:00+00:00,-0.0
2021-07-21 08:00:00+00:00,-0.0
2021-07-21 09:00:00+00:00,-0.0
2021-07-21 10:00:00+00:00,-0.0
2021-07-21 11:00:00+00:00,-0.0
2021-07-21 12:00:00+00:00,-0.0
2021-07-21 13:00:00+00:00,-0.0
2021-07-21 14:00:00+00:00,-0.0
2021-07-21 15:00:00+00:00,-0.0
2021-07-21 16:00:00+00:00,-0.0
2021-07-21 17:00:00+00:00,-0.0
2021-07-21 18:00:00+00:00,-0.0
2021-07-21 19:00:00+00:00,0.024220763038060044
2021-07-21 20:00:00+00:00,-0.0
2021-07-21 21:00:00+00:00,-0.0
2021-07-21 22:00:00+00:00,-0.0
2021-07-21 23:00:00+00:00,-0.0
2021-07-22 00:00:00+00:00,-0.0
2021-07-22 01:00:00+00:00,-0.0
2021-07-22 02:00:00+00:00,-0.0
2021-07-22 03:00:00+00:00,-0.0
2021-07-22 04:00:00+00:00,-0.0
2021-07-22 05:00:00+00:00,-0.0
2021-07-22 06:00:00+00:00,-0.0
2021-07-22 07:00:00+00:00,-0.0
2021-07-22 08:00:00+00:00,-0.13393982907527285
2021-07-22 09:00:00+00:00,0.07654966693191255
2021-07-22 10:00:00+00:00,-0.0
2021-07-22 11:00:00+00:00,-0.0
2021-07-22 12:00:00+00:00,-0.0
2021-07-22 13:00:00+00:00,-0.0
2021-07-22 14:00:00+00:00,-0.0
2021-07-22 15:00:00+00:00,-0.0
2021-07-22 16:00:00+00:00,-0.0
2021-07-22 17:00:00+00:00,-0.0
2021-07-22 18:00:00+00:00,-0.0
2021-07-22 19:00:00+00:00,-0.0
2021-07-22 20:00:00+00:00,-0.0
2021-07-22 21:00:00+00:00,-0.0
2021-07-22 22:00:00+00:00,-0.0
2021-07-22 23:00:00+00:00,-0.0
2021-07-23 00:00:00+00:00,-0.0
2021-07-23 01:00:00+00:00,-0.0
2021-07-23 02:00:00+00:00,-0.0
2021-07-23 03:00:00+00:00,-0.0
2021-07-23 04:00:00+00:00,-0.0
2021-07-23 05:00:00+00:00,-0.0
2021-07-23 06:00:00+00:00,-0.0
2021-07-23 07:00:00+00:00,-0.0
2021-07-23 08:00:00+00:00,-0.0
2021-07-23 09:00:00+00:00,-0.0
2021-07-23 10:00:00+00:00,-0.0
2021-07-23 11:00:00+00:00,-0.0
2021-07-23 12:00:00+00:00,-0.0
2021-07-23 13:00:00+00:00,-0.0
2021-07-23 14:00:00+00:00,-0.0
2021-07-23 15:00:00+00:00,-0.0
2021-07-23 16:00:00+00:00,-0.0
2021-07-23 17:00:00+00:00,-0.0
2021-07-23 18:00:00+00:00,-0.0
2021-07-23 19:00:00+00:00,-0.0
2021-07-23 20:00:00+00:00,-0.0537926997165333
2021-07-23 21:00:00+00:00,-0.0
2021-07-23 22:00:00+00:00,-0.0
2021-07-23 23:00:00+00:00,-0.0
2021-07-24 00:00:00+00:00,-0.0
2021-07-24 01:00:00+00:00,-0.0
2021-07-24 02:00:00+00:00,-0.0
2021-07-24 03:00:00+00:00,-0.0
2021-07-24 04:00:00+00:00,-0.0
2021-07-24 05:00:00+00:00,-0.0
2021-07-24 06:00:00+00:00,-0.0
2021-07-24 07:00:00+00:00,-0.0
2021-07-24 08:00:00+00:00,-0.0
2021-07-24 09:00:00+00:00,-0.0
2021-07-24 10:00:00+00:00,-0.0
2021-07-24 11:00:00+00:00,-0.0
2021-07-24 12:00:00+00:00,-0.0
2021-07-24 13:00:00+00:00,-0.0
2021-07-24 14:00:00+00:00,-0.0
2021-07-24 15:00:00+00:00,-0.0
2021-07-24 16:00:00+00:00,-0.0
2021-07-24 17:00:00+00:00,-0.0
2021-07-24 18:00:00+00:00,-0.0
2021-07-24 19:00:00+00:00,0.07574816486720894
2021-07-24 20:00:00+00:00,-0.0
2021-07-24 21:00:00+00:00,-0.0
2021-07-24 22:00:00+00:00,-0.0
2021-07-24 23:00:00+00:00,-0.0
2021-07-25 00:00:00+00:00,-0.0
2021-07-25 01:00:00+00:00,-0.0
2021-07-25 02:00:00+00:00,-0.0
2021-07-25 03:00:00+00:00,-0.0
2021-07-25 04:00:00+00:00,-0.0
2021-07-25 05:00:00+00:00,-0.0
2021-07-25 06:00:00+00:00,-0.0
2021-07-25 07:00:00+00:00,-0.0
2021-07-25 08:00:00+00:00,-0.0
2021-07-25 09:00:00+00:00,-0.0
2021-07-25 10:00:00+00:00,-0.0
2021-07-25 11:00:00+00:00,-0.0
2021-07-25 12:00:00+00:00,-0.0
2021-07-25 13:00:00+00:00,-0.0
2021-07-25 14:00:00+00:00,-0.0
2021-07-25 15:00:00+00:00,-0.0
2021-07-25 16:00:00+00:00,-0.0
2021-07-25 17:00:00+00:00,-0.0
2021-07-25 18:00:00+00:00,-0.0
2021-07-25 19:00:00+00:00,-0.0
2021-07-25 20:00:00+00:00,-0.0
2021-07-25 21:00:00+00:00,-0.0
2021-07-25 22:00:00+00:00,-0.0
2021-07-25 23:00:00+00:00,-0.0
2021-07-26 00:00:00+00:00,-0.0
2021-07-26 01:00:00+00:00,-0.0
2021-07-26 02:00:00+00:00,-0.0
2021-07-26 03:00:00+00:00,-0.0
2021-07-26 04:00:00+00:00,-0.0
2021-07-26 05:00:00+00:00,-0.0
2021-07-26 06:00:00+00:00,-0.0
2021-07-26 07:00:00+00:00,-0.0
2021-07-26 08:00:00+00:00,0.05702972813954828
2021-07-26 09:00:00+00:00,-0.0
2021-07-26 10:00:00+00:00,-0.0
2021-07-26 11:00:00+00:00,-0.0
2021-07-26 12:00:00+00:00,-0.0
2021-07-26 13:00:00+00:00,-0.0
2021-07-26 14:00:00+00:00,-0.0
2021-07-26 15:00:00+00:00,-0.0
2021-07-26 16:00:00+00:00,-0.0
2021-07-26 17:00:00+00:00,-0.0
2021-07-26 18:00:00+00:00,-0.0
2021-07-26 19:00:00+00:00,-0.0
2021-07-26 20:00:00+00:00,0.0718249353879856
2021-07-26 21:00:00+00:00,-0.0
2021-07-26 22:00:00+00:00,-0.0
2021-07-26 23:00:00+00:00,-0.0
2021-07-27 00:00:00+00:00,-0.0
2021-07-27 01:00:00+00:00,-0.0
2021-07-27 02:00:00+00:00,-0.0
2021-07-27 03:00:00+00:00,-0.0
2021-07-27 04:00:00+00:00,-0.0
2021-07-27 05:00:00+00:00,-0.0
2021-07-27 06:00:00+00:00,-0.0
2021-07-27 07:00:00+00:00,-0.0
2021-07-27 08:00:00+00:00,-0.0
2021-07-27 09:00:00+00:00,-0.0
2021-07-27 10:00:00+00:00,-0.0
2021-07-27 11:00:00+00:00,-0.0
2021-07-27 12:00:00+00:00,-0.0
2021-07-27 13:00:00+00:00,-0.0
2021-07-27 14:00:00+00:00,-0.0
2021-07-27 15:00:00+00:00,-0.0
2021-07-27 16:00:00+00:00,-0.0
2021-07-27 17:00:00+00:00,-0.0
2021-07-27 18:00:00+00:00,-0.0
2021-07-27 19:00:00+00:00,-0.0
2021-07-27 20:00:00+00:00,-0.0
2021-07-27 21:00:00+00:00,-0.0
2021-07-27 22:00:00+00:00,-0.0
2021-07-27 23:00:00+00:00,-0.0
2021-07-28 00:00:00+00:00,-0.0
2021-07-28 01:00:00+00:00,-0.0
2021-07-28 02:00:00+00:00,-0.0
2021-07-28 03:00:00+00:00,-0.0
2021-07-28 04:00:00+00:00,-0.0
2021-07-28 05:00:00+00:00,-0.0
2021-07-28 06:00:00+00:00,-0.0
2021-07-28 07:00:00+00:00,-0.0
2021-07-28 08:00:00+00:00,-0.0
2021-07-28 09:00:00+00:00,-0.0
2021-07-28 10:00:00+00:00,-0.0
2021-07-28 11:00:00+00:00,-0.0
2021-07-28 12:00:00+00:00,-0.0
2021-07-28 13:00:00+00:00,-0.0
2021-07-28 14:00:00+00:00,-0.0
2021-07-28 15:00:00+00:00,-0.0
2021-07-28 16:00:00+00:00,-0.0
2021-07-28 17:00:00+00:00,-0.0
2021-07-28 18:00:00+00:00,-0.0
2021-07-28 19:00:00+00:00,-0.0
2021-07-28 20:00:00+00:00,-0.0
2021-07-28 21:00:00+00:00,-0.0
2021-07-28 22:00:00+00:00,-0.0
2021-07-28 23:00:00+00:00,-0.0
2021-07-29 00:00:00+00:00,-0.0
2021-07-29 01:00:00+00:00,-0.0
2021-07-29 02:00:00+00:00,-0.0
2021-07-29 03:00:00+00:00,-0.0
2021-07-29 04:00:00+00:00,-0.0
2021-07-29 05:00:00+00:00,-0.0
2021-07-29 06:00:00+00:00,-0.0
2021-07-29 07:00:00+00:00,-0.0
2021-07-29 08:00:00+00:00,-0.0
2021-07-29 09:00:00+00:00,-0.0
2021-07-29 10:00:00+00:00,-0.0
2021-07-29 11:00:00+00:00,-0.0
2021-07-29 12:00:00+00:00,-0.0
2021-07-29 13:00:00+00:00,-0.0
2021-07-29 14:00:00+00:00,-0.0
2021-07-29 15:00:00+00:00,-0.0
2021-07-29 16:00:00+00:00,-0.0
2021-07-29 17:00:00+00:00,-0.0
2021-07-29 18:00:00+00:00,-0.0
2021-07-29 19:00:00+00:00,-0.0
2021-07-29 20:00:00+00:00,-0.0
2021-07-29 21:00:00+00:00,-0.0
2021-07-29 22:00:00+00:00,-0.0
2021-07-29 23:00:00+00:00,-0.0
2021-07-30 00:00:00+00:00,-0.0
2021-07-30 01:00:00+00:00,-0.0
2021-07-30 02:00:00+00:00,-0.0
2021-07-30 03:00:00+00:00,-0.0
2021-07-30 04:00:00+00:00,-0.0
2021-07-30 05:00:00+00:00,-0.0
2021-07-30 06:00:00+00:00,-0.0
2021-07-30 07:00:00+00:00,-0.0
2021-07-30 08:00:00+00:00,-0.0
2021-07-30 09:00:00+00:00,-0.0
2021-07-30 10:00:00+00:00,-0.0
2021-07-30 11:00:00+00:00,-0.0
2021-07-30 12:00:00+00:00,-0.0
2021-07-30 13:00:00+00:00,-0.0
2021-07-30 14:00:00+00:00,-0.0
2021-07-30 15:00:00+00:00,-0.0
2021-07-30 16:00:00+00:00,-0.0
2021-07-30 17:00:00+00:00,-0.0
2021-07-30 18:00:00+00:00,-0.0
2021-07-30 19:00:00+00:00,-0.0
2021-07-30 20:00:00+00:00,-0.0
2021-07-30 21:00:00+00:00,-0.0
2021-07-30 22:00:00+00:00,-0.0
2021-07-30 23:00:00+00:00,-0.0
2021-07-31 00:00:00+00:00,-0.0
2021-07-31 01:00:00+00:00,-0.0
2021-07-31 02:00:00+00:00,-0.0
2021-07-31 03:00:00+00:00,-0.0
2021-07-31 04:00:00+00:00,-0.0
2021-07-31 05:00:00+00:00,-0.0
2021-07-31 06:00:00+00:00,-0.0
2021-07-31 07:00:00+00:00,-0.0
2021-07-31 08:00:00+00:00,-0.0
2021-07-31 09:00:00+00:00,-0.0
2021-07-31 10:00:00+00:00,-0.0
2021-07-31 11:00:00+00:00,-0.0
2021-07-31 12:00:00+00:00,-0.0
2021-07-31 13:00:00+00:00,-0.0
2021-07-31 14:00:00+00:00,-0.0
2021-07-31 15:00:00+00:00,-0.0
2021-07-31 16:00:00+00:00,-0.0
2021-07-31 17:00:00+00:00,-0.0
2021-07-31 18:00:00+00:00,-0.0
2021-07-31 19:00:00+00:00,-0.0
2021-07-31 20:00:00+00:00,-0.0
2021-07-31 21:00:00+00:00,-0.0
2021-07-31 22:00:00+00:00,-0.0
2021-07-31 23:00:00+00:00,-0.0
2021-08-01 00:00:00+00:00,-0.0
2021-08-01 01:00:00+00:00,-0.0
2021-08-01 02:00:00+00:00,-0.0
2021-08-01 03:00:00+00:00,-0.0
2021-08-01 04:00:00+00:00,-0.0
2021-08-01 05:00:00+00:00,-0.0
2021-08-01 06:00:00+00:00,-0.0
2021-08-01 07:00:00+00:00,-0.0
2021-08-01 08:00:00+00:00,-0.0
2021-08-01 09:00:00+00:00,-0.16178989785361736
2021-08-01 10:00:00+00:00,-0.0
2021-08-01 11:00:00+00:00,0.054706929814195365
2021-08-01 12:00:00+00:00,-0.0
2021-08-01 13:00:00+00:00,-0.0
2021-08-01 14:00:00+00:00,0.0042488274736786355
2021-08-01 15:00:00+00:00,0.013675534178558333
2021-08-01 16:00:00+00:00,-0.0
2021-08-01 17:00:00+00:00,-0.0
2021-08-01 18:00:00+00:00,-0.0
2021-08-01 19:00:00+00:00,-0.0
2021-08-01 20:00:00+00:00,-0.0
2021-08-01 21:00:00+00:00,-0.0
2021-08-01 22:00:00+00:00,0.057711892316370625
2021-08-01 23:00:00+00:00,-0.0
2021-08-02 00:00:00+00:00,-0.0
2021-08-02 01:00:00+00:00,-0.0
2021-08-02 02:00:00+00:00,-0.0
2021-08-02 03:00:00+00:00,-0.0
2021-08-02 04:00:00+00:00,-0.0
2021-08-02 05:00:00+00:00,-0.0
2021-08-02 06:00:00+00:00,-0.0
2021-08-02 07:00:00+00:00,-0.0
2021-08-02 08:00:00+00:00,-0.0
2021-08-02 09:00:00+00:00,-0.0
2021-08-02 10:00:00+00:00,-0.0
2021-08-02 11:00:00+00:00,-0.0
2021-08-02 12:00:00+00:00,-0.0
2021-08-02 13:00:00+00:00,-0.0
2021-08-02 14:00:00+00:00,-0.0
2021-08-02 15:00:00+00:00,-0.0
2021-08-02 16:00:00+00:00,-0.0
2021-08-02 17:00:00+00:00,-0.0
2021-08-02 18:00:00+00:00,-0.0
2021-08-02 19:00:00+00:00,-0.0
2021-08-02 20:00:00+00:00,-0.0
2021-08-02 21:00:00+00:00,-0.0
2021-08-02 22:00:00+00:00,-0.0
2021-08-02 23:00:00+00:00,-0.0
2021-08-03 00:00:00+00:00,-0.0
2021-08-03 01:00:00+00:00,-0.0
2021-08-03 02:00:00+00:00,-0.0
2021-08-03 03:00:00+00:00,-0.0
2021-08-03 04:00:00+00:00,-0.0
2021-08-03 05:00:00+00:00,-0.0
2021-08-03 06:00:00+00:00,-0.0
2021-08-03 07:00:00+00:00,-0.0
2021-08-03 08:00:00+00:00,-0.0
2021-08-03 09:00:00+00:00,-0.0
2021-08-03 10:00:00+00:00,-0.0
2021-08-03 11:00:00+00:00,-0.0
2021-08-03 12:00:00+00:00,-0.0
2021-08-03 13:00:00+00:00,-0.0
2021-08-03 14:00:00+00:00,-0.0
2021-08-03 15:00:00+00:00,-0.0
2021-08-03 16:00:00+00:00,-0.0
2021-08-03 17:00:00+00:00,-0.0
2021-08-03 18:00:00+00:00,-0.0
2021-08-03 19:00:00+00:00,-0.0
2021-08-03 20:00:00+00:00,-0.0
2021-08-03 21:00:00+00:00,-0.0
2021-08-03 22:00:00+00:00,-0.0
2021-08-03 23:00:00+00:00,-0.0
2021-08-04 00:00:00+00:00,-0.0
2021-08-04 01:00:00+00:00,-0.0
2021-08-04 02:00:00+00:00,-0.0
2021-08-04 03:00:00+00:00,-0.0
2021-08-04 04:00:00+00:00,-0.0
2021-08-04 05:00:00+00:00,-0.0
2021-08-04 06:00:00+00:00,-0.0
2021-08-04 07:00:00+00:00,-0.0
2021-08-04 08:00:00+00:00,-0.0
2021-08-04 09:00:00+00:00,-0.0
2021-08-04 10:00:00+00:00,-0.0
2021-08-04 11:00:00+00:00,-0.0
2021-08-04 12:00:00+00:00,-0.0
2021-08-04 13:00:00+00:00,-0.0
2021-08-04 14:00:00+00:00,-0.0
2021-08-04 15:00:00+00:00,-0.0
2021-08-04 16:00:00+00:00,-0.0
2021-08-04 17:00:00+00:00,-0.0
2021-08-04 18:00:00+00:00,-0.0
2021-08-04 19:00:00+00:00,-0.0
2021-08-04 20:00:00+00:00,-0.0
2021-08-04 21:00:00+00:00,-0.0
2021-08-04 22:00:00+00:00,-0.0
2021-08-04 23:00:00+00:00,-0.0
2021-08-05 00:00:00+00:00,-0.0
2021-08-05 01:00:00+00:00,-0.0
2021-08-05 02:00:00+00:00,-0.0
2021-08-05 03:00:00+00:00,-0.0
2021-08-05 04:00:00+00:00,-0.0
2021-08-05 05:00:00+00:00,-0.0
2021-08-05 06:00:00+00:00,-0.0
2021-08-05 07:00:00+00:00,-0.0
2021-08-05 08:00:00+00:00,-0.0
2021-08-05 09:00:00+00:00,-0.0
2021-08-05 10:00:00+00:00,-0.0
2021-08-05 11:00:00+00:00,-0.0
2021-08-05 12:00:00+00:00,-0.0
2021-08-05 13:00:00+00:00,-0.0
2021-08-05 14:00:00+00:00,-0.0
2021-08-05 15:00:00+00:00,-0.0
2021-08-05 16:00:00+00:00,-0.0
2021-08-05 17:00:00+00:00,-0.0
2021-08-05 18:00:00+00:00,-0.0
2021-08-05 19:00:00+00:00,-0.0
2021-08-05 20:00:00+00:00,-0.0
2021-08-05 21:00:00+00:00,-0.0
2021-08-05 22:00:00+00:00,-0.0
2021-08-05 23:00:00+00:00,-0.0
2021-08-06 00:00:00+00:00,-0.0
2021-08-06 01:00:00+00:00,-0.0
2021-08-06 02:00:00+00:00,-0.0
2021-08-06 03:00:00+00:00,-0.0
2021-08-06 04:00:00+00:00,-0.0
2021-08-06 05:00:00+00:00,-0.0
2021-08-06 06:00:00+00:00,-0.0
2021-08-06 07:00:00+00:00,-0.0
2021-08-06 08:00:00+00:00,-0.0
2021-08-06 09:00:00+00:00,-0.0
2021-08-06 10:00:00+00:00,-0.0
2021-08-06 11:00:00+00:00,-0.0
2021-08-06 12:00:00+00:00,-0.0
2021-08-06 13:00:00+00:00,-0.0
2021-08-06 14:00:00+00:00,-0.0
2021-08-06 15:00:00+00:00,-0.0
2021-08-06 16:00:00+00:00,-0.11508163927104173
2021-08-06 17:00:00+00:00,-0.0
2021-08-06 18:00:00+00:00,-0.0
2021-08-06 19:00:00+00:00,-0.0
2021-08-06 20:00:00+00:00,-0.0
2021-08-06 21:00:00+00:00,-0.0
2021-08-06 22:00:00+00:00,-0.0
2021-08-06 23:00:00+00:00,-0.0
2021-08-07 00:00:00+00:00,-0.0
2021-08-07 01:00:00+00:00,-0.0
2021-08-07 02:00:00+00:00,-0.0
2021-08-07 03:00:00+00:00,-0.0
2021-08-07 04:00:00+00:00,-0.0
2021-08-07 05:00:00+00:00,-0.0
2021-08-07 06:00:00+00:00,-0.0
2021-08-07 07:00:00+00:00,-0.0
2021-08-07 08:00:00+00:00,-0.0
2021-08-07 09:00:00+00:00,-0.0
2021-08-07 10:00:00+00:00,-0.0
2021-08-07 11:00:00+00:00,-0.0
2021-08-07 12:00:00+00:00,-0.0
2021-08-07 13:00:00+00:00,-0.0
2021-08-07 14:00:00+00:00,-0.0
2021-08-07 15:00:00+00:00,-0.0
2021-08-07 16:00:00+00:00,-0.0
2021-08-07 17:00:00+00:00,-0.0
2021-08-07 18:00:00+00:00,-0.0
2021-08-07 19:00:00+00:00,-0.0
2021-08-07 20:00:00+00:00,-0.0
2021-08-07 21:00:00+00:00,-0.0
2021-08-07 22:00:00+00:00,-0.0
2021-08-07 23:00:00+00:00,-0.042165926615632295
2021-08-08 00:00:00+00:00,-0.0
2021-08-08 01:00:00+00:00,-0.0
2021-08-08 02:00:00+00:00,-0.0
2021-08-08 03:00:00+00:00,-0.0
2021-08-08 04:00:00+00:00,-0.0
2021-08-08 05:00:00+00:00,-0.0
2021-08-08 06:00:00+00:00,-0.0
2021-08-08 07:00:00+00:00,-0.0
2021-08-08 08:00:00+00:00,-0.0
2021-08-08 09:00:00+00:00,-0.0
2021-08-08 10:00:00+00:00,-0.0
2021-08-08 11:00:00+00:00,-0.0
2021-08-08 12:00:00+00:00,-0.0
2021-08-08 13:00:00+00:00,-0.0
2021-08-08 14:00:00+00:00,-0.0
2021-08-08 15:00:00+00:00,-0.0
2021-08-08 16:00:00+00:00,-0.0
2021-08-08 17:00:00+00:00,-0.0
2021-08-08 18:00:00+00:00,-0.0
2021-08-08 19:00:00+00:00,-0.0
2021-08-08 20:00:00+00:00,-0.0
2021-08-08 21:00:00+00:00,-0.0
2021-08-08 22:00:00+00:00,-0.0
2021-08-08 23:00:00+00:00,-0.0
2021-08-09 00:00:00+00:00,-0.0
2021-08-09 01:00:00+00:00,-0.0
2021-08-09 02:00:00+00:00,-0.0
2021-08-09 03:00:00+00:00,-0.0
2021-08-09 04:00:00+00:00,-0.0
2021-08-09 05:00:00+00:00,-0.0
2021-08-09 06:00:00+00:00,-0.0
2021-08-09 07:00:00+00:00,-0.0
2021-08-09 08:00:00+00:00,-0.0
2021-08-09 09:00:00+00:00,-0.0
2021-08-09 10:00:00+00:00,-0.0
2021-08-09 11:00:00+00:00,-0.0
2021-08-09 12:00:00+00:00,-0.0
2021-08-09 13:00:00+00:00,-0.0
2021-08-09 14:00:00+00:00,-0.0
2021-08-09 15:00:00+00:00,-0.0
2021-08-09 16:00:00+00:00,-0.0
2021-08-09 17:00:00+00:00,-0.0
2021-08-09 18:00:00+00:00,-0.0
2021-08-09 19:00:00+00:00,-0.0
2021-08-09 20:00:00+00:00,-0.0
2021-08-09 21:00:00+00:00,-0.0
2021-08-09 22:00:00+00:00,-0.0
2021-08-09 23:00:00+00:00,-0.0
2021-08-10 00:00:00+00:00,-0.0
2021-08-10 01:00:00+00:00,-0.0
2021-08-10 02:00:00+00:00,-0.0
2021-08-10 03:00:00+00:00,-0.0
2021-08-10 04:00:00+00:00,-0.0
2021-08-10 05:00:00+00:00,-0.0
2021-08-10 06:00:00+00:00,-0.0
2021-08-10 07:00:00+00:00,-0.0
2021-08-10 08:00:00+00:00,-0.0
2021-08-10 09:00:00+00:00,-0.0
2021-08-10 10:00:00+00:00,-0.0
2021-08-10 11:00:00+00:00,-0.0
2021-08-10 12:00:00+00:00,-0.0
2021-08-10 13:00:00+00:00,-0.0
2021-08-10 14:00:00+00:00,-0.0
2021-08-10 15:00:00+00:00,-0.0
2021-08-10 16:00:00+00:00,-0.0
2021-08-10 17:00:00+00:00,-0.0
2021-08-10 18:00:00+00:00,-0.0
2021-08-10 19:00:00+00:00,-0.0
2021-08-10 20:00:00+00:00,-0.0
2021-08-10 21:00:00+00:00,-0.0
2021-08-10 22:00:00+00:00,-0.0
2021-08-10 23:00:00+00:00,-0.0
2021-08-11 00:00:00+00:00,-0.0
2021-08-11 01:00:00+00:00,-0.0
2021-08-11 02:00:00+00:00,-0.0
2021-08-11 03:00:00+00:00,-0.0
2021-08-11 04:00:00+00:00,-0.0
2021-08-11 05:00:00+00:00,-0.0
2021-08-11 06:00:00+00:00,-0.0
2021-08-11 07:00:00+00:00,-0.0
2021-08-11 08:00:00+00:00,-0.0
2021-08-11 09:00:00+00:00,-0.0
2021-08-11 10:00:00+00:00,-0.0
2021-08-11 11:00:00+00:00,-0.0
2021-08-11 12:00:00+00:00,-0.0
2021-08-11 13:00:00+00:00,-0.0
2021-08-11 14:00:00+00:00,-0.0
2021-08-11 15:00:00+00:00,-0.0
2021-08-11 16:00:00+00:00,-0.0
2021-08-11 17:00:00+00:00,-0.0
2021-08-11 18:00:00+00:00,-0.0
2021-08-11 19:00:00+00:00,-0.0
2021-08-11 20:00:00+00:00,-0.0
2021-08-11 21:00:00+00:00,0.053213526612474804
2021-08-11 22:00:00+00:00,-0.0
2021-08-11 23:00:00+00:00,-0.0
2021-08-12 00:00:00+00:00,-0.0
2021-08-12 01:00:00+00:00,-0.0
2021-08-12 02:00:00+00:00,-0.0
2021-08-12 03:00:00+00:00,-0.0
2021-08-12 04:00:00+00:00,-0.0
2021-08-12 05:00:00+00:00,0.06897395800213113
2021-08-12 06:00:00+00:00,-0.0
2021-08-12 07:00:00+00:00,-0.0
2021-08-12 08:00:00+00:00,-0.0
2021-08-12 09:00:00+00:00,-0.0
2021-08-12 10:00:00+00:00,-0.0
2021-08-12 11:00:00+00:00,-0.0
2021-08-12 12:00:00+00:00,-0.0
2021-08-12 13:00:00+00:00,-0.0
2021-08-12 14:00:00+00:00,-0.0
2021-08-12 15:00:00+00:00,-0.0
2021-08-12 16:00:00+00:00,-0.0
2021-08-12 17:00:00+00:00,-0.0
2021-08-12 18:00:00+00:00,-0.0
2021-08-12 19:00:00+00:00,-0.0
2021-08-12 20:00:00+00:00,-0.0
2021-08-12 21:00:00+00:00,-0.0
2021-08-12 22:00:00+00:00,-0.0
2021-08-12 23:00:00+00:00,-0.0
2021-08-13 00:00:00+00:00,-0.0
2021-08-13 01:00:00+00:00,-0.0
2021-08-13 06:00:00+00:00,-0.0
2021-08-13 07:00:00+00:00,-0.0
2021-08-13 08:00:00+00:00,-0.0
2021-08-13 09:00:00+00:00,-0.0
2021-08-13 10:00:00+00:00,-0.0
2021-08-13 11:00:00+00:00,-0.0
2021-08-13 12:00:00+00:00,-0.0
2021-08-13 13:00:00+00:00,-0.0
2021-08-13 14:00:00+00:00,-0.0
2021-08-13 15:00:00+00:00,-0.0
2021-08-13 16:00:00+00:00,-0.0
2021-08-13 17:00:00+00:00,-0.0
2021-08-13 18:00:00+00:00,-0.0
2021-08-13 19:00:00+00:00,-0.0
2021-08-13 20:00:00+00:00,-0.0
2021-08-13 21:00:00+00:00,-0.0
2021-08-13 22:00:00+00:00,-0.0
2021-08-13 23:00:00+00:00,-0.0
2021-08-14 00:00:00+00:00,-0.0
2021-08-14 01:00:00+00:00,-0.0
2021-08-14 02:00:00+00:00,-0.0
2021-08-14 03:00:00+00:00,-0.0
2021-08-14 04:00:00+00:00,-0.0
2021-08-14 05:00:00+00:00,-0.0
2021-08-14 06:00:00+00:00,-0.0
2021-08-14 07:00:00+00:00,-0.0
2021-08-14 08:00:00+00:00,-0.0
2021-08-14 09:00:00+00:00,-0.0
2021-08-14 10:00:00+00:00,-0.0
2021-08-14 11:00:00+00:00,-0.0
2021-08-14 12:00:00+00:00,-0.0
2021-08-14 13:00:00+00:00,-0.0
2021-08-14 14:00:00+00:00,-0.0
2021-08-14 15:00:00+00:00,-0.0
2021-08-14 16:00:00+00:00,-0.0
2021-08-14 17:00:00+00:00,-0.0
2021-08-14 18:00:00+00:00,-0.0
2021-08-14 19:00:00+00:00,-0.0
2021-08-14 20:00:00+00:00,-0.0
2021-08-14 21:00:00+00:00,-0.0
2021-08-14 22:00:00+00:00,-0.0
2021-08-14 23:00:00+00:00,-0.0
2021-08-15 00:00:00+00:00,-0.0
2021-08-15 01:00:00+00:00,-0.0
2021-08-15 02:00:00+00:00,-0.0
2021-08-15 03:00:00+00:00,-0.0
2021-08-15 04:00:00+00:00,-0.0
2021-08-15 05:00:00+00:00,-0.0
2021-08-15 06:00:00+00:00,-0.0
2021-08-15 07:00:00+00:00,-0.0
2021-08-15 08:00:00+00:00,-0.0
2021-08-15 09:00:00+00:00,-0.0
2021-08-15 10:00:00+00:00,-0.0
2021-08-15 11:00:00+00:00,-0.0
2021-08-15 12:00:00+00:00,-0.0
2021-08-15 13:00:00+00:00,-0.0
2021-08-15 14:00:00+00:00,-0.0
2021-08-15 15:00:00+00:00,-0.0
2021-08-15 16:00:00+00:00,-0.0
2021-08-15 17:00:00+00:00,-0.0
2021-08-15 18:00:00+00:00,-0.0
2021-08-15 19:00:00+00:00,-0.0
2021-08-15 20:00:00+00:00,-0.0
2021-08-15 21:00:00+00:00,-0.0
2021-08-15 22:00:00+00:00,-0.0
2021-08-15 23:00:00+00:00,-0.0
2021-08-16 00:00:00+00:00,-0.0
2021-08-16 01:00:00+00:00,-0.0
2021-08-16 02:00:00+00:00,-0.0
2021-08-16 03:00:00+00:00,-0.0
2021-08-16 04:00:00+00:00,-0.0
2021-08-16 05:00:00+00:00,-0.0
2021-08-16 06:00:00+00:00,-0.0
2021-08-16 07:00:00+00:00,-0.0
2021-08-16 08:00:00+00:00,-0.0
2021-08-16 09:00:00+00:00,-0.0
2021-08-16 10:00:00+00:00,-0.0
2021-08-16 11:00:00+00:00,-0.0
2021-08-16 12:00:00+00:00,-0.0
2021-08-16 13:00:00+00:00,-0.0
2021-08-16 14:00:00+00:00,-0.0
2021-08-16 15:00:00+00:00,-0.0
2021-08-16 16:00:00+00:00,-0.0
2021-08-16 17:00:00+00:00,-0.0
2021-08-16 18:00:00+00:00,-0.0
2021-08-16 19:00:00+00:00,-0.0
2021-08-16 20:00:00+00:00,-0.0
2021-08-16 21:00:00+00:00,-0.0
2021-08-16 22:00:00+00:00,-0.0
2021-08-16 23:00:00+00:00,-0.0
2021-08-17 00:00:00+00:00,-0.0
2021-08-17 01:00:00+00:00,-0.0
2021-08-17 02:00:00+00:00,-0.0
2021-08-17 03:00:00+00:00,-0.0
2021-08-17 04:00:00+00:00,-0.0
2021-08-17 05:00:00+00:00,-0.0
2021-08-17 06:00:00+00:00,-0.0
2021-08-17 07:00:00+00:00,-0.0
2021-08-17 08:00:00+00:00,-0.0
2021-08-17 09:00:00+00:00,-0.0
2021-08-17 10:00:00+00:00,-0.0
2021-08-17 11:00:00+00:00,-0.0
2021-08-17 12:00:00+00:00,-0.0
2021-08-17 13:00:00+00:00,-0.0
2021-08-17 14:00:00+00:00,-0.0
2021-08-17 15:00:00+00:00,-0.0
2021-08-17 16:00:00+00:00,-0.0
2021-08-17 17:00:00+00:00,-0.0
2021-08-17 18:00:00+00:00,-0.0
2021-08-17 19:00:00+00:00,-0.0
2021-08-17 20:00:00+00:00,-0.0
2021-08-17 21:00:00+00:00,-0.0
2021-08-17 22:00:00+00:00,-0.0
2021-08-17 23:00:00+00:00,-0.0
2021-08-18 00:00:00+00:00,-0.0
2021-08-18 01:00:00+00:00,-0.0
2021-08-18 02:00:00+00:00,-0.0
2021-08-18 03:00:00+00:00,-0.0
2021-08-18 04:00:00+00:00,-0.0
2021-08-18 05:00:00+00:00,-0.0
2021-08-18 06:00:00+00:00,-0.0
2021-08-18 07:00:00+00:00,-0.0
2021-08-18 08:00:00+00:00,-0.0
2021-08-18 09:00:00+00:00,-0.0
2021-08-18 10:00:00+00:00,-0.0
2021-08-18 11:00:00+00:00,-0.0
2021-08-18 12:00:00+00:00,-0.0
2021-08-18 13:00:00+00:00,-0.0
2021-08-18 14:00:00+00:00,-0.0
2021-08-18 15:00:00+00:00,-0.0
2021-08-18 16:00:00+00:00,-0.0
2021-08-18 17:00:00+00:00,-0.0
2021-08-18 18:00:00+00:00,-0.0
2021-08-18 19:00:00+00:00,-0.0
2021-08-18 20:00:00+00:00,-0.0
2021-08-18 21:00:00+00:00,-0.0
2021-08-18 22:00:00+00:00,-0.0
2021-08-18 23:00:00+00:00,-0.0
2021-08-19 00:00:00+00:00,-0.0
2021-08-19 01:00:00+00:00,-0.0
2021-08-19 02:00:00+00:00,-0.0
2021-08-19 03:00:00+00:00,-0.0
2021-08-19 04:00:00+00:00,-0.0
2021-08-19 05:00:00+00:00,-0.0
2021-08-19 06:00:00+00:00,-0.0
2021-08-19 07:00:00+00:00,-0.0
2021-08-19 08:00:00+00:00,-0.0
2021-08-19 09:00:00+00:00,-0.0
2021-08-19 10:00:00+00:00,0.13410285905954922
2021-08-19 11:00:00+00:00,-0.0
2021-08-19 12:00:00+00:00,-0.0
2021-08-19 13:00:00+00:00,-0.0
2021-08-19 14:00:00+00:00,-0.0
2021-08-19 15:00:00+00:00,-0.0
2021-08-19 16:00:00+00:00,-0.0
2021-08-19 17:00:00+00:00,-0.0
2021-08-19 18:00:00+00:00,-0.0
2021-08-19 19:00:00+00:00,-0.0
2021-08-19 20:00:00+00:00,-0.0
2021-08-19 21:00:00+00:00,-0.0
2021-08-19 22:00:00+00:00,-0.0
2021-08-19 23:00:00+00:00,-0.0
2021-08-20 00:00:00+00:00,-0.0
2021-08-20 01:00:00+00:00,-0.0
2021-08-20 02:00:00+00:00,-0.0
2021-08-20 03:00:00+00:00,-0.0
2021-08-20 04:00:00+00:00,-0.0
2021-08-20 05:00:00+00:00,-0.0
2021-08-20 06:00:00+00:00,-0.0
2021-08-20 07:00:00+00:00,-0.0
2021-08-20 08:00:00+00:00,-0.0
2021-08-20 09:00:00+00:00,-0.0
2021-08-20 10:00:00+00:00,-0.0
2021-08-20 11:00:00+00:00,-0.0
2021-08-20 12:00:00+00:00,-0.0
2021-08-20 13:00:00+00:00,-0.0
2021-08-20 14:00:00+00:00,-0.0
2021-08-20 15:00:00+00:00,-0.0
2021-08-20 16:00:00+00:00,-0.0
2021-08-20 17:00:00+00:00,-0.0
2021-08-20 18:00:00+00:00,-0.0
2021-08-20 19:00:00+00:00,-0.0
2021-08-20 20:00:00+00:00,-0.0
2021-08-20 21:00:00+00:00,-0.0
2021-08-20 22:00:00+00:00,-0.0
2021-08-20 23:00:00+00:00,-0.0
2021-08-21 00:00:00+00:00,-0.0
2021-08-21 01:00:00+00:00,-0.0
2021-08-21 02:00:00+00:00,-0.0
2021-08-21 03:00:00+00:00,-0.0
2021-08-21 04:00:00+00:00,-0.0
2021-08-21 05:00:00+00:00,-0.0
2021-08-21 06:00:00+00:00,-0.0
2021-08-21 07:00:00+00:00,-0.0
2021-08-21 08:00:00+00:00,-0.0
2021-08-21 09:00:00+00:00,-0.0
2021-08-21 10:00:00+00:00,-0.0
2021-08-21 11:00:00+00:00,-0.3067862711697709
2021-08-21 12:00:00+00:00,-0.0
2021-08-21 13:00:00+00:00,-0.0
2021-08-21 14:00:00+00:00,-0.0
2021-08-21 15:00:00+00:00,-0.0
2021-08-21 16:00:00+00:00,-0.0
2021-08-21 17:00:00+00:00,-0.0
2021-08-21 18:00:00+00:00,-0.0
2021-08-21 19:00:00+00:00,-0.0
2021-08-21 20:00:00+00:00,0.13106494809580144
2021-08-21 21:00:00+00:00,-0.0
2021-08-21 22:00:00+00:00,-0.0
2021-08-21 23:00:00+00:00,-0.0
2021-08-22 00:00:00+00:00,-0.0
2021-08-22 01:00:00+00:00,-0.0
2021-08-22 02:00:00+00:00,-0.0
2021-08-22 03:00:00+00:00,-0.0
2021-08-22 04:00:00+00:00,-0.0
2021-08-22 05:00:00+00:00,-0.0
2021-08-22 06:00:00+00:00,-0.0
2021-08-22 07:00:00+00:00,-0.0
2021-08-22 08:00:00+00:00,-0.0
2021-08-22 09:00:00+00:00,-0.0
2021-08-22 10:00:00+00:00,-0.0
2021-08-22 11:00:00+00:00,-0.0
2021-08-22 12:00:00+00:00,-0.0
2021-08-22 13:00:00+00:00,-0.0
2021-08-22 14:00:00+00:00,-0.0
2021-08-22 15:00:00+00:00,-0.0
2021-08-22 16:00:00+00:00,-0.0
2021-08-22 17:00:00+00:00,-0.0
2021-08-22 18:00:00+00:00,-0.0
2021-08-22 19:00:00+00:00,-0.0
2021-08-22 20:00:00+00:00,-0.0
2021-08-22 21:00:00+00:00,-0.0
2021-08-22 22:00:00+00:00,-0.0
2021-08-22 23:00:00+00:00,-0.0
2021-08-23 00:00:00+00:00,-0.0
2021-08-23 01:00:00+00:00,-0.0
2021-08-23 02:00:00+00:00,-0.0
2021-08-23 03:00:00+00:00,-0.0
2021-08-23 04:00:00+00:00,-0.0
2021-08-23 05:00:00+00:00,-0.0
2021-08-23 06:00:00+00:00,-0.0
2021-08-23 07:00:00+00:00,-0.0
2021-08-23 08:00:00+00:00,-0.0
2021-08-23 09:00:00+00:00,-0.0
2021-08-23 10:00:00+00:00,-0.0
2021-08-23 11:00:00+00:00,-0.0
2021-08-23 12:00:00+00:00,-0.0
2021-08-23 13:00:00+00:00,-0.0
2021-08-23 14:00:00+00:00,-0.0
2021-08-23 15:00:00+00:00,-0.0
2021-08-23 16:00:00+00:00,-0.0
2021-08-23 17:00:00+00:00,-0.0
2021-08-23 18:00:00+00:00,-0.0
2021-08-23 19:00:00+00:00,-0.0
2021-08-23 20:00:00+00:00,-0.0
2021-08-23 21:00:00+00:00,-0.0
2021-08-23 22:00:00+00:00,-0.0
2021-08-23 23:00:00+00:00,-0.0
2021-08-24 00:00:00+00:00,-0.0
2021-08-24 01:00:00+00:00,-0.0
2021-08-24 02:00:00+00:00,-0.0
2021-08-24 03:00:00+00:00,-0.0
2021-08-24 04:00:00+00:00,-0.0
2021-08-24 05:00:00+00:00,-0.0
2021-08-24 06:00:00+00:00,-0.0
2021-08-24 07:00:00+00:00,-0.0
2021-08-24 08:00:00+00:00,-0.0
2021-08-24 09:00:00+00:00,-0.0
2021-08-24 10:00:00+00:00,-0.0
2021-08-24 11:00:00+00:00,-0.0
2021-08-24 12:00:00+00:00,-0.0
2021-08-24 13:00:00+00:00,0.14116594460183596
2021-08-24 14:00:00+00:00,-0.0
2021-08-24 15:00:00+00:00,-0.0
2021-08-24 16:00:00+00:00,-0.0
2021-08-24 17:00:00+00:00,-0.0
2021-08-24 18:00:00+00:00,-0.0
2021-08-24 19:00:00+00:00,-0.0
2021-08-24 20:00:00+00:00,-0.0
2021-08-24 21:00:00+00:00,-0.0
2021-08-24 22:00:00+00:00,-0.0
2021-08-24 23:00:00+00:00,-0.0
2021-08-25 00:00:00+00:00,-0.0
2021-08-25 01:00:00+00:00,-0.0
2021-08-25 02:00:00+00:00,-0.0
2021-08-25 03:00:00+00:00,-0.0
2021-08-25 04:00:00+00:00,-0.0
2021-08-25 05:00:00+00:00,-0.0
2021-08-25 06:00:00+00:00,-0.0
2021-08-25 07:00:00+00:00,-0.0
2021-08-25 08:00:00+00:00,-0.0
2021-08-25 09:00:00+00:00,-0.0
2021-08-25 10:00:00+00:00,-0.0
2021-08-25 11:00:00+00:00,-0.0
2021-08-25 12:00:00+00:00,-0.0
2021-08-25 13:00:00+00:00,-0.0
2021-08-25 14:00:00+00:00,-0.0
2021-08-25 15:00:00+00:00,-0.0
2021-08-25 16:00:00+00:00,-0.0
2021-08-25 17:00:00+00:00,-0.0
2021-08-25 18:00:00+00:00,-0.0
2021-08-25 19:00:00+00:00,-0.0
2021-08-25 20:00:00+00:00,-0.0
2021-08-25 21:00:00+00:00,-0.0
2021-08-25 22:00:00+00:00,-0.0
2021-08-25 23:00:00+00:00,-0.0
2021-08-26 00:00:00+00:00,-0.0
2021-08-26 01:00:00+00:00,-0.0
2021-08-26 02:00:00+00:00,-0.0
2021-08-26 03:00:00+00:00,-0.0
2021-08-26 04:00:00+00:00,-0.0
2021-08-26 05:00:00+00:00,-0.0
2021-08-26 06:00:00+00:00,-0.0
2021-08-26 07:00:00+00:00,-0.0
2021-08-26 08:00:00+00:00,-0.0
2021-08-26 09:00:00+00:00,-0.0
2021-08-26 10:00:00+00:00,-0.0
2021-08-26 11:00:00+00:00,-0.0
2021-08-26 12:00:00+00:00,-0.0
2021-08-26 13:00:00+00:00,-0.0
2021-08-26 14:00:00+00:00,-0.0
2021-08-26 15:00:00+00:00,-0.0
2021-08-26 16:00:00+00:00,-0.0
2021-08-26 17:00:00+00:00,-0.0
2021-08-26 18:00:00+00:00,-0.0
2021-08-26 19:00:00+00:00,-0.0
2021-08-26 20:00:00+00:00,-0.0
2021-08-26 21:00:00+00:00,-0.0
2021-08-26 22:00:00+00:00,-0.0
2021-08-26 23:00:00+00:00,-0.0
2021-08-27 00:00:00+00:00,-0.0
2021-08-27 01:00:00+00:00,-0.0
2021-08-27 02:00:00+00:00,-0.0
2021-08-27 03:00:00+00:00,-0.0
2021-08-27 04:00:00+00:00,-0.0
2021-08-27 05:00:00+00:00,-0.0
2021-08-27 06:00:00+00:00,-0.0
2021-08-27 07:00:00+00:00,-0.0
2021-08-27 08:00:00+00:00,-0.0
2021-08-27 09:00:00+00:00,-0.0
2021-08-27 10:00:00+00:00,-0.0
2021-08-27 11:00:00+00:00,-0.0
2021-08-27 12:00:00+00:00,-0.0
2021-08-27 13:00:00+00:00,-0.0
2021-08-27 14:00:00+00:00,-0.0
2021-08-27 15:00:00+00:00,-0.0
2021-08-27 16:00:00+00:00,-0.0
2021-08-27 17:00:00+00:00,-0.0
2021-08-27 18:00:00+00:00,-0.0
2021-08-27 19:00:00+00:00,-0.0
2021-08-27 20:00:00+00:00,-0.0
2021-08-27 21:00:00+00:00,-0.16754732386575763
2021-08-27 22:00:00+00:00,-0.0
2021-08-27 23:00:00+00:00,-0.0
2021-08-28 00:00:00+00:00,-0.0
2021-08-28 01:00:00+00:00,-0.0
2021-08-28 02:00:00+00:00,0.09117293559759279
2021-08-28 03:00:00+00:00,-0.0
2021-08-28 04:00:00+00:00,-0.0
2021-08-28 05:00:00+00:00,-0.0
2021-08-28 06:00:00+00:00,-0.0
2021-08-28 07:00:00+00:00,-0.0
2021-08-28 08:00:00+00:00,-0.0
2021-08-28 09:00:00+00:00,-0.0
2021-08-28 10:00:00+00:00,-0.0
2021-08-28 11:00:00+00:00,-0.0
2021-08-28 12:00:00+00:00,-0.0
2021-08-28 13:00:00+00:00,-0.0
2021-08-28 14:00:00+00:00,-0.0
2021-08-28 15:00:00+00:00,-0.0
2021-08-28 16:00:00+00:00,-0.0
2021-08-28 17:00:00+00:00,-0.0
2021-08-28 18:00:00+00:00,-0.0
2021-08-28 19:00:00+00:00,-0.0
2021-08-28 20:00:00+00:00,-0.0
2021-08-28 21:00:00+00:00,-0.0
2021-08-28 22:00:00+00:00,-0.0
2021-08-28 23:00:00+00:00,-0.0
2021-08-29 00:00:00+00:00,-0.0
2021-08-29 01:00:00+00:00,-0.0
2021-08-29 02:00:00+00:00,-0.0
2021-08-29 03:00:00+00:00,-0.0
2021-08-29 04:00:00+00:00,-0.0
2021-08-29 05:00:00+00:00,-0.0
2021-08-29 06:00:00+00:00,-0.0
2021-08-29 07:00:00+00:00,-0.0
2021-08-29 08:00:00+00:00,-0.0
2021-08-29 09:00:00+00:00,-0.0
2021-08-29 10:00:00+00:00,-0.0
2021-08-29 11:00:00+00:00,-0.0
2021-08-29 12:00:00+00:00,-0.0
2021-08-29 13:00:00+00:00,-0.0
2021-08-29 14:00:00+00:00,-0.0
2021-08-29 15:00:00+00:00,-0.0
2021-08-29 16:00:00+00:00,-0.0
2021-08-29 17:00:00+00:00,-0.0
2021-08-29 18:00:00+00:00,-0.0
2021-08-29 19:00:00+00:00,-0.0
2021-08-29 20:00:00+00:00,-0.0
2021-08-29 21:00:00+00:00,-0.0
2021-08-29 22:00:00+00:00,-0.0
2021-08-29 23:00:00+00:00,-0.0
2021-08-30 00:00:00+00:00,-0.0
2021-08-30 01:00:00+00:00,-0.0
2021-08-30 02:00:00+00:00,-0.0
2021-08-30 03:00:00+00:00,-0.0
2021-08-30 04:00:00+00:00,-0.0
2021-08-30 05:00:00+00:00,-0.0
2021-08-30 06:00:00+00:00,-0.0
2021-08-30 07:00:00+00:00,-0.0
2021-08-30 08:00:00+00:00,-0.0
2021-08-30 09:00:00+00:00,-0.0
2021-08-30 10:00:00+00:00,-0.0
2021-08-30 11:00:00+00:00,-0.0
2021-08-30 12:00:00+00:00,-0.0
2021-08-30 13:00:00+00:00,-0.0
2021-08-30 14:00:00+00:00,-0.0
2021-08-30 15:00:00+00:00,-0.0
2021-08-30 16:00:00+00:00,-0.0
2021-08-30 17:00:00+00:00,-0.0
2021-08-30 18:00:00+00:00,-0.0
2021-08-30 19:00:00+00:00,-0.2601374858676073
2021-08-30 20:00:00+00:00,-0.0
2021-08-30 21:00:00+00:00,-0.0
2021-08-30 22:00:00+00:00,-0.0
2021-08-30 23:00:00+00:00,0.16810357143914847
2021-08-31 00:00:00+00:00,-0.0
2021-08-31 01:00:00+00:00,-0.0
2021-08-31 02:00:00+00:00,-0.0
2021-08-31 03:00:00+00:00,-0.0
2021-08-31 04:00:00+00:00,-0.0
2021-08-31 05:00:00+00:00,-0.0
2021-08-31 06:00:00+00:00,-0.0
2021-08-31 07:00:00+00:00,-0.0
2021-08-31 08:00:00+00:00,-0.38769416243476024
2021-08-31 09:00:00+00:00,-0.0
2021-08-31 10:00:00+00:00,-0.0
2021-08-31 11:00:00+00:00,-0.0
2021-08-31 12:00:00+00:00,-0.0
2021-08-31 13:00:00+00:00,-0.0
2021-08-31 14:00:00+00:00,0.3343654626843528
2021-08-31 15:00:00+00:00,-0.0
2021-08-31 16:00:00+00:00,-0.0
2021-08-31 17:00:00+00:00,-0.0
2021-08-31 18:00:00+00:00,-0.0
2021-08-31 19:00:00+00:00,-0.0
2021-08-31 20:00:00+00:00,-0.0
2021-08-31 21:00:00+00:00,-0.0
2021-08-31 22:00:00+00:00,-0.0
2021-08-31 23:00:00+00:00,-0.0
2021-09-01 00:00:00+00:00,-0.0
2021-09-01 01:00:00+00:00,-0.0
2021-09-01 02:00:00+00:00,-0.0
2021-09-01 03:00:00+00:00,-0.0
2021-09-01 04:00:00+00:00,-0.0
2021-09-01 05:00:00+00:00,-0.0
2021-09-01 06:00:00+00:00,-0.0
2021-09-01 07:00:00+00:00,-0.0
2021-09-01 08:00:00+00:00,-0.0
2021-09-01 09:00:00+00:00,-0.0
2021-09-01 10:00:00+00:00,-0.0
2021-09-01 11:00:00+00:00,-0.0
2021-09-01 12:00:00+00:00,-0.0
2021-09-01 13:00:00+00:00,-0.0
2021-09-01 14:00:00+00:00,-0.0
2021-09-01 15:00:00+00:00,-0.0
2021-09-01 16:00:00+00:00,-0.0
2021-09-01 17:00:00+00:00,-0.0
2021-09-01 18:00:00+00:00,-0.0
2021-09-01 19:00:00+00:00,-0.0
2021-09-01 20:00:00+00:00,-0.0
2021-09-01 21:00:00+00:00,-0.0
2021-09-01 22:00:00+00:00,-0.0
2021-09-01 23:00:00+00:00,-0.0
2021-09-02 00:00:00+00:00,-0.0
2021-09-02 01:00:00+00:00,-0.0
2021-09-02 02:00:00+00:00,-0.0
2021-09-02 03:00:00+00:00,-0.0
2021-09-02 04:00:00+00:00,-0.0
2021-09-02 05:00:00+00:00,-0.0
2021-09-02 06:00:00+00:00,-0.0
2021-09-02 07:00:00+00:00,-0.0
2021-09-02 08:00:00+00:00,-0.0
2021-09-02 09:00:00+00:00,-0.0
2021-09-02 10:00:00+00:00,-0.0
2021-09-02 11:00:00+00:00,-0.0
2021-09-02 12:00:00+00:00,-0.0
2021-09-02 13:00:00+00:00,-0.0
2021-09-02 14:00:00+00:00,-0.0
2021-09-02 15:00:00+00:00,-0.0
2021-09-02 16:00:00+00:00,-0.0
2021-09-02 17:00:00+00:00,-0.0
2021-09-02 18:00:00+00:00,-0.0
2021-09-02 19:00:00+00:00,-0.0
2021-09-02 20:00:00+00:00,-0.0
2021-09-02 21:00:00+00:00,-0.0
2021-09-02 22:00:00+00:00,-0.0
2021-09-02 23:00:00+00:00,-0.0
2021-09-03 00:00:00+00:00,-0.0
2021-09-03 01:00:00+00:00,-0.0
2021-09-03 02:00:00+00:00,-0.0
2021-09-03 03:00:00+00:00,-0.0
2021-09-03 04:00:00+00:00,-0.0
2021-09-03 05:00:00+00:00,-0.0
2021-09-03 06:00:00+00:00,-0.0
2021-09-03 07:00:00+00:00,-0.0
2021-09-03 08:00:00+00:00,-0.0
2021-09-03 09:00:00+00:00,-0.0
2021-09-03 10:00:00+00:00,-0.0
2021-09-03 11:00:00+00:00,-0.0
2021-09-03 12:00:00+00:00,-0.0
2021-09-03 13:00:00+00:00,-0.0
2021-09-03 14:00:00+00:00,-0.0
2021-09-03 15:00:00+00:00,-0.0
2021-09-03 16:00:00+00:00,-0.0
2021-09-03 17:00:00+00:00,-0.0
2021-09-03 18:00:00+00:00,-0.0
2021-09-03 19:00:00+00:00,-0.0
2021-09-03 20:00:00+00:00,-0.0
2021-09-03 21:00:00+00:00,-0.0
2021-09-03 22:00:00+00:00,-0.0
2021-09-03 23:00:00+00:00,-0.0
2021-09-04 00:00:00+00:00,-0.0
2021-09-04 01:00:00+00:00,-0.0
2021-09-04 02:00:00+00:00,-0.0
2021-09-04 03:00:00+00:00,-0.0
2021-09-04 04:00:00+00:00,-0.0
2021-09-04 05:00:00+00:00,-0.0
2021-09-04 06:00:00+00:00,-0.0
2021-09-04 07:00:00+00:00,-0.0
2021-09-04 08:00:00+00:00,-0.0
2021-09-04 09:00:00+00:00,-0.0
2021-09-04 10:00:00+00:00,-0.0
2021-09-04 11:00:00+00:00,-0.0
2021-09-04 12:00:00+00:00,-0.0
2021-09-04 13:00:00+00:00,-0.0
2021-09-04 14:00:00+00:00,-0.0
2021-09-04 15:00:00+00:00,-0.0
2021-09-04 16:00:00+00:00,-0.0
2021-09-04 17:00:00+00:00,-0.0
2021-09-04 18:00:00+00:00,-0.0
2021-09-04 19:00:00+00:00,-0.0
2021-09-04 20:00:00+00:00,-0.0
2021-09-04 21:00:00+00:00,-0.0
2021-09-04 22:00:00+00:00,-0.0
2021-09-04 23:00:00+00:00,-0.0
2021-09-05 00:00:00+00:00,-0.0
2021-09-05 01:00:00+00:00,-0.0
2021-09-05 02:00:00+00:00,-0.0
2021-09-05 03:00:00+00:00,-0.0
2021-09-05 04:00:00+00:00,-0.0
2021-09-05 05:00:00+00:00,-0.0
2021-09-05 06:00:00+00:00,-0.0
2021-09-05 07:00:00+00:00,-0.0
2021-09-05 08:00:00+00:00,-0.0
2021-09-05 09:00:00+00:00,-0.042940007490393915
2021-09-05 10:00:00+00:00,-0.0
2021-09-05 11:00:00+00:00,-0.0
2021-09-05 12:00:00+00:00,-0.0
2021-09-05 13:00:00+00:00,-0.0
2021-09-05 14:00:00+00:00,-0.0
2021-09-05 15:00:00+00:00,-0.0
2021-09-05 16:00:00+00:00,-0.0
2021-09-05 17:00:00+00:00,-0.0
2021-09-05 18:00:00+00:00,-0.0
2021-09-05 19:00:00+00:00,-0.0
2021-09-05 20:00:00+00:00,-0.0
2021-09-05 21:00:00+00:00,-0.0
2021-09-05 22:00:00+00:00,-0.0
2021-09-05 23:00:00+00:00,-0.0
2021-09-06 00:00:00+00:00,-0.0
2021-09-06 01:00:00+00:00,-0.0
2021-09-06 02:00:00+00:00,-0.0
2021-09-06 03:00:00+00:00,-0.0
2021-09-06 04:00:00+00:00,-0.0
2021-09-06 05:00:00+00:00,-0.0
2021-09-06 06:00:00+00:00,-0.0
2021-09-06 07:00:00+00:00,-0.0
2021-09-06 08:00:00+00:00,-0.0
2021-09-06 09:00:00+00:00,-0.0
2021-09-06 10:00:00+00:00,-0.0
2021-09-06 11:00:00+00:00,-0.0
2021-09-06 12:00:00+00:00,-0.0
2021-09-06 13:00:00+00:00,-0.0
2021-09-06 14:00:00+00:00,-0.0
2021-09-06 15:00:00+00:00,-0.0
2021-09-06 16:00:00+00:00,-0.0
2021-09-06 17:00:00+00:00,-0.0
2021-09-06 18:00:00+00:00,-0.0
2021-09-06 19:00:00+00:00,-0.0
2021-09-06 20:00:00+00:00,-0.0
2021-09-06 21:00:00+00:00,-0.0
2021-09-06 22:00:00+00:00,-0.0
2021-09-06 23:00:00+00:00,-0.0
2021-09-07 00:00:00+00:00,-0.0
2021-09-07 01:00:00+00:00,-0.0
2021-09-07 02:00:00+00:00,-0.0
2021-09-07 03:00:00+00:00,-0.0
2021-09-07 04:00:00+00:00,-0.0
2021-09-07 05:00:00+00:00,-0.0
2021-09-07 06:00:00+00:00,-0.20207811780866913
2021-09-07 07:00:00+00:00,-0.0
2021-09-07 08:00:00+00:00,-0.0
2021-09-07 09:00:00+00:00,-0.0
2021-09-07 10:00:00+00:00,-0.0
2021-09-07 11:00:00+00:00,-0.0
2021-09-07 12:00:00+00:00,-0.0
2021-09-07 13:00:00+00:00,-0.0
2021-09-07 14:00:00+00:00,-0.0
2021-09-07 15:00:00+00:00,-0.0
2021-09-07 16:00:00+00:00,-0.0
2021-09-07 17:00:00+00:00,-0.0
2021-09-07 18:00:00+00:00,-0.0
2021-09-07 19:00:00+00:00,-0.0
2021-09-07 20:00:00+00:00,-0.0
2021-09-07 21:00:00+00:00,-0.0
2021-09-07 22:00:00+00:00,-0.0
2021-09-07 23:00:00+00:00,-0.0
2021-09-08 00:00:00+00:00,-0.0
2021-09-08 01:00:00+00:00,-0.0
2021-09-08 02:00:00+00:00,-0.0
2021-09-08 03:00:00+00:00,-0.0
2021-09-08 04:00:00+00:00,-0.0
2021-09-08 05:00:00+00:00,-0.0
2021-09-08 06:00:00+00:00,-0.0
2021-09-08 07:00:00+00:00,-0.0
2021-09-08 08:00:00+00:00,-0.0
2021-09-08 09:00:00+00:00,-0.0
2021-09-08 10:00:00+00:00,-0.0
2021-09-08 11:00:00+00:00,-0.0
2021-09-08 12:00:00+00:00,-0.0
2021-09-08 13:00:00+00:00,-0.0
2021-09-08 14:00:00+00:00,-0.0
2021-09-08 15:00:00+00:00,-0.0
2021-09-08 16:00:00+00:00,-0.0
2021-09-08 17:00:00+00:00,-0.0
2021-09-08 18:00:00+00:00,-0.0
2021-09-08 19:00:00+00:00,-0.0
2021-09-08 20:00:00+00:00,-0.0
2021-09-08 21:00:00+00:00,-0.0
2021-09-08 22:00:00+00:00,-0.0
2021-09-08 23:00:00+00:00,-0.0
2021-09-09 00:00:00+00:00,-0.0
2021-09-09 01:00:00+00:00,-0.0
2021-09-09 02:00:00+00:00,-0.0
2021-09-09 03:00:00+00:00,-0.0
2021-09-09 04:00:00+00:00,-0.0
2021-09-09 05:00:00+00:00,-0.0
2021-09-09 06:00:00+00:00,-0.0
2021-09-09 07:00:00+00:00,-0.0
2021-09-09 08:00:00+00:00,-0.0
2021-09-09 09:00:00+00:00,-0.0
2021-09-09 10:00:00+00:00,-0.0
2021-09-09 11:00:00+00:00,-0.0
2021-09-09 12:00:00+00:00,-0.6451225395817529
2021-09-09 13:00:00+00:00,-0.0
2021-09-09 14:00:00+00:00,-0.0
2021-09-09 15:00:00+00:00,-0.0
2021-09-09 16:00:00+00:00,-0.0
2021-09-09 17:00:00+00:00,-0.0
2021-09-09 18:00:00+00:00,-0.0
2021-09-09 19:00:00+00:00,-0.0
2021-09-09 20:00:00+00:00,-0.0
2021-09-09 21:00:00+00:00,-0.0
2021-09-09 22:00:00+00:00,-0.0
2021-09-09 23:00:00+00:00,-0.0
2021-09-10 00:00:00+00:00,-1.5909033784993216
2021-09-10 01:00:00+00:00,0.0
2021-09-10 02:00:00+00:00,0.0
2021-09-10 03:00:00+00:00,0.0
2021-09-10 04:00:00+00:00,0.0
2021-09-10 05:00:00+00:00,0.0
2021-09-10 06:00:00+00:00,0.0
2021-09-10 07:00:00+00:00,-1.9470523796966812
2021-09-10 08:00:00+00:00,-0.0
2021-09-10 09:00:00+00:00,-0.0
2021-09-10 10:00:00+00:00,-0.0
2021-09-10 11:00:00+00:00,-0.0
2021-09-10 12:00:00+00:00,-0.0
2021-09-10 13:00:00+00:00,-0.0
2021-09-10 14:00:00+00:00,1.989343268684113
2021-09-10 15:00:00+00:00,-0.0
2021-09-10 16:00:00+00:00,-0.0
2021-09-10 17:00:00+00:00,-0.0
2021-09-10 18:00:00+00:00,-0.0
2021-09-10 19:00:00+00:00,-0.0
2021-09-10 20:00:00+00:00,-0.0
2021-09-10 21:00:00+00:00,-0.0
2021-09-10 22:00:00+00:00,-0.0
2021-09-10 23:00:00+00:00,-0.0
2021-09-11 00:00:00+00:00,-0.0
2021-09-11 01:00:00+00:00,-0.0
2021-09-11 02:00:00+00:00,-0.0
2021-09-11 03:00:00+00:00,-0.0
2021-09-11 04:00:00+00:00,-0.0
2021-09-11 05:00:00+00:00,-0.0
2021-09-11 06:00:00+00:00,-0.0
2021-09-11 07:00:00+00:00,-0.0
2021-09-11 08:00:00+00:00,-0.0
2021-09-11 09:00:00+00:00,-0.0
2021-09-11 10:00:00+00:00,-0.0
2021-09-11 11:00:00+00:00,-0.0
2021-09-11 12:00:00+00:00,-0.0
2021-09-11 13:00:00+00:00,-0.0
2021-09-11 14:00:00+00:00,-0.0
2021-09-11 15:00:00+00:00,-0.0
2021-09-11 16:00:00+00:00,-0.0
2021-09-11 17:00:00+00:00,-0.0
2021-09-11 18:00:00+00:00,-0.0
2021-09-11 19:00:00+00:00,-0.0
2021-09-11 20:00:00+00:00,-0.0
2021-09-11 21:00:00+00:00,-0.0
2021-09-11 22:00:00+00:00,-0.0
2021-09-11 23:00:00+00:00,-0.0
2021-09-12 00:00:00+00:00,-0.0
2021-09-12 01:00:00+00:00,-0.0
2021-09-12 02:00:00+00:00,-0.0
2021-09-12 03:00:00+00:00,-0.0
2021-09-12 04:00:00+00:00,-0.0
2021-09-12 05:00:00+00:00,-0.0
2021-09-12 06:00:00+00:00,-0.0
2021-09-12 07:00:00+00:00,-0.0
2021-09-12 08:00:00+00:00,-0.0
2021-09-12 09:00:00+00:00,-0.0
2021-09-12 10:00:00+00:00,-0.0
2021-09-12 11:00:00+00:00,-0.0
2021-09-12 12:00:00+00:00,-0.0
2021-09-12 13:00:00+00:00,-0.0
2021-09-12 14:00:00+00:00,-0.0
2021-09-12 15:00:00+00:00,-0.0
2021-09-12 16:00:00+00:00,-0.0
2021-09-12 17:00:00+00:00,-0.0
2021-09-12 18:00:00+00:00,-0.0
2021-09-12 19:00:00+00:00,-0.0
2021-09-12 20:00:00+00:00,0.4208879962105078
2021-09-12 21:00:00+00:00,-0.0
2021-09-12 22:00:00+00:00,-0.0
2021-09-12 23:00:00+00:00,-0.0
2021-09-13 00:00:00+00:00,-0.5278627147214362
2021-09-13 01:00:00+00:00,-0.0
2021-09-13 02:00:00+00:00,0.5665227979193082
2021-09-13 03:00:00+00:00,-0.0
2021-09-13 04:00:00+00:00,-0.0
2021-09-13 05:00:00+00:00,-0.0
2021-09-13 06:00:00+00:00,-0.0
2021-09-13 07:00:00+00:00,0.36459571581052225
2021-09-13 08:00:00+00:00,-0.0
2021-09-13 09:00:00+00:00,-0.0
2021-09-13 10:00:00+00:00,-0.0
2021-09-13 11:00:00+00:00,-0.0
2021-09-13 12:00:00+00:00,-0.0
2021-09-13 13:00:00+00:00,-0.0
2021-09-13 14:00:00+00:00,-0.0
2021-09-13 15:00:00+00:00,-0.0
2021-09-13 16:00:00+00:00,-0.0
2021-09-13 17:00:00+00:00,-0.0
2021-09-13 18:00:00+00:00,-0.0
2021-09-13 19:00:00+00:00,-0.0
2021-09-13 20:00:00+00:00,-0.0
2021-09-13 21:00:00+00:00,-0.0
2021-09-13 22:00:00+00:00,-0.0
2021-09-13 23:00:00+00:00,-0.0
2021-09-14 00:00:00+00:00,-0.0
2021-09-14 01:00:00+00:00,-0.0
2021-09-14 02:00:00+00:00,-0.0
2021-09-14 03:00:00+00:00,-0.0
2021-09-14 04:00:00+00:00,-0.0
2021-09-14 05:00:00+00:00,-0.0
2021-09-14 06:00:00+00:00,-0.0
2021-09-14 07:00:00+00:00,-0.0
2021-09-14 08:00:00+00:00,-0.0
2021-09-14 09:00:00+00:00,-0.0
2021-09-14 10:00:00+00:00,-0.0
2021-09-14 11:00:00+00:00,-0.0
2021-09-14 12:00:00+00:00,-0.0
2021-09-14 13:00:00+00:00,-0.0
2021-09-14 14:00:00+00:00,-0.0
2021-09-14 15:00:00+00:00,-0.0
2021-09-14 16:00:00+00:00,-0.0
2021-09-14 17:00:00+00:00,-0.0
2021-09-14 18:00:00+00:00,-0.0
2021-09-14 19:00:00+00:00,-0.0
2021-09-14 20:00:00+00:00,-0.0
2021-09-14 21:00:00+00:00,-0.0
2021-09-14 22:00:00+00:00,-0.0
2021-09-14 23:00:00+00:00,-0.0
2021-09-15 00:00:00+00:00,-0.0
2021-09-15 01:00:00+00:00,-0.0
2021-09-15 02:00:00+00:00,-0.0
2021-09-15 03:00:00+00:00,-0.0
2021-09-15 04:00:00+00:00,-0.0
2021-09-15 05:00:00+00:00,-0.0
2021-09-15 06:00:00+00:00,-0.0
2021-09-15 07:00:00+00:00,-0.0
2021-09-15 08:00:00+00:00,-0.0
2021-09-15 09:00:00+00:00,-0.0
2021-09-15 10:00:00+00:00,-0.0
2021-09-15 11:00:00+00:00,-0.0
2021-09-15 12:00:00+00:00,-0.0
2021-09-15 13:00:00+00:00,-0.0
2021-09-15 14:00:00+00:00,-0.0
2021-09-15 15:00:00+00:00,-0.0
2021-09-15 16:00:00+00:00,-0.0
2021-09-15 17:00:00+00:00,-0.0
2021-09-15 18:00:00+00:00,-0.0
2021-09-15 19:00:00+00:00,-0.0
2021-09-15 20:00:00+00:00,-0.0
2021-09-15 21:00:00+00:00,-0.0
2021-09-15 22:00:00+00:00,-0.0
2021-09-15 23:00:00+00:00,-0.0
2021-09-16 00:00:00+00:00,-0.0
2021-09-16 01:00:00+00:00,-0.0
2021-09-16 02:00:00+00:00,-0.0
2021-09-16 03:00:00+00:00,-0.0
2021-09-16 04:00:00+00:00,-0.0
2021-09-16 05:00:00+00:00,-0.0
2021-09-16 06:00:00+00:00,-0.0
2021-09-16 07:00:00+00:00,-0.0
2021-09-16 08:00:00+00:00,-0.0
2021-09-16 09:00:00+00:00,-0.0
2021-09-16 10:00:00+00:00,-0.0
2021-09-16 11:00:00+00:00,-0.0
2021-09-16 12:00:00+00:00,-0.0
2021-09-16 13:00:00+00:00,-0.0
2021-09-16 14:00:00+00:00,-0.0
2021-09-16 15:00:00+00:00,-0.0
2021-09-16 16:00:00+00:00,-0.0
2021-09-16 17:00:00+00:00,-0.0
2021-09-16 18:00:00+00:00,-0.0
2021-09-16 19:00:00+00:00,-0.0
2021-09-16 20:00:00+00:00,-0.0
2021-09-16 21:00:00+00:00,-0.0
2021-09-16 22:00:00+00:00,-0.0
2021-09-16 23:00:00+00:00,-0.0
2021-09-17 00:00:00+00:00,-0.0
2021-09-17 01:00:00+00:00,-0.0
2021-09-17 02:00:00+00:00,-0.0
2021-09-17 03:00:00+00:00,-0.0
2021-09-17 04:00:00+00:00,-0.0
2021-09-17 05:00:00+00:00,-0.0
2021-09-17 06:00:00+00:00,-0.0
2021-09-17 07:00:00+00:00,-0.0
2021-09-17 08:00:00+00:00,-0.0
2021-09-17 09:00:00+00:00,-0.0
2021-09-17 10:00:00+00:00,-0.0
2021-09-17 11:00:00+00:00,-0.0
2021-09-17 12:00:00+00:00,-0.0
2021-09-17 13:00:00+00:00,-0.0
2021-09-17 14:00:00+00:00,-0.0
2021-09-17 15:00:00+00:00,-0.0
2021-09-17 16:00:00+00:00,-0.0
2021-09-17 17:00:00+00:00,-0.0
2021-09-17 18:00:00+00:00,-0.0
2021-09-17 19:00:00+00:00,-0.0
2021-09-17 20:00:00+00:00,-0.0
2021-09-17 21:00:00+00:00,-0.0
2021-09-17 22:00:00+00:00,-0.0
2021-09-17 23:00:00+00:00,-0.0
2021-09-18 00:00:00+00:00,-0.0
2021-09-18 01:00:00+00:00,-0.0
2021-09-18 02:00:00+00:00,-0.0
2021-09-18 03:00:00+00:00,-0.0
2021-09-18 04:00:00+00:00,-0.0
2021-09-18 05:00:00+00:00,-0.0
2021-09-18 06:00:00+00:00,-0.0
2021-09-18 07:00:00+00:00,-0.0
2021-09-18 08:00:00+00:00,-0.0
2021-09-18 09:00:00+00:00,-0.0
2021-09-18 10:00:00+00:00,-0.0
2021-09-18 11:00:00+00:00,-0.0
2021-09-18 12:00:00+00:00,-0.0
2021-09-18 13:00:00+00:00,-0.0
2021-09-18 14:00:00+00:00,-0.0
2021-09-18 15:00:00+00:00,-0.0
2021-09-18 16:00:00+00:00,-0.0
2021-09-18 17:00:00+00:00,-0.0
2021-09-18 18:00:00+00:00,-0.0
2021-09-18 19:00:00+00:00,-0.0
2021-09-18 20:00:00+00:00,-0.0
2021-09-18 21:00:00+00:00,-0.0
2021-09-18 22:00:00+00:00,-0.0
2021-09-18 23:00:00+00:00,-0.0
2021-09-19 00:00:00+00:00,-0.0
2021-09-19 01:00:00+00:00,-0.0
2021-09-19 02:00:00+00:00,-0.0
2021-09-19 03:00:00+00:00,-0.0
2021-09-19 04:00:00+00:00,-0.0
2021-09-19 05:00:00+00:00,-0.0
2021-09-19 06:00:00+00:00,-0.0
2021-09-19 07:00:00+00:00,-0.0
2021-09-19 08:00:00+00:00,-0.0
2021-09-19 09:00:00+00:00,-0.0
2021-09-19 10:00:00+00:00,-0.0
2021-09-19 11:00:00+00:00,-0.0
2021-09-19 12:00:00+00:00,-0.0
2021-09-19 13:00:00+00:00,-0.0
2021-09-19 14:00:00+00:00,-0.0
2021-09-19 15:00:00+00:00,-0.0
2021-09-19 16:00:00+00:00,-0.0
2021-09-19 17:00:00+00:00,-0.0
2021-09-19 18:00:00+00:00,-0.0
2021-09-19 19:00:00+00:00,-0.0
2021-09-19 20:00:00+00:00,-0.0
2021-09-19 21:00:00+00:00,-0.0
2021-09-19 22:00:00+00:00,-0.0
2021-09-19 23:00:00+00:00,-0.5269821165342633
2021-09-20 00:00:00+00:00,0.5003687723198841
2021-09-20 01:00:00+00:00,-0.0
2021-09-20 02:00:00+00:00,0.3005253958586911
2021-09-20 03:00:00+00:00,-0.0
2021-09-20 04:00:00+00:00,-0.0
2021-09-20 05:00:00+00:00,-0.0
2021-09-20 06:00:00+00:00,-0.0
2021-09-20 07:00:00+00:00,-0.0
2021-09-20 08:00:00+00:00,-0.0
2021-09-20 09:00:00+00:00,-0.0
2021-09-20 10:00:00+00:00,-0.0
2021-09-20 11:00:00+00:00,-0.0
2021-09-20 12:00:00+00:00,-0.0
2021-09-20 13:00:00+00:00,-0.0
2021-09-20 14:00:00+00:00,-0.0
2021-09-20 15:00:00+00:00,-0.0
2021-09-20 16:00:00+00:00,-0.0
2021-09-20 17:00:00+00:00,-0.0
2021-09-20 18:00:00+00:00,-0.0
2021-09-20 19:00:00+00:00,-0.0
2021-09-20 20:00:00+00:00,-0.0
2021-09-20 21:00:00+00:00,-0.0
2021-09-20 22:00:00+00:00,-0.0
2021-09-20 23:00:00+00:00,-0.0
2021-09-21 00:00:00+00:00,-0.0
2021-09-21 01:00:00+00:00,-0.0
2021-09-21 02:00:00+00:00,-0.0
2021-09-21 03:00:00+00:00,-0.0
2021-09-21 04:00:00+00:00,-0.0
2021-09-21 05:00:00+00:00,-0.0
2021-09-21 06:00:00+00:00,-0.0
2021-09-21 07:00:00+00:00,-0.0
2021-09-21 08:00:00+00:00,-0.0
2021-09-21 09:00:00+00:00,-0.0
2021-09-21 10:00:00+00:00,-0.0
2021-09-21 11:00:00+00:00,-0.0
2021-09-21 12:00:00+00:00,-0.0
2021-09-21 13:00:00+00:00,-0.0
2021-09-21 14:00:00+00:00,-0.0
2021-09-21 15:00:00+00:00,-0.0
2021-09-21 16:00:00+00:00,-0.0
2021-09-21 17:00:00+00:00,-0.0
2021-09-21 18:00:00+00:00,-0.0
2021-09-21 19:00:00+00:00,-0.0
2021-09-21 20:00:00+00:00,-0.0
2021-09-21 21:00:00+00:00,-0.0
2021-09-21 22:00:00+00:00,-0.0
2021-09-21 23:00:00+00:00,-0.0
2021-09-22 00:00:00+00:00,-0.0
2021-09-22 01:00:00+00:00,-0.0
2021-09-22 02:00:00+00:00,-0.0
2021-09-22 03:00:00+00:00,-0.0
2021-09-22 04:00:00+00:00,-0.0
2021-09-22 05:00:00+00:00,-0.0
2021-09-22 06:00:00+00:00,-0.0
2021-09-22 07:00:00+00:00,-0.0
2021-09-22 08:00:00+00:00,-0.0
2021-09-22 09:00:00+00:00,-0.0
2021-09-22 10:00:00+00:00,-0.0
2021-09-22 11:00:00+00:00,-0.0
2021-09-22 12:00:00+00:00,-0.0
2021-09-22 13:00:00+00:00,-0.0
2021-09-22 14:00:00+00:00,-0.0
2021-09-22 15:00:00+00:00,-0.0
2021-09-22 16:00:00+00:00,-0.0
2021-09-22 17:00:00+00:00,-0.0
2021-09-22 18:00:00+00:00,-0.0
2021-09-22 19:00:00+00:00,-0.0
2021-09-22 20:00:00+00:00,-0.0
2021-09-22 21:00:00+00:00,-0.0
2021-09-22 22:00:00+00:00,-0.0
2021-09-22 23:00:00+00:00,-0.0
2021-09-23 00:00:00+00:00,-0.0
2021-09-23 01:00:00+00:00,-0.0
2021-09-23 02:00:00+00:00,-0.0
2021-09-23 03:00:00+00:00,-0.0
2021-09-23 04:00:00+00:00,-0.0
2021-09-23 05:00:00+00:00,-0.0
2021-09-23 06:00:00+00:00,-0.0
2021-09-23 07:00:00+00:00,-0.0
2021-09-23 08:00:00+00:00,-0.0
2021-09-23 09:00:00+00:00,-0.0
2021-09-23 10:00:00+00:00,-0.0
2021-09-23 11:00:00+00:00,-0.0
2021-09-23 12:00:00+00:00,-0.0
2021-09-23 13:00:00+00:00,-0.0
2021-09-23 14:00:00+00:00,-0.0
2021-09-23 15:00:00+00:00,-0.0
2021-09-23 16:00:00+00:00,-0.0
2021-09-23 17:00:00+00:00,-0.0
2021-09-23 18:00:00+00:00,-0.0
2021-09-23 19:00:00+00:00,-0.0
2021-09-23 20:00:00+00:00,-0.0
2021-09-23 21:00:00+00:00,-0.0
2021-09-23 22:00:00+00:00,-0.0
2021-09-23 23:00:00+00:00,-0.0
2021-09-24 00:00:00+00:00,-0.0
2021-09-24 01:00:00+00:00,-0.0
2021-09-24 02:00:00+00:00,-0.0
2021-09-24 03:00:00+00:00,-0.0
2021-09-24 04:00:00+00:00,-0.0
2021-09-24 05:00:00+00:00,-0.0
2021-09-24 06:00:00+00:00,-0.0
2021-09-24 07:00:00+00:00,-0.0
2021-09-24 08:00:00+00:00,-0.0
2021-09-24 09:00:00+00:00,-0.0
2021-09-24 10:00:00+00:00,-0.0
2021-09-24 11:00:00+00:00,0.06926249762895964
2021-09-24 12:00:00+00:00,-0.0
2021-09-24 13:00:00+00:00,-0.0
2021-09-24 14:00:00+00:00,-0.0
2021-09-24 15:00:00+00:00,-0.0
2021-09-24 16:00:00+00:00,-0.0
2021-09-24 17:00:00+00:00,-0.0
2021-09-24 18:00:00+00:00,-0.0
2021-09-24 19:00:00+00:00,-0.0
2021-09-24 20:00:00+00:00,-0.0
2021-09-24 21:00:00+00:00,-0.0
2021-09-24 22:00:00+00:00,-0.0
2021-09-24 23:00:00+00:00,-0.0
2021-09-25 00:00:00+00:00,-0.0
2021-09-25 01:00:00+00:00,-0.0
2021-09-25 02:00:00+00:00,-0.0
2021-09-25 03:00:00+00:00,-0.0
2021-09-25 04:00:00+00:00,-0.0
2021-09-25 05:00:00+00:00,-0.0
2021-09-25 06:00:00+00:00,-0.0
2021-09-25 07:00:00+00:00,-0.0
2021-09-25 08:00:00+00:00,-0.0
2021-09-25 09:00:00+00:00,-0.0
2021-09-25 10:00:00+00:00,-0.0
2021-09-25 11:00:00+00:00,-0.0
2021-09-25 12:00:00+00:00,-0.0
2021-09-25 13:00:00+00:00,-0.0
2021-09-25 14:00:00+00:00,-0.0
2021-09-25 15:00:00+00:00,-0.0
2021-09-25 16:00:00+00:00,-0.0
2021-09-25 17:00:00+00:00,-0.0
2021-09-25 18:00:00+00:00,-0.0
2021-09-25 19:00:00+00:00,-0.0
2021-09-25 20:00:00+00:00,-0.0
2021-09-25 21:00:00+00:00,-0.0
2021-09-25 22:00:00+00:00,-0.0
2021-09-25 23:00:00+00:00,-0.0
2021-09-26 00:00:00+00:00,-0.0
2021-09-26 01:00:00+00:00,-0.0
2021-09-26 02:00:00+00:00,-0.0
2021-09-26 03:00:00+00:00,-0.0
2021-09-26 04:00:00+00:00,-0.0
2021-09-26 05:00:00+00:00,-0.0
2021-09-26 06:00:00+00:00,-0.0
2021-09-26 07:00:00+00:00,-0.0
2021-09-26 08:00:00+00:00,-0.0
2021-09-26 09:00:00+00:00,-0.0
2021-09-26 10:00:00+00:00,-0.0
2021-09-26 11:00:00+00:00,-0.0
2021-09-26 12:00:00+00:00,-0.0
2021-09-26 13:00:00+00:00,-0.0
2021-09-26 14:00:00+00:00,-0.0
2021-09-26 15:00:00+00:00,-0.0
2021-09-26 16:00:00+00:00,-0.0
2021-09-26 17:00:00+00:00,-0.0
2021-09-26 18:00:00+00:00,-0.0
2021-09-26 19:00:00+00:00,-0.0
2021-09-26 20:00:00+00:00,-0.0
2021-09-26 21:00:00+00:00,-0.0
2021-09-26 22:00:00+00:00,-0.0
2021-09-26 23:00:00+00:00,-0.0
2021-09-27 00:00:00+00:00,-0.0
2021-09-27 01:00:00+00:00,-0.0
2021-09-27 02:00:00+00:00,-0.0
2021-09-27 03:00:00+00:00,-0.0
2021-09-27 04:00:00+00:00,-0.0
2021-09-27 05:00:00+00:00,-0.0
2021-09-27 06:00:00+00:00,-0.0
2021-09-27 07:00:00+00:00,-0.0
2021-09-27 08:00:00+00:00,-0.0
2021-09-27 09:00:00+00:00,-0.0
2021-09-27 10:00:00+00:00,-0.0
2021-09-27 11:00:00+00:00,-0.0
2021-09-27 12:00:00+00:00,-0.0
2021-09-27 13:00:00+00:00,-0.0
2021-09-27 14:00:00+00:00,-0.0
2021-09-27 15:00:00+00:00,-0.0
2021-09-27 16:00:00+00:00,-0.0
2021-09-27 17:00:00+00:00,-0.0
2021-09-27 18:00:00+00:00,-0.0
2021-09-27 19:00:00+00:00,-0.0
2021-09-27 20:00:00+00:00,-0.0
2021-09-27 21:00:00+00:00,-0.0
2021-09-27 22:00:00+00:00,-0.0
2021-09-27 23:00:00+00:00,-0.0
2021-09-28 00:00:00+00:00,-0.0
2021-09-28 01:00:00+00:00,-0.0
2021-09-28 02:00:00+00:00,-0.0
2021-09-28 03:00:00+00:00,-0.0
2021-09-28 04:00:00+00:00,-0.0
2021-09-28 05:00:00+00:00,-0.0
2021-09-28 06:00:00+00:00,-0.0
2021-09-28 07:00:00+00:00,-0.0
2021-09-28 08:00:00+00:00,-0.0
2021-09-28 09:00:00+00:00,-0.0
2021-09-28 10:00:00+00:00,-0.0
2021-09-28 11:00:00+00:00,-0.0
2021-09-28 12:00:00+00:00,-0.0
2021-09-28 13:00:00+00:00,-0.0
2021-09-28 14:00:00+00:00,-0.0
2021-09-28 15:00:00+00:00,-0.0
2021-09-28 16:00:00+00:00,-0.0
2021-09-28 17:00:00+00:00,-0.0
2021-09-28 18:00:00+00:00,-0.0
2021-09-28 19:00:00+00:00,-0.0
2021-09-28 20:00:00+00:00,-0.0
2021-09-28 21:00:00+00:00,-0.0
2021-09-28 22:00:00+00:00,-0.0
2021-09-28 23:00:00+00:00,-0.0
2021-09-29 00:00:00+00:00,-0.0
2021-09-29 01:00:00+00:00,-0.0
2021-09-29 02:00:00+00:00,-0.0
2021-09-29 03:00:00+00:00,-0.0
2021-09-29 04:00:00+00:00,-0.0
2021-09-29 05:00:00+00:00,-0.0
2021-09-29 06:00:00+00:00,-0.0
2021-09-29 09:00:00+00:00,-0.0
2021-09-29 10:00:00+00:00,-0.0
2021-09-29 11:00:00+00:00,-0.0
2021-09-29 12:00:00+00:00,-0.0
2021-09-29 13:00:00+00:00,-0.0
2021-09-29 14:00:00+00:00,-0.0
2021-09-29 15:00:00+00:00,-0.0
2021-09-29 16:00:00+00:00,-0.0
2021-09-29 17:00:00+00:00,-0.0
2021-09-29 18:00:00+00:00,-0.0
2021-09-29 19:00:00+00:00,-0.0
2021-09-29 20:00:00+00:00,-0.0
2021-09-29 21:00:00+00:00,-0.0
2021-09-29 22:00:00+00:00,-0.0
2021-09-29 23:00:00+00:00,-0.0
2021-09-30 00:00:00+00:00,-0.0
2021-09-30 01:00:00+00:00,-0.0
2021-09-30 02:00:00+00:00,-0.0
2021-09-30 03:00:00+00:00,-0.0
2021-09-30 04:00:00+00:00,-0.0
2021-09-30 05:00:00+00:00,-0.0
2021-09-30 06:00:00+00:00,-0.0
2021-09-30 07:00:00+00:00,-0.0
2021-09-30 08:00:00+00:00,-0.0
2021-09-30 09:00:00+00:00,-0.0
2021-09-30 10:00:00+00:00,-0.0
2021-09-30 11:00:00+00:00,-0.0
2021-09-30 12:00:00+00:00,-0.0
2021-09-30 13:00:00+00:00,-0.0
2021-09-30 14:00:00+00:00,-0.0
2021-09-30 15:00:00+00:00,-0.0
2021-09-30 16:00:00+00:00,-0.0
2021-09-30 17:00:00+00:00,-0.0
2021-09-30 18:00:00+00:00,-0.0
2021-09-30 19:00:00+00:00,-0.0
2021-09-30 20:00:00+00:00,-0.0
2021-09-30 21:00:00+00:00,-0.0
2021-09-30 22:00:00+00:00,-0.0
2021-09-30 23:00:00+00:00,-0.0
2021-10-01 00:00:00+00:00,-0.0
2021-10-01 01:00:00+00:00,-0.0
2021-10-01 02:00:00+00:00,-0.0
2021-10-01 03:00:00+00:00,-0.0
2021-10-01 04:00:00+00:00,-0.0
2021-10-01 05:00:00+00:00,-0.0
2021-10-01 06:00:00+00:00,-0.0
2021-10-01 07:00:00+00:00,-0.0
2021-10-01 08:00:00+00:00,-0.0
2021-10-01 09:00:00+00:00,-0.0
2021-10-01 10:00:00+00:00,-0.0
2021-10-01 11:00:00+00:00,-0.0
2021-10-01 12:00:00+00:00,-0.0
2021-10-01 13:00:00+00:00,-0.0
2021-10-01 14:00:00+00:00,-0.0
2021-10-01 15:00:00+00:00,-0.0
2021-10-01 16:00:00+00:00,-0.0
2021-10-01 17:00:00+00:00,-0.0
2021-10-01 18:00:00+00:00,-0.0
2021-10-01 19:00:00+00:00,-0.0
2021-10-01 20:00:00+00:00,-0.0
2021-10-01 21:00:00+00:00,-0.0
2021-10-01 22:00:00+00:00,-0.0
2021-10-01 23:00:00+00:00,-0.0
2021-10-02 00:00:00+00:00,-0.0
2021-10-02 01:00:00+00:00,-0.0
2021-10-02 02:00:00+00:00,-0.0
2021-10-02 03:00:00+00:00,-0.0
2021-10-02 04:00:00+00:00,-0.0
2021-10-02 05:00:00+00:00,-0.0
2021-10-02 06:00:00+00:00,-0.0
2021-10-02 07:00:00+00:00,-0.0
2021-10-02 08:00:00+00:00,-0.0
2021-10-02 09:00:00+00:00,-0.0
2021-10-02 10:00:00+00:00,-0.0
2021-10-02 11:00:00+00:00,-0.0
2021-10-02 12:00:00+00:00,-0.0
2021-10-02 13:00:00+00:00,-0.0
2021-10-02 14:00:00+00:00,-0.0
2021-10-02 15:00:00+00:00,-0.0
2021-10-02 16:00:00+00:00,-0.0
2021-10-02 17:00:00+00:00,-0.39453240540206674
2021-10-02 18:00:00+00:00,-0.0
2021-10-02 19:00:00+00:00,-0.0
2021-10-02 20:00:00+00:00,0.26834674472339376
2021-10-02 21:00:00+00:00,-0.0
2021-10-02 22:00:00+00:00,-0.0
2021-10-02 23:00:00+00:00,0.1865238691570742
2021-10-03 00:00:00+00:00,-0.0
2021-10-03 01:00:00+00:00,-0.0
2021-10-03 02:00:00+00:00,-0.0
2021-10-03 03:00:00+00:00,-0.0
2021-10-03 04:00:00+00:00,-0.0
2021-10-03 05:00:00+00:00,-0.0
2021-10-03 06:00:00+00:00,-0.0
2021-10-03 07:00:00+00:00,-0.0
2021-10-03 08:00:00+00:00,-0.0
2021-10-03 09:00:00+00:00,-0.0
2021-10-03 10:00:00+00:00,-0.0
2021-10-03 11:00:00+00:00,-0.0
2021-10-03 12:00:00+00:00,-0.0
2021-10-03 13:00:00+00:00,-0.0
2021-10-03 14:00:00+00:00,-0.0
2021-10-03 15:00:00+00:00,-0.0
2021-10-03 16:00:00+00:00,-0.0
2021-10-03 17:00:00+00:00,-0.0
2021-10-03 18:00:00+00:00,-0.0
2021-10-03 19:00:00+00:00,-0.0
2021-10-03 20:00:00+00:00,-0.0
2021-10-03 21:00:00+00:00,-0.0
2021-10-03 22:00:00+00:00,-0.0
2021-10-03 23:00:00+00:00,-0.0
2021-10-04 00:00:00+00:00,-0.0
2021-10-04 01:00:00+00:00,-0.0
2021-10-04 02:00:00+00:00,-0.0
2021-10-04 03:00:00+00:00,-0.0
2021-10-04 04:00:00+00:00,-0.0
2021-10-04 05:00:00+00:00,-0.0
2021-10-04 06:00:00+00:00,-0.0
2021-10-04 07:00:00+00:00,-0.0
2021-10-04 08:00:00+00:00,-0.0
2021-10-04 09:00:00+00:00,-0.0
2021-10-04 10:00:00+00:00,-0.0
2021-10-04 11:00:00+00:00,-0.0
2021-10-04 12:00:00+00:00,-0.0
2021-10-04 13:00:00+00:00,-0.0
2021-10-04 14:00:00+00:00,-0.0
2021-10-04 15:00:00+00:00,-0.0
2021-10-04 16:00:00+00:00,-0.0
2021-10-04 17:00:00+00:00,-0.0
2021-10-04 18:00:00+00:00,-0.0
2021-10-04 19:00:00+00:00,-0.0
2021-10-04 20:00:00+00:00,-0.0
2021-10-04 21:00:00+00:00,-0.0
2021-10-04 22:00:00+00:00,-0.0
2021-10-04 23:00:00+00:00,-0.0
2021-10-05 00:00:00+00:00,-0.0
2021-10-05 01:00:00+00:00,-0.0
2021-10-05 02:00:00+00:00,-0.0
2021-10-05 03:00:00+00:00,-0.0
2021-10-05 04:00:00+00:00,-0.0
2021-10-05 05:00:00+00:00,-0.0
2021-10-05 06:00:00+00:00,-0.0
2021-10-05 07:00:00+00:00,-0.0
2021-10-05 08:00:00+00:00,-0.0
2021-10-05 09:00:00+00:00,-0.0
2021-10-05 10:00:00+00:00,-0.0
2021-10-05 11:00:00+00:00,-0.0
2021-10-05 12:00:00+00:00,-0.0
2021-10-05 13:00:00+00:00,-0.0
2021-10-05 14:00:00+00:00,-0.0
2021-10-05 15:00:00+00:00,-0.0
2021-10-05 16:00:00+00:00,-0.0
2021-10-05 17:00:00+00:00,-0.0
2021-10-05 18:00:00+00:00,-0.0
2021-10-05 19:00:00+00:00,-0.0
2021-10-05 20:00:00+00:00,-0.0
2021-10-05 21:00:00+00:00,-0.0
2021-10-05 22:00:00+00:00,-0.0
2021-10-05 23:00:00+00:00,-0.0
2021-10-06 00:00:00+00:00,-0.0
2021-10-06 01:00:00+00:00,-0.0
2021-10-06 02:00:00+00:00,-0.0
2021-10-06 03:00:00+00:00,-0.0
2021-10-06 04:00:00+00:00,-0.0
2021-10-06 05:00:00+00:00,-0.0
2021-10-06 06:00:00+00:00,-0.0
2021-10-06 07:00:00+00:00,-0.0
2021-10-06 08:00:00+00:00,-0.0
2021-10-06 09:00:00+00:00,-0.0
2021-10-06 10:00:00+00:00,-0.0
2021-10-06 11:00:00+00:00,-0.0
2021-10-06 12:00:00+00:00,-0.0
2021-10-06 13:00:00+00:00,-0.0
2021-10-06 14:00:00+00:00,-0.0
2021-10-06 15:00:00+00:00,-0.0
2021-10-06 16:00:00+00:00,-0.0
2021-10-06 17:00:00+00:00,-0.0
2021-10-06 18:00:00+00:00,-0.0
2021-10-06 19:00:00+00:00,-0.0
2021-10-06 20:00:00+00:00,-0.0
2021-10-06 21:00:00+00:00,-0.0
2021-10-06 22:00:00+00:00,-0.0
2021-10-06 23:00:00+00:00,-0.0
2021-10-07 00:00:00+00:00,-0.0
2021-10-07 01:00:00+00:00,-0.0
2021-10-07 02:00:00+00:00,-0.0
2021-10-07 03:00:00+00:00,-0.0
2021-10-07 04:00:00+00:00,-0.0
2021-10-07 05:00:00+00:00,-0.0
2021-10-07 06:00:00+00:00,-0.0
2021-10-07 07:00:00+00:00,-0.0
2021-10-07 08:00:00+00:00,-0.0
2021-10-07 09:00:00+00:00,-0.0
2021-10-07 10:00:00+00:00,-0.0
2021-10-07 11:00:00+00:00,-0.0
2021-10-07 12:00:00+00:00,-0.0
2021-10-07 13:00:00+00:00,-0.0
2021-10-07 14:00:00+00:00,-0.0
2021-10-07 15:00:00+00:00,-0.0
2021-10-07 16:00:00+00:00,-0.0
2021-10-07 17:00:00+00:00,-0.0
2021-10-07 18:00:00+00:00,-0.0
2021-10-07 19:00:00+00:00,-0.0
2021-10-07 20:00:00+00:00,-0.0
2021-10-07 21:00:00+00:00,-0.0
2021-10-07 22:00:00+00:00,-0.0
2021-10-07 23:00:00+00:00,-0.0
2021-10-08 00:00:00+00:00,-0.0
2021-10-08 01:00:00+00:00,-0.0
2021-10-08 02:00:00+00:00,-0.0
2021-10-08 03:00:00+00:00,-0.0
2021-10-08 04:00:00+00:00,-0.0
2021-10-08 05:00:00+00:00,-0.0
2021-10-08 06:00:00+00:00,-0.0
2021-10-08 07:00:00+00:00,-0.0
2021-10-08 08:00:00+00:00,-0.0
2021-10-08 09:00:00+00:00,-0.0
2021-10-08 10:00:00+00:00,-0.0
2021-10-08 11:00:00+00:00,-0.0
2021-10-08 12:00:00+00:00,-0.0
2021-10-08 13:00:00+00:00,-0.0
2021-10-08 14:00:00+00:00,-0.0
2021-10-08 15:00:00+00:00,-0.0
2021-10-08 16:00:00+00:00,-0.0
2021-10-08 17:00:00+00:00,-0.0
2021-10-08 18:00:00+00:00,-0.0
2021-10-08 19:00:00+00:00,-0.0
2021-10-08 20:00:00+00:00,-0.0
2021-10-08 21:00:00+00:00,-0.0
2021-10-08 22:00:00+00:00,-0.0
2021-10-08 23:00:00+00:00,-0.0
2021-10-09 00:00:00+00:00,-0.0
2021-10-09 01:00:00+00:00,-0.0
2021-10-09 02:00:00+00:00,-0.0
2021-10-09 03:00:00+00:00,-0.0
2021-10-09 04:00:00+00:00,-0.0
2021-10-09 05:00:00+00:00,-0.0
2021-10-09 06:00:00+00:00,-0.0
2021-10-09 07:00:00+00:00,-0.0
2021-10-09 08:00:00+00:00,-0.0
2021-10-09 09:00:00+00:00,-0.0
2021-10-09 10:00:00+00:00,-0.0
2021-10-09 11:00:00+00:00,-0.0
2021-10-09 12:00:00+00:00,-0.0
2021-10-09 13:00:00+00:00,-0.0
2021-10-09 14:00:00+00:00,-0.0
2021-10-09 15:00:00+00:00,-0.0
2021-10-09 16:00:00+00:00,-0.0
2021-10-09 17:00:00+00:00,-0.0
2021-10-09 18:00:00+00:00,-0.0
2021-10-09 19:00:00+00:00,-0.0
2021-10-09 20:00:00+00:00,-0.0
2021-10-09 21:00:00+00:00,-0.0
2021-10-09 22:00:00+00:00,-0.0
2021-10-09 23:00:00+00:00,-0.0
2021-10-10 00:00:00+00:00,-0.0
2021-10-10 01:00:00+00:00,-0.0
2021-10-10 02:00:00+00:00,-0.0
2021-10-10 03:00:00+00:00,-0.0
2021-10-10 04:00:00+00:00,-0.0
2021-10-10 05:00:00+00:00,-0.0
2021-10-10 06:00:00+00:00,-0.0
2021-10-10 07:00:00+00:00,-0.0
2021-10-10 08:00:00+00:00,-0.0
2021-10-10 09:00:00+00:00,-0.0
2021-10-10 10:00:00+00:00,-0.0
2021-10-10 11:00:00+00:00,-0.0
2021-10-10 12:00:00+00:00,-0.0
2021-10-10 13:00:00+00:00,-0.0
2021-10-10 14:00:00+00:00,-0.0
2021-10-10 15:00:00+00:00,-0.0
2021-10-10 16:00:00+00:00,-0.0
2021-10-10 17:00:00+00:00,-0.0
2021-10-10 18:00:00+00:00,-0.0
2021-10-10 19:00:00+00:00,-0.0
2021-10-10 20:00:00+00:00,-0.0
2021-10-10 21:00:00+00:00,-0.0
2021-10-10 22:00:00+00:00,-0.0
2021-10-10 23:00:00+00:00,-0.0
2021-10-11 00:00:00+00:00,-0.0
2021-10-11 01:00:00+00:00,-0.0
2021-10-11 02:00:00+00:00,-0.0
2021-10-11 03:00:00+00:00,-0.0
2021-10-11 04:00:00+00:00,-0.0
2021-10-11 05:00:00+00:00,-0.0
2021-10-11 06:00:00+00:00,-0.0
2021-10-11 07:00:00+00:00,-0.0
2021-10-11 08:00:00+00:00,-0.0
2021-10-11 09:00:00+00:00,-0.0
2021-10-11 10:00:00+00:00,-0.0
2021-10-11 11:00:00+00:00,-0.0
2021-10-11 12:00:00+00:00,-0.0
2021-10-11 13:00:00+00:00,-0.0
2021-10-11 14:00:00+00:00,0.1414759568864563
2021-10-11 15:00:00+00:00,-0.0
2021-10-11 16:00:00+00:00,-0.0
2021-10-11 17:00:00+00:00,-0.0
2021-10-11 18:00:00+00:00,-0.0
2021-10-11 19:00:00+00:00,-0.0
2021-10-11 20:00:00+00:00,-0.0
2021-10-11 21:00:00+00:00,-0.0
2021-10-11 22:00:00+00:00,-0.0
2021-10-11 23:00:00+00:00,-0.0
2021-10-12 00:00:00+00:00,-0.0
2021-10-12 01:00:00+00:00,-0.0
2021-10-12 02:00:00+00:00,-0.0
2021-10-12 03:00:00+00:00,-0.0
2021-10-12 04:00:00+00:00,-0.0
2021-10-12 05:00:00+00:00,-0.0
2021-10-12 06:00:00+00:00,-0.0
2021-10-12 07:00:00+00:00,-0.0
2021-10-12 08:00:00+00:00,-0.0
2021-10-12 09:00:00+00:00,-0.0
2021-10-12 10:00:00+00:00,-0.0
2021-10-12 11:00:00+00:00,-0.0
2021-10-12 12:00:00+00:00,-0.0
2021-10-12 13:00:00+00:00,-0.0
2021-10-12 14:00:00+00:00,-0.0
2021-10-12 15:00:00+00:00,-0.0
2021-10-12 16:00:00+00:00,-0.0
2021-10-12 17:00:00+00:00,-0.0
2021-10-12 18:00:00+00:00,-0.0
2021-10-12 19:00:00+00:00,-0.0
2021-10-12 20:00:00+00:00,-0.0
2021-10-12 21:00:00+00:00,-0.0
2021-10-12 22:00:00+00:00,-0.0
2021-10-12 23:00:00+00:00,-0.0
2021-10-13 00:00:00+00:00,-0.0
2021-10-13 01:00:00+00:00,-0.0
2021-10-13 02:00:00+00:00,-0.0
2021-10-13 03:00:00+00:00,-0.0
2021-10-13 04:00:00+00:00,-0.0
2021-10-13 05:00:00+00:00,-0.0
2021-10-13 06:00:00+00:00,-0.0
2021-10-13 07:00:00+00:00,-0.0
2021-10-13 08:00:00+00:00,-0.0
2021-10-13 09:00:00+00:00,-0.0
2021-10-13 10:00:00+00:00,-0.0
2021-10-13 11:00:00+00:00,-0.0
2021-10-13 12:00:00+00:00,-0.0
2021-10-13 13:00:00+00:00,-0.0
2021-10-13 14:00:00+00:00,-0.0
2021-10-13 15:00:00+00:00,-0.0
2021-10-13 16:00:00+00:00,-0.0
2021-10-13 17:00:00+00:00,-0.0
2021-10-13 18:00:00+00:00,-0.0
2021-10-13 19:00:00+00:00,-0.0
2021-10-13 20:00:00+00:00,-0.0
2021-10-13 21:00:00+00:00,-0.0
2021-10-13 22:00:00+00:00,-0.0
2021-10-13 23:00:00+00:00,-0.36390715311313404
2021-10-14 00:00:00+00:00,-0.0
2021-10-14 01:00:00+00:00,-0.0
2021-10-14 02:00:00+00:00,-0.0
2021-10-14 03:00:00+00:00,-0.0
2021-10-14 04:00:00+00:00,-0.0
2021-10-14 05:00:00+00:00,-0.0
2021-10-14 06:00:00+00:00,-0.0
2021-10-14 07:00:00+00:00,-0.0
2021-10-14 08:00:00+00:00,-0.0
2021-10-14 09:00:00+00:00,-0.0
2021-10-14 10:00:00+00:00,-0.0
2021-10-14 11:00:00+00:00,-0.0
2021-10-14 12:00:00+00:00,-0.0
2021-10-14 13:00:00+00:00,-0.0
2021-10-14 14:00:00+00:00,-0.0
2021-10-14 15:00:00+00:00,-0.0
2021-10-14 16:00:00+00:00,-0.0
2021-10-14 17:00:00+00:00,-0.0
2021-10-14 18:00:00+00:00,-0.0
2021-10-14 19:00:00+00:00,-0.0
2021-10-14 20:00:00+00:00,-0.0
2021-10-14 21:00:00+00:00,-0.0
2021-10-14 22:00:00+00:00,-0.0
2021-10-14 23:00:00+00:00,-0.0
2021-10-15 00:00:00+00:00,-0.0
2021-10-15 01:00:00+00:00,-0.0
2021-10-15 02:00:00+00:00,-0.0
2021-10-15 03:00:00+00:00,-0.0
2021-10-15 04:00:00+00:00,-0.0
2021-10-15 05:00:00+00:00,-0.0
2021-10-15 06:00:00+00:00,-0.0
2021-10-15 07:00:00+00:00,-0.0
2021-10-15 08:00:00+00:00,-0.0
2021-10-15 09:00:00+00:00,-0.0
2021-10-15 10:00:00+00:00,-0.0
2021-10-15 11:00:00+00:00,-0.0
2021-10-15 12:00:00+00:00,-0.0
2021-10-15 13:00:00+00:00,-0.0
2021-10-15 14:00:00+00:00,-0.0
2021-10-15 15:00:00+00:00,-0.0
2021-10-15 16:00:00+00:00,-0.0
2021-10-15 17:00:00+00:00,-0.0
2021-10-15 18:00:00+00:00,-0.0
2021-10-15 19:00:00+00:00,-0.0
2021-10-15 20:00:00+00:00,-0.0
2021-10-15 21:00:00+00:00,-0.0
2021-10-15 22:00:00+00:00,-0.0
2021-10-15 23:00:00+00:00,-0.0
2021-10-16 00:00:00+00:00,-0.0
2021-10-16 01:00:00+00:00,-0.0
2021-10-16 02:00:00+00:00,-0.0
2021-10-16 03:00:00+00:00,-0.0
2021-10-16 04:00:00+00:00,-0.0
2021-10-16 05:00:00+00:00,-0.0
2021-10-16 06:00:00+00:00,-0.0
2021-10-16 07:00:00+00:00,-0.0
2021-10-16 08:00:00+00:00,-0.0
2021-10-16 09:00:00+00:00,-0.0
2021-10-16 10:00:00+00:00,-0.0
2021-10-16 11:00:00+00:00,-0.0
2021-10-16 12:00:00+00:00,-0.0
2021-10-16 13:00:00+00:00,-0.0
2021-10-16 14:00:00+00:00,-0.0
2021-10-16 15:00:00+00:00,-0.0
2021-10-16 16:00:00+00:00,-0.0
2021-10-16 17:00:00+00:00,-0.0
2021-10-16 18:00:00+00:00,-0.0
2021-10-16 19:00:00+00:00,-0.0
2021-10-16 20:00:00+00:00,-0.0
2021-10-16 21:00:00+00:00,-0.0
2021-10-16 22:00:00+00:00,-0.0
2021-10-16 23:00:00+00:00,-0.0
2021-10-17 00:00:00+00:00,-0.0
2021-10-17 01:00:00+00:00,-0.0
2021-10-17 02:00:00+00:00,-0.0
2021-10-17 03:00:00+00:00,-0.0
2021-10-17 04:00:00+00:00,-0.0
2021-10-17 05:00:00+00:00,-0.0
2021-10-17 06:00:00+00:00,-0.0
2021-10-17 07:00:00+00:00,-0.0
2021-10-17 08:00:00+00:00,-0.0
2021-10-17 09:00:00+00:00,-0.0
2021-10-17 10:00:00+00:00,-0.0
2021-10-17 11:00:00+00:00,-0.0
2021-10-17 12:00:00+00:00,-0.0
2021-10-17 13:00:00+00:00,-0.0
2021-10-17 14:00:00+00:00,-0.0
2021-10-17 15:00:00+00:00,-0.0
2021-10-17 16:00:00+00:00,-0.0
2021-10-17 17:00:00+00:00,-0.0
2021-10-17 18:00:00+00:00,-0.0
2021-10-17 19:00:00+00:00,-0.0
2021-10-17 20:00:00+00:00,-0.0
2021-10-17 21:00:00+00:00,-0.0
2021-10-17 22:00:00+00:00,-0.0
2021-10-17 23:00:00+00:00,-0.0
2021-10-18 00:00:00+00:00,-0.0
2021-10-18 01:00:00+00:00,-0.0
2021-10-18 02:00:00+00:00,-0.0
2021-10-18 03:00:00+00:00,-0.0
2021-10-18 04:00:00+00:00,-0.0
2021-10-18 05:00:00+00:00,-0.0
2021-10-18 06:00:00+00:00,-0.0
2021-10-18 07:00:00+00:00,-0.0
2021-10-18 08:00:00+00:00,-0.0
2021-10-18 09:00:00+00:00,-0.0
2021-10-18 10:00:00+00:00,-0.0
2021-10-18 11:00:00+00:00,-0.0
2021-10-18 12:00:00+00:00,-0.0
2021-10-18 13:00:00+00:00,-0.0
2021-10-18 14:00:00+00:00,-0.0
2021-10-18 15:00:00+00:00,-0.0
2021-10-18 16:00:00+00:00,-0.0
2021-10-18 17:00:00+00:00,-0.0
2021-10-18 18:00:00+00:00,-0.0
2021-10-18 19:00:00+00:00,-0.0
2021-10-18 20:00:00+00:00,-0.0
2021-10-18 21:00:00+00:00,-0.0
2021-10-18 22:00:00+00:00,-0.0
2021-10-18 23:00:00+00:00,-0.0
2021-10-19 00:00:00+00:00,-0.0
2021-10-19 01:00:00+00:00,-0.0
2021-10-19 02:00:00+00:00,-0.0
2021-10-19 03:00:00+00:00,-0.0
2021-10-19 04:00:00+00:00,-0.0
2021-10-19 05:00:00+00:00,-0.0
2021-10-19 06:00:00+00:00,-0.0
2021-10-19 07:00:00+00:00,-0.0
2021-10-19 08:00:00+00:00,-0.0
2021-10-19 09:00:00+00:00,-0.0
2021-10-19 10:00:00+00:00,-0.0
2021-10-19 11:00:00+00:00,-0.36392406739186955
2021-10-19 12:00:00+00:00,-0.0
2021-10-19 13:00:00+00:00,-0.0
2021-10-19 14:00:00+00:00,-0.0
2021-10-19 15:00:00+00:00,-0.0
2021-10-19 16:00:00+00:00,-0.0
2021-10-19 17:00:00+00:00,-0.0
2021-10-19 18:00:00+00:00,-0.0
2021-10-19 19:00:00+00:00,-0.0
2021-10-19 20:00:00+00:00,-0.0
2021-10-19 21:00:00+00:00,-0.0
2021-10-19 22:00:00+00:00,-0.0
2021-10-19 23:00:00+00:00,-0.0
2021-10-20 00:00:00+00:00,-0.0
2021-10-20 01:00:00+00:00,-0.0
2021-10-20 02:00:00+00:00,-0.0
2021-10-20 03:00:00+00:00,-0.0
2021-10-20 04:00:00+00:00,-0.0
2021-10-20 05:00:00+00:00,-0.0
2021-10-20 06:00:00+00:00,-0.0
2021-10-20 07:00:00+00:00,-0.0
2021-10-20 08:00:00+00:00,-0.0
2021-10-20 09:00:00+00:00,-0.0
2021-10-20 10:00:00+00:00,-0.0
2021-10-20 11:00:00+00:00,-0.0
2021-10-20 12:00:00+00:00,-0.0
2021-10-20 13:00:00+00:00,-0.0
2021-10-20 14:00:00+00:00,-0.0
2021-10-20 15:00:00+00:00,-0.0
2021-10-20 16:00:00+00:00,-0.0
2021-10-20 17:00:00+00:00,-0.0
2021-10-20 18:00:00+00:00,-0.0
2021-10-20 19:00:00+00:00,-0.7359120211495378
2021-10-20 20:00:00+00:00,-0.0
2021-10-20 21:00:00+00:00,-0.0
2021-10-20 22:00:00+00:00,-0.0
2021-10-20 23:00:00+00:00,-0.0
2021-10-21 00:00:00+00:00,-0.0
2021-10-21 01:00:00+00:00,1.142342161402863
2021-10-21 02:00:00+00:00,-0.0
2021-10-21 03:00:00+00:00,-0.0
2021-10-21 04:00:00+00:00,-0.0
2021-10-21 05:00:00+00:00,-0.0
2021-10-21 06:00:00+00:00,-0.0
2021-10-21 07:00:00+00:00,-0.0
2021-10-21 08:00:00+00:00,-0.0
2021-10-21 09:00:00+00:00,-0.0
2021-10-21 10:00:00+00:00,-0.0
2021-10-21 11:00:00+00:00,-0.0
2021-10-21 12:00:00+00:00,-0.0
2021-10-21 13:00:00+00:00,-0.0
2021-10-21 14:00:00+00:00,0.6395980767598645
2021-10-21 15:00:00+00:00,-0.0
2021-10-21 16:00:00+00:00,-0.0
2021-10-21 17:00:00+00:00,-0.0
2021-10-21 18:00:00+00:00,-0.0
2021-10-21 19:00:00+00:00,-0.0
2021-10-21 20:00:00+00:00,-0.0
2021-10-21 21:00:00+00:00,-0.0
2021-10-21 22:00:00+00:00,-0.0
2021-10-21 23:00:00+00:00,-0.0
2021-10-22 00:00:00+00:00,-0.0
2021-10-22 01:00:00+00:00,-0.0
2021-10-22 02:00:00+00:00,-0.0
2021-10-22 03:00:00+00:00,-0.0
2021-10-22 04:00:00+00:00,-0.0
2021-10-22 05:00:00+00:00,-0.0
2021-10-22 06:00:00+00:00,-0.0
2021-10-22 07:00:00+00:00,-0.0
2021-10-22 08:00:00+00:00,-0.0
2021-10-22 09:00:00+00:00,-0.0
2021-10-22 10:00:00+00:00,-0.0
2021-10-22 11:00:00+00:00,-0.0
2021-10-22 12:00:00+00:00,-0.0
2021-10-22 13:00:00+00:00,-0.0
2021-10-22 14:00:00+00:00,-0.0
2021-10-22 15:00:00+00:00,-0.0
2021-10-22 16:00:00+00:00,-0.0
2021-10-22 17:00:00+00:00,-0.0
2021-10-22 18:00:00+00:00,-0.0
2021-10-22 19:00:00+00:00,-0.0
2021-10-22 20:00:00+00:00,-0.0
2021-10-22 21:00:00+00:00,-0.0
2021-10-22 22:00:00+00:00,-0.0
2021-10-22 23:00:00+00:00,-0.0
2021-10-23 00:00:00+00:00,-0.0
2021-10-23 01:00:00+00:00,-0.0
2021-10-23 02:00:00+00:00,-0.0
2021-10-23 03:00:00+00:00,-0.0
2021-10-23 04:00:00+00:00,-0.0
2021-10-23 05:00:00+00:00,-0.0
2021-10-23 06:00:00+00:00,-0.0
2021-10-23 07:00:00+00:00,-0.0
2021-10-23 08:00:00+00:00,-0.0
2021-10-23 09:00:00+00:00,-0.0
2021-10-23 10:00:00+00:00,-0.0
2021-10-23 11:00:00+00:00,-0.0
2021-10-23 12:00:00+00:00,-0.0
2021-10-23 13:00:00+00:00,-0.0
2021-10-23 14:00:00+00:00,-0.0
2021-10-23 15:00:00+00:00,-0.0
2021-10-23 16:00:00+00:00,-0.0
2021-10-23 17:00:00+00:00,-0.0
2021-10-23 18:00:00+00:00,-0.0
2021-10-23 19:00:00+00:00,-0.0
2021-10-23 20:00:00+00:00,-0.0
2021-10-23 21:00:00+00:00,-0.0
2021-10-23 22:00:00+00:00,-0.0
2021-10-23 23:00:00+00:00,-0.0
2021-10-24 00:00:00+00:00,-0.0
2021-10-24 01:00:00+00:00,-0.0
2021-10-24 02:00:00+00:00,-0.0
2021-10-24 03:00:00+00:00,-0.0
2021-10-24 04:00:00+00:00,-0.0
2021-10-24 05:00:00+00:00,-0.0
2021-10-24 06:00:00+00:00,-0.0
2021-10-24 07:00:00+00:00,-0.0
2021-10-24 08:00:00+00:00,-0.0
2021-10-24 09:00:00+00:00,-0.0
2021-10-24 10:00:00+00:00,-0.0
2021-10-24 11:00:00+00:00,-0.0
2021-10-24 12:00:00+00:00,-0.0
2021-10-24 13:00:00+00:00,-0.0
2021-10-24 14:00:00+00:00,-0.0
2021-10-24 15:00:00+00:00,-0.0
2021-10-24 16:00:00+00:00,-0.0
2021-10-24 17:00:00+00:00,-0.0
2021-10-24 18:00:00+00:00,-0.0
2021-10-24 19:00:00+00:00,-0.0
2021-10-24 20:00:00+00:00,-0.0
2021-10-24 21:00:00+00:00,-0.0
2021-10-24 22:00:00+00:00,-0.0
2021-10-24 23:00:00+00:00,-0.0
2021-10-25 00:00:00+00:00,-0.0
2021-10-25 01:00:00+00:00,-0.0
2021-10-25 02:00:00+00:00,-0.0
2021-10-25 03:00:00+00:00,-0.0
2021-10-25 04:00:00+00:00,-0.0
2021-10-25 05:00:00+00:00,-0.0
2021-10-25 06:00:00+00:00,-0.0
2021-10-25 07:00:00+00:00,-0.0
2021-10-25 08:00:00+00:00,-0.0
2021-10-25 09:00:00+00:00,-0.0
2021-10-25 10:00:00+00:00,-0.0
2021-10-25 11:00:00+00:00,-0.0
2021-10-25 12:00:00+00:00,-0.0
2021-10-25 13:00:00+00:00,-0.0
2021-10-25 14:00:00+00:00,-0.0
2021-10-25 15:00:00+00:00,-0.0
2021-10-25 16:00:00+00:00,-0.0
2021-10-25 17:00:00+00:00,-0.0
2021-10-25 18:00:00+00:00,-0.0
2021-10-25 19:00:00+00:00,-0.0
2021-10-25 20:00:00+00:00,-0.0
2021-10-25 21:00:00+00:00,-0.0
2021-10-25 22:00:00+00:00,-0.0
2021-10-25 23:00:00+00:00,-0.0
2021-10-26 00:00:00+00:00,-0.0
2021-10-26 01:00:00+00:00,-0.0
2021-10-26 02:00:00+00:00,-0.0
2021-10-26 03:00:00+00:00,-0.0
2021-10-26 04:00:00+00:00,-0.0
2021-10-26 05:00:00+00:00,-0.0
2021-10-26 06:00:00+00:00,-0.0
2021-10-26 07:00:00+00:00,-0.0
2021-10-26 08:00:00+00:00,-0.0
2021-10-26 09:00:00+00:00,-0.0
2021-10-26 10:00:00+00:00,-0.0
2021-10-26 11:00:00+00:00,-0.5325386623924663
2021-10-26 12:00:00+00:00,-0.0
2021-10-26 13:00:00+00:00,-0.0
2021-10-26 14:00:00+00:00,-0.0
2021-10-26 15:00:00+00:00,-0.0
2021-10-26 16:00:00+00:00,-1.6334575736870154
2021-10-26 17:00:00+00:00,0.0
2021-10-26 18:00:00+00:00,0.0
2021-10-26 19:00:00+00:00,0.0
2021-10-26 20:00:00+00:00,0.0
2021-10-26 21:00:00+00:00,-1.3594948431143317
2021-10-26 22:00:00+00:00,-0.0
2021-10-26 23:00:00+00:00,-0.0
2021-10-27 00:00:00+00:00,-0.0
2021-10-27 01:00:00+00:00,-0.0
2021-10-27 02:00:00+00:00,-0.0
2021-10-27 03:00:00+00:00,-0.0
2021-10-27 04:00:00+00:00,-0.0
2021-10-27 05:00:00+00:00,-0.0
2021-10-27 06:00:00+00:00,-0.0
2021-10-27 07:00:00+00:00,-0.0
2021-10-27 08:00:00+00:00,4.247518424399177
2021-10-27 09:00:00+00:00,-0.0
2021-10-27 10:00:00+00:00,-0.0
2021-10-27 11:00:00+00:00,-0.0
2021-10-27 12:00:00+00:00,-0.0
2021-10-27 13:00:00+00:00,-0.0
2021-10-27 14:00:00+00:00,-0.0
2021-10-27 15:00:00+00:00,-0.0
2021-10-27 16:00:00+00:00,-0.0
2021-10-27 17:00:00+00:00,-0.0
2021-10-27 18:00:00+00:00,-0.0
2021-10-27 19:00:00+00:00,-0.0
2021-10-27 20:00:00+00:00,-0.0
2021-10-27 21:00:00+00:00,-0.0
2021-10-27 22:00:00+00:00,-0.0
2021-10-27 23:00:00+00:00,-0.0
2021-10-28 00:00:00+00:00,-0.0
2021-10-28 01:00:00+00:00,-0.0
2021-10-28 02:00:00+00:00,-0.0
2021-10-28 03:00:00+00:00,-0.0
2021-10-28 04:00:00+00:00,-0.0
2021-10-28 05:00:00+00:00,-0.0
2021-10-28 06:00:00+00:00,-0.0
2021-10-28 07:00:00+00:00,-0.0
2021-10-28 08:00:00+00:00,-0.0
2021-10-28 09:00:00+00:00,-0.0
2021-10-28 10:00:00+00:00,-0.0
2021-10-28 11:00:00+00:00,-0.0
2021-10-28 12:00:00+00:00,-0.0
2021-10-28 13:00:00+00:00,-0.0
2021-10-28 14:00:00+00:00,-0.0
2021-10-28 15:00:00+00:00,-0.0
2021-10-28 16:00:00+00:00,-0.0
2021-10-28 17:00:00+00:00,-0.0
2021-10-28 18:00:00+00:00,-0.0
2021-10-28 19:00:00+00:00,-0.0
2021-10-28 20:00:00+00:00,-0.0
2021-10-28 21:00:00+00:00,-0.0
2021-10-28 22:00:00+00:00,-0.0
2021-10-28 23:00:00+00:00,-0.0
2021-10-29 00:00:00+00:00,-0.0
2021-10-29 01:00:00+00:00,-0.0
2021-10-29 02:00:00+00:00,-0.0
2021-10-29 03:00:00+00:00,-0.0
2021-10-29 04:00:00+00:00,-0.0
2021-10-29 05:00:00+00:00,-0.0
2021-10-29 06:00:00+00:00,-0.0
2021-10-29 07:00:00+00:00,-0.0
2021-10-29 08:00:00+00:00,-0.0
2021-10-29 09:00:00+00:00,-0.0
2021-10-29 10:00:00+00:00,-0.0
2021-10-29 11:00:00+00:00,-0.0
2021-10-29 12:00:00+00:00,-0.0
2021-10-29 13:00:00+00:00,-0.0
2021-10-29 14:00:00+00:00,-0.0
2021-10-29 15:00:00+00:00,-0.0
2021-10-29 16:00:00+00:00,-0.0
2021-10-29 17:00:00+00:00,-0.0
2021-10-29 18:00:00+00:00,-0.0
2021-10-29 19:00:00+00:00,-0.0
2021-10-29 20:00:00+00:00,-0.0
2021-10-29 21:00:00+00:00,-0.0
2021-10-29 22:00:00+00:00,-0.0
2021-10-29 23:00:00+00:00,-0.0
2021-10-30 00:00:00+00:00,-0.0
2021-10-30 01:00:00+00:00,-0.0
2021-10-30 02:00:00+00:00,-0.0
2021-10-30 03:00:00+00:00,-0.0
2021-10-30 04:00:00+00:00,-0.0
2021-10-30 05:00:00+00:00,-0.0
2021-10-30 06:00:00+00:00,-0.0
2021-10-30 07:00:00+00:00,-0.0
2021-10-30 08:00:00+00:00,-0.0
2021-10-30 09:00:00+00:00,-0.0
2021-10-30 10:00:00+00:00,-0.0
2021-10-30 11:00:00+00:00,-0.0
2021-10-30 12:00:00+00:00,-0.0
2021-10-30 13:00:00+00:00,-0.0
2021-10-30 14:00:00+00:00,-0.0
2021-10-30 15:00:00+00:00,-0.0
2021-10-30 16:00:00+00:00,-0.0
2021-10-30 17:00:00+00:00,-0.0
2021-10-30 18:00:00+00:00,-0.0
2021-10-30 19:00:00+00:00,-0.0
2021-10-30 20:00:00+00:00,-0.0
2021-10-30 21:00:00+00:00,-0.0
2021-10-30 22:00:00+00:00,-0.0
2021-10-30 23:00:00+00:00,-0.0
2021-10-31 00:00:00+00:00,-0.0
2021-10-31 01:00:00+00:00,-0.0
2021-10-31 02:00:00+00:00,-0.0
2021-10-31 03:00:00+00:00,-0.0
2021-10-31 04:00:00+00:00,-0.0
2021-10-31 05:00:00+00:00,-0.0
2021-10-31 06:00:00+00:00,-0.0
2021-10-31 07:00:00+00:00,-0.0
2021-10-31 08:00:00+00:00,-0.0
2021-10-31 09:00:00+00:00,-0.0
2021-10-31 10:00:00+00:00,-0.0
2021-10-31 11:00:00+00:00,-0.0
2021-10-31 12:00:00+00:00,-0.0
2021-10-31 13:00:00+00:00,-0.0
2021-10-31 14:00:00+00:00,-0.0
2021-10-31 15:00:00+00:00,-0.0
2021-10-31 16:00:00+00:00,-0.0
2021-10-31 17:00:00+00:00,-0.0
2021-10-31 18:00:00+00:00,-0.0
2021-10-31 19:00:00+00:00,-0.0
2021-10-31 20:00:00+00:00,-0.0
2021-10-31 21:00:00+00:00,-0.0
2021-10-31 22:00:00+00:00,-0.0
2021-10-31 23:00:00+00:00,-0.0
2021-11-01 00:00:00+00:00,-0.0
2021-11-01 01:00:00+00:00,-0.0
2021-11-01 02:00:00+00:00,-0.0
2021-11-01 03:00:00+00:00,-0.0
2021-11-01 04:00:00+00:00,-0.0
2021-11-01 05:00:00+00:00,-0.0
2021-11-01 06:00:00+00:00,-0.0
2021-11-01 07:00:00+00:00,-0.0
2021-11-01 08:00:00+00:00,-0.0
2021-11-01 09:00:00+00:00,-0.0
2021-11-01 10:00:00+00:00,-0.0
2021-11-01 11:00:00+00:00,-0.0
2021-11-01 12:00:00+00:00,-0.0
2021-11-01 13:00:00+00:00,-0.0
2021-11-01 14:00:00+00:00,-0.0
2021-11-01 15:00:00+00:00,-0.0
2021-11-01 16:00:00+00:00,-0.0
2021-11-01 17:00:00+00:00,-0.0
2021-11-01 18:00:00+00:00,-0.0
2021-11-01 19:00:00+00:00,-0.0
2021-11-01 20:00:00+00:00,-0.0
2021-11-01 21:00:00+00:00,-0.0
2021-11-01 22:00:00+00:00,-0.0
2021-11-01 23:00:00+00:00,-0.0
2021-11-02 00:00:00+00:00,-0.0
2021-11-02 01:00:00+00:00,-0.0
2021-11-02 02:00:00+00:00,-0.0
2021-11-02 03:00:00+00:00,-0.0
2021-11-02 04:00:00+00:00,-0.0
2021-11-02 05:00:00+00:00,-0.0
2021-11-02 06:00:00+00:00,-0.0
2021-11-02 07:00:00+00:00,-0.0
2021-11-02 08:00:00+00:00,-0.0
2021-11-02 09:00:00+00:00,-0.0
2021-11-02 10:00:00+00:00,-0.0
2021-11-02 11:00:00+00:00,-0.0
2021-11-02 12:00:00+00:00,-0.0
2021-11-02 13:00:00+00:00,-0.0
2021-11-02 14:00:00+00:00,-0.0
2021-11-02 15:00:00+00:00,-0.0
2021-11-02 16:00:00+00:00,-0.0
2021-11-02 17:00:00+00:00,-0.0
2021-11-02 18:00:00+00:00,-0.0
2021-11-02 19:00:00+00:00,-0.0
2021-11-02 20:00:00+00:00,-0.0
2021-11-02 21:00:00+00:00,-0.0
2021-11-02 22:00:00+00:00,-0.0
2021-11-02 23:00:00+00:00,-0.0
2021-11-03 00:00:00+00:00,-0.0
2021-11-03 01:00:00+00:00,-0.0
2021-11-03 02:00:00+00:00,-0.0
2021-11-03 03:00:00+00:00,-0.0
2021-11-03 04:00:00+00:00,-0.0
2021-11-03 05:00:00+00:00,-0.0
2021-11-03 06:00:00+00:00,-0.0
2021-11-03 07:00:00+00:00,-0.0
2021-11-03 08:00:00+00:00,-0.0
2021-11-03 09:00:00+00:00,-0.0
2021-11-03 10:00:00+00:00,-0.0
2021-11-03 11:00:00+00:00,-0.0
2021-11-03 12:00:00+00:00,-0.0
2021-11-03 13:00:00+00:00,-0.0
2021-11-03 14:00:00+00:00,-0.0
2021-11-03 15:00:00+00:00,-0.0
2021-11-03 16:00:00+00:00,-0.0
2021-11-03 17:00:00+00:00,-0.0
2021-11-03 18:00:00+00:00,-0.0
2021-11-03 19:00:00+00:00,-0.0
2021-11-03 20:00:00+00:00,-0.0
2021-11-03 21:00:00+00:00,-0.0
2021-11-03 22:00:00+00:00,-0.0
2021-11-03 23:00:00+00:00,-0.0
2021-11-04 00:00:00+00:00,-0.0
2021-11-04 01:00:00+00:00,-0.0
2021-11-04 02:00:00+00:00,-0.0
2021-11-04 03:00:00+00:00,-0.0
2021-11-04 04:00:00+00:00,-0.0
2021-11-04 05:00:00+00:00,-0.0
2021-11-04 06:00:00+00:00,-0.0
2021-11-04 07:00:00+00:00,-0.0
2021-11-04 08:00:00+00:00,-0.0
2021-11-04 09:00:00+00:00,-0.0
2021-11-04 10:00:00+00:00,-0.0
2021-11-04 11:00:00+00:00,-0.0
2021-11-04 12:00:00+00:00,-0.0
2021-11-04 13:00:00+00:00,-0.0
2021-11-04 14:00:00+00:00,-0.0
2021-11-04 15:00:00+00:00,-0.0
2021-11-04 16:00:00+00:00,-0.0
2021-11-04 17:00:00+00:00,-0.0
2021-11-04 18:00:00+00:00,-0.0
2021-11-04 19:00:00+00:00,-0.0
2021-11-04 20:00:00+00:00,-0.0
2021-11-04 21:00:00+00:00,-0.0
2021-11-04 22:00:00+00:00,-0.0
2021-11-04 23:00:00+00:00,-0.0
2021-11-05 00:00:00+00:00,-0.0
2021-11-05 01:00:00+00:00,-0.0
2021-11-05 02:00:00+00:00,-0.0
2021-11-05 03:00:00+00:00,-0.0
2021-11-05 04:00:00+00:00,-0.0
2021-11-05 05:00:00+00:00,-0.0
2021-11-05 06:00:00+00:00,-0.0
2021-11-05 07:00:00+00:00,-0.0
2021-11-05 08:00:00+00:00,-0.0
2021-11-05 09:00:00+00:00,-0.0
2021-11-05 10:00:00+00:00,-0.0
2021-11-05 11:00:00+00:00,-0.0
2021-11-05 12:00:00+00:00,-0.0
2021-11-05 13:00:00+00:00,-0.0
2021-11-05 14:00:00+00:00,-0.0
2021-11-05 15:00:00+00:00,-0.0
2021-11-05 16:00:00+00:00,-0.0
2021-11-05 17:00:00+00:00,-0.0
2021-11-05 18:00:00+00:00,-0.0
2021-11-05 19:00:00+00:00,-0.0
2021-11-05 20:00:00+00:00,-0.0
2021-11-05 21:00:00+00:00,-0.0
2021-11-05 22:00:00+00:00,-0.0
2021-11-05 23:00:00+00:00,-0.0
2021-11-06 00:00:00+00:00,-0.0
2021-11-06 01:00:00+00:00,-0.0
2021-11-06 02:00:00+00:00,-0.0
2021-11-06 03:00:00+00:00,-0.0
2021-11-06 04:00:00+00:00,-0.0
2021-11-06 05:00:00+00:00,-0.0
2021-11-06 06:00:00+00:00,-0.0
2021-11-06 07:00:00+00:00,-0.0
2021-11-06 08:00:00+00:00,-0.0
2021-11-06 09:00:00+00:00,-0.0
2021-11-06 10:00:00+00:00,-0.0
2021-11-06 11:00:00+00:00,-0.0
2021-11-06 12:00:00+00:00,-0.0
2021-11-06 13:00:00+00:00,-0.0
2021-11-06 14:00:00+00:00,-0.0
2021-11-06 15:00:00+00:00,-0.0
2021-11-06 16:00:00+00:00,-0.0
2021-11-06 17:00:00+00:00,-0.0
2021-11-06 18:00:00+00:00,-0.0
2021-11-06 19:00:00+00:00,-0.0
2021-11-06 20:00:00+00:00,-0.0
2021-11-06 21:00:00+00:00,-0.0
2021-11-06 22:00:00+00:00,-0.0
2021-11-06 23:00:00+00:00,-0.0
2021-11-07 00:00:00+00:00,-0.0
2021-11-07 01:00:00+00:00,-0.0
2021-11-07 02:00:00+00:00,-0.0
2021-11-07 03:00:00+00:00,-0.0
2021-11-07 04:00:00+00:00,-0.0
2021-11-07 05:00:00+00:00,-0.0
2021-11-07 06:00:00+00:00,-0.0
2021-11-07 07:00:00+00:00,-0.0
2021-11-07 08:00:00+00:00,-0.0
2021-11-07 09:00:00+00:00,-0.0
2021-11-07 10:00:00+00:00,-0.0
2021-11-07 11:00:00+00:00,-0.0
2021-11-07 12:00:00+00:00,-0.0
2021-11-07 13:00:00+00:00,-0.0
2021-11-07 14:00:00+00:00,-0.0
2021-11-07 15:00:00+00:00,-0.0
2021-11-07 16:00:00+00:00,-0.0
2021-11-07 17:00:00+00:00,-0.0
2021-11-07 18:00:00+00:00,-0.0
2021-11-07 19:00:00+00:00,-0.0
2021-11-07 20:00:00+00:00,-0.0
2021-11-07 21:00:00+00:00,-0.0
2021-11-07 22:00:00+00:00,-0.0
2021-11-07 23:00:00+00:00,-0.0
2021-11-08 00:00:00+00:00,0.5592196325552018
2021-11-08 01:00:00+00:00,-0.0
2021-11-08 02:00:00+00:00,-0.0
2021-11-08 03:00:00+00:00,-0.0
2021-11-08 04:00:00+00:00,-0.0
2021-11-08 05:00:00+00:00,-0.0
2021-11-08 06:00:00+00:00,-0.0
2021-11-08 07:00:00+00:00,-0.0
2021-11-08 08:00:00+00:00,-0.0
2021-11-08 09:00:00+00:00,-0.0
2021-11-08 10:00:00+00:00,-0.0
2021-11-08 11:00:00+00:00,-0.0
2021-11-08 12:00:00+00:00,-0.0
2021-11-08 13:00:00+00:00,-0.0
2021-11-08 14:00:00+00:00,-0.0
2021-11-08 15:00:00+00:00,-0.0
2021-11-08 16:00:00+00:00,-0.0
2021-11-08 17:00:00+00:00,-0.0
2021-11-08 18:00:00+00:00,-0.0
2021-11-08 19:00:00+00:00,-0.0
2021-11-08 20:00:00+00:00,-0.0
2021-11-08 21:00:00+00:00,-0.0
2021-11-08 22:00:00+00:00,-0.0
2021-11-08 23:00:00+00:00,-0.0
2021-11-09 00:00:00+00:00,-0.0
2021-11-09 01:00:00+00:00,-0.0
2021-11-09 02:00:00+00:00,-0.0
2021-11-09 03:00:00+00:00,-0.0
2021-11-09 04:00:00+00:00,-0.0
2021-11-09 05:00:00+00:00,-0.0
2021-11-09 06:00:00+00:00,-0.0
2021-11-09 07:00:00+00:00,-0.0
2021-11-09 08:00:00+00:00,-0.0
2021-11-09 09:00:00+00:00,-0.0
2021-11-09 10:00:00+00:00,-0.0
2021-11-09 11:00:00+00:00,0.37825927040985463
2021-11-09 12:00:00+00:00,-0.0
2021-11-09 13:00:00+00:00,-0.0
2021-11-09 14:00:00+00:00,-0.0
2021-11-09 15:00:00+00:00,-0.0
2021-11-09 16:00:00+00:00,-0.0
2021-11-09 17:00:00+00:00,-0.0
2021-11-09 18:00:00+00:00,-0.0
2021-11-09 19:00:00+00:00,-0.0
2021-11-09 20:00:00+00:00,-0.0
2021-11-09 21:00:00+00:00,-0.0
2021-11-09 22:00:00+00:00,-0.0
2021-11-09 23:00:00+00:00,-0.0
2021-11-10 00:00:00+00:00,-0.0
2021-11-10 01:00:00+00:00,-0.0
2021-11-10 02:00:00+00:00,-0.0
2021-11-10 03:00:00+00:00,-0.0
2021-11-10 04:00:00+00:00,-0.0
2021-11-10 05:00:00+00:00,-0.0
2021-11-10 06:00:00+00:00,-0.0
2021-11-10 07:00:00+00:00,-0.0
2021-11-10 08:00:00+00:00,-0.0
2021-11-10 09:00:00+00:00,-0.0
2021-11-10 10:00:00+00:00,-0.0
2021-11-10 11:00:00+00:00,-0.0
2021-11-10 12:00:00+00:00,-0.0
2021-11-10 13:00:00+00:00,-0.0
2021-11-10 14:00:00+00:00,-0.0
2021-11-10 15:00:00+00:00,-0.0
2021-11-10 16:00:00+00:00,-0.0
2021-11-10 17:00:00+00:00,-0.0
2021-11-10 18:00:00+00:00,-0.0
2021-11-10 19:00:00+00:00,-0.0
2021-11-10 20:00:00+00:00,-0.0
2021-11-10 21:00:00+00:00,-0.0
2021-11-10 22:00:00+00:00,-0.0
2021-11-10 23:00:00+00:00,-0.0
2021-11-11 00:00:00+00:00,-0.0
2021-11-11 01:00:00+00:00,-0.0
2021-11-11 02:00:00+00:00,-0.0
2021-11-11 03:00:00+00:00,-0.0
2021-11-11 04:00:00+00:00,-0.0
2021-11-11 05:00:00+00:00,-0.0
2021-11-11 06:00:00+00:00,-0.0
2021-11-11 07:00:00+00:00,-0.0
2021-11-11 08:00:00+00:00,-0.0
2021-11-11 09:00:00+00:00,-0.0
2021-11-11 10:00:00+00:00,-0.0
2021-11-11 11:00:00+00:00,-0.0
2021-11-11 12:00:00+00:00,-0.0
2021-11-11 13:00:00+00:00,-0.0
2021-11-11 14:00:00+00:00,-0.0
2021-11-11 15:00:00+00:00,-0.0
2021-11-11 16:00:00+00:00,-0.0
2021-11-11 17:00:00+00:00,-0.0
2021-11-11 18:00:00+00:00,-0.0
2021-11-11 19:00:00+00:00,-0.0
2021-11-11 20:00:00+00:00,-0.0
2021-11-11 21:00:00+00:00,-0.0
2021-11-11 22:00:00+00:00,-0.0
2021-11-11 23:00:00+00:00,-0.0
2021-11-12 00:00:00+00:00,-0.0
2021-11-12 01:00:00+00:00,-0.0
2021-11-12 02:00:00+00:00,-0.0
2021-11-12 03:00:00+00:00,-0.0
2021-11-12 04:00:00+00:00,-0.0
2021-11-12 05:00:00+00:00,-0.0
2021-11-12 06:00:00+00:00,-0.0
2021-11-12 07:00:00+00:00,-0.0
2021-11-12 08:00:00+00:00,-0.0
2021-11-12 09:00:00+00:00,-0.0
2021-11-12 10:00:00+00:00,-0.0
2021-11-12 11:00:00+00:00,-0.0
2021-11-12 12:00:00+00:00,-0.0
2021-11-12 13:00:00+00:00,-0.0
2021-11-12 14:00:00+00:00,-0.0
2021-11-12 15:00:00+00:00,-0.0
2021-11-12 16:00:00+00:00,-0.0
2021-11-12 17:00:00+00:00,-0.0
2021-11-12 18:00:00+00:00,-0.0
2021-11-12 19:00:00+00:00,-0.0
2021-11-12 20:00:00+00:00,-0.0
2021-11-12 21:00:00+00:00,-0.0
2021-11-12 22:00:00+00:00,-0.0
2021-11-12 23:00:00+00:00,-0.0
2021-11-13 00:00:00+00:00,-0.0
2021-11-13 01:00:00+00:00,-0.0
2021-11-13 02:00:00+00:00,-0.0
2021-11-13 03:00:00+00:00,-0.0
2021-11-13 04:00:00+00:00,-0.0
2021-11-13 05:00:00+00:00,-0.0
2021-11-13 06:00:00+00:00,-0.0
2021-11-13 07:00:00+00:00,-0.0
2021-11-13 08:00:00+00:00,-0.0
2021-11-13 09:00:00+00:00,-0.0
2021-11-13 10:00:00+00:00,-0.0
2021-11-13 11:00:00+00:00,-0.0
2021-11-13 12:00:00+00:00,-0.0
2021-11-13 13:00:00+00:00,-0.0
2021-11-13 14:00:00+00:00,-0.0
2021-11-13 15:00:00+00:00,-0.0
2021-11-13 16:00:00+00:00,-0.0
2021-11-13 17:00:00+00:00,-0.0
2021-11-13 18:00:00+00:00,-0.0
2021-11-13 19:00:00+00:00,-0.0
2021-11-13 20:00:00+00:00,-0.0
2021-11-13 21:00:00+00:00,-0.0
2021-11-13 22:00:00+00:00,-0.0
2021-11-13 23:00:00+00:00,-0.0
2021-11-14 00:00:00+00:00,-0.0
2021-11-14 01:00:00+00:00,-0.0
2021-11-14 02:00:00+00:00,-0.0
2021-11-14 03:00:00+00:00,-0.0
2021-11-14 04:00:00+00:00,-0.0
2021-11-14 05:00:00+00:00,-0.0
2021-11-14 06:00:00+00:00,-0.0
2021-11-14 07:00:00+00:00,-0.0
2021-11-14 08:00:00+00:00,-0.0
2021-11-14 09:00:00+00:00,-0.0
2021-11-14 10:00:00+00:00,-0.0
2021-11-14 11:00:00+00:00,-0.0
2021-11-14 12:00:00+00:00,-0.0
2021-11-14 13:00:00+00:00,-0.0
2021-11-14 14:00:00+00:00,-0.0
2021-11-14 15:00:00+00:00,-0.0
2021-11-14 16:00:00+00:00,0.36828826772536355
2021-11-14 17:00:00+00:00,-0.0
2021-11-14 18:00:00+00:00,-0.0
2021-11-14 19:00:00+00:00,-0.0
2021-11-14 20:00:00+00:00,-0.0
2021-11-14 21:00:00+00:00,-0.0
2021-11-14 22:00:00+00:00,-0.0
2021-11-14 23:00:00+00:00,-0.0
2021-11-15 00:00:00+00:00,-0.0
2021-11-15 01:00:00+00:00,-0.0
2021-11-15 02:00:00+00:00,-0.0
2021-11-15 03:00:00+00:00,-0.0
2021-11-15 04:00:00+00:00,-0.0
2021-11-15 05:00:00+00:00,-0.0
2021-11-15 06:00:00+00:00,-0.0
2021-11-15 07:00:00+00:00,-0.0
2021-11-15 08:00:00+00:00,-0.0
2021-11-15 09:00:00+00:00,-0.0
2021-11-15 10:00:00+00:00,-0.0
2021-11-15 11:00:00+00:00,-0.0
2021-11-15 12:00:00+00:00,-0.0
2021-11-15 13:00:00+00:00,-0.0
2021-11-15 14:00:00+00:00,-0.0
2021-11-15 15:00:00+00:00,-0.0
2021-11-15 16:00:00+00:00,-0.0
2021-11-15 17:00:00+00:00,-0.0
2021-11-15 18:00:00+00:00,-0.0
2021-11-15 19:00:00+00:00,-0.0
2021-11-15 20:00:00+00:00,-0.0
2021-11-15 21:00:00+00:00,-0.0
2021-11-15 22:00:00+00:00,-0.0
2021-11-15 23:00:00+00:00,-0.0
2021-11-16 00:00:00+00:00,-0.0
2021-11-16 01:00:00+00:00,-0.0
2021-11-16 02:00:00+00:00,-0.0
2021-11-16 03:00:00+00:00,-0.0
2021-11-16 04:00:00+00:00,-0.0
2021-11-16 05:00:00+00:00,-0.0
2021-11-16 06:00:00+00:00,-0.0
2021-11-16 07:00:00+00:00,-0.0
2021-11-16 08:00:00+00:00,-0.0
2021-11-16 09:00:00+00:00,-0.0
2021-11-16 10:00:00+00:00,-0.0
2021-11-16 11:00:00+00:00,-0.0
2021-11-16 12:00:00+00:00,-0.0
2021-11-16 13:00:00+00:00,-0.0
2021-11-16 14:00:00+00:00,-0.0
2021-11-16 15:00:00+00:00,-0.0
2021-11-16 16:00:00+00:00,-0.0
2021-11-16 17:00:00+00:00,-0.0
2021-11-16 18:00:00+00:00,-0.0
2021-11-16 19:00:00+00:00,-0.0
2021-11-16 20:00:00+00:00,-0.0
2021-11-16 21:00:00+00:00,-0.0
2021-11-16 22:00:00+00:00,-0.0
2021-11-16 23:00:00+00:00,-0.0
2021-11-17 00:00:00+00:00,-0.0
2021-11-17 01:00:00+00:00,-0.0
2021-11-17 02:00:00+00:00,-0.0
2021-11-17 03:00:00+00:00,-0.0
2021-11-17 04:00:00+00:00,-0.0
2021-11-17 05:00:00+00:00,-0.0
2021-11-17 06:00:00+00:00,-0.0
2021-11-17 07:00:00+00:00,-0.0
2021-11-17 08:00:00+00:00,-0.0
2021-11-17 09:00:00+00:00,-0.0
2021-11-17 10:00:00+00:00,-0.0
2021-11-17 11:00:00+00:00,-0.0
2021-11-17 12:00:00+00:00,-0.0
2021-11-17 13:00:00+00:00,-0.0
2021-11-17 14:00:00+00:00,-0.0
2021-11-17 15:00:00+00:00,-0.0
2021-11-17 16:00:00+00:00,-0.0
2021-11-17 17:00:00+00:00,-0.0
2021-11-17 18:00:00+00:00,-0.0
2021-11-17 19:00:00+00:00,-0.0
2021-11-17 20:00:00+00:00,-0.0
2021-11-17 21:00:00+00:00,-0.0
2021-11-17 22:00:00+00:00,-0.0
2021-11-17 23:00:00+00:00,-0.0
2021-11-18 00:00:00+00:00,-0.0
2021-11-18 01:00:00+00:00,-0.0
2021-11-18 02:00:00+00:00,-0.0
2021-11-18 03:00:00+00:00,-0.0
2021-11-18 04:00:00+00:00,-0.0
2021-11-18 05:00:00+00:00,-0.0
2021-11-18 06:00:00+00:00,-0.0
2021-11-18 07:00:00+00:00,-0.0
2021-11-18 08:00:00+00:00,-0.0
2021-11-18 09:00:00+00:00,-0.0
2021-11-18 10:00:00+00:00,-0.0
2021-11-18 11:00:00+00:00,-0.0
2021-11-18 12:00:00+00:00,-0.0
2021-11-18 13:00:00+00:00,0.2654970396092198
2021-11-18 14:00:00+00:00,-0.0
2021-11-18 15:00:00+00:00,-0.0
2021-11-18 16:00:00+00:00,-0.0
2021-11-18 17:00:00+00:00,-0.0
2021-11-18 18:00:00+00:00,-0.0
2021-11-18 19:00:00+00:00,-0.0
2021-11-18 20:00:00+00:00,-0.0
2021-11-18 21:00:00+00:00,-0.0
2021-11-18 22:00:00+00:00,-0.0
2021-11-18 23:00:00+00:00,-0.0
2021-11-19 00:00:00+00:00,-0.0
2021-11-19 01:00:00+00:00,-0.0
2021-11-19 02:00:00+00:00,-0.0
2021-11-19 03:00:00+00:00,-0.0
2021-11-19 04:00:00+00:00,-0.0
2021-11-19 05:00:00+00:00,-0.0
2021-11-19 06:00:00+00:00,-0.0
2021-11-19 07:00:00+00:00,-0.0
2021-11-19 08:00:00+00:00,-0.0
2021-11-19 09:00:00+00:00,-0.0
2021-11-19 10:00:00+00:00,-0.0
2021-11-19 11:00:00+00:00,-0.0
2021-11-19 12:00:00+00:00,-0.0
2021-11-19 13:00:00+00:00,-0.0
2021-11-19 14:00:00+00:00,-0.0
2021-11-19 15:00:00+00:00,-0.0
2021-11-19 16:00:00+00:00,-0.0
2021-11-19 17:00:00+00:00,-0.0
2021-11-19 18:00:00+00:00,-0.0
2021-11-19 19:00:00+00:00,-0.0
2021-11-19 20:00:00+00:00,-0.0
2021-11-19 21:00:00+00:00,-0.0
2021-11-19 22:00:00+00:00,-0.0
2021-11-19 23:00:00+00:00,-0.0
2021-11-20 00:00:00+00:00,-0.0
2021-11-20 01:00:00+00:00,-0.0
2021-11-20 02:00:00+00:00,-0.0
2021-11-20 03:00:00+00:00,-0.0
2021-11-20 04:00:00+00:00,-0.0
2021-11-20 05:00:00+00:00,-0.0
2021-11-20 06:00:00+00:00,-0.0
2021-11-20 07:00:00+00:00,-0.0
2021-11-20 08:00:00+00:00,-0.0
2021-11-20 09:00:00+00:00,-0.0
2021-11-20 10:00:00+00:00,-0.0
2021-11-20 11:00:00+00:00,-0.0
2021-11-20 12:00:00+00:00,-0.0
2021-11-20 13:00:00+00:00,-0.0
2021-11-20 14:00:00+00:00,-0.0
2021-11-20 15:00:00+00:00,-0.0
2021-11-20 16:00:00+00:00,-0.0
2021-11-20 17:00:00+00:00,-0.0
2021-11-20 18:00:00+00:00,-0.0
2021-11-20 19:00:00+00:00,-0.0
2021-11-20 20:00:00+00:00,-0.0
2021-11-20 21:00:00+00:00,-0.0
2021-11-20 22:00:00+00:00,-0.0
2021-11-20 23:00:00+00:00,-0.0
2021-11-21 00:00:00+00:00,-0.0
2021-11-21 01:00:00+00:00,-0.0
2021-11-21 02:00:00+00:00,-0.0
2021-11-21 03:00:00+00:00,-0.0
2021-11-21 04:00:00+00:00,-0.0
2021-11-21 05:00:00+00:00,-0.0
2021-11-21 06:00:00+00:00,-0.0
2021-11-21 07:00:00+00:00,-0.0
2021-11-21 08:00:00+00:00,-0.0
2021-11-21 09:00:00+00:00,-0.0
2021-11-21 10:00:00+00:00,-0.0
2021-11-21 11:00:00+00:00,-0.0
2021-11-21 12:00:00+00:00,-0.0
2021-11-21 13:00:00+00:00,-0.0
2021-11-21 14:00:00+00:00,-0.0
2021-11-21 15:00:00+00:00,-0.0
2021-11-21 16:00:00+00:00,-0.0
2021-11-21 17:00:00+00:00,-0.0
2021-11-21 18:00:00+00:00,-0.0
2021-11-21 19:00:00+00:00,-0.6701987006386134
2021-11-21 20:00:00+00:00,-0.0
2021-11-21 21:00:00+00:00,-0.0
2021-11-21 22:00:00+00:00,-0.0
2021-11-21 23:00:00+00:00,-0.0
2021-11-22 00:00:00+00:00,-0.0
2021-11-22 01:00:00+00:00,-0.0
2021-11-22 02:00:00+00:00,-0.0
2021-11-22 03:00:00+00:00,-0.0
2021-11-22 04:00:00+00:00,-0.0
2021-11-22 05:00:00+00:00,-0.0
2021-11-22 06:00:00+00:00,-0.0
2021-11-22 07:00:00+00:00,-0.0
2021-11-22 08:00:00+00:00,-0.0
2021-11-22 09:00:00+00:00,-0.0
2021-11-22 10:00:00+00:00,-0.0
2021-11-22 11:00:00+00:00,-0.0
2021-11-22 12:00:00+00:00,-0.0
2021-11-22 13:00:00+00:00,-0.0
2021-11-22 14:00:00+00:00,-0.0
2021-11-22 15:00:00+00:00,-0.0
2021-11-22 16:00:00+00:00,-0.0
2021-11-22 17:00:00+00:00,-0.0
2021-11-22 18:00:00+00:00,-0.0
2021-11-22 19:00:00+00:00,-0.0
2021-11-22 20:00:00+00:00,-0.0
2021-11-22 21:00:00+00:00,-0.0
2021-11-22 22:00:00+00:00,-0.0
2021-11-22 23:00:00+00:00,-0.0
2021-11-23 00:00:00+00:00,-0.0
2021-11-23 01:00:00+00:00,-0.0
2021-11-23 02:00:00+00:00,-0.0
2021-11-23 03:00:00+00:00,-0.0
2021-11-23 04:00:00+00:00,-0.0
2021-11-23 05:00:00+00:00,-0.0
2021-11-23 06:00:00+00:00,-0.0
2021-11-23 07:00:00+00:00,-0.0
2021-11-23 08:00:00+00:00,-0.0
2021-11-23 09:00:00+00:00,-0.0
2021-11-23 10:00:00+00:00,-0.0
2021-11-23 11:00:00+00:00,-0.0
2021-11-23 12:00:00+00:00,-0.0
2021-11-23 13:00:00+00:00,-0.0
2021-11-23 14:00:00+00:00,-0.0
2021-11-23 15:00:00+00:00,-0.0
2021-11-23 16:00:00+00:00,-0.0
2021-11-23 17:00:00+00:00,-0.0
2021-11-23 18:00:00+00:00,-0.0
2021-11-23 19:00:00+00:00,-0.0
2021-11-23 20:00:00+00:00,-0.0
2021-11-23 21:00:00+00:00,-0.0
2021-11-23 22:00:00+00:00,-0.0
2021-11-23 23:00:00+00:00,-0.0
2021-11-24 00:00:00+00:00,-0.0
2021-11-24 01:00:00+00:00,-0.0
2021-11-24 02:00:00+00:00,0.9955709809861617
2021-11-24 03:00:00+00:00,-0.0
2021-11-24 04:00:00+00:00,-0.0
2021-11-24 05:00:00+00:00,-0.0
2021-11-24 06:00:00+00:00,-0.0
2021-11-24 07:00:00+00:00,-0.0
2021-11-24 08:00:00+00:00,-0.0
2021-11-24 09:00:00+00:00,-0.0
2021-11-24 10:00:00+00:00,-0.0
2021-11-24 11:00:00+00:00,-0.0
2021-11-24 12:00:00+00:00,-0.0
2021-11-24 13:00:00+00:00,-0.0
2021-11-24 14:00:00+00:00,-0.0
2021-11-24 15:00:00+00:00,-0.0
2021-11-24 16:00:00+00:00,-0.0
2021-11-24 17:00:00+00:00,-0.0
2021-11-24 18:00:00+00:00,-0.0
2021-11-24 19:00:00+00:00,-0.0
2021-11-24 20:00:00+00:00,-0.0
2021-11-24 21:00:00+00:00,-0.0
2021-11-24 22:00:00+00:00,-0.0
2021-11-24 23:00:00+00:00,-0.0
2021-11-25 00:00:00+00:00,-0.0
2021-11-25 01:00:00+00:00,-0.0
2021-11-25 02:00:00+00:00,-0.0
2021-11-25 03:00:00+00:00,-0.0
2021-11-25 04:00:00+00:00,-0.0
2021-11-25 05:00:00+00:00,-0.0
2021-11-25 06:00:00+00:00,-0.0
2021-11-25 07:00:00+00:00,-0.0
2021-11-25 08:00:00+00:00,-0.0
2021-11-25 09:00:00+00:00,-0.0
2021-11-25 10:00:00+00:00,-0.0
2021-11-25 11:00:00+00:00,-0.0
2021-11-25 12:00:00+00:00,-0.0
2021-11-25 13:00:00+00:00,-0.0
2021-11-25 14:00:00+00:00,-0.0
2021-11-25 15:00:00+00:00,-0.0
2021-11-25 16:00:00+00:00,-0.0
2021-11-25 17:00:00+00:00,-0.0
2021-11-25 18:00:00+00:00,-0.0
2021-11-25 19:00:00+00:00,-0.0
2021-11-25 20:00:00+00:00,-0.0
2021-11-25 21:00:00+00:00,-0.0
2021-11-25 22:00:00+00:00,-0.0
2021-11-25 23:00:00+00:00,-0.0
2021-11-26 00:00:00+00:00,-0.0
2021-11-26 01:00:00+00:00,-0.0
2021-11-26 02:00:00+00:00,-0.0
2021-11-26 03:00:00+00:00,-0.0
2021-11-26 04:00:00+00:00,-0.0
2021-11-26 05:00:00+00:00,-0.0
2021-11-26 06:00:00+00:00,-0.0
2021-11-26 07:00:00+00:00,-0.0
2021-11-26 08:00:00+00:00,-0.0
2021-11-26 09:00:00+00:00,-0.0
2021-11-26 10:00:00+00:00,-0.0
2021-11-26 11:00:00+00:00,-0.0
2021-11-26 12:00:00+00:00,-0.0
2021-11-26 13:00:00+00:00,-0.0
2021-11-26 14:00:00+00:00,-0.0
2021-11-26 15:00:00+00:00,-0.0
2021-11-26 16:00:00+00:00,-0.0
2021-11-26 17:00:00+00:00,-0.0
2021-11-26 18:00:00+00:00,-0.0
2021-11-26 19:00:00+00:00,-0.0
2021-11-26 20:00:00+00:00,-0.0
2021-11-26 21:00:00+00:00,-0.0
2021-11-26 22:00:00+00:00,-0.0
2021-11-26 23:00:00+00:00,-0.0
2021-11-27 00:00:00+00:00,-0.0
2021-11-27 01:00:00+00:00,-0.0
2021-11-27 02:00:00+00:00,-0.0
2021-11-27 03:00:00+00:00,-0.0
2021-11-27 04:00:00+00:00,-0.0
2021-11-27 05:00:00+00:00,-0.0
2021-11-27 06:00:00+00:00,-0.0
2021-11-27 07:00:00+00:00,-0.0
2021-11-27 08:00:00+00:00,-0.0
2021-11-27 09:00:00+00:00,-0.0
2021-11-27 10:00:00+00:00,-0.0
2021-11-27 11:00:00+00:00,-0.0
2021-11-27 12:00:00+00:00,-0.0
2021-11-27 13:00:00+00:00,-0.0
2021-11-27 14:00:00+00:00,-0.0
2021-11-27 15:00:00+00:00,-0.0
2021-11-27 16:00:00+00:00,-0.0
2021-11-27 17:00:00+00:00,-0.0
2021-11-27 18:00:00+00:00,-0.0
2021-11-27 19:00:00+00:00,-0.0
2021-11-27 20:00:00+00:00,-0.0
2021-11-27 21:00:00+00:00,-0.0
2021-11-27 22:00:00+00:00,-0.0
2021-11-27 23:00:00+00:00,-0.0
2021-11-28 00:00:00+00:00,-0.0
2021-11-28 01:00:00+00:00,-0.0
2021-11-28 02:00:00+00:00,-0.0
2021-11-28 03:00:00+00:00,-0.0
2021-11-28 04:00:00+00:00,-0.0
2021-11-28 05:00:00+00:00,-0.0
2021-11-28 06:00:00+00:00,-0.0
2021-11-28 07:00:00+00:00,-0.0
2021-11-28 08:00:00+00:00,-0.0
2021-11-28 09:00:00+00:00,-0.0
2021-11-28 10:00:00+00:00,-0.0
2021-11-28 11:00:00+00:00,-0.0
2021-11-28 12:00:00+00:00,-0.0
2021-11-28 13:00:00+00:00,-0.0
2021-11-28 14:00:00+00:00,-0.0
2021-11-28 15:00:00+00:00,-0.0
2021-11-28 16:00:00+00:00,-0.0
2021-11-28 17:00:00+00:00,-0.0
2021-11-28 18:00:00+00:00,-0.0
2021-11-28 19:00:00+00:00,-0.0
2021-11-28 20:00:00+00:00,-0.0
2021-11-28 21:00:00+00:00,-0.0
2021-11-28 22:00:00+00:00,-0.0
2021-11-28 23:00:00+00:00,-0.0
2021-11-29 00:00:00+00:00,-0.0
2021-11-29 01:00:00+00:00,-0.0
2021-11-29 02:00:00+00:00,-0.0
2021-11-29 03:00:00+00:00,-0.0
2021-11-29 04:00:00+00:00,-0.0
2021-11-29 05:00:00+00:00,-0.0
2021-11-29 06:00:00+00:00,-0.0
2021-11-29 07:00:00+00:00,-0.0
2021-11-29 08:00:00+00:00,-0.0
2021-11-29 09:00:00+00:00,-0.0
2021-11-29 10:00:00+00:00,-0.0
2021-11-29 11:00:00+00:00,-0.0
2021-11-29 12:00:00+00:00,-0.0
2021-11-29 13:00:00+00:00,-0.0
2021-11-29 14:00:00+00:00,-0.0
2021-11-29 15:00:00+00:00,-0.0
2021-11-29 16:00:00+00:00,-0.0
2021-11-29 17:00:00+00:00,-0.0
2021-11-29 18:00:00+00:00,-0.0
2021-11-29 19:00:00+00:00,-0.0
2021-11-29 20:00:00+00:00,-0.0
2021-11-29 21:00:00+00:00,-0.0
2021-11-29 22:00:00+00:00,-0.0
2021-11-29 23:00:00+00:00,-0.0
2021-11-30 00:00:00+00:00,-0.5328555024631355
2021-11-30 01:00:00+00:00,-0.0
2021-11-30 02:00:00+00:00,-0.0
2021-11-30 03:00:00+00:00,-0.0
2021-11-30 04:00:00+00:00,-0.0
2021-11-30 05:00:00+00:00,-0.0
2021-11-30 06:00:00+00:00,-0.0
2021-11-30 07:00:00+00:00,-0.0
2021-11-30 08:00:00+00:00,-0.0
2021-11-30 09:00:00+00:00,-0.0
2021-11-30 10:00:00+00:00,-0.0
2021-11-30 11:00:00+00:00,-0.0
2021-11-30 12:00:00+00:00,-0.0
2021-11-30 13:00:00+00:00,-0.0
2021-11-30 14:00:00+00:00,-0.0
2021-11-30 15:00:00+00:00,-0.0
2021-11-30 16:00:00+00:00,-0.0
2021-11-30 17:00:00+00:00,-0.0
2021-11-30 18:00:00+00:00,-0.0
2021-11-30 19:00:00+00:00,-0.0
2021-11-30 20:00:00+00:00,-0.0
2021-11-30 21:00:00+00:00,-0.0
2021-11-30 22:00:00+00:00,-0.0
2021-11-30 23:00:00+00:00,-0.0
2021-12-01 00:00:00+00:00,-0.0
2021-12-01 01:00:00+00:00,-0.0
2021-12-01 02:00:00+00:00,-0.0
2021-12-01 03:00:00+00:00,-0.0
2021-12-01 04:00:00+00:00,-0.0
2021-12-01 05:00:00+00:00,-0.0
2021-12-01 06:00:00+00:00,-0.0
2021-12-01 07:00:00+00:00,-0.0
2021-12-01 08:00:00+00:00,-0.0
2021-12-01 09:00:00+00:00,-0.0
2021-12-01 10:00:00+00:00,-0.0
2021-12-01 11:00:00+00:00,-0.0
2021-12-01 12:00:00+00:00,-0.0
2021-12-01 13:00:00+00:00,-0.0
2021-12-01 14:00:00+00:00,-0.0
2021-12-01 15:00:00+00:00,-0.0
2021-12-01 16:00:00+00:00,-0.0
2021-12-01 17:00:00+00:00,-0.0
2021-12-01 18:00:00+00:00,-0.0
2021-12-01 19:00:00+00:00,-0.0
2021-12-01 20:00:00+00:00,-0.0
2021-12-01 21:00:00+00:00,-0.0
2021-12-01 22:00:00+00:00,-0.0
2021-12-01 23:00:00+00:00,-0.0
2021-12-02 00:00:00+00:00,-0.0
2021-12-02 01:00:00+00:00,-0.0
2021-12-02 02:00:00+00:00,-0.0
2021-12-02 03:00:00+00:00,-0.0
2021-12-02 04:00:00+00:00,-0.0
2021-12-02 05:00:00+00:00,-0.0
2021-12-02 06:00:00+00:00,-0.0
2021-12-02 07:00:00+00:00,-0.0
2021-12-02 08:00:00+00:00,-0.0
2021-12-02 09:00:00+00:00,-0.0
2021-12-02 10:00:00+00:00,-0.0
2021-12-02 11:00:00+00:00,-0.0
2021-12-02 12:00:00+00:00,-0.0
2021-12-02 13:00:00+00:00,-0.0
2021-12-02 14:00:00+00:00,-0.0
2021-12-02 15:00:00+00:00,-0.0
2021-12-02 16:00:00+00:00,-0.0
2021-12-02 17:00:00+00:00,-0.0
2021-12-02 18:00:00+00:00,-0.0
2021-12-02 19:00:00+00:00,-0.0
2021-12-02 20:00:00+00:00,-0.0
2021-12-02 21:00:00+00:00,-1.1729814891463426
2021-12-02 22:00:00+00:00,0.0
2021-12-02 23:00:00+00:00,0.0
2021-12-03 00:00:00+00:00,0.0
2021-12-03 01:00:00+00:00,0.0
2021-12-03 02:00:00+00:00,0.0
2021-12-03 03:00:00+00:00,0.0
2021-12-03 04:00:00+00:00,0.0
2021-12-03 05:00:00+00:00,0.0
2021-12-03 06:00:00+00:00,0.0
2021-12-03 07:00:00+00:00,7.031087557070415
2021-12-03 08:00:00+00:00,0.0
2021-12-03 09:00:00+00:00,0.0
2021-12-03 10:00:00+00:00,0.0
2021-12-03 11:00:00+00:00,0.0
2021-12-03 12:00:00+00:00,0.0
2021-12-03 13:00:00+00:00,0.0
2021-12-03 14:00:00+00:00,0.0
2021-12-03 15:00:00+00:00,0.6751826918246616
2021-12-03 16:00:00+00:00,0.14180606010949076
2021-12-03 17:00:00+00:00,0.0
2021-12-03 18:00:00+00:00,-0.2411033000302676
2021-12-03 19:00:00+00:00,0.0
2021-12-03 20:00:00+00:00,0.16599904060617313
2021-12-03 21:00:00+00:00,0.0
2021-12-03 22:00:00+00:00,0.0
2021-12-03 23:00:00+00:00,0.0
2021-12-04 00:00:00+00:00,-0.3363529316560343
2021-12-04 01:00:00+00:00,0.0
2021-12-04 02:00:00+00:00,0.0
2021-12-04 03:00:00+00:00,0.0
2021-12-04 04:00:00+00:00,-1.1418697171324508
2021-12-04 05:00:00+00:00,-0.0
2021-12-04 06:00:00+00:00,-0.0
2021-12-04 07:00:00+00:00,-0.0
2021-12-04 08:00:00+00:00,-0.0
2021-12-04 09:00:00+00:00,-0.0
2021-12-04 10:00:00+00:00,-0.0
2021-12-04 11:00:00+00:00,-0.0
2021-12-04 12:00:00+00:00,-0.0
2021-12-04 13:00:00+00:00,-0.0
2021-12-04 14:00:00+00:00,-0.0
2021-12-04 15:00:00+00:00,-0.0
2021-12-04 16:00:00+00:00,-0.0
2021-12-04 17:00:00+00:00,-0.0
2021-12-04 18:00:00+00:00,-0.0
2021-12-04 19:00:00+00:00,-0.0
2021-12-04 20:00:00+00:00,-0.0
2021-12-04 21:00:00+00:00,-0.0
2021-12-04 22:00:00+00:00,-0.0
2021-12-04 23:00:00+00:00,-0.0
2021-12-05 00:00:00+00:00,-0.0
2021-12-05 01:00:00+00:00,-0.0
2021-12-05 02:00:00+00:00,-0.0
2021-12-05 03:00:00+00:00,-0.0
2021-12-05 04:00:00+00:00,-0.0
2021-12-05 05:00:00+00:00,-0.0
2021-12-05 06:00:00+00:00,-0.0
2021-12-05 07:00:00+00:00,-0.0
2021-12-05 08:00:00+00:00,-0.0
2021-12-05 09:00:00+00:00,-0.0
2021-12-05 10:00:00+00:00,-0.0
2021-12-05 11:00:00+00:00,-0.0
2021-12-05 12:00:00+00:00,-0.0
2021-12-05 13:00:00+00:00,-0.0
2021-12-05 14:00:00+00:00,7.275725409297657
2021-12-05 15:00:00+00:00,-0.0
2021-12-05 16:00:00+00:00,-0.0
2021-12-05 17:00:00+00:00,-0.0
2021-12-05 18:00:00+00:00,-0.0
2021-12-05 19:00:00+00:00,-0.0
2021-12-05 20:00:00+00:00,-0.0
2021-12-05 21:00:00+00:00,-0.0
2021-12-05 22:00:00+00:00,-0.0
2021-12-05 23:00:00+00:00,-0.0
2021-12-06 00:00:00+00:00,-0.0
2021-12-06 01:00:00+00:00,-0.0
2021-12-06 02:00:00+00:00,-0.0
2021-12-06 03:00:00+00:00,-0.0
2021-12-06 04:00:00+00:00,-0.0
2021-12-06 05:00:00+00:00,-0.0
2021-12-06 06:00:00+00:00,-0.0
2021-12-06 07:00:00+00:00,-0.0
2021-12-06 08:00:00+00:00,-0.0
2021-12-06 09:00:00+00:00,-0.0
2021-12-06 10:00:00+00:00,-0.0
2021-12-06 11:00:00+00:00,-0.0
2021-12-06 12:00:00+00:00,-0.0
2021-12-06 13:00:00+00:00,-0.0
2021-12-06 14:00:00+00:00,-0.0
2021-12-06 15:00:00+00:00,-0.0
2021-12-06 16:00:00+00:00,-0.0
2021-12-06 17:00:00+00:00,-0.0
2021-12-06 18:00:00+00:00,-0.0
2021-12-06 19:00:00+00:00,-0.0
2021-12-06 20:00:00+00:00,-0.0
2021-12-06 21:00:00+00:00,-0.0
2021-12-06 22:00:00+00:00,-0.0
2021-12-06 23:00:00+00:00,-0.0
2021-12-07 00:00:00+00:00,-0.0
2021-12-07 01:00:00+00:00,-0.0
2021-12-07 02:00:00+00:00,-0.0
2021-12-07 03:00:00+00:00,-0.0
2021-12-07 04:00:00+00:00,-0.0
2021-12-07 05:00:00+00:00,-0.0
2021-12-07 06:00:00+00:00,-0.0
2021-12-07 07:00:00+00:00,-0.0
2021-12-07 08:00:00+00:00,-0.0
2021-12-07 09:00:00+00:00,-0.0
2021-12-07 10:00:00+00:00,-0.0
2021-12-07 11:00:00+00:00,-0.0
2021-12-07 12:00:00+00:00,-0.0
2021-12-07 13:00:00+00:00,-0.0
2021-12-07 14:00:00+00:00,-0.0
2021-12-07 15:00:00+00:00,-0.0
2021-12-07 16:00:00+00:00,-0.0
2021-12-07 17:00:00+00:00,-0.0
2021-12-07 18:00:00+00:00,-0.0
2021-12-07 19:00:00+00:00,-0.0
2021-12-07 20:00:00+00:00,-0.0
2021-12-07 21:00:00+00:00,-0.0
2021-12-07 22:00:00+00:00,-0.0
2021-12-07 23:00:00+00:00,-0.0
2021-12-08 00:00:00+00:00,-0.0
2021-12-08 01:00:00+00:00,-0.0
2021-12-08 02:00:00+00:00,-0.0
2021-12-08 03:00:00+00:00,-0.0
2021-12-08 04:00:00+00:00,-0.0
2021-12-08 05:00:00+00:00,-0.0
2021-12-08 06:00:00+00:00,-0.0
2021-12-08 07:00:00+00:00,-0.0
2021-12-08 08:00:00+00:00,-0.0
2021-12-08 09:00:00+00:00,-0.0
2021-12-08 10:00:00+00:00,-0.0
2021-12-08 11:00:00+00:00,0.29829610758235614
2021-12-08 12:00:00+00:00,-0.0
2021-12-08 13:00:00+00:00,-0.0
2021-12-08 14:00:00+00:00,-0.0
2021-12-08 15:00:00+00:00,-0.0
2021-12-08 16:00:00+00:00,-0.0
2021-12-08 17:00:00+00:00,-0.0
2021-12-08 18:00:00+00:00,-0.0
2021-12-08 19:00:00+00:00,-0.0
2021-12-08 20:00:00+00:00,-0.0
2021-12-08 21:00:00+00:00,-0.0
2021-12-08 22:00:00+00:00,-0.0
2021-12-08 23:00:00+00:00,-0.0
2021-12-09 00:00:00+00:00,-0.0
2021-12-09 01:00:00+00:00,-0.0
2021-12-09 02:00:00+00:00,-0.0
2021-12-09 03:00:00+00:00,-0.0
2021-12-09 04:00:00+00:00,-0.0
2021-12-09 05:00:00+00:00,-0.0
2021-12-09 06:00:00+00:00,-0.0
2021-12-09 07:00:00+00:00,-0.0
2021-12-09 08:00:00+00:00,-0.0
2021-12-09 09:00:00+00:00,-0.0
2021-12-09 10:00:00+00:00,-0.0
2021-12-09 11:00:00+00:00,-0.0
2021-12-09 12:00:00+00:00,-0.0
2021-12-09 13:00:00+00:00,-0.0
2021-12-09 14:00:00+00:00,-0.0
2021-12-09 15:00:00+00:00,-0.0
2021-12-09 16:00:00+00:00,-0.0
2021-12-09 17:00:00+00:00,-0.0
2021-12-09 18:00:00+00:00,-0.0
2021-12-09 19:00:00+00:00,-0.0
2021-12-09 20:00:00+00:00,-0.0
2021-12-09 21:00:00+00:00,-0.0
2021-12-09 22:00:00+00:00,-0.0
2021-12-09 23:00:00+00:00,-0.0
2021-12-10 00:00:00+00:00,-0.0
2021-12-10 01:00:00+00:00,-0.0
2021-12-10 02:00:00+00:00,-0.0
2021-12-10 03:00:00+00:00,-0.0
2021-12-10 04:00:00+00:00,-0.0
2021-12-10 05:00:00+00:00,-0.0
2021-12-10 06:00:00+00:00,-0.0
2021-12-10 07:00:00+00:00,-0.0
2021-12-10 08:00:00+00:00,-0.0
2021-12-10 09:00:00+00:00,-0.0
2021-12-10 10:00:00+00:00,-0.0
2021-12-10 11:00:00+00:00,-0.0
2021-12-10 12:00:00+00:00,-0.0
2021-12-10 13:00:00+00:00,-0.0
2021-12-10 14:00:00+00:00,0.28979202273780713
2021-12-10 15:00:00+00:00,-0.0
2021-12-10 16:00:00+00:00,-0.0
2021-12-10 17:00:00+00:00,-0.0
2021-12-10 18:00:00+00:00,-0.0
2021-12-10 19:00:00+00:00,-0.0
2021-12-10 20:00:00+00:00,-0.0
2021-12-10 21:00:00+00:00,-0.0
2021-12-10 22:00:00+00:00,-0.0
2021-12-10 23:00:00+00:00,-0.0
2021-12-11 00:00:00+00:00,-0.0
2021-12-11 01:00:00+00:00,-0.0
2021-12-11 02:00:00+00:00,-0.0
2021-12-11 03:00:00+00:00,-0.0
2021-12-11 04:00:00+00:00,-0.0
2021-12-11 05:00:00+00:00,-0.0
2021-12-11 06:00:00+00:00,-0.0
2021-12-11 07:00:00+00:00,-0.0
2021-12-11 08:00:00+00:00,-0.0
2021-12-11 09:00:00+00:00,-0.0
2021-12-11 10:00:00+00:00,-0.0
2021-12-11 11:00:00+00:00,-0.0
2021-12-11 12:00:00+00:00,-0.0
2021-12-11 13:00:00+00:00,-0.0
2021-12-11 14:00:00+00:00,-0.0
2021-12-11 15:00:00+00:00,-0.0
2021-12-11 16:00:00+00:00,-0.0
2021-12-11 17:00:00+00:00,-0.0
2021-12-11 18:00:00+00:00,-0.0
2021-12-11 19:00:00+00:00,-0.0
2021-12-11 20:00:00+00:00,-0.0
2021-12-11 21:00:00+00:00,-0.0
2021-12-11 22:00:00+00:00,-0.0
2021-12-11 23:00:00+00:00,-0.0
2021-12-12 00:00:00+00:00,-0.0
2021-12-12 01:00:00+00:00,-0.0
2021-12-12 02:00:00+00:00,-0.0
2021-12-12 03:00:00+00:00,-0.0
2021-12-12 04:00:00+00:00,-0.0
2021-12-12 05:00:00+00:00,-0.0
2021-12-12 06:00:00+00:00,-0.0
2021-12-12 07:00:00+00:00,-0.0
2021-12-12 08:00:00+00:00,-0.0
2021-12-12 09:00:00+00:00,-0.0
2021-12-12 10:00:00+00:00,-0.0
2021-12-12 11:00:00+00:00,-0.0
2021-12-12 12:00:00+00:00,-0.0
2021-12-12 13:00:00+00:00,-0.0
2021-12-12 14:00:00+00:00,-0.0
2021-12-12 15:00:00+00:00,-0.0
2021-12-12 16:00:00+00:00,-0.0
2021-12-12 17:00:00+00:00,-0.0
2021-12-12 18:00:00+00:00,-0.0
2021-12-12 19:00:00+00:00,-0.0
2021-12-12 20:00:00+00:00,-0.0
2021-12-12 21:00:00+00:00,-0.0
2021-12-12 22:00:00+00:00,-0.0
2021-12-12 23:00:00+00:00,-0.0
2021-12-13 00:00:00+00:00,-0.0
2021-12-13 01:00:00+00:00,-0.0
2021-12-13 02:00:00+00:00,-0.0
2021-12-13 03:00:00+00:00,-0.0
2021-12-13 04:00:00+00:00,-0.0
2021-12-13 05:00:00+00:00,-0.0
2021-12-13 06:00:00+00:00,-0.0
2021-12-13 07:00:00+00:00,-0.0
2021-12-13 08:00:00+00:00,-0.0
2021-12-13 09:00:00+00:00,-0.0
2021-12-13 10:00:00+00:00,-0.0
2021-12-13 11:00:00+00:00,-0.0
2021-12-13 12:00:00+00:00,-0.0
2021-12-13 13:00:00+00:00,-0.0
2021-12-13 14:00:00+00:00,-0.0
2021-12-13 15:00:00+00:00,-0.0
2021-12-13 16:00:00+00:00,-0.0
2021-12-13 17:00:00+00:00,-0.0
2021-12-13 18:00:00+00:00,-0.0
2021-12-13 19:00:00+00:00,-0.0
2021-12-13 20:00:00+00:00,-0.0
2021-12-13 21:00:00+00:00,-0.0
2021-12-13 22:00:00+00:00,-0.0
2021-12-13 23:00:00+00:00,-0.0
2021-12-14 00:00:00+00:00,-0.0
2021-12-14 01:00:00+00:00,-0.0
2021-12-14 02:00:00+00:00,-0.0
2021-12-14 03:00:00+00:00,-0.0
2021-12-14 04:00:00+00:00,-0.0
2021-12-14 05:00:00+00:00,-0.0
2021-12-14 06:00:00+00:00,-0.0
2021-12-14 07:00:00+00:00,-0.0
2021-12-14 08:00:00+00:00,-0.0
2021-12-14 09:00:00+00:00,-0.0
2021-12-14 10:00:00+00:00,-0.0
2021-12-14 11:00:00+00:00,-0.0
2021-12-14 12:00:00+00:00,-0.0
2021-12-14 13:00:00+00:00,-0.0
2021-12-14 14:00:00+00:00,-0.0
2021-12-14 15:00:00+00:00,-0.0
2021-12-14 16:00:00+00:00,-0.0
2021-12-14 17:00:00+00:00,-0.0
2021-12-14 18:00:00+00:00,-0.0
2021-12-14 19:00:00+00:00,-0.0
2021-12-14 20:00:00+00:00,-0.0
2021-12-14 21:00:00+00:00,-0.0
2021-12-14 22:00:00+00:00,-0.0
2021-12-14 23:00:00+00:00,-0.0
2021-12-15 00:00:00+00:00,-0.0
2021-12-15 01:00:00+00:00,-0.0
2021-12-15 02:00:00+00:00,-0.0
2021-12-15 03:00:00+00:00,-0.0
2021-12-15 04:00:00+00:00,-0.0
2021-12-15 05:00:00+00:00,-0.0
2021-12-15 06:00:00+00:00,-0.0
2021-12-15 07:00:00+00:00,-0.0
2021-12-15 08:00:00+00:00,-0.0
2021-12-15 09:00:00+00:00,-0.0
2021-12-15 10:00:00+00:00,-0.0
2021-12-15 11:00:00+00:00,-0.0
2021-12-15 12:00:00+00:00,-0.0
2021-12-15 13:00:00+00:00,-0.0
2021-12-15 14:00:00+00:00,0.2659974202412006
2021-12-15 15:00:00+00:00,-0.0
2021-12-15 16:00:00+00:00,-0.0
2021-12-15 17:00:00+00:00,-0.0
2021-12-15 18:00:00+00:00,-0.0
2021-12-15 19:00:00+00:00,-0.0
2021-12-15 20:00:00+00:00,-0.0
2021-12-15 21:00:00+00:00,-0.0
2021-12-15 22:00:00+00:00,-0.0
2021-12-15 23:00:00+00:00,-0.0
2021-12-16 00:00:00+00:00,-0.0
2021-12-16 01:00:00+00:00,-0.0
2021-12-16 02:00:00+00:00,-0.0
2021-12-16 03:00:00+00:00,-0.0
2021-12-16 04:00:00+00:00,-0.0
2021-12-16 05:00:00+00:00,-0.0
2021-12-16 06:00:00+00:00,-0.0
2021-12-16 07:00:00+00:00,-0.0
2021-12-16 08:00:00+00:00,-0.0
2021-12-16 09:00:00+00:00,-0.0
2021-12-16 10:00:00+00:00,-0.0
2021-12-16 11:00:00+00:00,-0.0
2021-12-16 12:00:00+00:00,-0.0
2021-12-16 13:00:00+00:00,-0.0
2021-12-16 14:00:00+00:00,-0.0
2021-12-16 15:00:00+00:00,-0.0
2021-12-16 16:00:00+00:00,-0.0
2021-12-16 17:00:00+00:00,-0.0
2021-12-16 18:00:00+00:00,-0.0
2021-12-16 19:00:00+00:00,-0.0
2021-12-16 20:00:00+00:00,-0.0
2021-12-16 21:00:00+00:00,-0.0
2021-12-16 22:00:00+00:00,-0.0
2021-12-16 23:00:00+00:00,-0.0
2021-12-17 00:00:00+00:00,-0.0
2021-12-17 01:00:00+00:00,-0.0
2021-12-17 02:00:00+00:00,-0.0
2021-12-17 03:00:00+00:00,-0.0
2021-12-17 04:00:00+00:00,-0.0
2021-12-17 05:00:00+00:00,-0.0
2021-12-17 06:00:00+00:00,-0.0
2021-12-17 07:00:00+00:00,-0.0
2021-12-17 08:00:00+00:00,-0.0
2021-12-17 09:00:00+00:00,-0.0
2021-12-17 10:00:00+00:00,-0.0
2021-12-17 11:00:00+00:00,-0.0
2021-12-17 12:00:00+00:00,-0.0
2021-12-17 13:00:00+00:00,-0.0
2021-12-17 14:00:00+00:00,-0.0
2021-12-17 15:00:00+00:00,-0.0
2021-12-17 16:00:00+00:00,-0.0
2021-12-17 17:00:00+00:00,-0.0
2021-12-17 18:00:00+00:00,-0.0
2021-12-17 19:00:00+00:00,-0.0
2021-12-17 20:00:00+00:00,-0.0
2021-12-17 21:00:00+00:00,-0.0
2021-12-17 22:00:00+00:00,-0.0
2021-12-17 23:00:00+00:00,-0.0
2021-12-18 00:00:00+00:00,-0.0
2021-12-18 01:00:00+00:00,-0.0
2021-12-18 02:00:00+00:00,-0.0
2021-12-18 03:00:00+00:00,-0.0
2021-12-18 04:00:00+00:00,-0.0
2021-12-18 05:00:00+00:00,-0.0
2021-12-18 06:00:00+00:00,-0.0
2021-12-18 07:00:00+00:00,-0.0
2021-12-18 08:00:00+00:00,-0.0
2021-12-18 09:00:00+00:00,-0.0
2021-12-18 10:00:00+00:00,-0.0
2021-12-18 11:00:00+00:00,-0.0
2021-12-18 12:00:00+00:00,-0.0
2021-12-18 13:00:00+00:00,-0.0
2021-12-18 14:00:00+00:00,-0.0
2021-12-18 15:00:00+00:00,-0.0
2021-12-18 16:00:00+00:00,-0.0
2021-12-18 17:00:00+00:00,-0.0
2021-12-18 18:00:00+00:00,-0.0
2021-12-18 19:00:00+00:00,-0.0
2021-12-18 20:00:00+00:00,-0.0
2021-12-18 21:00:00+00:00,-0.0
2021-12-18 22:00:00+00:00,-0.0
2021-12-18 23:00:00+00:00,-0.0
2021-12-19 00:00:00+00:00,-0.0
2021-12-19 01:00:00+00:00,-0.0
2021-12-19 02:00:00+00:00,-0.0
2021-12-19 03:00:00+00:00,-0.0
2021-12-19 04:00:00+00:00,-0.0
2021-12-19 05:00:00+00:00,-0.0
2021-12-19 06:00:00+00:00,-0.0
2021-12-19 07:00:00+00:00,-0.0
2021-12-19 08:00:00+00:00,-0.0
2021-12-19 09:00:00+00:00,-0.0
2021-12-19 10:00:00+00:00,-0.0
2021-12-19 11:00:00+00:00,-0.0
2021-12-19 12:00:00+00:00,-0.0
2021-12-19 13:00:00+00:00,-0.0
2021-12-19 14:00:00+00:00,-0.0
2021-12-19 15:00:00+00:00,-0.0
2021-12-19 16:00:00+00:00,-0.0
2021-12-19 17:00:00+00:00,0.14625587317740446
2021-12-19 18:00:00+00:00,-0.0
2021-12-19 19:00:00+00:00,-0.0
2021-12-19 20:00:00+00:00,-0.0
2021-12-19 21:00:00+00:00,-0.0
2021-12-19 22:00:00+00:00,-0.0
2021-12-19 23:00:00+00:00,-0.0
2021-12-20 00:00:00+00:00,-0.0
2021-12-20 01:00:00+00:00,-0.0
2021-12-20 02:00:00+00:00,-0.0
2021-12-20 03:00:00+00:00,-0.0
2021-12-20 04:00:00+00:00,-0.0
2021-12-20 05:00:00+00:00,-0.0
2021-12-20 06:00:00+00:00,-0.0
2021-12-20 07:00:00+00:00,-0.0
2021-12-20 08:00:00+00:00,-0.0
2021-12-20 09:00:00+00:00,-0.0
2021-12-20 10:00:00+00:00,-0.0
2021-12-20 11:00:00+00:00,-0.0
2021-12-20 12:00:00+00:00,-0.0
2021-12-20 13:00:00+00:00,-0.0
2021-12-20 14:00:00+00:00,-0.0
2021-12-20 15:00:00+00:00,-0.0
2021-12-20 16:00:00+00:00,-0.0
2021-12-20 17:00:00+00:00,-0.0
2021-12-20 18:00:00+00:00,-0.0
2021-12-20 19:00:00+00:00,-0.0
2021-12-20 20:00:00+00:00,-0.0
2021-12-20 21:00:00+00:00,-0.0
2021-12-20 22:00:00+00:00,-0.0
2021-12-20 23:00:00+00:00,-0.0
2021-12-21 00:00:00+00:00,-0.0
2021-12-21 01:00:00+00:00,-0.0
2021-12-21 02:00:00+00:00,-0.0
2021-12-21 03:00:00+00:00,-0.0
2021-12-21 04:00:00+00:00,-0.0
2021-12-21 05:00:00+00:00,-0.0
2021-12-21 06:00:00+00:00,-0.0
2021-12-21 07:00:00+00:00,-0.0
2021-12-21 08:00:00+00:00,-0.0
2021-12-21 09:00:00+00:00,-0.0
2021-12-21 10:00:00+00:00,-0.0
2021-12-21 11:00:00+00:00,-0.0
2021-12-21 12:00:00+00:00,-0.0
2021-12-21 13:00:00+00:00,-0.0
2021-12-21 14:00:00+00:00,-0.0
2021-12-21 15:00:00+00:00,-0.0
2021-12-21 16:00:00+00:00,-0.0
2021-12-21 17:00:00+00:00,-0.0
2021-12-21 18:00:00+00:00,-0.0
2021-12-21 19:00:00+00:00,-0.0
2021-12-21 20:00:00+00:00,-0.0
2021-12-21 21:00:00+00:00,-0.0
2021-12-21 22:00:00+00:00,-0.0
2021-12-21 23:00:00+00:00,-0.0
2021-12-22 00:00:00+00:00,-0.0
2021-12-22 01:00:00+00:00,-0.0
2021-12-22 02:00:00+00:00,-0.23627870101596182
2021-12-22 03:00:00+00:00,-0.0
2021-12-22 04:00:00+00:00,-0.0
2021-12-22 05:00:00+00:00,-0.0
2021-12-22 06:00:00+00:00,-0.0
2021-12-22 07:00:00+00:00,-0.0
2021-12-22 08:00:00+00:00,-0.0
2021-12-22 09:00:00+00:00,-0.0
2021-12-22 10:00:00+00:00,-0.0
2021-12-22 11:00:00+00:00,-0.0
2021-12-22 12:00:00+00:00,-0.0
2021-12-22 13:00:00+00:00,-0.2709400447137285
2021-12-22 14:00:00+00:00,-0.0
2021-12-22 15:00:00+00:00,-0.35678475629819945
2021-12-22 16:00:00+00:00,-0.0
2021-12-22 17:00:00+00:00,-0.0
2021-12-22 18:00:00+00:00,-0.0
2021-12-22 19:00:00+00:00,-0.0
2021-12-22 20:00:00+00:00,-0.0
2021-12-22 21:00:00+00:00,-0.0
2021-12-22 22:00:00+00:00,-0.0
2021-12-22 23:00:00+00:00,-0.0
2021-12-23 00:00:00+00:00,-0.0
2021-12-23 01:00:00+00:00,-0.0
2021-12-23 02:00:00+00:00,-0.0
2021-12-23 03:00:00+00:00,-0.0
2021-12-23 04:00:00+00:00,-0.0
2021-12-23 05:00:00+00:00,-0.0
2021-12-23 06:00:00+00:00,-0.0
2021-12-23 07:00:00+00:00,-0.0
2021-12-23 08:00:00+00:00,-0.0
2021-12-23 09:00:00+00:00,-0.0
2021-12-23 10:00:00+00:00,-0.0
2021-12-23 11:00:00+00:00,-0.0
2021-12-23 12:00:00+00:00,-0.0
2021-12-23 13:00:00+00:00,-0.0
2021-12-23 14:00:00+00:00,-0.0
2021-12-23 15:00:00+00:00,-0.0
2021-12-23 16:00:00+00:00,-0.0
2021-12-23 17:00:00+00:00,-0.0
2021-12-23 18:00:00+00:00,-0.0
2021-12-23 19:00:00+00:00,-0.0
2021-12-23 20:00:00+00:00,-0.0
2021-12-23 21:00:00+00:00,-0.0
2021-12-23 22:00:00+00:00,-0.0
2021-12-23 23:00:00+00:00,-0.0
2021-12-24 00:00:00+00:00,-0.0
2021-12-24 01:00:00+00:00,-0.0
2021-12-24 02:00:00+00:00,-0.0
2021-12-24 03:00:00+00:00,-0.0
2021-12-24 04:00:00+00:00,-0.0
2021-12-24 05:00:00+00:00,-0.0
2021-12-24 06:00:00+00:00,-0.0
2021-12-24 07:00:00+00:00,-0.0
2021-12-24 08:00:00+00:00,-0.0
2021-12-24 09:00:00+00:00,-0.9307282984691403
2021-12-24 10:00:00+00:00,-0.0
2021-12-24 11:00:00+00:00,-0.0
2021-12-24 12:00:00+00:00,-0.0
2021-12-24 13:00:00+00:00,-0.0
2021-12-24 14:00:00+00:00,-0.0
2021-12-24 15:00:00+00:00,-0.0
2021-12-24 16:00:00+00:00,-0.0
2021-12-24 17:00:00+00:00,-0.0
2021-12-24 18:00:00+00:00,-0.0
2021-12-24 19:00:00+00:00,-0.0
2021-12-24 20:00:00+00:00,-0.0
2021-12-24 21:00:00+00:00,-0.0
2021-12-24 22:00:00+00:00,-0.0
2021-12-24 23:00:00+00:00,-0.0
2021-12-25 00:00:00+00:00,-0.0
2021-12-25 01:00:00+00:00,-0.0
2021-12-25 02:00:00+00:00,-0.0
2021-12-25 03:00:00+00:00,-0.0
2021-12-25 04:00:00+00:00,-0.0
2021-12-25 05:00:00+00:00,-0.0
2021-12-25 06:00:00+00:00,-0.0
2021-12-25 07:00:00+00:00,-0.0
2021-12-25 08:00:00+00:00,-0.0
2021-12-25 09:00:00+00:00,-0.0
2021-12-25 10:00:00+00:00,-0.0
2021-12-25 11:00:00+00:00,-0.0
2021-12-25 12:00:00+00:00,-0.0
2021-12-25 13:00:00+00:00,-0.0
2021-12-25 14:00:00+00:00,-0.0
2021-12-25 15:00:00+00:00,-0.0
2021-12-25 16:00:00+00:00,-0.0
2021-12-25 17:00:00+00:00,-0.0
2021-12-25 18:00:00+00:00,-0.0
2021-12-25 19:00:00+00:00,-0.0
2021-12-25 20:00:00+00:00,-0.0
2021-12-25 21:00:00+00:00,-0.0
2021-12-25 22:00:00+00:00,-0.0
2021-12-25 23:00:00+00:00,-0.0
2021-12-26 00:00:00+00:00,-0.0
2021-12-26 01:00:00+00:00,-0.0
2021-12-26 02:00:00+00:00,-0.0
2021-12-26 03:00:00+00:00,4.607623686785562
2021-12-26 04:00:00+00:00,-0.0
2021-12-26 05:00:00+00:00,-0.0
2021-12-26 06:00:00+00:00,-0.0
2021-12-26 07:00:00+00:00,-0.0
2021-12-26 08:00:00+00:00,-0.0
2021-12-26 09:00:00+00:00,-0.0
2021-12-26 10:00:00+00:00,-2.4170882517087855
2021-12-26 11:00:00+00:00,0.0
2021-12-26 12:00:00+00:00,0.0
2021-12-26 13:00:00+00:00,0.0
2021-12-26 14:00:00+00:00,0.0
2021-12-26 15:00:00+00:00,0.0
2021-12-26 16:00:00+00:00,0.0
2021-12-26 17:00:00+00:00,0.0
2021-12-26 18:00:00+00:00,0.0
2021-12-26 19:00:00+00:00,0.0
2021-12-26 20:00:00+00:00,0.0
2021-12-26 21:00:00+00:00,0.0
2021-12-26 22:00:00+00:00,0.0
2021-12-26 23:00:00+00:00,0.0
2021-12-27 00:00:00+00:00,0.0
2021-12-27 01:00:00+00:00,0.0
2021-12-27 02:00:00+00:00,0.0
2021-12-27 03:00:00+00:00,0.0
2021-12-27 04:00:00+00:00,0.0
2021-12-27 05:00:00+00:00,0.0
2021-12-27 06:00:00+00:00,0.0
2021-12-27 07:00:00+00:00,0.0
2021-12-27 08:00:00+00:00,0.0
2021-12-27 09:00:00+00:00,0.0
2021-12-27 10:00:00+00:00,0.0
2021-12-27 11:00:00+00:00,0.0
2021-12-27 12:00:00+00:00,0.0
2021-12-27 13:00:00+00:00,0.0
2021-12-27 14:00:00+00:00,0.0
2021-12-27 15:00:00+00:00,0.0
2021-12-27 16:00:00+00:00,0.0
2021-12-27 17:00:00+00:00,0.0
2021-12-27 18:00:00+00:00,0.0
2021-12-27 19:00:00+00:00,0.0
2021-12-27 20:00:00+00:00,0.0
2021-12-27 21:00:00+00:00,0.0
2021-12-27 22:00:00+00:00,-0.8988607927041798
2021-12-27 23:00:00+00:00,0.0
2021-12-28 00:00:00+00:00,0.0
2021-12-28 01:00:00+00:00,0.0
2021-12-28 02:00:00+00:00,0.0
2021-12-28 03:00:00+00:00,0.0
2021-12-28 04:00:00+00:00,0.0
2021-12-28 05:00:00+00:00,0.0
2021-12-28 06:00:00+00:00,0.0
2021-12-28 07:00:00+00:00,0.0
2021-12-28 08:00:00+00:00,0.0
2021-12-28 09:00:00+00:00,0.0
2021-12-28 10:00:00+00:00,0.0
2021-12-28 11:00:00+00:00,0.0
2021-12-28 12:00:00+00:00,0.0
2021-12-28 13:00:00+00:00,0.0
2021-12-28 14:00:00+00:00,0.0
2021-12-28 15:00:00+00:00,0.0
2021-12-28 16:00:00+00:00,0.0
2021-12-28 17:00:00+00:00,0.0
2021-12-28 18:00:00+00:00,0.0
2021-12-28 19:00:00+00:00,0.0
2021-12-28 20:00:00+00:00,0.0
2021-12-28 21:00:00+00:00,0.0
2021-12-28 22:00:00+00:00,0.0
2021-12-28 23:00:00+00:00,0.0
2021-12-29 00:00:00+00:00,0.0
2021-12-29 01:00:00+00:00,0.0
2021-12-29 02:00:00+00:00,0.0
2021-12-29 03:00:00+00:00,0.0
2021-12-29 04:00:00+00:00,0.0
2021-12-29 05:00:00+00:00,0.0
2021-12-29 06:00:00+00:00,0.0
2021-12-29 07:00:00+00:00,0.0
2021-12-29 08:00:00+00:00,0.0
2021-12-29 09:00:00+00:00,0.0
2021-12-29 10:00:00+00:00,0.0
2021-12-29 11:00:00+00:00,0.0
2021-12-29 12:00:00+00:00,0.0
2021-12-29 13:00:00+00:00,0.0
2021-12-29 14:00:00+00:00,0.0
2021-12-29 15:00:00+00:00,0.0
2021-12-29 16:00:00+00:00,0.0
2021-12-29 17:00:00+00:00,0.0
2021-12-29 18:00:00+00:00,0.0
2021-12-29 19:00:00+00:00,0.0
2021-12-29 20:00:00+00:00,0.0
2021-12-29 21:00:00+00:00,0.0
2021-12-29 22:00:00+00:00,0.0
2021-12-29 23:00:00+00:00,0.0
2021-12-30 00:00:00+00:00,0.0
2021-12-30 01:00:00+00:00,0.0
2021-12-30 02:00:00+00:00,0.0
2021-12-30 03:00:00+00:00,0.0
2021-12-30 04:00:00+00:00,0.0
2021-12-30 05:00:00+00:00,0.0
2021-12-30 06:00:00+00:00,0.0
2021-12-30 07:00:00+00:00,0.0
2021-12-30 08:00:00+00:00,0.0
2021-12-30 09:00:00+00:00,0.0
2021-12-30 10:00:00+00:00,0.0
2021-12-30 11:00:00+00:00,0.0
2021-12-30 12:00:00+00:00,0.0
2021-12-30 13:00:00+00:00,0.0
2021-12-30 14:00:00+00:00,0.0
2021-12-30 15:00:00+00:00,0.0
2021-12-30 16:00:00+00:00,0.0
2021-12-30 17:00:00+00:00,0.0
2021-12-30 18:00:00+00:00,0.0
2021-12-30 19:00:00+00:00,0.0
2021-12-30 20:00:00+00:00,20.19626661513571
2021-12-30 21:00:00+00:00,0.0
2021-12-30 22:00:00+00:00,0.0
2021-12-30 23:00:00+00:00,0.0
2021-12-31 00:00:00+00:00,0.0
2021-12-31 01:00:00+00:00,0.0
2021-12-31 02:00:00+00:00,0.0
2021-12-31 03:00:00+00:00,0.0
2021-12-31 04:00:00+00:00,0.0
2021-12-31 05:00:00+00:00,0.0
2021-12-31 06:00:00+00:00,0.0
2021-12-31 07:00:00+00:00,0.0
2021-12-31 08:00:00+00:00,0.0
2021-12-31 09:00:00+00:00,0.0
2021-12-31 10:00:00+00:00,0.0
2021-12-31 11:00:00+00:00,0.0
2021-12-31 12:00:00+00:00,0.0
2021-12-31 13:00:00+00:00,0.0
2021-12-31 14:00:00+00:00,0.0
2021-12-31 15:00:00+00:00,0.0
2021-12-31 16:00:00+00:00,0.6171959914003873
2021-12-31 17:00:00+00:00,0.0
2021-12-31 18:00:00+00:00,0.0
2021-12-31 19:00:00+00:00,-0.3207554590079859
2021-12-31 20:00:00+00:00,0.0
2021-12-31 21:00:00+00:00,0.0
2021-12-31 22:00:00+00:00,0.0
2021-12-31 23:00:00+00:00,0.0
2022-01-01 00:00:00+00:00,0.0
2022-01-01 01:00:00+00:00,0.0
2022-01-01 02:00:00+00:00,0.0
2022-01-01 03:00:00+00:00,0.0
2022-01-01 04:00:00+00:00,0.0
2022-01-01 05:00:00+00:00,0.0
2022-01-01 06:00:00+00:00,0.0
2022-01-01 07:00:00+00:00,0.0
2022-01-01 08:00:00+00:00,0.0
2022-01-01 09:00:00+00:00,0.0
2022-01-01 10:00:00+00:00,0.0
2022-01-01 11:00:00+00:00,0.0
2022-01-01 12:00:00+00:00,0.0
2022-01-01 13:00:00+00:00,0.0
2022-01-01 14:00:00+00:00,0.8848153664765696
2022-01-01 15:00:00+00:00,0.0
2022-01-01 16:00:00+00:00,0.0
2022-01-01 17:00:00+00:00,0.0
2022-01-01 18:00:00+00:00,0.0
2022-01-01 19:00:00+00:00,0.0
2022-01-01 20:00:00+00:00,0.0
2022-01-01 21:00:00+00:00,0.0
2022-01-01 22:00:00+00:00,0.0
2022-01-01 23:00:00+00:00,0.0
2022-01-02 00:00:00+00:00,0.0
2022-01-02 01:00:00+00:00,0.0
2022-01-02 02:00:00+00:00,0.0
2022-01-02 03:00:00+00:00,0.0
2022-01-02 04:00:00+00:00,0.0
2022-01-02 05:00:00+00:00,0.0
2022-01-02 06:00:00+00:00,0.0
2022-01-02 07:00:00+00:00,0.02501494079209499
2022-01-02 08:00:00+00:00,0.0
2022-01-02 09:00:00+00:00,0.0
2022-01-02 10:00:00+00:00,0.0
2022-01-02 11:00:00+00:00,0.0
2022-01-02 12:00:00+00:00,0.0
2022-01-02 13:00:00+00:00,0.0
2022-01-02 14:00:00+00:00,0.0
2022-01-02 15:00:00+00:00,0.0
2022-01-02 16:00:00+00:00,0.0
2022-01-02 17:00:00+00:00,0.0
2022-01-02 18:00:00+00:00,0.0
2022-01-02 19:00:00+00:00,0.0
2022-01-02 20:00:00+00:00,0.0
2022-01-02 21:00:00+00:00,0.0
2022-01-02 22:00:00+00:00,0.0
2022-01-02 23:00:00+00:00,0.0
2022-01-03 00:00:00+00:00,0.0
2022-01-03 01:00:00+00:00,0.0
2022-01-03 02:00:00+00:00,0.0
2022-01-03 03:00:00+00:00,0.0
2022-01-03 04:00:00+00:00,0.0
2022-01-03 05:00:00+00:00,0.0
2022-01-03 06:00:00+00:00,0.0
2022-01-03 07:00:00+00:00,0.0
2022-01-03 08:00:00+00:00,0.0
2022-01-03 09:00:00+00:00,0.0
2022-01-03 10:00:00+00:00,0.0
2022-01-03 11:00:00+00:00,0.0
2022-01-03 12:00:00+00:00,0.0
2022-01-03 13:00:00+00:00,0.0
2022-01-03 14:00:00+00:00,0.0
2022-01-03 15:00:00+00:00,0.0
2022-01-03 16:00:00+00:00,0.0
2022-01-03 17:00:00+00:00,0.0
2022-01-03 18:00:00+00:00,0.0
2022-01-03 19:00:00+00:00,0.0
2022-01-03 20:00:00+00:00,0.0
2022-01-03 21:00:00+00:00,0.0
2022-01-03 22:00:00+00:00,0.0
2022-01-03 23:00:00+00:00,0.0
2022-01-04 00:00:00+00:00,0.0
2022-01-04 01:00:00+00:00,0.0
2022-01-04 02:00:00+00:00,0.0
2022-01-04 03:00:00+00:00,0.0
2022-01-04 04:00:00+00:00,0.0
2022-01-04 05:00:00+00:00,0.0
2022-01-04 06:00:00+00:00,0.0
2022-01-04 07:00:00+00:00,0.0
2022-01-04 08:00:00+00:00,0.0
2022-01-04 09:00:00+00:00,0.0
2022-01-04 10:00:00+00:00,0.0
2022-01-04 11:00:00+00:00,0.6069355536355336
2022-01-04 12:00:00+00:00,0.0
2022-01-04 13:00:00+00:00,0.0
2022-01-04 14:00:00+00:00,0.0
2022-01-04 15:00:00+00:00,0.0
2022-01-04 16:00:00+00:00,0.0
2022-01-04 17:00:00+00:00,0.0
2022-01-04 18:00:00+00:00,0.0
2022-01-04 19:00:00+00:00,0.0
2022-01-04 20:00:00+00:00,0.0
2022-01-04 21:00:00+00:00,0.0
2022-01-04 22:00:00+00:00,0.0
2022-01-04 23:00:00+00:00,0.0
2022-01-05 00:00:00+00:00,0.0
2022-01-05 01:00:00+00:00,0.0
2022-01-05 02:00:00+00:00,0.0
2022-01-05 03:00:00+00:00,0.0
2022-01-05 04:00:00+00:00,0.0
2022-01-05 05:00:00+00:00,0.0
2022-01-05 06:00:00+00:00,0.0
2022-01-05 07:00:00+00:00,0.0
2022-01-05 08:00:00+00:00,0.0
2022-01-05 09:00:00+00:00,0.0
2022-01-05 10:00:00+00:00,0.0
2022-01-05 11:00:00+00:00,0.0
2022-01-05 12:00:00+00:00,0.0
2022-01-05 13:00:00+00:00,0.0
2022-01-05 14:00:00+00:00,0.0
2022-01-05 15:00:00+00:00,0.0
2022-01-05 16:00:00+00:00,0.0
2022-01-05 17:00:00+00:00,-0.14736261398653608
2022-01-05 18:00:00+00:00,0.0
2022-01-05 19:00:00+00:00,0.0
2022-01-05 20:00:00+00:00,0.0
2022-01-05 21:00:00+00:00,0.0
2022-01-05 22:00:00+00:00,0.0
2022-01-05 23:00:00+00:00,0.0
2022-01-06 00:00:00+00:00,0.0
2022-01-06 01:00:00+00:00,0.0
2022-01-06 02:00:00+00:00,0.0
2022-01-06 03:00:00+00:00,0.0
2022-01-06 04:00:00+00:00,0.0
2022-01-06 05:00:00+00:00,0.0
2022-01-06 06:00:00+00:00,0.0
2022-01-06 07:00:00+00:00,0.0
2022-01-06 08:00:00+00:00,0.0
2022-01-06 09:00:00+00:00,0.0
2022-01-06 10:00:00+00:00,0.0
2022-01-06 11:00:00+00:00,0.0
2022-01-06 12:00:00+00:00,0.0
2022-01-06 13:00:00+00:00,0.0
2022-01-06 14:00:00+00:00,0.0
2022-01-06 15:00:00+00:00,0.0
2022-01-06 16:00:00+00:00,0.0
2022-01-06 17:00:00+00:00,0.0
2022-01-06 18:00:00+00:00,0.0
2022-01-06 19:00:00+00:00,0.0
2022-01-06 20:00:00+00:00,0.0
2022-01-06 21:00:00+00:00,0.0
2022-01-06 22:00:00+00:00,0.0
2022-01-06 23:00:00+00:00,0.0
2022-01-07 00:00:00+00:00,0.0
2022-01-07 01:00:00+00:00,0.0
2022-01-07 02:00:00+00:00,0.0
2022-01-07 03:00:00+00:00,0.0
2022-01-07 04:00:00+00:00,0.0
2022-01-07 05:00:00+00:00,0.0
2022-01-07 06:00:00+00:00,0.0
2022-01-07 07:00:00+00:00,0.0
2022-01-07 08:00:00+00:00,0.0
2022-01-07 09:00:00+00:00,0.0
2022-01-07 10:00:00+00:00,0.0
2022-01-07 11:00:00+00:00,0.0
2022-01-07 12:00:00+00:00,0.0
2022-01-07 13:00:00+00:00,0.0
2022-01-07 14:00:00+00:00,0.0
2022-01-07 15:00:00+00:00,0.0
2022-01-07 16:00:00+00:00,0.0
2022-01-07 17:00:00+00:00,0.0
2022-01-07 18:00:00+00:00,0.0
2022-01-07 19:00:00+00:00,0.0
2022-01-07 20:00:00+00:00,0.0
2022-01-07 21:00:00+00:00,0.0
2022-01-07 22:00:00+00:00,0.0
2022-01-07 23:00:00+00:00,0.0
2022-01-08 00:00:00+00:00,0.0
2022-01-08 01:00:00+00:00,0.0
2022-01-08 02:00:00+00:00,0.0
2022-01-08 03:00:00+00:00,0.0
2022-01-08 04:00:00+00:00,0.0
2022-01-08 05:00:00+00:00,0.0
2022-01-08 06:00:00+00:00,0.0
2022-01-08 07:00:00+00:00,0.0
2022-01-08 08:00:00+00:00,0.0
2022-01-08 09:00:00+00:00,0.0
2022-01-08 10:00:00+00:00,0.0
2022-01-08 11:00:00+00:00,0.0
2022-01-08 12:00:00+00:00,0.0
2022-01-08 13:00:00+00:00,0.0
2022-01-08 14:00:00+00:00,0.0
2022-01-08 15:00:00+00:00,0.0
2022-01-08 16:00:00+00:00,0.0
2022-01-08 17:00:00+00:00,0.0
2022-01-08 18:00:00+00:00,0.0
2022-01-08 19:00:00+00:00,0.0
2022-01-08 20:00:00+00:00,0.0
2022-01-08 21:00:00+00:00,0.0
2022-01-08 22:00:00+00:00,0.0
2022-01-08 23:00:00+00:00,0.0
2022-01-09 00:00:00+00:00,0.0
2022-01-09 01:00:00+00:00,0.0
2022-01-09 02:00:00+00:00,0.0
2022-01-09 03:00:00+00:00,0.0
2022-01-09 04:00:00+00:00,0.0
2022-01-09 05:00:00+00:00,0.0
2022-01-09 06:00:00+00:00,0.0
2022-01-09 07:00:00+00:00,0.0
2022-01-09 08:00:00+00:00,0.0
2022-01-09 09:00:00+00:00,-0.2696382860345043
2022-01-09 10:00:00+00:00,0.0
2022-01-09 11:00:00+00:00,0.0
2022-01-09 12:00:00+00:00,0.0
2022-01-09 13:00:00+00:00,0.0
2022-01-09 14:00:00+00:00,0.0
2022-01-09 15:00:00+00:00,0.0
2022-01-09 16:00:00+00:00,0.0
2022-01-09 17:00:00+00:00,0.0
2022-01-09 18:00:00+00:00,0.0
2022-01-09 19:00:00+00:00,0.0
2022-01-09 20:00:00+00:00,0.0
2022-01-09 21:00:00+00:00,0.0
2022-01-09 22:00:00+00:00,0.0
2022-01-09 23:00:00+00:00,0.0
2022-01-10 00:00:00+00:00,0.0
2022-01-10 01:00:00+00:00,0.0
2022-01-10 02:00:00+00:00,0.0
2022-01-10 03:00:00+00:00,0.0
2022-01-10 04:00:00+00:00,0.0
2022-01-10 05:00:00+00:00,0.0
2022-01-10 06:00:00+00:00,0.0
2022-01-10 07:00:00+00:00,0.0
2022-01-10 08:00:00+00:00,0.0
2022-01-10 09:00:00+00:00,0.0
2022-01-10 10:00:00+00:00,0.0
2022-01-10 11:00:00+00:00,0.0
2022-01-10 12:00:00+00:00,0.0
2022-01-10 13:00:00+00:00,0.0
2022-01-10 14:00:00+00:00,0.0
2022-01-10 15:00:00+00:00,0.0
2022-01-10 16:00:00+00:00,0.0
2022-01-10 17:00:00+00:00,0.0
2022-01-10 18:00:00+00:00,0.0
2022-01-10 19:00:00+00:00,0.0
2022-01-10 20:00:00+00:00,0.0
2022-01-10 21:00:00+00:00,0.0
2022-01-10 22:00:00+00:00,0.0
2022-01-10 23:00:00+00:00,0.0
2022-01-11 00:00:00+00:00,0.0
2022-01-11 01:00:00+00:00,0.0
2022-01-11 02:00:00+00:00,0.0
2022-01-11 03:00:00+00:00,0.0
2022-01-11 04:00:00+00:00,0.0
2022-01-11 05:00:00+00:00,0.0
2022-01-11 06:00:00+00:00,0.0
2022-01-11 07:00:00+00:00,0.0
2022-01-11 08:00:00+00:00,0.0
2022-01-11 09:00:00+00:00,0.0
2022-01-11 10:00:00+00:00,0.0
2022-01-11 11:00:00+00:00,0.0
2022-01-11 12:00:00+00:00,0.0
2022-01-11 13:00:00+00:00,0.0
2022-01-11 14:00:00+00:00,0.0
2022-01-11 15:00:00+00:00,0.0
2022-01-11 16:00:00+00:00,0.0
2022-01-11 17:00:00+00:00,0.0
2022-01-11 18:00:00+00:00,0.0
2022-01-11 19:00:00+00:00,0.0
2022-01-11 20:00:00+00:00,0.0
2022-01-11 21:00:00+00:00,0.0
2022-01-11 22:00:00+00:00,0.0
2022-01-11 23:00:00+00:00,0.0
2022-01-12 00:00:00+00:00,0.0
2022-01-12 01:00:00+00:00,0.0
2022-01-12 02:00:00+00:00,0.0
2022-01-12 03:00:00+00:00,0.0
2022-01-12 04:00:00+00:00,0.0
2022-01-12 05:00:00+00:00,0.0
2022-01-12 06:00:00+00:00,0.0
2022-01-12 07:00:00+00:00,0.0
2022-01-12 08:00:00+00:00,0.0
2022-01-12 09:00:00+00:00,0.0
2022-01-12 10:00:00+00:00,0.0
2022-01-12 11:00:00+00:00,0.0
2022-01-12 12:00:00+00:00,0.0
2022-01-12 13:00:00+00:00,0.0
2022-01-12 14:00:00+00:00,0.0
2022-01-12 15:00:00+00:00,0.0
2022-01-12 16:00:00+00:00,0.0
2022-01-12 17:00:00+00:00,0.0
2022-01-12 18:00:00+00:00,0.0
2022-01-12 19:00:00+00:00,0.0
2022-01-12 20:00:00+00:00,0.0
2022-01-12 21:00:00+00:00,0.0
2022-01-12 22:00:00+00:00,0.0
2022-01-12 23:00:00+00:00,0.0
2022-01-13 00:00:00+00:00,0.0
2022-01-13 01:00:00+00:00,0.0
2022-01-13 02:00:00+00:00,0.0
2022-01-13 03:00:00+00:00,0.0
2022-01-13 04:00:00+00:00,0.0
2022-01-13 05:00:00+00:00,0.0
2022-01-13 06:00:00+00:00,0.0
2022-01-13 07:00:00+00:00,0.0
2022-01-13 08:00:00+00:00,0.0
2022-01-13 09:00:00+00:00,0.0
2022-01-13 10:00:00+00:00,0.0
2022-01-13 11:00:00+00:00,0.0
2022-01-13 12:00:00+00:00,0.0
2022-01-13 13:00:00+00:00,0.0
2022-01-13 14:00:00+00:00,0.0
2022-01-13 15:00:00+00:00,-0.14989832611837425
2022-01-13 16:00:00+00:00,0.0
2022-01-13 17:00:00+00:00,0.0
2022-01-13 18:00:00+00:00,0.0
2022-01-13 19:00:00+00:00,0.0
2022-01-13 20:00:00+00:00,0.0
2022-01-13 21:00:00+00:00,0.0
2022-01-13 22:00:00+00:00,0.0
2022-01-13 23:00:00+00:00,0.0
2022-01-14 00:00:00+00:00,0.0
2022-01-14 01:00:00+00:00,0.0
2022-01-14 02:00:00+00:00,0.0
2022-01-14 03:00:00+00:00,0.0
2022-01-14 04:00:00+00:00,0.0
2022-01-14 05:00:00+00:00,0.0
2022-01-14 06:00:00+00:00,0.0
2022-01-14 07:00:00+00:00,0.0
2022-01-14 08:00:00+00:00,0.0
2022-01-14 09:00:00+00:00,0.0
2022-01-14 10:00:00+00:00,0.0
2022-01-14 11:00:00+00:00,0.0
2022-01-14 12:00:00+00:00,0.0
2022-01-14 13:00:00+00:00,0.0
2022-01-14 14:00:00+00:00,0.0
2022-01-14 15:00:00+00:00,0.0
2022-01-14 16:00:00+00:00,0.0
2022-01-14 17:00:00+00:00,0.0
2022-01-14 18:00:00+00:00,0.0
2022-01-14 19:00:00+00:00,0.0
2022-01-14 20:00:00+00:00,0.0
2022-01-14 21:00:00+00:00,0.0
2022-01-14 22:00:00+00:00,0.0
2022-01-14 23:00:00+00:00,0.0
2022-01-15 00:00:00+00:00,0.0
2022-01-15 01:00:00+00:00,0.0
2022-01-15 02:00:00+00:00,0.0
2022-01-15 03:00:00+00:00,0.0
2022-01-15 04:00:00+00:00,0.0
2022-01-15 05:00:00+00:00,0.0
2022-01-15 06:00:00+00:00,0.0
2022-01-15 07:00:00+00:00,0.0
2022-01-15 08:00:00+00:00,0.0
2022-01-15 09:00:00+00:00,0.0
2022-01-15 10:00:00+00:00,0.0
2022-01-15 11:00:00+00:00,0.0
2022-01-15 12:00:00+00:00,0.0
2022-01-15 13:00:00+00:00,0.0
2022-01-15 14:00:00+00:00,0.0
2022-01-15 15:00:00+00:00,0.0
2022-01-15 16:00:00+00:00,0.0
2022-01-15 17:00:00+00:00,0.0
2022-01-15 18:00:00+00:00,0.0
2022-01-15 19:00:00+00:00,0.0
2022-01-15 20:00:00+00:00,0.0
2022-01-15 21:00:00+00:00,0.0
2022-01-15 22:00:00+00:00,0.0
2022-01-15 23:00:00+00:00,0.0
2022-01-16 00:00:00+00:00,0.0
2022-01-16 01:00:00+00:00,0.0
2022-01-16 02:00:00+00:00,0.0
2022-01-16 03:00:00+00:00,0.0
2022-01-16 04:00:00+00:00,0.0
2022-01-16 05:00:00+00:00,0.0
2022-01-16 06:00:00+00:00,0.0
2022-01-16 07:00:00+00:00,0.0
2022-01-16 08:00:00+00:00,0.0
2022-01-16 09:00:00+00:00,0.0
2022-01-16 10:00:00+00:00,0.0
2022-01-16 11:00:00+00:00,0.0
2022-01-16 12:00:00+00:00,0.0
2022-01-16 13:00:00+00:00,0.0
2022-01-16 14:00:00+00:00,0.0
2022-01-16 15:00:00+00:00,0.0
2022-01-16 16:00:00+00:00,0.0
2022-01-16 17:00:00+00:00,0.0
2022-01-16 18:00:00+00:00,0.0
2022-01-16 19:00:00+00:00,0.0
2022-01-16 20:00:00+00:00,0.0
2022-01-16 21:00:00+00:00,-0.15984396491117206
2022-01-16 22:00:00+00:00,0.0
2022-01-16 23:00:00+00:00,0.0
2022-01-17 00:00:00+00:00,0.0
2022-01-17 01:00:00+00:00,0.0
2022-01-17 02:00:00+00:00,0.0
2022-01-17 03:00:00+00:00,0.0
2022-01-17 04:00:00+00:00,0.0
2022-01-17 05:00:00+00:00,-0.08337836800834221
2022-01-17 06:00:00+00:00,0.0
2022-01-17 07:00:00+00:00,0.0
2022-01-17 08:00:00+00:00,0.0
2022-01-17 09:00:00+00:00,0.0
2022-01-17 10:00:00+00:00,0.0
2022-01-17 11:00:00+00:00,0.0
2022-01-17 12:00:00+00:00,0.0
2022-01-17 13:00:00+00:00,0.0
2022-01-17 14:00:00+00:00,0.0
2022-01-17 15:00:00+00:00,0.0
2022-01-17 16:00:00+00:00,0.0
2022-01-17 17:00:00+00:00,0.0
2022-01-17 18:00:00+00:00,0.0
2022-01-17 19:00:00+00:00,0.0
2022-01-17 20:00:00+00:00,0.0
2022-01-17 21:00:00+00:00,0.0
2022-01-17 22:00:00+00:00,0.0
2022-01-17 23:00:00+00:00,0.0
2022-01-18 00:00:00+00:00,0.0
2022-01-18 01:00:00+00:00,0.0
2022-01-18 02:00:00+00:00,0.0
2022-01-18 03:00:00+00:00,0.0
2022-01-18 04:00:00+00:00,0.0
2022-01-18 05:00:00+00:00,0.0
2022-01-18 06:00:00+00:00,0.0
2022-01-18 07:00:00+00:00,0.0
2022-01-18 08:00:00+00:00,0.0
2022-01-18 09:00:00+00:00,0.0
2022-01-18 10:00:00+00:00,0.0
2022-01-18 11:00:00+00:00,0.0
2022-01-18 12:00:00+00:00,0.0
2022-01-18 13:00:00+00:00,0.0
2022-01-18 14:00:00+00:00,0.0
2022-01-18 15:00:00+00:00,0.0
2022-01-18 16:00:00+00:00,0.0
2022-01-18 17:00:00+00:00,0.0
2022-01-18 18:00:00+00:00,0.0
2022-01-18 19:00:00+00:00,0.0
2022-01-18 20:00:00+00:00,0.0
2022-01-18 21:00:00+00:00,0.0
2022-01-18 22:00:00+00:00,0.0
2022-01-18 23:00:00+00:00,0.0
2022-01-19 00:00:00+00:00,0.0
2022-01-19 01:00:00+00:00,0.0
2022-01-19 02:00:00+00:00,0.0
2022-01-19 03:00:00+00:00,-0.3307558534628572
2022-01-19 04:00:00+00:00,0.0
2022-01-19 05:00:00+00:00,0.0
2022-01-19 06:00:00+00:00,0.0
2022-01-19 07:00:00+00:00,0.0
2022-01-19 08:00:00+00:00,0.0
2022-01-19 09:00:00+00:00,0.0
2022-01-19 10:00:00+00:00,0.0
2022-01-19 11:00:00+00:00,0.0
2022-01-19 12:00:00+00:00,0.0
2022-01-19 13:00:00+00:00,0.0
2022-01-19 14:00:00+00:00,0.0
2022-01-19 15:00:00+00:00,0.0
2022-01-19 16:00:00+00:00,0.0
2022-01-19 17:00:00+00:00,0.0
2022-01-19 18:00:00+00:00,0.0
2022-01-19 19:00:00+00:00,0.0
2022-01-19 20:00:00+00:00,0.0
2022-01-19 21:00:00+00:00,0.0
2022-01-19 22:00:00+00:00,0.0
2022-01-19 23:00:00+00:00,0.0
2022-01-20 00:00:00+00:00,0.0
2022-01-20 01:00:00+00:00,0.0
2022-01-20 02:00:00+00:00,0.0
2022-01-20 03:00:00+00:00,0.0
2022-01-20 04:00:00+00:00,0.0
2022-01-20 05:00:00+00:00,0.0
2022-01-20 06:00:00+00:00,0.0
2022-01-20 07:00:00+00:00,0.0
2022-01-20 08:00:00+00:00,0.0
2022-01-20 09:00:00+00:00,0.0
2022-01-20 10:00:00+00:00,0.0
2022-01-20 11:00:00+00:00,0.0
2022-01-20 12:00:00+00:00,0.0
2022-01-20 13:00:00+00:00,0.0
2022-01-20 14:00:00+00:00,0.0
2022-01-20 15:00:00+00:00,0.0
2022-01-20 16:00:00+00:00,0.0
2022-01-20 17:00:00+00:00,0.0
2022-01-20 18:00:00+00:00,0.0
2022-01-20 19:00:00+00:00,0.0
2022-01-20 20:00:00+00:00,0.0
2022-01-20 21:00:00+00:00,0.0
2022-01-20 22:00:00+00:00,0.0
2022-01-20 23:00:00+00:00,0.0
2022-01-21 00:00:00+00:00,0.0
2022-01-21 01:00:00+00:00,0.0
2022-01-21 02:00:00+00:00,0.0
2022-01-21 03:00:00+00:00,-0.2815093131409735
2022-01-21 04:00:00+00:00,0.0
2022-01-21 05:00:00+00:00,0.0
2022-01-21 06:00:00+00:00,0.0
2022-01-21 07:00:00+00:00,0.0
2022-01-21 08:00:00+00:00,0.0
2022-01-21 09:00:00+00:00,0.0
2022-01-21 10:00:00+00:00,0.0
2022-01-21 11:00:00+00:00,0.0
2022-01-21 12:00:00+00:00,0.0
2022-01-21 13:00:00+00:00,0.0
2022-01-21 14:00:00+00:00,0.0
2022-01-21 15:00:00+00:00,0.0
2022-01-21 16:00:00+00:00,0.0
2022-01-21 17:00:00+00:00,0.0
2022-01-21 18:00:00+00:00,0.0
2022-01-21 19:00:00+00:00,0.0
2022-01-21 20:00:00+00:00,0.0
2022-01-21 21:00:00+00:00,0.0
2022-01-21 22:00:00+00:00,0.0
2022-01-21 23:00:00+00:00,0.0
2022-01-22 00:00:00+00:00,0.0
2022-01-22 01:00:00+00:00,0.0
2022-01-22 02:00:00+00:00,0.0
2022-01-22 03:00:00+00:00,0.0
2022-01-22 04:00:00+00:00,0.0
2022-01-22 05:00:00+00:00,0.0
2022-01-22 06:00:00+00:00,0.0
2022-01-22 07:00:00+00:00,0.0
2022-01-22 08:00:00+00:00,0.0
2022-01-22 09:00:00+00:00,0.0
2022-01-22 10:00:00+00:00,0.0
2022-01-22 11:00:00+00:00,0.0
2022-01-22 12:00:00+00:00,0.0
2022-01-22 13:00:00+00:00,0.0
2022-01-22 14:00:00+00:00,0.0
2022-01-22 15:00:00+00:00,0.0
2022-01-22 16:00:00+00:00,0.0
2022-01-22 17:00:00+00:00,0.0
2022-01-22 18:00:00+00:00,0.0
2022-01-22 19:00:00+00:00,0.0
2022-01-22 20:00:00+00:00,0.0
2022-01-22 21:00:00+00:00,0.0
2022-01-22 22:00:00+00:00,0.0
2022-01-22 23:00:00+00:00,0.0
2022-01-23 00:00:00+00:00,0.0
2022-01-23 01:00:00+00:00,0.0
2022-01-23 02:00:00+00:00,0.0
2022-01-23 03:00:00+00:00,0.0
2022-01-23 04:00:00+00:00,0.0
2022-01-23 05:00:00+00:00,0.0
2022-01-23 06:00:00+00:00,0.0
2022-01-23 07:00:00+00:00,0.0
2022-01-23 08:00:00+00:00,0.0
2022-01-23 09:00:00+00:00,0.0
2022-01-23 10:00:00+00:00,0.0
2022-01-23 11:00:00+00:00,0.0
2022-01-23 12:00:00+00:00,0.0
2022-01-23 13:00:00+00:00,0.0
2022-01-23 14:00:00+00:00,0.0
2022-01-23 15:00:00+00:00,0.0
2022-01-23 16:00:00+00:00,0.0
2022-01-23 17:00:00+00:00,0.0
2022-01-23 18:00:00+00:00,0.0
2022-01-23 19:00:00+00:00,0.0
2022-01-23 20:00:00+00:00,0.0
2022-01-23 21:00:00+00:00,0.0
2022-01-23 22:00:00+00:00,0.0
2022-01-23 23:00:00+00:00,0.0
2022-01-24 00:00:00+00:00,0.0
2022-01-24 01:00:00+00:00,0.0
2022-01-24 02:00:00+00:00,0.0
2022-01-24 03:00:00+00:00,0.0
2022-01-24 04:00:00+00:00,0.0
2022-01-24 05:00:00+00:00,0.0
2022-01-24 06:00:00+00:00,0.0
2022-01-24 07:00:00+00:00,0.0
2022-01-24 08:00:00+00:00,0.0
2022-01-24 09:00:00+00:00,-1.1441134685887226
2022-01-24 10:00:00+00:00,-0.0
2022-01-24 11:00:00+00:00,-0.0
2022-01-24 12:00:00+00:00,-0.0
2022-01-24 13:00:00+00:00,-0.0
2022-01-24 14:00:00+00:00,-0.0
2022-01-24 15:00:00+00:00,-0.0
2022-01-24 16:00:00+00:00,-0.0
2022-01-24 17:00:00+00:00,-0.0
2022-01-24 18:00:00+00:00,-0.0
2022-01-24 19:00:00+00:00,-0.0
2022-01-24 20:00:00+00:00,-0.0
2022-01-24 21:00:00+00:00,-0.0
2022-01-24 22:00:00+00:00,-0.0
2022-01-24 23:00:00+00:00,-0.0
2022-01-25 00:00:00+00:00,-0.0
2022-01-25 01:00:00+00:00,-0.0
2022-01-25 02:00:00+00:00,-0.0
2022-01-25 03:00:00+00:00,-0.0
2022-01-25 04:00:00+00:00,-0.0
2022-01-25 05:00:00+00:00,-0.0
2022-01-25 06:00:00+00:00,-0.0
2022-01-25 07:00:00+00:00,-0.0
2022-01-25 08:00:00+00:00,-0.0
2022-01-25 09:00:00+00:00,-0.0
2022-01-25 10:00:00+00:00,-0.0
2022-01-25 11:00:00+00:00,-0.0
2022-01-25 12:00:00+00:00,-0.0
2022-01-25 13:00:00+00:00,-0.0
2022-01-25 14:00:00+00:00,-0.0
2022-01-25 15:00:00+00:00,-0.0
2022-01-25 16:00:00+00:00,-0.0
2022-01-25 17:00:00+00:00,-0.0
2022-01-25 18:00:00+00:00,-0.0
2022-01-25 19:00:00+00:00,-0.0
2022-01-25 20:00:00+00:00,-0.0
2022-01-25 21:00:00+00:00,-0.0
2022-01-25 22:00:00+00:00,-0.5684715041733818
2022-01-25 23:00:00+00:00,-0.0
2022-01-26 00:00:00+00:00,-0.0
2022-01-26 01:00:00+00:00,-0.0
2022-01-26 02:00:00+00:00,-0.0
2022-01-26 03:00:00+00:00,-0.0
2022-01-26 04:00:00+00:00,-0.0
2022-01-26 05:00:00+00:00,-0.0
2022-01-26 06:00:00+00:00,-0.0
2022-01-26 07:00:00+00:00,-0.0
2022-01-26 08:00:00+00:00,-0.0
2022-01-26 09:00:00+00:00,-0.0
2022-01-26 10:00:00+00:00,-0.0
2022-01-26 11:00:00+00:00,-0.0
2022-01-26 12:00:00+00:00,-0.0
2022-01-26 13:00:00+00:00,-0.0
2022-01-26 14:00:00+00:00,-0.0
2022-01-26 15:00:00+00:00,-0.0
2022-01-26 16:00:00+00:00,-0.0
2022-01-26 17:00:00+00:00,-0.0
2022-01-26 18:00:00+00:00,-0.0
2022-01-26 19:00:00+00:00,-0.0
2022-01-26 20:00:00+00:00,16.85445162771647
2022-01-26 21:00:00+00:00,-0.0
2022-01-26 22:00:00+00:00,-0.0
2022-01-26 23:00:00+00:00,-0.0
2022-01-27 00:00:00+00:00,-0.0
2022-01-27 01:00:00+00:00,-0.0
2022-01-27 02:00:00+00:00,-0.0
2022-01-27 03:00:00+00:00,-0.0
2022-01-27 04:00:00+00:00,-0.0
2022-01-27 05:00:00+00:00,-0.0
2022-01-27 06:00:00+00:00,-0.0
2022-01-27 07:00:00+00:00,-0.0
2022-01-27 08:00:00+00:00,-0.0
2022-01-27 09:00:00+00:00,-0.0
2022-01-27 10:00:00+00:00,-0.0
2022-01-27 11:00:00+00:00,-0.0
2022-01-27 12:00:00+00:00,-0.0
2022-01-27 13:00:00+00:00,-0.0
2022-01-27 14:00:00+00:00,-0.0
2022-01-27 15:00:00+00:00,-0.0
2022-01-27 16:00:00+00:00,-0.0
2022-01-27 17:00:00+00:00,-0.0
2022-01-27 18:00:00+00:00,-0.0
2022-01-27 19:00:00+00:00,-0.0
2022-01-27 20:00:00+00:00,-0.0
2022-01-27 21:00:00+00:00,-0.0
2022-01-27 22:00:00+00:00,-0.0
2022-01-27 23:00:00+00:00,-0.0
2022-01-28 00:00:00+00:00,-0.0
2022-01-28 01:00:00+00:00,-0.0
2022-01-28 02:00:00+00:00,-0.0
2022-01-28 03:00:00+00:00,-0.0
2022-01-28 04:00:00+00:00,-0.0
2022-01-28 05:00:00+00:00,-0.0
2022-01-28 06:00:00+00:00,-0.0
2022-01-28 07:00:00+00:00,-0.0
2022-01-28 08:00:00+00:00,-0.0
2022-01-28 09:00:00+00:00,-0.0
2022-01-28 10:00:00+00:00,-0.0
2022-01-28 11:00:00+00:00,-0.0
2022-01-28 12:00:00+00:00,-0.0
2022-01-28 13:00:00+00:00,-0.0
2022-01-28 14:00:00+00:00,-0.0
2022-01-28 15:00:00+00:00,-0.0
2022-01-28 16:00:00+00:00,-0.0
2022-01-28 17:00:00+00:00,-0.0
2022-01-28 18:00:00+00:00,-0.0
2022-01-28 19:00:00+00:00,-0.0
2022-01-28 20:00:00+00:00,-0.0
2022-01-28 21:00:00+00:00,-0.0
2022-01-28 22:00:00+00:00,-0.0
2022-01-28 23:00:00+00:00,-0.0
2022-01-29 00:00:00+00:00,-0.0
2022-01-29 01:00:00+00:00,-0.0
2022-01-29 02:00:00+00:00,-0.0
2022-01-29 03:00:00+00:00,-0.0
2022-01-29 04:00:00+00:00,-0.0
2022-01-29 05:00:00+00:00,-0.0
2022-01-29 06:00:00+00:00,-0.0
2022-01-29 07:00:00+00:00,-0.0
2022-01-29 08:00:00+00:00,-0.0
2022-01-29 09:00:00+00:00,-0.0
2022-01-29 10:00:00+00:00,-0.0
2022-01-29 11:00:00+00:00,-0.0
2022-01-29 12:00:00+00:00,-0.0
2022-01-29 13:00:00+00:00,-0.0
2022-01-29 14:00:00+00:00,-0.0
2022-01-29 15:00:00+00:00,-0.0
2022-01-29 16:00:00+00:00,-0.0
2022-01-29 17:00:00+00:00,-0.0
2022-01-29 18:00:00+00:00,-0.0
2022-01-29 19:00:00+00:00,-0.0
2022-01-29 20:00:00+00:00,-0.0
2022-01-29 21:00:00+00:00,-0.0
2022-01-29 22:00:00+00:00,-0.0
2022-01-29 23:00:00+00:00,-0.0
2022-01-30 00:00:00+00:00,-0.0
2022-01-30 01:00:00+00:00,-0.0
2022-01-30 02:00:00+00:00,-0.0
2022-01-30 03:00:00+00:00,-0.0
2022-01-30 04:00:00+00:00,-0.0
2022-01-30 05:00:00+00:00,-0.0
2022-01-30 06:00:00+00:00,-0.0
2022-01-30 07:00:00+00:00,-0.0
2022-01-30 08:00:00+00:00,-0.0
2022-01-30 09:00:00+00:00,-0.0
2022-01-30 10:00:00+00:00,-0.0
2022-01-30 11:00:00+00:00,-0.0
2022-01-30 12:00:00+00:00,-0.0
2022-01-30 13:00:00+00:00,-0.0
2022-01-30 14:00:00+00:00,-0.0
2022-01-30 15:00:00+00:00,-0.0
2022-01-30 16:00:00+00:00,-0.0
2022-01-30 17:00:00+00:00,-0.0
2022-01-30 18:00:00+00:00,-0.0
2022-01-30 19:00:00+00:00,-0.0
2022-01-30 20:00:00+00:00,-0.0
2022-01-30 21:00:00+00:00,-0.0
2022-01-30 22:00:00+00:00,-0.0
2022-01-30 23:00:00+00:00,-0.0
2022-01-31 00:00:00+00:00,-0.0
2022-01-31 01:00:00+00:00,-0.0
2022-01-31 02:00:00+00:00,-0.0
2022-01-31 03:00:00+00:00,-0.0
2022-01-31 04:00:00+00:00,-0.0
2022-01-31 05:00:00+00:00,-0.0
2022-01-31 06:00:00+00:00,-0.0
2022-01-31 07:00:00+00:00,-0.0
2022-01-31 08:00:00+00:00,-0.0
2022-01-31 09:00:00+00:00,-0.0
2022-01-31 10:00:00+00:00,-0.0
2022-01-31 11:00:00+00:00,-0.0
2022-01-31 12:00:00+00:00,-0.0
2022-01-31 13:00:00+00:00,-0.0
2022-01-31 14:00:00+00:00,-0.0
2022-01-31 15:00:00+00:00,-0.0
2022-01-31 16:00:00+00:00,-0.0
2022-01-31 17:00:00+00:00,-0.6052425532429151
2022-01-31 18:00:00+00:00,-0.0
2022-01-31 19:00:00+00:00,-0.0
2022-01-31 20:00:00+00:00,-0.0
2022-01-31 21:00:00+00:00,-0.0
2022-01-31 22:00:00+00:00,-0.0
2022-01-31 23:00:00+00:00,-0.0
2022-02-01 00:00:00+00:00,-0.0
2022-02-01 01:00:00+00:00,-0.0
2022-02-01 02:00:00+00:00,-0.0
2022-02-01 03:00:00+00:00,-0.0
2022-02-01 04:00:00+00:00,-0.0
2022-02-01 05:00:00+00:00,-0.0
2022-02-01 06:00:00+00:00,-0.0
2022-02-01 07:00:00+00:00,-0.0
2022-02-01 08:00:00+00:00,-0.0
2022-02-01 09:00:00+00:00,-0.0
2022-02-01 10:00:00+00:00,-0.0
2022-02-01 11:00:00+00:00,-0.0
2022-02-01 12:00:00+00:00,-0.0
2022-02-01 13:00:00+00:00,-0.0
2022-02-01 14:00:00+00:00,-0.0
2022-02-01 15:00:00+00:00,-0.0
2022-02-01 16:00:00+00:00,-0.0
2022-02-01 17:00:00+00:00,-0.0
2022-02-01 18:00:00+00:00,-0.0
2022-02-01 19:00:00+00:00,-0.0
2022-02-01 20:00:00+00:00,-0.0
2022-02-01 21:00:00+00:00,-0.0
2022-02-01 22:00:00+00:00,-0.0
2022-02-01 23:00:00+00:00,-0.0
2022-02-02 00:00:00+00:00,-0.0
2022-02-02 01:00:00+00:00,-0.0
2022-02-02 02:00:00+00:00,-0.0
2022-02-02 03:00:00+00:00,-0.0
2022-02-02 04:00:00+00:00,-0.0
2022-02-02 05:00:00+00:00,-0.0
2022-02-02 06:00:00+00:00,-0.0
2022-02-02 07:00:00+00:00,-0.0
2022-02-02 08:00:00+00:00,-0.0
2022-02-02 09:00:00+00:00,-0.0
2022-02-02 10:00:00+00:00,-0.0
2022-02-02 11:00:00+00:00,-0.0
2022-02-02 12:00:00+00:00,-0.0
2022-02-02 13:00:00+00:00,-0.0
2022-02-02 14:00:00+00:00,-0.0
2022-02-02 15:00:00+00:00,-0.0
2022-02-02 16:00:00+00:00,1.0435552834507242
2022-02-02 17:00:00+00:00,-0.0
2022-02-02 18:00:00+00:00,-0.0
2022-02-02 19:00:00+00:00,-0.0
2022-02-02 20:00:00+00:00,-0.0
2022-02-02 21:00:00+00:00,-0.0
2022-02-02 22:00:00+00:00,-0.0
2022-02-02 23:00:00+00:00,-0.0
2022-02-03 00:00:00+00:00,-0.0
2022-02-03 01:00:00+00:00,-0.0
2022-02-03 02:00:00+00:00,-0.0
2022-02-03 03:00:00+00:00,-0.0
2022-02-03 04:00:00+00:00,-0.0
2022-02-03 05:00:00+00:00,-0.0
2022-02-03 06:00:00+00:00,-0.0
2022-02-03 07:00:00+00:00,-0.0
2022-02-03 08:00:00+00:00,-0.0
2022-02-03 09:00:00+00:00,-0.0
2022-02-03 10:00:00+00:00,-0.0
2022-02-03 11:00:00+00:00,-0.0
2022-02-03 12:00:00+00:00,-0.0
2022-02-03 13:00:00+00:00,-0.0
2022-02-03 14:00:00+00:00,-0.0
2022-02-03 15:00:00+00:00,-0.0
2022-02-03 16:00:00+00:00,-0.0
2022-02-03 17:00:00+00:00,-0.0
2022-02-03 18:00:00+00:00,-0.0
2022-02-03 19:00:00+00:00,-0.9272891494120491
2022-02-03 20:00:00+00:00,-0.0
2022-02-03 21:00:00+00:00,-0.0
2022-02-03 22:00:00+00:00,-0.0
2022-02-03 23:00:00+00:00,-0.0
2022-02-04 00:00:00+00:00,-0.0
2022-02-04 01:00:00+00:00,-0.0
2022-02-04 02:00:00+00:00,-0.0
2022-02-04 03:00:00+00:00,-0.0
2022-02-04 04:00:00+00:00,-0.0
2022-02-04 05:00:00+00:00,-0.0
2022-02-04 06:00:00+00:00,-0.0
2022-02-04 07:00:00+00:00,-0.0
2022-02-04 08:00:00+00:00,-0.0
2022-02-04 09:00:00+00:00,-0.0
2022-02-04 10:00:00+00:00,-0.0
2022-02-04 11:00:00+00:00,-0.0
2022-02-04 12:00:00+00:00,-0.0
2022-02-04 13:00:00+00:00,-0.0
2022-02-04 14:00:00+00:00,-0.0
2022-02-04 15:00:00+00:00,-0.0
2022-02-04 16:00:00+00:00,-0.0
2022-02-04 17:00:00+00:00,-0.0
2022-02-04 18:00:00+00:00,-0.0
2022-02-04 19:00:00+00:00,-18.96887085270746
2022-02-04 20:00:00+00:00,0.0
2022-02-04 21:00:00+00:00,0.0
2022-02-04 22:00:00+00:00,0.0
2022-02-04 23:00:00+00:00,0.0
2022-02-05 00:00:00+00:00,0.0
2022-02-05 01:00:00+00:00,0.0
2022-02-05 02:00:00+00:00,0.0
2022-02-05 03:00:00+00:00,0.0
2022-02-05 04:00:00+00:00,0.0
2022-02-05 05:00:00+00:00,0.0
2022-02-05 06:00:00+00:00,0.0
2022-02-05 07:00:00+00:00,0.0
2022-02-05 08:00:00+00:00,0.0
2022-02-05 09:00:00+00:00,0.0
2022-02-05 10:00:00+00:00,0.0
2022-02-05 11:00:00+00:00,0.0
2022-02-05 12:00:00+00:00,0.0
2022-02-05 13:00:00+00:00,0.0
2022-02-05 14:00:00+00:00,0.0
2022-02-05 15:00:00+00:00,0.0
2022-02-05 16:00:00+00:00,0.0
2022-02-05 17:00:00+00:00,0.0
2022-02-05 18:00:00+00:00,0.0
2022-02-05 19:00:00+00:00,0.0
2022-02-05 20:00:00+00:00,0.0
2022-02-05 21:00:00+00:00,0.0
2022-02-05 22:00:00+00:00,0.0
2022-02-05 23:00:00+00:00,0.0
2022-02-06 00:00:00+00:00,0.0
2022-02-06 01:00:00+00:00,0.0
2022-02-06 02:00:00+00:00,0.0
2022-02-06 03:00:00+00:00,0.0
2022-02-06 04:00:00+00:00,0.0
2022-02-06 05:00:00+00:00,0.0
2022-02-06 06:00:00+00:00,0.0
2022-02-06 07:00:00+00:00,0.0
2022-02-06 08:00:00+00:00,0.0
2022-02-06 09:00:00+00:00,0.0
2022-02-06 10:00:00+00:00,0.0
2022-02-06 11:00:00+00:00,0.0
2022-02-06 12:00:00+00:00,0.0
2022-02-06 13:00:00+00:00,0.0
2022-02-06 14:00:00+00:00,0.0
2022-02-06 15:00:00+00:00,0.0
2022-02-06 16:00:00+00:00,0.0
2022-02-06 17:00:00+00:00,0.0
2022-02-06 18:00:00+00:00,0.0
2022-02-06 19:00:00+00:00,0.0
2022-02-06 20:00:00+00:00,0.0
2022-02-06 21:00:00+00:00,0.0
2022-02-06 22:00:00+00:00,0.0
2022-02-06 23:00:00+00:00,0.0
2022-02-07 00:00:00+00:00,0.0
2022-02-07 01:00:00+00:00,0.0
2022-02-07 02:00:00+00:00,0.0
2022-02-07 03:00:00+00:00,0.0
2022-02-07 04:00:00+00:00,0.0
2022-02-07 05:00:00+00:00,0.0
2022-02-07 06:00:00+00:00,0.0
2022-02-07 07:00:00+00:00,0.0
2022-02-07 08:00:00+00:00,0.0
2022-02-07 09:00:00+00:00,0.0
2022-02-07 10:00:00+00:00,0.0
2022-02-07 11:00:00+00:00,0.0
2022-02-07 12:00:00+00:00,0.0
2022-02-07 13:00:00+00:00,0.0
2022-02-07 14:00:00+00:00,0.0
2022-02-07 15:00:00+00:00,0.0
2022-02-07 16:00:00+00:00,0.0
2022-02-07 17:00:00+00:00,0.0
2022-02-07 18:00:00+00:00,0.0
2022-02-07 19:00:00+00:00,0.0
2022-02-07 20:00:00+00:00,0.0
2022-02-07 21:00:00+00:00,0.0
2022-02-07 22:00:00+00:00,0.0
2022-02-07 23:00:00+00:00,0.0
2022-02-08 00:00:00+00:00,0.0
2022-02-08 01:00:00+00:00,0.0
2022-02-08 02:00:00+00:00,0.0
2022-02-08 03:00:00+00:00,0.0
2022-02-08 04:00:00+00:00,0.0
2022-02-08 05:00:00+00:00,0.0
2022-02-08 06:00:00+00:00,0.0
2022-02-08 07:00:00+00:00,0.0
2022-02-08 08:00:00+00:00,0.0
2022-02-08 09:00:00+00:00,0.0
2022-02-08 10:00:00+00:00,0.0
2022-02-08 11:00:00+00:00,0.0
2022-02-08 12:00:00+00:00,0.0
2022-02-08 13:00:00+00:00,0.0
2022-02-08 14:00:00+00:00,0.0
2022-02-08 15:00:00+00:00,0.0
2022-02-08 16:00:00+00:00,0.0
2022-02-08 17:00:00+00:00,-0.3893882166647875
2022-02-08 18:00:00+00:00,0.0
2022-02-08 19:00:00+00:00,0.0
2022-02-08 20:00:00+00:00,0.0
2022-02-08 21:00:00+00:00,0.0
2022-02-08 22:00:00+00:00,0.0
2022-02-08 23:00:00+00:00,0.0
2022-02-09 00:00:00+00:00,0.0
2022-02-09 01:00:00+00:00,0.0
2022-02-09 02:00:00+00:00,0.0
2022-02-09 03:00:00+00:00,0.0
2022-02-09 04:00:00+00:00,0.0
2022-02-09 05:00:00+00:00,0.0
2022-02-09 06:00:00+00:00,0.0
2022-02-09 07:00:00+00:00,0.0
2022-02-09 08:00:00+00:00,0.0
2022-02-09 09:00:00+00:00,0.0
2022-02-09 10:00:00+00:00,0.0
2022-02-09 11:00:00+00:00,0.0
2022-02-09 12:00:00+00:00,0.0
2022-02-09 13:00:00+00:00,0.0
2022-02-09 14:00:00+00:00,0.0
2022-02-09 15:00:00+00:00,0.0
2022-02-09 16:00:00+00:00,0.0
2022-02-09 17:00:00+00:00,0.0
2022-02-09 18:00:00+00:00,0.0
2022-02-09 19:00:00+00:00,0.0
2022-02-09 20:00:00+00:00,0.0
2022-02-09 21:00:00+00:00,0.0
2022-02-09 22:00:00+00:00,0.0
2022-02-09 23:00:00+00:00,0.0
2022-02-10 00:00:00+00:00,0.0
2022-02-10 01:00:00+00:00,0.0
2022-02-10 02:00:00+00:00,-0.7006403479050097
2022-02-10 03:00:00+00:00,0.0
2022-02-10 04:00:00+00:00,0.0
2022-02-10 05:00:00+00:00,0.0
2022-02-10 06:00:00+00:00,0.0
2022-02-10 07:00:00+00:00,0.0
2022-02-10 08:00:00+00:00,0.0
2022-02-10 09:00:00+00:00,0.0
2022-02-10 10:00:00+00:00,0.0
2022-02-10 11:00:00+00:00,0.0
2022-02-10 12:00:00+00:00,0.0
2022-02-10 13:00:00+00:00,0.0
2022-02-10 14:00:00+00:00,0.0
2022-02-10 15:00:00+00:00,0.0
2022-02-10 16:00:00+00:00,0.0
2022-02-10 17:00:00+00:00,0.0
2022-02-10 18:00:00+00:00,0.0
2022-02-10 19:00:00+00:00,0.0
2022-02-10 20:00:00+00:00,0.0
2022-02-10 21:00:00+00:00,0.0
2022-02-10 22:00:00+00:00,0.0
2022-02-10 23:00:00+00:00,0.0
2022-02-11 00:00:00+00:00,0.0
2022-02-11 01:00:00+00:00,0.0
2022-02-11 02:00:00+00:00,0.0
2022-02-11 03:00:00+00:00,0.0
2022-02-11 04:00:00+00:00,0.0
2022-02-11 05:00:00+00:00,0.0
2022-02-11 06:00:00+00:00,0.0
2022-02-11 07:00:00+00:00,0.0
2022-02-11 08:00:00+00:00,0.0
2022-02-11 09:00:00+00:00,0.0
2022-02-11 10:00:00+00:00,0.0
2022-02-11 11:00:00+00:00,0.0
2022-02-11 12:00:00+00:00,0.0
2022-02-11 13:00:00+00:00,0.0
2022-02-11 14:00:00+00:00,0.0
2022-02-11 15:00:00+00:00,0.0
2022-02-11 16:00:00+00:00,0.0
2022-02-11 17:00:00+00:00,0.0
2022-02-11 18:00:00+00:00,0.0
2022-02-11 19:00:00+00:00,0.0
2022-02-11 20:00:00+00:00,0.0
2022-02-11 21:00:00+00:00,0.0
2022-02-11 22:00:00+00:00,0.0
2022-02-11 23:00:00+00:00,0.0
2022-02-12 00:00:00+00:00,0.0
2022-02-12 01:00:00+00:00,0.0
2022-02-12 02:00:00+00:00,0.0
2022-02-12 03:00:00+00:00,0.0
2022-02-12 04:00:00+00:00,0.0
2022-02-12 05:00:00+00:00,0.0
2022-02-12 06:00:00+00:00,0.0
2022-02-12 07:00:00+00:00,0.0
2022-02-12 08:00:00+00:00,0.0
2022-02-12 09:00:00+00:00,0.0
2022-02-12 10:00:00+00:00,0.0
2022-02-12 11:00:00+00:00,0.0
2022-02-12 12:00:00+00:00,0.0
2022-02-12 13:00:00+00:00,0.0
2022-02-12 14:00:00+00:00,0.0
2022-02-12 15:00:00+00:00,0.0
2022-02-12 16:00:00+00:00,0.0
2022-02-12 17:00:00+00:00,0.0
2022-02-12 18:00:00+00:00,0.0
2022-02-12 19:00:00+00:00,0.0
2022-02-12 20:00:00+00:00,0.0
2022-02-12 21:00:00+00:00,-2.3596439420963686
2022-02-12 22:00:00+00:00,-0.0
2022-02-12 23:00:00+00:00,-0.0
2022-02-13 00:00:00+00:00,-0.0
2022-02-13 01:00:00+00:00,-0.0
2022-02-13 02:00:00+00:00,-0.0
2022-02-13 03:00:00+00:00,-0.0
2022-02-13 04:00:00+00:00,-0.0
2022-02-13 05:00:00+00:00,-0.0
2022-02-13 06:00:00+00:00,-0.0
2022-02-13 07:00:00+00:00,-0.0
2022-02-13 08:00:00+00:00,-0.0
2022-02-13 09:00:00+00:00,-0.0
2022-02-13 10:00:00+00:00,-0.0
2022-02-13 11:00:00+00:00,-0.0
2022-02-13 12:00:00+00:00,-0.0
2022-02-13 13:00:00+00:00,-0.0
2022-02-13 14:00:00+00:00,-0.0
2022-02-13 15:00:00+00:00,-0.0
2022-02-13 16:00:00+00:00,-0.0
2022-02-13 17:00:00+00:00,-0.0
2022-02-13 18:00:00+00:00,-0.0
2022-02-13 19:00:00+00:00,-0.0
2022-02-13 20:00:00+00:00,-0.0
2022-02-13 21:00:00+00:00,-0.0
2022-02-13 22:00:00+00:00,-0.0
2022-02-13 23:00:00+00:00,-0.0
2022-02-14 00:00:00+00:00,-0.0
2022-02-14 01:00:00+00:00,-0.0
2022-02-14 02:00:00+00:00,-0.0
2022-02-14 03:00:00+00:00,-0.0
2022-02-14 04:00:00+00:00,-0.0
2022-02-14 05:00:00+00:00,-0.0
2022-02-14 06:00:00+00:00,-0.0
2022-02-14 07:00:00+00:00,-0.0
2022-02-14 08:00:00+00:00,-0.0
2022-02-14 09:00:00+00:00,-0.0
2022-02-14 10:00:00+00:00,-0.0
2022-02-14 11:00:00+00:00,-0.0
2022-02-14 12:00:00+00:00,-0.0
2022-02-14 13:00:00+00:00,-0.0
2022-02-14 14:00:00+00:00,-0.0
2022-02-14 15:00:00+00:00,-0.0
2022-02-14 16:00:00+00:00,-0.0
2022-02-14 17:00:00+00:00,-0.0
2022-02-14 18:00:00+00:00,-0.0
2022-02-14 19:00:00+00:00,-0.0
2022-02-14 20:00:00+00:00,-0.0
2022-02-14 21:00:00+00:00,-0.0
2022-02-14 22:00:00+00:00,-0.0
2022-02-14 23:00:00+00:00,-0.0
2022-02-15 00:00:00+00:00,-0.0
2022-02-15 01:00:00+00:00,-3.213110348808149
2022-02-15 02:00:00+00:00,0.0
2022-02-15 03:00:00+00:00,0.0
2022-02-15 04:00:00+00:00,0.0
2022-02-15 05:00:00+00:00,0.0
2022-02-15 06:00:00+00:00,0.0
2022-02-15 07:00:00+00:00,0.0
2022-02-15 08:00:00+00:00,0.0
2022-02-15 09:00:00+00:00,0.0
2022-02-15 10:00:00+00:00,0.0
2022-02-15 11:00:00+00:00,0.0
2022-02-15 12:00:00+00:00,0.0
2022-02-15 13:00:00+00:00,0.0
2022-02-15 14:00:00+00:00,0.0
2022-02-15 15:00:00+00:00,0.0
2022-02-15 16:00:00+00:00,0.0
2022-02-15 17:00:00+00:00,0.0
2022-02-15 18:00:00+00:00,0.0
2022-02-15 19:00:00+00:00,0.0
2022-02-15 20:00:00+00:00,0.0
2022-02-15 21:00:00+00:00,0.0
2022-02-15 22:00:00+00:00,0.0
2022-02-15 23:00:00+00:00,0.0
2022-02-16 00:00:00+00:00,0.0
2022-02-16 01:00:00+00:00,0.0
2022-02-16 02:00:00+00:00,0.0
2022-02-16 03:00:00+00:00,0.0
2022-02-16 04:00:00+00:00,0.0
2022-02-16 05:00:00+00:00,0.0
2022-02-16 06:00:00+00:00,0.0
2022-02-16 07:00:00+00:00,0.0
2022-02-16 08:00:00+00:00,0.0
2022-02-16 09:00:00+00:00,0.0
2022-02-16 10:00:00+00:00,0.0
2022-02-16 11:00:00+00:00,0.0
2022-02-16 12:00:00+00:00,0.0
2022-02-16 13:00:00+00:00,-0.879167831436843
2022-02-16 14:00:00+00:00,0.0
2022-02-16 15:00:00+00:00,0.0
2022-02-16 16:00:00+00:00,0.0
2022-02-16 17:00:00+00:00,0.0
2022-02-16 18:00:00+00:00,0.0
2022-02-16 19:00:00+00:00,0.0
2022-02-16 20:00:00+00:00,0.0
2022-02-16 21:00:00+00:00,0.0
2022-02-16 22:00:00+00:00,0.0
2022-02-16 23:00:00+00:00,0.0
2022-02-17 00:00:00+00:00,0.0
2022-02-17 01:00:00+00:00,0.0
2022-02-17 02:00:00+00:00,0.0
2022-02-17 03:00:00+00:00,0.0
2022-02-17 04:00:00+00:00,0.0
2022-02-17 05:00:00+00:00,0.0
2022-02-17 06:00:00+00:00,0.0
2022-02-17 07:00:00+00:00,0.0
2022-02-17 08:00:00+00:00,0.0
2022-02-17 09:00:00+00:00,0.0
2022-02-17 10:00:00+00:00,0.0
2022-02-17 11:00:00+00:00,0.0
2022-02-17 12:00:00+00:00,0.0
2022-02-17 13:00:00+00:00,0.0
2022-02-17 14:00:00+00:00,0.0
2022-02-17 15:00:00+00:00,0.0
2022-02-17 16:00:00+00:00,0.0
2022-02-17 17:00:00+00:00,-7.009395519828102
2022-02-17 18:00:00+00:00,-0.0
2022-02-17 19:00:00+00:00,-0.0
2022-02-17 20:00:00+00:00,-0.0
2022-02-17 21:00:00+00:00,-0.0
2022-02-17 22:00:00+00:00,-0.0
2022-02-17 23:00:00+00:00,-0.0
2022-02-18 00:00:00+00:00,-0.0
2022-02-18 01:00:00+00:00,-0.0
2022-02-18 02:00:00+00:00,-0.0
2022-02-18 03:00:00+00:00,-0.0
2022-02-18 04:00:00+00:00,-0.0
2022-02-18 05:00:00+00:00,-0.0
2022-02-18 06:00:00+00:00,-0.0
2022-02-18 07:00:00+00:00,-0.0
2022-02-18 08:00:00+00:00,-0.0
2022-02-18 09:00:00+00:00,-0.0
2022-02-18 10:00:00+00:00,-0.0
2022-02-18 11:00:00+00:00,-0.0
2022-02-18 12:00:00+00:00,-0.0
2022-02-18 13:00:00+00:00,-0.0
2022-02-18 14:00:00+00:00,-0.0
2022-02-18 15:00:00+00:00,-0.0
2022-02-18 16:00:00+00:00,-0.0
2022-02-18 17:00:00+00:00,-0.0
2022-02-18 18:00:00+00:00,-0.0
2022-02-18 19:00:00+00:00,-0.0
2022-02-18 20:00:00+00:00,-0.0
2022-02-18 21:00:00+00:00,-0.0
2022-02-18 22:00:00+00:00,-0.0
2022-02-18 23:00:00+00:00,-0.0
2022-02-19 00:00:00+00:00,-0.0
2022-02-19 01:00:00+00:00,-0.0
2022-02-19 02:00:00+00:00,-0.0
2022-02-19 03:00:00+00:00,-0.0
2022-02-19 04:00:00+00:00,-0.0
2022-02-19 05:00:00+00:00,-0.0
2022-02-19 06:00:00+00:00,-0.0
2022-02-19 07:00:00+00:00,-0.0
2022-02-19 08:00:00+00:00,-0.0
2022-02-19 09:00:00+00:00,-0.0
2022-02-19 10:00:00+00:00,-0.0
2022-02-19 11:00:00+00:00,-0.0
2022-02-19 12:00:00+00:00,-0.0
2022-02-19 13:00:00+00:00,-0.0
2022-02-19 14:00:00+00:00,-0.0
2022-02-19 15:00:00+00:00,-0.0
2022-02-19 16:00:00+00:00,-0.0
2022-02-19 17:00:00+00:00,-0.0
2022-02-19 18:00:00+00:00,-0.0
2022-02-19 19:00:00+00:00,-0.0
2022-02-19 20:00:00+00:00,-0.0
2022-02-19 21:00:00+00:00,-0.0
2022-02-19 22:00:00+00:00,-0.0
2022-02-19 23:00:00+00:00,-0.0
2022-02-20 00:00:00+00:00,-0.0
2022-02-20 01:00:00+00:00,-0.0
2022-02-20 02:00:00+00:00,-0.0
2022-02-20 03:00:00+00:00,-0.0
2022-02-20 04:00:00+00:00,-0.0
2022-02-20 05:00:00+00:00,-0.0
2022-02-20 06:00:00+00:00,-0.0
2022-02-20 07:00:00+00:00,-0.0
2022-02-20 08:00:00+00:00,-0.0
2022-02-20 09:00:00+00:00,-0.0
2022-02-20 10:00:00+00:00,-0.0
2022-02-20 11:00:00+00:00,-0.0
2022-02-20 12:00:00+00:00,-0.0
2022-02-20 13:00:00+00:00,-0.0
2022-02-20 14:00:00+00:00,0.5147472553303114
2022-02-20 15:00:00+00:00,-0.0
2022-02-20 16:00:00+00:00,-0.0
2022-02-20 17:00:00+00:00,-0.0
2022-02-20 18:00:00+00:00,-0.0
2022-02-20 19:00:00+00:00,-0.0
2022-02-20 20:00:00+00:00,-0.0
2022-02-20 21:00:00+00:00,-0.0
2022-02-20 22:00:00+00:00,-0.0
2022-02-20 23:00:00+00:00,-0.0
2022-02-21 00:00:00+00:00,-0.0
2022-02-21 01:00:00+00:00,-0.0
2022-02-21 02:00:00+00:00,-0.0
2022-02-21 03:00:00+00:00,-0.0
2022-02-21 04:00:00+00:00,-0.0
2022-02-21 05:00:00+00:00,-0.0
2022-02-21 06:00:00+00:00,-0.0
2022-02-21 07:00:00+00:00,-0.0
2022-02-21 08:00:00+00:00,-0.0
2022-02-21 09:00:00+00:00,-0.0
2022-02-21 10:00:00+00:00,-0.0
2022-02-21 11:00:00+00:00,-0.0
2022-02-21 12:00:00+00:00,-0.0
2022-02-21 13:00:00+00:00,-0.0
2022-02-21 14:00:00+00:00,-0.0
2022-02-21 15:00:00+00:00,-0.0
2022-02-21 16:00:00+00:00,-0.0
2022-02-21 17:00:00+00:00,-0.0
2022-02-21 18:00:00+00:00,-0.0
2022-02-21 19:00:00+00:00,-0.0
2022-02-21 20:00:00+00:00,-0.0
2022-02-21 21:00:00+00:00,-0.0
2022-02-21 22:00:00+00:00,-0.0
2022-02-21 23:00:00+00:00,-0.0
2022-02-22 00:00:00+00:00,-0.0
2022-02-22 01:00:00+00:00,-0.0
2022-02-22 02:00:00+00:00,-0.0
2022-02-22 03:00:00+00:00,-0.0
2022-02-22 04:00:00+00:00,-0.0
2022-02-22 05:00:00+00:00,-0.0
2022-02-22 06:00:00+00:00,-0.0
2022-02-22 07:00:00+00:00,-0.0
2022-02-22 08:00:00+00:00,-0.0
2022-02-22 09:00:00+00:00,-0.0
2022-02-22 10:00:00+00:00,-0.0
2022-02-22 11:00:00+00:00,-0.0
2022-02-22 12:00:00+00:00,-0.0
2022-02-22 13:00:00+00:00,-0.0
2022-02-22 14:00:00+00:00,-0.0
2022-02-22 15:00:00+00:00,-0.0
2022-02-22 16:00:00+00:00,-0.0
2022-02-22 17:00:00+00:00,-0.0
2022-02-22 18:00:00+00:00,-0.0
2022-02-22 19:00:00+00:00,-0.0
2022-02-22 20:00:00+00:00,-0.0
2022-02-22 21:00:00+00:00,-0.0
2022-02-22 22:00:00+00:00,-0.0
2022-02-22 23:00:00+00:00,-0.0
2022-02-23 00:00:00+00:00,-0.0
2022-02-23 01:00:00+00:00,-0.0
2022-02-23 02:00:00+00:00,-0.0
2022-02-23 03:00:00+00:00,-0.0
2022-02-23 04:00:00+00:00,-0.0
2022-02-23 05:00:00+00:00,-0.0
2022-02-23 06:00:00+00:00,-0.0
2022-02-23 07:00:00+00:00,-0.0
2022-02-23 08:00:00+00:00,-0.0
2022-02-23 09:00:00+00:00,-0.0
2022-02-23 10:00:00+00:00,-0.0
2022-02-23 11:00:00+00:00,-0.0
2022-02-23 12:00:00+00:00,-0.0
2022-02-23 13:00:00+00:00,-0.0
2022-02-23 14:00:00+00:00,-0.0
2022-02-23 15:00:00+00:00,-0.0
2022-02-23 16:00:00+00:00,-0.0
2022-02-23 17:00:00+00:00,-1.34224031214328
2022-02-23 18:00:00+00:00,0.0
2022-02-23 19:00:00+00:00,0.0
2022-02-23 20:00:00+00:00,0.0
2022-02-23 21:00:00+00:00,0.0
2022-02-23 22:00:00+00:00,0.0
2022-02-23 23:00:00+00:00,-3.1448059555276657
2022-02-24 00:00:00+00:00,-0.0
2022-02-24 01:00:00+00:00,-0.0
2022-02-24 02:00:00+00:00,-0.0
2022-02-24 03:00:00+00:00,-0.0
2022-02-24 04:00:00+00:00,-0.0
2022-02-24 05:00:00+00:00,-0.0
2022-02-24 06:00:00+00:00,-0.0
2022-02-24 07:00:00+00:00,-0.0
2022-02-24 08:00:00+00:00,-0.0
2022-02-24 09:00:00+00:00,-0.0
2022-02-24 10:00:00+00:00,-0.0
2022-02-24 11:00:00+00:00,-0.0
2022-02-24 12:00:00+00:00,-0.0
2022-02-24 13:00:00+00:00,-0.0
2022-02-24 14:00:00+00:00,-0.0
2022-02-24 15:00:00+00:00,-0.0
2022-02-24 16:00:00+00:00,-0.0
2022-02-24 17:00:00+00:00,-0.0
2022-02-24 18:00:00+00:00,-0.0
2022-02-24 19:00:00+00:00,-0.0
2022-02-24 20:00:00+00:00,-0.0
2022-02-24 21:00:00+00:00,-0.0
2022-02-24 22:00:00+00:00,-0.0
2022-02-24 23:00:00+00:00,-0.0
2022-02-25 00:00:00+00:00,-0.0
2022-02-25 01:00:00+00:00,-0.0
2022-02-25 02:00:00+00:00,-0.0
2022-02-25 03:00:00+00:00,-0.0
2022-02-25 04:00:00+00:00,-0.0
2022-02-25 05:00:00+00:00,-0.0
2022-02-25 06:00:00+00:00,-0.0
2022-02-25 07:00:00+00:00,-0.0
2022-02-25 08:00:00+00:00,-0.0
2022-02-25 09:00:00+00:00,-0.0
2022-02-25 10:00:00+00:00,-0.0
2022-02-25 11:00:00+00:00,-0.0
2022-02-25 12:00:00+00:00,-0.0
2022-02-25 13:00:00+00:00,-0.0
2022-02-25 14:00:00+00:00,-0.0
2022-02-25 15:00:00+00:00,-0.0
2022-02-25 16:00:00+00:00,-0.0
2022-02-25 17:00:00+00:00,-0.0
2022-02-25 18:00:00+00:00,-0.0
2022-02-25 19:00:00+00:00,-0.0
2022-02-25 20:00:00+00:00,-0.0
2022-02-25 21:00:00+00:00,-4.016781638931463
2022-02-25 22:00:00+00:00,0.0
2022-02-25 23:00:00+00:00,0.0
2022-02-26 00:00:00+00:00,0.0
2022-02-26 01:00:00+00:00,0.0
2022-02-26 02:00:00+00:00,0.0
2022-02-26 03:00:00+00:00,0.0
2022-02-26 04:00:00+00:00,0.0
2022-02-26 05:00:00+00:00,0.0
2022-02-26 06:00:00+00:00,0.0
2022-02-26 07:00:00+00:00,0.0
2022-02-26 08:00:00+00:00,0.0
2022-02-26 09:00:00+00:00,0.0
2022-02-26 10:00:00+00:00,0.0
2022-02-26 11:00:00+00:00,0.0
2022-02-26 12:00:00+00:00,0.0
2022-02-26 13:00:00+00:00,0.0
2022-02-26 14:00:00+00:00,0.0
2022-02-26 15:00:00+00:00,0.0
2022-02-26 16:00:00+00:00,0.0
2022-02-26 17:00:00+00:00,0.0
2022-02-26 18:00:00+00:00,0.0
2022-02-26 19:00:00+00:00,0.0
2022-02-26 20:00:00+00:00,0.0
2022-02-26 21:00:00+00:00,0.0
2022-02-26 22:00:00+00:00,0.0
2022-02-26 23:00:00+00:00,0.0
2022-02-27 00:00:00+00:00,0.0
2022-02-27 01:00:00+00:00,0.0
2022-02-27 02:00:00+00:00,0.0
2022-02-27 03:00:00+00:00,0.0
2022-02-27 04:00:00+00:00,0.0
2022-02-27 05:00:00+00:00,0.0
2022-02-27 06:00:00+00:00,0.0
2022-02-27 07:00:00+00:00,0.0
2022-02-27 08:00:00+00:00,0.0
2022-02-27 09:00:00+00:00,0.0
2022-02-27 10:00:00+00:00,0.0
2022-02-27 11:00:00+00:00,0.0
2022-02-27 12:00:00+00:00,0.0
2022-02-27 13:00:00+00:00,0.0
2022-02-27 14:00:00+00:00,0.0
2022-02-27 15:00:00+00:00,0.0
2022-02-27 16:00:00+00:00,0.0
2022-02-27 17:00:00+00:00,0.0
2022-02-27 18:00:00+00:00,0.0
2022-02-27 19:00:00+00:00,-0.38347657111589195
2022-02-27 20:00:00+00:00,0.0
2022-02-27 21:00:00+00:00,0.0
2022-02-27 22:00:00+00:00,0.0
2022-02-27 23:00:00+00:00,0.0
2022-02-28 00:00:00+00:00,0.0
2022-02-28 01:00:00+00:00,0.0
2022-02-28 02:00:00+00:00,0.0
2022-02-28 03:00:00+00:00,0.0
2022-02-28 04:00:00+00:00,0.0
2022-02-28 05:00:00+00:00,0.0
2022-02-28 06:00:00+00:00,0.0
2022-02-28 07:00:00+00:00,0.0
2022-02-28 08:00:00+00:00,0.0
2022-02-28 09:00:00+00:00,0.0
2022-02-28 10:00:00+00:00,0.0
2022-02-28 11:00:00+00:00,0.0
2022-02-28 12:00:00+00:00,0.0
2022-02-28 13:00:00+00:00,0.0
2022-02-28 14:00:00+00:00,0.0
2022-02-28 15:00:00+00:00,0.0
2022-02-28 16:00:00+00:00,0.0
2022-02-28 17:00:00+00:00,0.0
2022-02-28 18:00:00+00:00,0.0
2022-02-28 19:00:00+00:00,0.0
2022-02-28 20:00:00+00:00,0.0
2022-02-28 21:00:00+00:00,0.0
2022-02-28 22:00:00+00:00,0.0
2022-02-28 23:00:00+00:00,0.0
2022-03-01 00:00:00+00:00,0.0
2022-03-01 01:00:00+00:00,0.0
2022-03-01 02:00:00+00:00,0.0
2022-03-01 03:00:00+00:00,0.0
2022-03-01 04:00:00+00:00,0.0
2022-03-01 05:00:00+00:00,0.0
2022-03-01 06:00:00+00:00,0.0
2022-03-01 07:00:00+00:00,0.0
2022-03-01 08:00:00+00:00,0.0
2022-03-01 09:00:00+00:00,0.0
2022-03-01 10:00:00+00:00,0.0
2022-03-01 11:00:00+00:00,0.0
2022-03-01 12:00:00+00:00,0.0
2022-03-01 13:00:00+00:00,0.0
2022-03-01 14:00:00+00:00,0.0
2022-03-01 15:00:00+00:00,0.0
2022-03-01 16:00:00+00:00,0.0
2022-03-01 17:00:00+00:00,0.0
2022-03-01 18:00:00+00:00,0.0
2022-03-01 19:00:00+00:00,0.0
2022-03-01 20:00:00+00:00,0.0
2022-03-01 21:00:00+00:00,0.0
2022-03-01 22:00:00+00:00,0.0
2022-03-01 23:00:00+00:00,0.0
2022-03-02 00:00:00+00:00,0.0
2022-03-02 01:00:00+00:00,0.0
2022-03-02 02:00:00+00:00,0.0
2022-03-02 03:00:00+00:00,0.0
2022-03-02 04:00:00+00:00,0.0
2022-03-02 05:00:00+00:00,0.0
2022-03-02 06:00:00+00:00,0.0
2022-03-02 07:00:00+00:00,0.0
2022-03-02 08:00:00+00:00,0.0
2022-03-02 09:00:00+00:00,0.0
2022-03-02 10:00:00+00:00,0.0
2022-03-02 11:00:00+00:00,0.0
2022-03-02 12:00:00+00:00,0.0
2022-03-02 13:00:00+00:00,-0.6473176208229688
2022-03-02 14:00:00+00:00,0.0
2022-03-02 15:00:00+00:00,0.0
2022-03-02 16:00:00+00:00,0.0
2022-03-02 17:00:00+00:00,0.0
2022-03-02 18:00:00+00:00,0.0
2022-03-02 19:00:00+00:00,0.0
2022-03-02 20:00:00+00:00,0.0
2022-03-02 21:00:00+00:00,0.0
2022-03-02 22:00:00+00:00,0.0
2022-03-02 23:00:00+00:00,0.0
2022-03-03 00:00:00+00:00,0.0
2022-03-03 01:00:00+00:00,0.0
2022-03-03 02:00:00+00:00,0.0
2022-03-03 03:00:00+00:00,0.0
2022-03-03 04:00:00+00:00,0.0
2022-03-03 05:00:00+00:00,0.0
2022-03-03 06:00:00+00:00,0.0
2022-03-03 07:00:00+00:00,0.0
2022-03-03 08:00:00+00:00,0.0
2022-03-03 09:00:00+00:00,0.0
2022-03-03 10:00:00+00:00,0.0
2022-03-03 11:00:00+00:00,0.0
2022-03-03 12:00:00+00:00,0.0
2022-03-03 13:00:00+00:00,0.0
2022-03-03 14:00:00+00:00,0.0
2022-03-03 15:00:00+00:00,-2.2644453684657884
2022-03-03 16:00:00+00:00,-0.0
2022-03-03 17:00:00+00:00,-0.0
2022-03-03 18:00:00+00:00,-0.0
2022-03-03 19:00:00+00:00,-0.0
2022-03-03 20:00:00+00:00,-0.0
2022-03-03 21:00:00+00:00,-0.0
2022-03-03 22:00:00+00:00,-0.0
2022-03-03 23:00:00+00:00,-0.0
2022-03-04 00:00:00+00:00,-0.0
2022-03-04 01:00:00+00:00,-0.0
2022-03-04 02:00:00+00:00,-0.0
2022-03-04 03:00:00+00:00,-0.0
2022-03-04 04:00:00+00:00,-0.0
2022-03-04 05:00:00+00:00,-0.0
2022-03-04 06:00:00+00:00,-0.0
2022-03-04 07:00:00+00:00,-0.0
2022-03-04 08:00:00+00:00,-0.0
2022-03-04 09:00:00+00:00,-0.0
2022-03-04 10:00:00+00:00,-0.0
2022-03-04 11:00:00+00:00,-0.0
2022-03-04 12:00:00+00:00,-0.0
2022-03-04 13:00:00+00:00,-0.0
2022-03-04 14:00:00+00:00,-0.0
2022-03-04 15:00:00+00:00,-0.0
2022-03-04 16:00:00+00:00,-0.0
2022-03-04 17:00:00+00:00,-0.0
2022-03-04 18:00:00+00:00,-0.0
2022-03-04 19:00:00+00:00,-0.0
2022-03-04 20:00:00+00:00,1.1103371221203087
2022-03-04 21:00:00+00:00,-0.0
2022-03-04 22:00:00+00:00,-0.0
2022-03-04 23:00:00+00:00,-0.0
2022-03-05 00:00:00+00:00,-0.0
2022-03-05 01:00:00+00:00,-0.0
2022-03-05 02:00:00+00:00,-0.0
2022-03-05 03:00:00+00:00,-0.0
2022-03-05 04:00:00+00:00,-0.0
2022-03-05 05:00:00+00:00,-0.0
2022-03-05 06:00:00+00:00,-0.0
2022-03-05 07:00:00+00:00,-0.0
2022-03-05 08:00:00+00:00,-0.0
2022-03-05 09:00:00+00:00,-0.0
2022-03-05 10:00:00+00:00,-0.0
2022-03-05 11:00:00+00:00,-0.0
2022-03-05 12:00:00+00:00,-0.0
2022-03-05 13:00:00+00:00,-0.0
2022-03-05 14:00:00+00:00,-0.0
2022-03-05 15:00:00+00:00,-0.0
2022-03-05 16:00:00+00:00,-0.0
2022-03-05 17:00:00+00:00,-0.0
2022-03-05 18:00:00+00:00,-0.0
2022-03-05 19:00:00+00:00,-0.0
2022-03-05 20:00:00+00:00,-0.0
2022-03-05 21:00:00+00:00,-0.0
2022-03-05 22:00:00+00:00,-0.0
2022-03-05 23:00:00+00:00,-0.0
2022-03-06 00:00:00+00:00,-0.0
2022-03-06 01:00:00+00:00,-0.0
2022-03-06 02:00:00+00:00,-0.0
2022-03-06 03:00:00+00:00,0.8028211397292282
2022-03-06 04:00:00+00:00,-0.0
2022-03-06 05:00:00+00:00,-0.0
2022-03-06 06:00:00+00:00,-0.0
2022-03-06 07:00:00+00:00,-0.0
2022-03-06 08:00:00+00:00,-0.0
2022-03-06 09:00:00+00:00,-0.0
2022-03-06 10:00:00+00:00,-0.0
2022-03-06 11:00:00+00:00,-0.0
2022-03-06 12:00:00+00:00,-0.0
2022-03-06 13:00:00+00:00,-0.0
2022-03-06 14:00:00+00:00,-0.0
2022-03-06 15:00:00+00:00,-0.0
2022-03-06 16:00:00+00:00,-0.0
2022-03-06 17:00:00+00:00,-0.0
2022-03-06 18:00:00+00:00,-0.0
2022-03-06 19:00:00+00:00,-0.0
2022-03-06 20:00:00+00:00,-0.0
2022-03-06 21:00:00+00:00,-0.0
2022-03-06 22:00:00+00:00,-0.0
2022-03-06 23:00:00+00:00,-0.0
2022-03-07 00:00:00+00:00,-0.0
2022-03-07 01:00:00+00:00,-0.0
2022-03-07 02:00:00+00:00,-0.0
2022-03-07 03:00:00+00:00,-0.0
2022-03-07 04:00:00+00:00,-0.0
2022-03-07 05:00:00+00:00,-0.0
2022-03-07 06:00:00+00:00,-0.0
2022-03-07 07:00:00+00:00,-0.0
2022-03-07 08:00:00+00:00,-0.0
2022-03-07 09:00:00+00:00,-0.0
2022-03-07 10:00:00+00:00,-0.0
2022-03-07 11:00:00+00:00,-0.0
2022-03-07 12:00:00+00:00,-0.0
2022-03-07 13:00:00+00:00,-0.0
2022-03-07 14:00:00+00:00,-0.0
2022-03-07 15:00:00+00:00,-0.0
2022-03-07 16:00:00+00:00,-0.0
2022-03-07 17:00:00+00:00,-0.0
2022-03-07 18:00:00+00:00,-0.0
2022-03-07 19:00:00+00:00,0.37673596209496835
2022-03-07 20:00:00+00:00,-0.0
2022-03-07 21:00:00+00:00,-0.0
2022-03-07 22:00:00+00:00,-0.0
2022-03-07 23:00:00+00:00,-0.0
2022-03-08 00:00:00+00:00,-0.0
2022-03-08 01:00:00+00:00,-0.0
2022-03-08 02:00:00+00:00,-0.0
2022-03-08 03:00:00+00:00,-0.0
2022-03-08 04:00:00+00:00,-0.0
2022-03-08 05:00:00+00:00,-0.0
2022-03-08 06:00:00+00:00,-0.0
2022-03-08 07:00:00+00:00,-0.0
2022-03-08 08:00:00+00:00,-0.0
2022-03-08 09:00:00+00:00,-0.0
2022-03-08 10:00:00+00:00,-0.0
2022-03-08 11:00:00+00:00,-0.0
2022-03-08 12:00:00+00:00,-0.0
2022-03-08 13:00:00+00:00,-0.0
2022-03-08 14:00:00+00:00,-0.0
2022-03-08 15:00:00+00:00,-0.0
2022-03-08 16:00:00+00:00,-0.0
2022-03-08 17:00:00+00:00,-0.0
2022-03-08 18:00:00+00:00,-0.0
2022-03-08 19:00:00+00:00,-0.0
2022-03-08 20:00:00+00:00,-0.0
2022-03-08 21:00:00+00:00,-0.0
2022-03-08 22:00:00+00:00,-0.0
2022-03-08 23:00:00+00:00,-0.0
2022-03-09 00:00:00+00:00,-0.0
2022-03-09 01:00:00+00:00,-0.0
2022-03-09 02:00:00+00:00,-0.0
2022-03-09 03:00:00+00:00,-0.0
2022-03-09 04:00:00+00:00,-0.0
2022-03-09 05:00:00+00:00,-0.0
2022-03-09 06:00:00+00:00,-0.0
2022-03-09 07:00:00+00:00,-0.0
2022-03-09 08:00:00+00:00,-0.0
2022-03-09 09:00:00+00:00,-0.0
2022-03-09 10:00:00+00:00,-0.0
2022-03-09 11:00:00+00:00,-0.0
2022-03-09 12:00:00+00:00,-0.0
2022-03-09 13:00:00+00:00,-0.0
2022-03-09 14:00:00+00:00,-0.0
2022-03-09 15:00:00+00:00,-0.0
2022-03-09 16:00:00+00:00,-0.0
2022-03-09 17:00:00+00:00,-0.0
2022-03-09 18:00:00+00:00,-0.0
2022-03-09 19:00:00+00:00,-0.0
2022-03-09 20:00:00+00:00,0.20450113785287458
2022-03-09 21:00:00+00:00,-0.0
2022-03-09 22:00:00+00:00,-0.0
2022-03-09 23:00:00+00:00,-0.0
2022-03-10 00:00:00+00:00,-0.0
2022-03-10 01:00:00+00:00,-0.0
2022-03-10 02:00:00+00:00,-0.0
2022-03-10 03:00:00+00:00,-0.0
2022-03-10 04:00:00+00:00,0.29022796265242456
2022-03-10 05:00:00+00:00,-0.0
2022-03-10 06:00:00+00:00,-0.0
2022-03-10 07:00:00+00:00,-0.0
2022-03-10 08:00:00+00:00,-0.0
2022-03-10 09:00:00+00:00,-0.0
2022-03-10 10:00:00+00:00,-0.0
2022-03-10 11:00:00+00:00,-0.0
2022-03-10 12:00:00+00:00,-0.0
2022-03-10 13:00:00+00:00,-0.0
2022-03-10 14:00:00+00:00,-0.0
2022-03-10 15:00:00+00:00,-0.0
2022-03-10 16:00:00+00:00,-0.0
2022-03-10 17:00:00+00:00,-0.0
2022-03-10 18:00:00+00:00,-0.0
2022-03-10 19:00:00+00:00,-0.0
2022-03-10 20:00:00+00:00,-0.0
2022-03-10 21:00:00+00:00,-0.0
2022-03-10 22:00:00+00:00,-0.0
2022-03-10 23:00:00+00:00,-0.0
2022-03-11 00:00:00+00:00,-0.0
2022-03-11 01:00:00+00:00,-0.0
2022-03-11 02:00:00+00:00,-0.0
2022-03-11 03:00:00+00:00,-0.0
2022-03-11 04:00:00+00:00,-0.0
2022-03-11 05:00:00+00:00,-0.0
2022-03-11 06:00:00+00:00,-0.0
2022-03-11 07:00:00+00:00,-0.0
2022-03-11 08:00:00+00:00,-0.0
2022-03-11 09:00:00+00:00,-0.0
2022-03-11 10:00:00+00:00,-0.0
2022-03-11 11:00:00+00:00,-0.0
2022-03-11 12:00:00+00:00,-0.0
2022-03-11 13:00:00+00:00,-0.0
2022-03-11 14:00:00+00:00,-0.0
2022-03-11 15:00:00+00:00,-0.0
2022-03-11 16:00:00+00:00,-0.0
2022-03-11 17:00:00+00:00,-0.0
2022-03-11 18:00:00+00:00,-0.0
2022-03-11 19:00:00+00:00,-0.0
2022-03-11 20:00:00+00:00,-0.0
2022-03-11 21:00:00+00:00,-0.0
2022-03-11 22:00:00+00:00,-0.0
2022-03-11 23:00:00+00:00,-0.0
2022-03-12 00:00:00+00:00,-0.0
2022-03-12 01:00:00+00:00,-0.0
2022-03-12 02:00:00+00:00,-0.0
2022-03-12 03:00:00+00:00,-0.0
2022-03-12 04:00:00+00:00,-0.0
2022-03-12 05:00:00+00:00,-0.0
2022-03-12 06:00:00+00:00,-0.0
2022-03-12 07:00:00+00:00,-0.0
2022-03-12 08:00:00+00:00,-0.0
2022-03-12 09:00:00+00:00,-0.0
2022-03-12 10:00:00+00:00,-0.0
2022-03-12 11:00:00+00:00,-0.0
2022-03-12 12:00:00+00:00,-0.0
2022-03-12 13:00:00+00:00,-0.0
2022-03-12 14:00:00+00:00,-0.0
2022-03-12 15:00:00+00:00,-0.0
2022-03-12 16:00:00+00:00,-0.0
2022-03-12 17:00:00+00:00,-0.0
2022-03-12 18:00:00+00:00,-0.0
2022-03-12 19:00:00+00:00,-0.0
2022-03-12 20:00:00+00:00,-0.0
2022-03-12 21:00:00+00:00,-0.0
2022-03-12 22:00:00+00:00,-0.0
2022-03-12 23:00:00+00:00,-0.0
2022-03-13 00:00:00+00:00,-0.0
2022-03-13 01:00:00+00:00,-0.0
2022-03-13 02:00:00+00:00,-0.0
2022-03-13 03:00:00+00:00,-0.0
2022-03-13 04:00:00+00:00,-0.0
2022-03-13 05:00:00+00:00,-0.0
2022-03-13 06:00:00+00:00,-0.0
2022-03-13 07:00:00+00:00,-0.0
2022-03-13 08:00:00+00:00,-0.0
2022-03-13 09:00:00+00:00,-0.0
2022-03-13 10:00:00+00:00,-0.0
2022-03-13 11:00:00+00:00,-0.0
2022-03-13 12:00:00+00:00,-0.0
2022-03-13 13:00:00+00:00,-0.0
2022-03-13 14:00:00+00:00,-0.0
2022-03-13 15:00:00+00:00,-0.0
2022-03-13 16:00:00+00:00,-0.0
2022-03-13 17:00:00+00:00,-0.0
2022-03-13 18:00:00+00:00,-0.0
2022-03-13 19:00:00+00:00,-0.0
2022-03-13 20:00:00+00:00,-0.0
2022-03-13 21:00:00+00:00,-0.0
2022-03-13 22:00:00+00:00,-0.0
2022-03-13 23:00:00+00:00,-0.0
2022-03-14 00:00:00+00:00,-0.0
2022-03-14 01:00:00+00:00,-0.0
2022-03-14 02:00:00+00:00,-0.0
2022-03-14 03:00:00+00:00,-0.0
2022-03-14 04:00:00+00:00,-0.0
2022-03-14 05:00:00+00:00,-0.0
2022-03-14 06:00:00+00:00,-0.0
2022-03-14 07:00:00+00:00,-0.0
2022-03-14 08:00:00+00:00,-0.0
2022-03-14 09:00:00+00:00,-0.0
2022-03-14 10:00:00+00:00,-0.0
2022-03-14 11:00:00+00:00,-0.0
2022-03-14 12:00:00+00:00,-0.0
2022-03-14 13:00:00+00:00,-0.0
2022-03-14 14:00:00+00:00,-0.0
2022-03-14 15:00:00+00:00,-0.0
2022-03-14 16:00:00+00:00,-0.0
2022-03-14 17:00:00+00:00,-0.0
2022-03-14 18:00:00+00:00,-0.0
2022-03-14 19:00:00+00:00,-0.0
2022-03-14 20:00:00+00:00,-0.0
2022-03-14 21:00:00+00:00,-0.0
2022-03-14 22:00:00+00:00,-0.0
2022-03-14 23:00:00+00:00,-0.0
2022-03-15 00:00:00+00:00,-0.0
2022-03-15 01:00:00+00:00,-0.0
2022-03-15 02:00:00+00:00,-0.0
2022-03-15 03:00:00+00:00,-0.0
2022-03-15 04:00:00+00:00,-0.0
2022-03-15 05:00:00+00:00,-0.0
2022-03-15 06:00:00+00:00,-0.0
2022-03-15 07:00:00+00:00,-0.0
2022-03-15 08:00:00+00:00,-0.0
2022-03-15 09:00:00+00:00,-0.0
2022-03-15 10:00:00+00:00,-0.0
2022-03-15 11:00:00+00:00,-0.0
2022-03-15 12:00:00+00:00,-0.0
2022-03-15 13:00:00+00:00,-0.0
2022-03-15 14:00:00+00:00,-0.0
2022-03-15 15:00:00+00:00,-0.0
2022-03-15 16:00:00+00:00,-0.0
2022-03-15 17:00:00+00:00,-0.0
2022-03-15 18:00:00+00:00,-0.0
2022-03-15 19:00:00+00:00,-0.0
2022-03-15 20:00:00+00:00,-0.0
2022-03-15 21:00:00+00:00,-0.0
2022-03-15 22:00:00+00:00,-0.0
2022-03-15 23:00:00+00:00,-0.0
2022-03-16 00:00:00+00:00,-0.0
2022-03-16 01:00:00+00:00,-0.0
2022-03-16 02:00:00+00:00,-0.0
2022-03-16 03:00:00+00:00,-0.0
2022-03-16 04:00:00+00:00,-0.0
2022-03-16 05:00:00+00:00,-0.0
2022-03-16 06:00:00+00:00,-0.0
2022-03-16 07:00:00+00:00,-0.0
2022-03-16 08:00:00+00:00,-0.0
2022-03-16 09:00:00+00:00,-0.0
2022-03-16 10:00:00+00:00,-0.0
2022-03-16 11:00:00+00:00,-0.0
2022-03-16 12:00:00+00:00,-0.0
2022-03-16 13:00:00+00:00,-0.0
2022-03-16 14:00:00+00:00,-0.0
2022-03-16 15:00:00+00:00,-0.0
2022-03-16 16:00:00+00:00,-0.0
2022-03-16 17:00:00+00:00,-0.0
2022-03-16 18:00:00+00:00,-0.0
2022-03-16 19:00:00+00:00,-0.0
2022-03-16 20:00:00+00:00,-0.0
2022-03-16 21:00:00+00:00,-0.0
2022-03-16 22:00:00+00:00,-0.0
2022-03-16 23:00:00+00:00,-0.0
2022-03-17 00:00:00+00:00,-0.0
2022-03-17 01:00:00+00:00,-0.0
2022-03-17 02:00:00+00:00,-0.0
2022-03-17 03:00:00+00:00,-0.0
2022-03-17 04:00:00+00:00,-0.0
2022-03-17 05:00:00+00:00,-0.0
2022-03-17 06:00:00+00:00,-0.0
2022-03-17 07:00:00+00:00,-0.0
2022-03-17 08:00:00+00:00,-0.0
2022-03-17 09:00:00+00:00,-0.0
2022-03-17 10:00:00+00:00,-0.0
2022-03-17 11:00:00+00:00,-0.0
2022-03-17 12:00:00+00:00,-0.0
2022-03-17 13:00:00+00:00,-0.0
2022-03-17 14:00:00+00:00,-0.0
2022-03-17 15:00:00+00:00,-0.0
2022-03-17 16:00:00+00:00,-0.0
2022-03-17 17:00:00+00:00,-0.0
2022-03-17 18:00:00+00:00,-0.0
2022-03-17 19:00:00+00:00,-0.0
2022-03-17 20:00:00+00:00,-0.0
2022-03-17 21:00:00+00:00,-0.0
2022-03-17 22:00:00+00:00,-0.0
2022-03-17 23:00:00+00:00,-0.0
2022-03-18 00:00:00+00:00,0.1257626522509021
2022-03-18 01:00:00+00:00,-0.0
2022-03-18 02:00:00+00:00,-0.0
2022-03-18 03:00:00+00:00,-0.0
2022-03-18 04:00:00+00:00,-0.0
2022-03-18 05:00:00+00:00,-0.0
2022-03-18 06:00:00+00:00,-0.0
2022-03-18 07:00:00+00:00,-0.0
2022-03-18 08:00:00+00:00,-0.0
2022-03-18 09:00:00+00:00,-0.0
2022-03-18 10:00:00+00:00,-0.0
2022-03-18 11:00:00+00:00,-0.0
2022-03-18 12:00:00+00:00,-0.0
2022-03-18 13:00:00+00:00,-0.0
2022-03-18 14:00:00+00:00,-0.0
2022-03-18 15:00:00+00:00,-0.0
2022-03-18 16:00:00+00:00,-0.0
2022-03-18 17:00:00+00:00,-0.0
2022-03-18 18:00:00+00:00,-0.0
2022-03-18 19:00:00+00:00,-0.0
2022-03-18 20:00:00+00:00,-0.0
2022-03-18 21:00:00+00:00,-0.0
2022-03-18 22:00:00+00:00,-0.0
2022-03-18 23:00:00+00:00,-0.0
2022-03-19 00:00:00+00:00,-0.0
2022-03-19 01:00:00+00:00,-0.0
2022-03-19 02:00:00+00:00,-0.0
2022-03-19 03:00:00+00:00,-0.0
2022-03-19 04:00:00+00:00,-0.0
2022-03-19 05:00:00+00:00,-0.0
2022-03-19 06:00:00+00:00,-0.0
2022-03-19 07:00:00+00:00,-0.0
2022-03-19 08:00:00+00:00,-0.0
2022-03-19 09:00:00+00:00,-0.0
2022-03-19 10:00:00+00:00,-0.0
2022-03-19 11:00:00+00:00,-0.0
2022-03-19 12:00:00+00:00,-0.0
2022-03-19 13:00:00+00:00,-0.0
2022-03-19 14:00:00+00:00,-0.0
2022-03-19 15:00:00+00:00,-0.0
2022-03-19 16:00:00+00:00,-0.0
2022-03-19 17:00:00+00:00,-0.0
2022-03-19 18:00:00+00:00,-0.0
2022-03-19 19:00:00+00:00,-0.0
2022-03-19 20:00:00+00:00,-0.0
2022-03-19 21:00:00+00:00,-0.0
2022-03-19 22:00:00+00:00,-0.0
2022-03-19 23:00:00+00:00,-0.0
2022-03-20 00:00:00+00:00,-0.0
2022-03-20 01:00:00+00:00,-0.0
2022-03-20 02:00:00+00:00,-0.0
2022-03-20 03:00:00+00:00,-0.0
2022-03-20 04:00:00+00:00,-0.0
2022-03-20 05:00:00+00:00,-0.0
2022-03-20 06:00:00+00:00,-0.0
2022-03-20 07:00:00+00:00,-0.0
2022-03-20 08:00:00+00:00,-0.0
2022-03-20 09:00:00+00:00,-0.0
2022-03-20 10:00:00+00:00,-0.0
2022-03-20 11:00:00+00:00,-0.0
2022-03-20 12:00:00+00:00,-0.0
2022-03-20 13:00:00+00:00,-0.0
2022-03-20 14:00:00+00:00,-0.0
2022-03-20 15:00:00+00:00,-0.0
2022-03-20 16:00:00+00:00,-0.0
2022-03-20 17:00:00+00:00,-0.0
2022-03-20 18:00:00+00:00,-0.0
2022-03-20 19:00:00+00:00,-0.0
2022-03-20 20:00:00+00:00,-0.0
2022-03-20 21:00:00+00:00,-0.0
2022-03-20 22:00:00+00:00,-0.0
2022-03-20 23:00:00+00:00,-0.0
2022-03-21 00:00:00+00:00,-0.0
2022-03-21 01:00:00+00:00,-0.0
2022-03-21 02:00:00+00:00,-0.0
2022-03-21 03:00:00+00:00,-0.0
2022-03-21 04:00:00+00:00,-0.0
2022-03-21 05:00:00+00:00,-0.0
2022-03-21 06:00:00+00:00,-0.0
2022-03-21 07:00:00+00:00,-0.0
2022-03-21 08:00:00+00:00,-0.0
2022-03-21 09:00:00+00:00,-0.0
2022-03-21 10:00:00+00:00,-0.0
2022-03-21 11:00:00+00:00,-0.0
2022-03-21 12:00:00+00:00,-0.0
2022-03-21 13:00:00+00:00,-0.0
2022-03-21 14:00:00+00:00,0.0639732683648536
2022-03-21 15:00:00+00:00,-0.0
2022-03-21 16:00:00+00:00,-0.0
2022-03-21 17:00:00+00:00,-0.0
2022-03-21 18:00:00+00:00,-0.0
2022-03-21 19:00:00+00:00,-0.0
2022-03-21 20:00:00+00:00,-0.0
2022-03-21 21:00:00+00:00,-0.0
2022-03-21 22:00:00+00:00,-0.0
2022-03-21 23:00:00+00:00,-0.0
2022-03-22 00:00:00+00:00,-0.0
2022-03-22 01:00:00+00:00,-0.0
2022-03-22 02:00:00+00:00,-0.0
2022-03-22 03:00:00+00:00,-0.0
2022-03-22 04:00:00+00:00,-0.0
2022-03-22 05:00:00+00:00,-0.0
2022-03-22 06:00:00+00:00,-0.0
2022-03-22 07:00:00+00:00,-0.0
2022-03-22 08:00:00+00:00,-0.0
2022-03-22 09:00:00+00:00,-0.0
2022-03-22 10:00:00+00:00,-0.0
2022-03-22 11:00:00+00:00,-0.0
2022-03-22 12:00:00+00:00,-0.0
2022-03-22 13:00:00+00:00,-0.0
2022-03-22 14:00:00+00:00,-0.0
2022-03-22 15:00:00+00:00,-0.0
2022-03-22 16:00:00+00:00,-0.0
2022-03-22 17:00:00+00:00,-0.0
2022-03-22 18:00:00+00:00,-0.0
2022-03-22 19:00:00+00:00,-0.0
2022-03-22 20:00:00+00:00,-0.0
2022-03-22 21:00:00+00:00,-0.0
2022-03-22 22:00:00+00:00,-0.0
2022-03-22 23:00:00+00:00,-0.0
2022-03-23 00:00:00+00:00,-0.0
2022-03-23 01:00:00+00:00,-0.0
2022-03-23 02:00:00+00:00,-0.0
2022-03-23 03:00:00+00:00,-0.0
2022-03-23 04:00:00+00:00,-0.0
2022-03-23 05:00:00+00:00,-0.0
2022-03-23 06:00:00+00:00,-0.0
2022-03-23 07:00:00+00:00,-0.0
2022-03-23 08:00:00+00:00,-0.0
2022-03-23 09:00:00+00:00,-0.0
2022-03-23 10:00:00+00:00,-0.0
2022-03-23 11:00:00+00:00,-0.0
2022-03-23 12:00:00+00:00,-0.0
2022-03-23 13:00:00+00:00,-0.0
2022-03-23 14:00:00+00:00,-0.0
2022-03-23 15:00:00+00:00,-0.0
2022-03-23 16:00:00+00:00,-0.0
2022-03-23 17:00:00+00:00,-0.0
2022-03-23 18:00:00+00:00,-0.0
2022-03-23 19:00:00+00:00,-0.0
2022-03-23 20:00:00+00:00,-0.0
2022-03-23 21:00:00+00:00,-0.0
2022-03-23 22:00:00+00:00,-0.0
2022-03-23 23:00:00+00:00,-0.0
2022-03-24 00:00:00+00:00,-0.0
2022-03-24 01:00:00+00:00,-0.0
2022-03-24 02:00:00+00:00,-0.0
2022-03-24 03:00:00+00:00,-0.0
2022-03-24 04:00:00+00:00,-0.0
2022-03-24 05:00:00+00:00,-0.0
2022-03-24 06:00:00+00:00,-0.0
2022-03-24 07:00:00+00:00,-0.0
2022-03-24 08:00:00+00:00,-0.0
2022-03-24 09:00:00+00:00,-0.0
2022-03-24 10:00:00+00:00,-0.0
2022-03-24 11:00:00+00:00,-0.0
2022-03-24 12:00:00+00:00,-0.0
2022-03-24 13:00:00+00:00,-0.0
2022-03-24 14:00:00+00:00,-0.0
2022-03-24 15:00:00+00:00,-0.0
2022-03-24 16:00:00+00:00,-0.0
2022-03-24 17:00:00+00:00,-0.0
2022-03-24 18:00:00+00:00,-0.0
2022-03-24 19:00:00+00:00,-0.0
2022-03-24 20:00:00+00:00,-0.0
2022-03-24 21:00:00+00:00,-0.0
2022-03-24 22:00:00+00:00,-0.0
2022-03-24 23:00:00+00:00,-0.0
2022-03-25 00:00:00+00:00,-0.0
2022-03-25 01:00:00+00:00,-0.0
2022-03-25 02:00:00+00:00,-0.0
2022-03-25 03:00:00+00:00,-0.0
2022-03-25 04:00:00+00:00,-0.0
2022-03-25 05:00:00+00:00,-0.0
2022-03-25 06:00:00+00:00,-0.0
2022-03-25 07:00:00+00:00,-0.0
2022-03-25 08:00:00+00:00,-0.0
2022-03-25 09:00:00+00:00,-0.0
2022-03-25 10:00:00+00:00,-0.0
2022-03-25 11:00:00+00:00,-0.0
2022-03-25 12:00:00+00:00,-0.0
2022-03-25 13:00:00+00:00,-0.0
2022-03-25 14:00:00+00:00,-0.0
2022-03-25 15:00:00+00:00,-0.0
2022-03-25 16:00:00+00:00,0.1323868609376744
2022-03-25 17:00:00+00:00,-0.0
2022-03-25 18:00:00+00:00,-0.0
2022-03-25 19:00:00+00:00,-0.0
2022-03-25 20:00:00+00:00,-0.0
2022-03-25 21:00:00+00:00,-0.0
2022-03-25 22:00:00+00:00,-0.0
2022-03-25 23:00:00+00:00,-0.0
2022-03-26 00:00:00+00:00,-0.0
2022-03-26 01:00:00+00:00,-0.0
2022-03-26 02:00:00+00:00,-0.0
2022-03-26 03:00:00+00:00,-0.0
2022-03-26 04:00:00+00:00,-0.0
2022-03-26 05:00:00+00:00,-0.0
2022-03-26 06:00:00+00:00,-0.0
2022-03-26 07:00:00+00:00,-0.0
2022-03-26 08:00:00+00:00,-0.0
2022-03-26 09:00:00+00:00,-0.0
2022-03-26 10:00:00+00:00,-0.0
2022-03-26 11:00:00+00:00,-0.0
2022-03-26 12:00:00+00:00,-0.0
2022-03-26 13:00:00+00:00,-0.0
2022-03-26 14:00:00+00:00,-0.0
2022-03-26 15:00:00+00:00,-0.0
2022-03-26 16:00:00+00:00,-0.0
2022-03-26 17:00:00+00:00,-0.0
2022-03-26 18:00:00+00:00,-0.0
2022-03-26 19:00:00+00:00,-0.0
2022-03-26 20:00:00+00:00,-0.0
2022-03-26 21:00:00+00:00,-0.0
2022-03-26 22:00:00+00:00,-0.0
2022-03-26 23:00:00+00:00,-0.0
2022-03-27 00:00:00+00:00,-0.0
2022-03-27 01:00:00+00:00,-0.0
2022-03-27 02:00:00+00:00,-0.0
2022-03-27 03:00:00+00:00,-0.0
2022-03-27 04:00:00+00:00,-0.0
2022-03-27 05:00:00+00:00,-0.0
2022-03-27 06:00:00+00:00,-0.0
2022-03-27 07:00:00+00:00,-0.0
2022-03-27 08:00:00+00:00,-0.0
2022-03-27 09:00:00+00:00,-0.0
2022-03-27 10:00:00+00:00,-0.0
2022-03-27 11:00:00+00:00,-0.0
2022-03-27 12:00:00+00:00,-0.0
2022-03-27 13:00:00+00:00,-0.0
2022-03-27 14:00:00+00:00,-0.0
2022-03-27 15:00:00+00:00,-0.0
2022-03-27 16:00:00+00:00,-0.0
2022-03-27 17:00:00+00:00,-0.0
2022-03-27 18:00:00+00:00,-0.0
2022-03-27 19:00:00+00:00,-0.0
2022-03-27 20:00:00+00:00,-0.0
2022-03-27 21:00:00+00:00,-0.0
2022-03-27 22:00:00+00:00,-0.0
2022-03-27 23:00:00+00:00,-0.0
2022-03-28 00:00:00+00:00,-0.0
2022-03-28 01:00:00+00:00,-0.0
2022-03-28 02:00:00+00:00,-0.0
2022-03-28 03:00:00+00:00,-0.0
2022-03-28 04:00:00+00:00,-0.0
2022-03-28 05:00:00+00:00,-0.0
2022-03-28 06:00:00+00:00,-0.0
2022-03-28 07:00:00+00:00,-0.0
2022-03-28 08:00:00+00:00,-0.0
2022-03-28 09:00:00+00:00,-0.0
2022-03-28 10:00:00+00:00,-0.0
2022-03-28 11:00:00+00:00,-0.0
2022-03-28 12:00:00+00:00,-0.0
2022-03-28 13:00:00+00:00,-0.0
2022-03-28 14:00:00+00:00,-0.0
2022-03-28 15:00:00+00:00,-0.0
2022-03-28 16:00:00+00:00,-0.0
2022-03-28 17:00:00+00:00,-0.0
2022-03-28 18:00:00+00:00,-0.0
2022-03-28 19:00:00+00:00,-0.0
2022-03-28 20:00:00+00:00,-0.0
2022-03-28 21:00:00+00:00,-0.0
2022-03-28 22:00:00+00:00,-0.0
2022-03-28 23:00:00+00:00,0.11515029590471682
2022-03-29 00:00:00+00:00,-0.0
2022-03-29 01:00:00+00:00,-0.0
2022-03-29 02:00:00+00:00,-0.0
2022-03-29 03:00:00+00:00,-0.0
2022-03-29 04:00:00+00:00,-0.0
2022-03-29 05:00:00+00:00,-0.0
2022-03-29 06:00:00+00:00,-0.0
2022-03-29 07:00:00+00:00,-0.0
2022-03-29 08:00:00+00:00,-0.0
2022-03-29 09:00:00+00:00,-0.0
2022-03-29 10:00:00+00:00,-0.0
2022-03-29 11:00:00+00:00,-0.0
2022-03-29 12:00:00+00:00,-0.0
2022-03-29 13:00:00+00:00,-0.0
2022-03-29 14:00:00+00:00,-0.0
2022-03-29 15:00:00+00:00,-0.0
2022-03-29 16:00:00+00:00,-0.0
2022-03-29 17:00:00+00:00,-0.0
2022-03-29 18:00:00+00:00,-0.0
2022-03-29 19:00:00+00:00,-0.0
2022-03-29 20:00:00+00:00,-0.0
2022-03-29 21:00:00+00:00,-0.0
2022-03-29 22:00:00+00:00,-0.0
2022-03-29 23:00:00+00:00,-0.0
2022-03-30 00:00:00+00:00,-0.0
2022-03-30 01:00:00+00:00,-0.0
2022-03-30 02:00:00+00:00,-0.0
2022-03-30 03:00:00+00:00,-0.0
2022-03-30 04:00:00+00:00,-0.0
2022-03-30 05:00:00+00:00,-0.0
2022-03-30 06:00:00+00:00,-0.0
2022-03-30 07:00:00+00:00,-0.0
2022-03-30 08:00:00+00:00,-0.0
2022-03-30 09:00:00+00:00,-0.0
2022-03-30 10:00:00+00:00,-0.0
2022-03-30 11:00:00+00:00,-0.0
2022-03-30 12:00:00+00:00,-0.0
2022-03-30 13:00:00+00:00,-0.0
2022-03-30 14:00:00+00:00,-0.0
2022-03-30 15:00:00+00:00,-0.0
2022-03-30 16:00:00+00:00,-0.0
2022-03-30 17:00:00+00:00,-0.0
2022-03-30 18:00:00+00:00,-0.0
2022-03-30 19:00:00+00:00,-0.0
2022-03-30 20:00:00+00:00,-0.0
2022-03-30 21:00:00+00:00,-0.0
2022-03-30 22:00:00+00:00,-0.0
2022-03-30 23:00:00+00:00,-0.0
2022-03-31 00:00:00+00:00,-0.0
2022-03-31 01:00:00+00:00,-0.0
2022-03-31 02:00:00+00:00,-0.0
2022-03-31 03:00:00+00:00,-0.0
2022-03-31 04:00:00+00:00,-0.0
2022-03-31 05:00:00+00:00,-0.0
2022-03-31 06:00:00+00:00,-0.0
2022-03-31 07:00:00+00:00,-0.0
2022-03-31 08:00:00+00:00,-0.0
2022-03-31 09:00:00+00:00,-0.0
2022-03-31 10:00:00+00:00,-0.0
2022-03-31 11:00:00+00:00,-0.0
2022-03-31 12:00:00+00:00,-0.0
2022-03-31 13:00:00+00:00,-0.0
2022-03-31 14:00:00+00:00,-0.0
2022-03-31 15:00:00+00:00,-0.0
2022-03-31 16:00:00+00:00,-0.0
2022-03-31 17:00:00+00:00,-0.0
2022-03-31 18:00:00+00:00,-0.0
2022-03-31 19:00:00+00:00,-0.0
2022-03-31 20:00:00+00:00,-0.0
2022-03-31 21:00:00+00:00,-0.0
2022-03-31 22:00:00+00:00,-0.0
2022-03-31 23:00:00+00:00,-0.0
2022-04-01 00:00:00+00:00,-0.0
2022-04-01 01:00:00+00:00,-0.0
2022-04-01 02:00:00+00:00,-0.0
2022-04-01 03:00:00+00:00,-0.0
2022-04-01 04:00:00+00:00,-0.0
2022-04-01 05:00:00+00:00,-0.0
2022-04-01 06:00:00+00:00,-0.0
2022-04-01 07:00:00+00:00,-0.0
2022-04-01 08:00:00+00:00,-0.0
2022-04-01 09:00:00+00:00,-0.0
2022-04-01 10:00:00+00:00,-0.0
2022-04-01 11:00:00+00:00,-0.0
2022-04-01 12:00:00+00:00,-0.0
2022-04-01 13:00:00+00:00,-0.0
2022-04-01 14:00:00+00:00,-0.0
2022-04-01 15:00:00+00:00,-0.0
2022-04-01 16:00:00+00:00,-0.0
2022-04-01 17:00:00+00:00,-0.0
2022-04-01 18:00:00+00:00,-0.0
2022-04-01 19:00:00+00:00,-0.0
2022-04-01 20:00:00+00:00,-0.0
2022-04-01 21:00:00+00:00,-0.0
2022-04-01 22:00:00+00:00,-0.0
2022-04-01 23:00:00+00:00,-0.0
2022-04-02 00:00:00+00:00,-0.0
2022-04-02 01:00:00+00:00,-0.0
2022-04-02 02:00:00+00:00,-0.0
2022-04-02 03:00:00+00:00,-0.0
2022-04-02 04:00:00+00:00,-0.0
2022-04-02 05:00:00+00:00,-0.0
2022-04-02 06:00:00+00:00,-0.0
2022-04-02 07:00:00+00:00,-0.0
2022-04-02 08:00:00+00:00,-0.0
2022-04-02 09:00:00+00:00,-0.0
2022-04-02 10:00:00+00:00,-0.0
2022-04-02 11:00:00+00:00,-0.0
2022-04-02 12:00:00+00:00,-0.0
2022-04-02 13:00:00+00:00,-0.0
2022-04-02 14:00:00+00:00,-0.0
2022-04-02 15:00:00+00:00,-0.0
2022-04-02 16:00:00+00:00,-0.0
2022-04-02 17:00:00+00:00,-0.0
2022-04-02 18:00:00+00:00,-0.0
2022-04-02 19:00:00+00:00,-0.0
2022-04-02 20:00:00+00:00,-0.0
2022-04-02 21:00:00+00:00,-0.0
2022-04-02 22:00:00+00:00,-0.0
2022-04-02 23:00:00+00:00,-0.0
2022-04-03 00:00:00+00:00,0.10041651665505784
2022-04-03 01:00:00+00:00,-0.0
2022-04-03 02:00:00+00:00,-0.0
2022-04-03 03:00:00+00:00,-0.0
2022-04-03 04:00:00+00:00,-0.0
2022-04-03 05:00:00+00:00,-0.0
2022-04-03 06:00:00+00:00,-0.0
2022-04-03 07:00:00+00:00,-0.0
2022-04-03 08:00:00+00:00,-0.0
2022-04-03 09:00:00+00:00,-0.0
2022-04-03 10:00:00+00:00,-0.0
2022-04-03 11:00:00+00:00,-0.0
2022-04-03 12:00:00+00:00,-0.0
2022-04-03 13:00:00+00:00,-0.0
2022-04-03 14:00:00+00:00,-0.0
2022-04-03 15:00:00+00:00,-0.0
2022-04-03 16:00:00+00:00,-0.0
2022-04-03 17:00:00+00:00,-0.0
2022-04-03 18:00:00+00:00,-0.0
2022-04-03 19:00:00+00:00,-0.0
2022-04-03 20:00:00+00:00,-0.0
2022-04-03 21:00:00+00:00,-0.0
2022-04-03 22:00:00+00:00,-0.0
2022-04-03 23:00:00+00:00,-0.0
2022-04-04 00:00:00+00:00,-0.0
2022-04-04 01:00:00+00:00,-0.0
2022-04-04 02:00:00+00:00,-0.0
2022-04-04 03:00:00+00:00,-0.0
2022-04-04 04:00:00+00:00,-0.0
2022-04-04 05:00:00+00:00,-0.0
2022-04-04 06:00:00+00:00,-0.0
2022-04-04 07:00:00+00:00,-0.0
2022-04-04 08:00:00+00:00,-0.0
2022-04-04 09:00:00+00:00,-0.0
2022-04-04 10:00:00+00:00,-0.0
2022-04-04 11:00:00+00:00,-0.0
2022-04-04 12:00:00+00:00,-0.0
2022-04-04 13:00:00+00:00,-0.0
2022-04-04 14:00:00+00:00,-0.0
2022-04-04 15:00:00+00:00,-0.0
2022-04-04 16:00:00+00:00,-0.0
2022-04-04 17:00:00+00:00,-0.0
2022-04-04 18:00:00+00:00,-0.0
2022-04-04 19:00:00+00:00,-0.0
2022-04-04 20:00:00+00:00,-0.0
2022-04-04 21:00:00+00:00,-0.0
2022-04-04 22:00:00+00:00,-0.0
2022-04-04 23:00:00+00:00,-0.0
2022-04-05 00:00:00+00:00,-0.0
2022-04-05 01:00:00+00:00,-0.0
2022-04-05 02:00:00+00:00,-0.0
2022-04-05 03:00:00+00:00,-0.0
2022-04-05 04:00:00+00:00,-0.0
2022-04-05 05:00:00+00:00,-0.0
2022-04-05 06:00:00+00:00,-0.0
2022-04-05 07:00:00+00:00,-0.0
2022-04-05 08:00:00+00:00,-0.0
2022-04-05 09:00:00+00:00,-0.0
2022-04-05 10:00:00+00:00,-0.0
2022-04-05 11:00:00+00:00,-0.0
2022-04-05 12:00:00+00:00,-0.0
2022-04-05 13:00:00+00:00,-0.0
2022-04-05 14:00:00+00:00,-0.0
2022-04-05 15:00:00+00:00,-0.0
2022-04-05 16:00:00+00:00,-0.0
2022-04-05 17:00:00+00:00,-0.0
2022-04-05 18:00:00+00:00,-0.0
2022-04-05 19:00:00+00:00,-0.0
2022-04-05 20:00:00+00:00,-0.0
2022-04-05 21:00:00+00:00,-0.0
2022-04-05 22:00:00+00:00,-0.0
2022-04-05 23:00:00+00:00,-0.0
2022-04-06 00:00:00+00:00,-0.0
2022-04-06 01:00:00+00:00,-0.0
2022-04-06 02:00:00+00:00,-0.0
2022-04-06 03:00:00+00:00,-0.0
2022-04-06 04:00:00+00:00,-0.0
2022-04-06 05:00:00+00:00,-0.0
2022-04-06 06:00:00+00:00,-0.0
2022-04-06 07:00:00+00:00,-0.0
2022-04-06 08:00:00+00:00,-0.0
2022-04-06 09:00:00+00:00,-0.0
2022-04-06 10:00:00+00:00,-0.0
2022-04-06 11:00:00+00:00,-0.0
2022-04-06 12:00:00+00:00,-0.0
2022-04-06 13:00:00+00:00,-0.0
2022-04-06 14:00:00+00:00,-0.0
2022-04-06 15:00:00+00:00,-0.0
2022-04-06 16:00:00+00:00,-0.0
2022-04-06 17:00:00+00:00,-0.0
2022-04-06 18:00:00+00:00,-0.0
2022-04-06 19:00:00+00:00,-0.0
2022-04-06 20:00:00+00:00,-0.0
2022-04-06 21:00:00+00:00,-0.0
2022-04-06 22:00:00+00:00,-0.0
2022-04-06 23:00:00+00:00,-0.0
2022-04-07 00:00:00+00:00,-0.0
2022-04-07 01:00:00+00:00,-0.0
2022-04-07 02:00:00+00:00,-0.0
2022-04-07 03:00:00+00:00,-0.0
2022-04-07 04:00:00+00:00,-0.0
2022-04-07 05:00:00+00:00,-0.0
2022-04-07 06:00:00+00:00,-0.0
2022-04-07 07:00:00+00:00,-0.0
2022-04-07 08:00:00+00:00,-0.0
2022-04-07 09:00:00+00:00,-0.0
2022-04-07 10:00:00+00:00,-0.0
2022-04-07 11:00:00+00:00,-0.0
2022-04-07 12:00:00+00:00,-0.0
2022-04-07 13:00:00+00:00,-0.0
2022-04-07 14:00:00+00:00,-0.0
2022-04-07 15:00:00+00:00,-0.0
2022-04-07 16:00:00+00:00,-0.0
2022-04-07 17:00:00+00:00,-0.0
2022-04-07 18:00:00+00:00,-0.0
2022-04-07 19:00:00+00:00,-0.0
2022-04-07 20:00:00+00:00,-0.0
2022-04-07 21:00:00+00:00,-0.0
2022-04-07 22:00:00+00:00,-0.0
2022-04-07 23:00:00+00:00,-0.0
2022-04-08 00:00:00+00:00,-0.0
2022-04-08 01:00:00+00:00,-0.0
2022-04-08 02:00:00+00:00,-0.0
2022-04-08 03:00:00+00:00,-0.0
2022-04-08 04:00:00+00:00,-0.0
2022-04-08 05:00:00+00:00,-0.0
2022-04-08 06:00:00+00:00,-0.0
2022-04-08 07:00:00+00:00,-0.0
2022-04-08 08:00:00+00:00,-0.0
2022-04-08 09:00:00+00:00,-0.0
2022-04-08 10:00:00+00:00,-0.0
2022-04-08 11:00:00+00:00,-0.0
2022-04-08 12:00:00+00:00,-0.0
2022-04-08 13:00:00+00:00,0.009889471499567041
2022-04-08 14:00:00+00:00,-0.0
2022-04-08 15:00:00+00:00,-0.0
2022-04-08 16:00:00+00:00,-0.0
2022-04-08 17:00:00+00:00,-0.0
2022-04-08 18:00:00+00:00,-0.0
2022-04-08 19:00:00+00:00,-0.0
2022-04-08 20:00:00+00:00,-0.0
2022-04-08 21:00:00+00:00,-0.0
2022-04-08 22:00:00+00:00,-0.0
2022-04-08 23:00:00+00:00,-0.0
2022-04-09 00:00:00+00:00,-0.0
2022-04-09 01:00:00+00:00,-0.0
2022-04-09 02:00:00+00:00,-0.0
2022-04-09 03:00:00+00:00,-0.0
2022-04-09 04:00:00+00:00,-0.0
2022-04-09 05:00:00+00:00,-0.0
2022-04-09 06:00:00+00:00,-0.0
2022-04-09 07:00:00+00:00,-0.0
2022-04-09 08:00:00+00:00,-0.0
2022-04-09 09:00:00+00:00,-0.0
2022-04-09 10:00:00+00:00,-0.0
2022-04-09 11:00:00+00:00,-0.0
2022-04-09 12:00:00+00:00,-0.0
2022-04-09 13:00:00+00:00,-0.0
2022-04-09 14:00:00+00:00,-0.0
2022-04-09 15:00:00+00:00,-0.0
2022-04-09 16:00:00+00:00,-0.0
2022-04-09 17:00:00+00:00,-0.0
2022-04-09 18:00:00+00:00,-0.0
2022-04-09 19:00:00+00:00,-0.0
2022-04-09 20:00:00+00:00,-0.0
2022-04-09 21:00:00+00:00,-0.0
2022-04-09 22:00:00+00:00,-0.0
2022-04-09 23:00:00+00:00,-0.0
2022-04-10 00:00:00+00:00,-0.0
2022-04-10 01:00:00+00:00,-0.0
2022-04-10 02:00:00+00:00,-0.0
2022-04-10 03:00:00+00:00,-0.0
2022-04-10 04:00:00+00:00,-0.0
2022-04-10 05:00:00+00:00,-0.0
2022-04-10 06:00:00+00:00,-0.0
2022-04-10 07:00:00+00:00,-0.0
2022-04-10 08:00:00+00:00,-0.0
2022-04-10 09:00:00+00:00,-0.0
2022-04-10 10:00:00+00:00,-0.0
2022-04-10 11:00:00+00:00,-0.0
2022-04-10 12:00:00+00:00,-0.0
2022-04-10 13:00:00+00:00,-0.0
2022-04-10 14:00:00+00:00,-0.0
2022-04-10 15:00:00+00:00,-0.0
2022-04-10 16:00:00+00:00,-0.0
2022-04-10 17:00:00+00:00,-0.0
2022-04-10 18:00:00+00:00,-0.0
2022-04-10 19:00:00+00:00,-0.0
2022-04-10 20:00:00+00:00,-0.0
2022-04-10 21:00:00+00:00,-0.0
2022-04-10 22:00:00+00:00,-0.0
2022-04-10 23:00:00+00:00,-0.0
2022-04-11 00:00:00+00:00,-0.0
2022-04-11 01:00:00+00:00,-0.0
2022-04-11 02:00:00+00:00,-0.0
2022-04-11 03:00:00+00:00,-0.0
2022-04-11 04:00:00+00:00,-0.0
2022-04-11 05:00:00+00:00,-0.0
2022-04-11 06:00:00+00:00,-0.0
2022-04-11 07:00:00+00:00,-0.0
2022-04-11 08:00:00+00:00,-0.0
2022-04-11 09:00:00+00:00,-0.0
2022-04-11 10:00:00+00:00,-0.0
2022-04-11 11:00:00+00:00,-0.0
2022-04-11 12:00:00+00:00,-0.0
2022-04-11 13:00:00+00:00,-0.0
2022-04-11 14:00:00+00:00,-0.0
2022-04-11 15:00:00+00:00,-0.0
2022-04-11 16:00:00+00:00,-0.0
2022-04-11 17:00:00+00:00,-0.0
2022-04-11 18:00:00+00:00,-0.0
2022-04-11 19:00:00+00:00,-0.0
2022-04-11 20:00:00+00:00,-0.0
2022-04-11 21:00:00+00:00,-0.0
2022-04-11 22:00:00+00:00,-0.0
2022-04-11 23:00:00+00:00,-0.0
2022-04-12 00:00:00+00:00,-0.0
2022-04-12 01:00:00+00:00,-0.0
2022-04-12 02:00:00+00:00,-0.0
2022-04-12 03:00:00+00:00,-0.0
2022-04-12 04:00:00+00:00,-0.0
2022-04-12 05:00:00+00:00,-0.0
2022-04-12 06:00:00+00:00,-0.0
2022-04-12 07:00:00+00:00,-0.0
2022-04-12 08:00:00+00:00,-0.0
2022-04-12 09:00:00+00:00,-0.0
2022-04-12 10:00:00+00:00,-0.0
2022-04-12 11:00:00+00:00,-0.0
2022-04-12 12:00:00+00:00,-0.0
2022-04-12 13:00:00+00:00,-0.0
2022-04-12 14:00:00+00:00,-0.0
2022-04-12 15:00:00+00:00,0.04654679313678313
2022-04-12 16:00:00+00:00,-0.0
2022-04-12 17:00:00+00:00,-0.0
2022-04-12 18:00:00+00:00,-0.0
2022-04-12 19:00:00+00:00,-0.0
2022-04-12 20:00:00+00:00,-0.0
2022-04-12 21:00:00+00:00,-0.0
2022-04-12 22:00:00+00:00,-0.0
2022-04-12 23:00:00+00:00,-0.0
2022-04-13 00:00:00+00:00,-0.0
2022-04-13 01:00:00+00:00,-0.0
2022-04-13 02:00:00+00:00,-0.0
2022-04-13 03:00:00+00:00,-0.0
2022-04-13 04:00:00+00:00,-0.0
2022-04-13 05:00:00+00:00,-0.0
2022-04-13 06:00:00+00:00,-0.0
2022-04-13 07:00:00+00:00,-0.0
2022-04-13 08:00:00+00:00,-0.0
2022-04-13 09:00:00+00:00,-0.0
2022-04-13 10:00:00+00:00,-0.0
2022-04-13 11:00:00+00:00,-0.0
2022-04-13 12:00:00+00:00,-0.0
2022-04-13 13:00:00+00:00,-0.0
2022-04-13 14:00:00+00:00,-0.0
2022-04-13 15:00:00+00:00,-0.0
2022-04-13 16:00:00+00:00,-0.0
2022-04-13 17:00:00+00:00,-0.0
2022-04-13 18:00:00+00:00,-0.0
2022-04-13 19:00:00+00:00,-0.0
2022-04-13 20:00:00+00:00,-0.0
2022-04-13 21:00:00+00:00,-0.0
2022-04-13 22:00:00+00:00,-0.0
2022-04-13 23:00:00+00:00,-0.0
2022-04-14 00:00:00+00:00,-0.0
2022-04-14 01:00:00+00:00,-0.0
2022-04-14 02:00:00+00:00,-0.0
2022-04-14 03:00:00+00:00,-0.0
2022-04-14 04:00:00+00:00,-0.0
2022-04-14 05:00:00+00:00,-0.0
2022-04-14 06:00:00+00:00,-0.0
2022-04-14 07:00:00+00:00,-0.0
2022-04-14 08:00:00+00:00,-0.0
2022-04-14 09:00:00+00:00,-0.0
2022-04-14 10:00:00+00:00,-0.0
2022-04-14 11:00:00+00:00,-0.0
2022-04-14 12:00:00+00:00,-0.0
2022-04-14 13:00:00+00:00,-0.0
2022-04-14 14:00:00+00:00,-0.0
2022-04-14 15:00:00+00:00,-0.0
2022-04-14 16:00:00+00:00,-0.0
2022-04-14 17:00:00+00:00,-0.0
2022-04-14 18:00:00+00:00,-0.0
2022-04-14 19:00:00+00:00,-0.0
2022-04-14 20:00:00+00:00,-0.0
2022-04-14 21:00:00+00:00,-0.0
2022-04-14 22:00:00+00:00,-0.0
2022-04-14 23:00:00+00:00,-0.0
2022-04-15 00:00:00+00:00,-0.0
2022-04-15 01:00:00+00:00,-0.0
2022-04-15 02:00:00+00:00,-0.0
2022-04-15 03:00:00+00:00,-0.0
2022-04-15 04:00:00+00:00,-0.0
2022-04-15 05:00:00+00:00,-0.0
2022-04-15 06:00:00+00:00,-0.0
2022-04-15 07:00:00+00:00,-0.0
2022-04-15 08:00:00+00:00,-0.0
2022-04-15 09:00:00+00:00,-0.0
2022-04-15 10:00:00+00:00,-0.0
2022-04-15 11:00:00+00:00,-0.0
2022-04-15 12:00:00+00:00,-0.0
2022-04-15 13:00:00+00:00,-0.0
2022-04-15 14:00:00+00:00,-0.0
2022-04-15 15:00:00+00:00,-0.0
2022-04-15 16:00:00+00:00,-0.0
2022-04-15 17:00:00+00:00,-0.0
2022-04-15 18:00:00+00:00,-0.0
2022-04-15 19:00:00+00:00,-0.0
2022-04-15 20:00:00+00:00,-0.0
2022-04-15 21:00:00+00:00,-0.0
2022-04-15 22:00:00+00:00,-0.0
2022-04-15 23:00:00+00:00,-0.0
2022-04-16 00:00:00+00:00,-0.0
2022-04-16 01:00:00+00:00,-0.0
2022-04-16 02:00:00+00:00,-0.0
2022-04-16 03:00:00+00:00,-0.0
2022-04-16 04:00:00+00:00,-0.0
2022-04-16 05:00:00+00:00,-0.0
2022-04-16 06:00:00+00:00,-0.0
2022-04-16 07:00:00+00:00,-0.0
2022-04-16 08:00:00+00:00,-0.0
2022-04-16 09:00:00+00:00,-0.0
2022-04-16 10:00:00+00:00,-0.0
2022-04-16 11:00:00+00:00,-0.0
2022-04-16 12:00:00+00:00,-0.0
2022-04-16 13:00:00+00:00,-0.0
2022-04-16 14:00:00+00:00,-0.0
2022-04-16 15:00:00+00:00,-0.0
2022-04-16 16:00:00+00:00,-0.0
2022-04-16 17:00:00+00:00,-0.0
2022-04-16 18:00:00+00:00,-0.0
2022-04-16 19:00:00+00:00,-0.0
2022-04-16 20:00:00+00:00,-0.0
2022-04-16 21:00:00+00:00,-0.0
2022-04-16 22:00:00+00:00,-0.0
2022-04-16 23:00:00+00:00,-0.0
2022-04-17 00:00:00+00:00,-0.0
2022-04-17 01:00:00+00:00,-0.0
2022-04-17 02:00:00+00:00,-0.0
2022-04-17 03:00:00+00:00,-0.0
2022-04-17 04:00:00+00:00,-0.0
2022-04-17 05:00:00+00:00,-0.0
2022-04-17 06:00:00+00:00,-0.0
2022-04-17 07:00:00+00:00,-0.0
2022-04-17 08:00:00+00:00,-0.0
2022-04-17 09:00:00+00:00,-0.0
2022-04-17 10:00:00+00:00,-0.0
2022-04-17 11:00:00+00:00,-0.0
2022-04-17 12:00:00+00:00,-0.0
2022-04-17 13:00:00+00:00,-0.0
2022-04-17 14:00:00+00:00,-0.0
2022-04-17 15:00:00+00:00,-0.0
2022-04-17 16:00:00+00:00,-0.0
2022-04-17 17:00:00+00:00,-0.0
2022-04-17 18:00:00+00:00,-0.0
2022-04-17 19:00:00+00:00,-0.0
2022-04-17 20:00:00+00:00,-0.0
2022-04-17 21:00:00+00:00,-0.0
2022-04-17 22:00:00+00:00,-0.0
2022-04-17 23:00:00+00:00,-0.0
2022-04-18 00:00:00+00:00,-0.0
2022-04-18 01:00:00+00:00,-0.0
2022-04-18 02:00:00+00:00,-0.0
2022-04-18 03:00:00+00:00,-0.0
2022-04-18 04:00:00+00:00,-0.0
2022-04-18 05:00:00+00:00,-0.0
2022-04-18 06:00:00+00:00,-0.0
2022-04-18 07:00:00+00:00,-0.0
2022-04-18 08:00:00+00:00,-0.0
2022-04-18 09:00:00+00:00,-0.0
2022-04-18 10:00:00+00:00,-0.0
2022-04-18 11:00:00+00:00,-0.0
2022-04-18 12:00:00+00:00,-0.0
2022-04-18 13:00:00+00:00,-0.0
2022-04-18 14:00:00+00:00,-0.0
2022-04-18 15:00:00+00:00,-0.0
2022-04-18 16:00:00+00:00,-0.0
2022-04-18 17:00:00+00:00,-0.0
2022-04-18 18:00:00+00:00,-0.0
2022-04-18 19:00:00+00:00,-0.0
2022-04-18 20:00:00+00:00,-0.0
2022-04-18 21:00:00+00:00,-0.0
2022-04-18 22:00:00+00:00,-0.0
2022-04-18 23:00:00+00:00,-0.0
2022-04-19 00:00:00+00:00,-0.0
2022-04-19 01:00:00+00:00,-0.0
2022-04-19 02:00:00+00:00,-0.0
2022-04-19 03:00:00+00:00,-0.0
2022-04-19 04:00:00+00:00,-0.0
2022-04-19 05:00:00+00:00,-0.0
2022-04-19 06:00:00+00:00,-0.0
2022-04-19 07:00:00+00:00,-0.0
2022-04-19 08:00:00+00:00,-0.0
2022-04-19 09:00:00+00:00,-0.0
2022-04-19 10:00:00+00:00,-0.0
2022-04-19 11:00:00+00:00,-0.0
2022-04-19 12:00:00+00:00,-0.0
2022-04-19 13:00:00+00:00,-0.0
2022-04-19 14:00:00+00:00,-0.09582652473422454
2022-04-19 15:00:00+00:00,-0.0
2022-04-19 16:00:00+00:00,-0.0
2022-04-19 17:00:00+00:00,-0.0
2022-04-19 18:00:00+00:00,-0.0
2022-04-19 19:00:00+00:00,-0.0
2022-04-19 20:00:00+00:00,-0.0
2022-04-19 21:00:00+00:00,-0.0
2022-04-19 22:00:00+00:00,-0.0
2022-04-19 23:00:00+00:00,-0.0
2022-04-20 00:00:00+00:00,-0.0
2022-04-20 01:00:00+00:00,-0.0
2022-04-20 02:00:00+00:00,-0.0
2022-04-20 03:00:00+00:00,-0.0
2022-04-20 04:00:00+00:00,-0.0
2022-04-20 05:00:00+00:00,-0.0
2022-04-20 06:00:00+00:00,-0.0
2022-04-20 07:00:00+00:00,-0.0
2022-04-20 08:00:00+00:00,-0.0
2022-04-20 09:00:00+00:00,-0.0
2022-04-20 10:00:00+00:00,-0.0
2022-04-20 11:00:00+00:00,-0.0
2022-04-20 12:00:00+00:00,-0.0
2022-04-20 13:00:00+00:00,-0.0
2022-04-20 14:00:00+00:00,-0.0
2022-04-20 15:00:00+00:00,0.06066875117865978
2022-04-20 16:00:00+00:00,-0.0
2022-04-20 17:00:00+00:00,-0.0
2022-04-20 18:00:00+00:00,-0.0
2022-04-20 19:00:00+00:00,-0.0
2022-04-20 20:00:00+00:00,-0.0
2022-04-20 21:00:00+00:00,-0.0
2022-04-20 22:00:00+00:00,-0.0
2022-04-20 23:00:00+00:00,-0.0
2022-04-21 00:00:00+00:00,-0.0
2022-04-21 01:00:00+00:00,-0.0
2022-04-21 02:00:00+00:00,-0.0
2022-04-21 03:00:00+00:00,-0.0
2022-04-21 04:00:00+00:00,-0.0
2022-04-21 05:00:00+00:00,-0.0
2022-04-21 06:00:00+00:00,-0.0
2022-04-21 07:00:00+00:00,-0.0
2022-04-21 08:00:00+00:00,-0.0
2022-04-21 09:00:00+00:00,-0.0
2022-04-21 10:00:00+00:00,-0.0
2022-04-21 11:00:00+00:00,-0.0
2022-04-21 12:00:00+00:00,-0.0
2022-04-21 13:00:00+00:00,-0.0
2022-04-21 14:00:00+00:00,-0.0
2022-04-21 15:00:00+00:00,-0.0
2022-04-21 16:00:00+00:00,-0.0
2022-04-21 17:00:00+00:00,-0.0
2022-04-21 18:00:00+00:00,-0.0
2022-04-21 19:00:00+00:00,-0.0
2022-04-21 20:00:00+00:00,-0.0
2022-04-21 21:00:00+00:00,-0.0
2022-04-21 22:00:00+00:00,-0.0
2022-04-21 23:00:00+00:00,-0.0
2022-04-22 00:00:00+00:00,-0.0
2022-04-22 01:00:00+00:00,-0.0
2022-04-22 02:00:00+00:00,-0.0
2022-04-22 03:00:00+00:00,-0.0
2022-04-22 04:00:00+00:00,-0.0
2022-04-22 05:00:00+00:00,-0.0
2022-04-22 06:00:00+00:00,-0.0
2022-04-22 07:00:00+00:00,-0.0
2022-04-22 08:00:00+00:00,-0.0
2022-04-22 09:00:00+00:00,-0.0
2022-04-22 10:00:00+00:00,-0.0
2022-04-22 11:00:00+00:00,-0.0
2022-04-22 12:00:00+00:00,-0.0
2022-04-22 13:00:00+00:00,-0.0
2022-04-22 14:00:00+00:00,-0.0
2022-04-22 15:00:00+00:00,-0.0
2022-04-22 16:00:00+00:00,-0.0
2022-04-22 17:00:00+00:00,-0.0
2022-04-22 18:00:00+00:00,-0.0
2022-04-22 19:00:00+00:00,-0.0
2022-04-22 20:00:00+00:00,-0.0
2022-04-22 21:00:00+00:00,-0.0
2022-04-22 22:00:00+00:00,-0.0
2022-04-22 23:00:00+00:00,-0.0
2022-04-23 00:00:00+00:00,-0.0
2022-04-23 01:00:00+00:00,-0.0
2022-04-23 02:00:00+00:00,-0.0
2022-04-23 03:00:00+00:00,-0.0
2022-04-23 04:00:00+00:00,-0.0
2022-04-23 05:00:00+00:00,-0.0
2022-04-23 06:00:00+00:00,-0.0
2022-04-23 07:00:00+00:00,-0.0
2022-04-23 08:00:00+00:00,-0.0
2022-04-23 09:00:00+00:00,-0.0
2022-04-23 10:00:00+00:00,-0.0
2022-04-23 11:00:00+00:00,-0.0
2022-04-23 12:00:00+00:00,-0.0
2022-04-23 13:00:00+00:00,-0.0
2022-04-23 14:00:00+00:00,-0.0
2022-04-23 15:00:00+00:00,-0.0
2022-04-23 16:00:00+00:00,-0.0
2022-04-23 17:00:00+00:00,-0.0
2022-04-23 18:00:00+00:00,-0.0
2022-04-23 19:00:00+00:00,-0.0
2022-04-23 20:00:00+00:00,-0.0
2022-04-23 21:00:00+00:00,-0.0
2022-04-23 22:00:00+00:00,-0.0
2022-04-23 23:00:00+00:00,-0.0
2022-04-24 00:00:00+00:00,-0.0
2022-04-24 01:00:00+00:00,0.047955492193950414
2022-04-24 02:00:00+00:00,-0.0
2022-04-24 03:00:00+00:00,-0.0
2022-04-24 04:00:00+00:00,-0.0
2022-04-24 05:00:00+00:00,-0.0
2022-04-24 06:00:00+00:00,-0.0
2022-04-24 07:00:00+00:00,-0.0
2022-04-24 08:00:00+00:00,-0.0
2022-04-24 09:00:00+00:00,-0.0
2022-04-24 10:00:00+00:00,-0.0
2022-04-24 11:00:00+00:00,0.04506570326832818
2022-04-24 12:00:00+00:00,-0.0
2022-04-24 13:00:00+00:00,-0.0
2022-04-24 14:00:00+00:00,-0.0
2022-04-24 15:00:00+00:00,-0.0
2022-04-24 16:00:00+00:00,-0.0
2022-04-24 17:00:00+00:00,-0.0
2022-04-24 18:00:00+00:00,-0.0
2022-04-24 19:00:00+00:00,-0.0
2022-04-24 20:00:00+00:00,-0.0
2022-04-24 21:00:00+00:00,-0.0
2022-04-24 22:00:00+00:00,-0.0
2022-04-24 23:00:00+00:00,-0.0
2022-04-25 00:00:00+00:00,-0.0
2022-04-25 01:00:00+00:00,-0.0
2022-04-25 02:00:00+00:00,-0.0
2022-04-25 03:00:00+00:00,-0.0
2022-04-25 04:00:00+00:00,-0.0
2022-04-25 05:00:00+00:00,-0.0
2022-04-25 06:00:00+00:00,-0.0
2022-04-25 07:00:00+00:00,-0.0
2022-04-25 08:00:00+00:00,-0.0
2022-04-25 09:00:00+00:00,-0.0
2022-04-25 10:00:00+00:00,-0.0
2022-04-25 11:00:00+00:00,-0.0
2022-04-25 12:00:00+00:00,-0.0
2022-04-25 13:00:00+00:00,-0.0
2022-04-25 14:00:00+00:00,-0.0
2022-04-25 15:00:00+00:00,-0.0
2022-04-25 16:00:00+00:00,-0.0
2022-04-25 17:00:00+00:00,-0.0
2022-04-25 18:00:00+00:00,-0.0
2022-04-25 19:00:00+00:00,-0.0
2022-04-25 20:00:00+00:00,-0.0
2022-04-25 21:00:00+00:00,-0.0
2022-04-25 22:00:00+00:00,-0.0
2022-04-25 23:00:00+00:00,-0.0
2022-04-26 00:00:00+00:00,-0.0
2022-04-26 01:00:00+00:00,-0.0
2022-04-26 02:00:00+00:00,-0.0
2022-04-26 03:00:00+00:00,-0.0
2022-04-26 04:00:00+00:00,-0.0
2022-04-26 05:00:00+00:00,-0.0
2022-04-26 06:00:00+00:00,-0.0
2022-04-26 07:00:00+00:00,-0.0
2022-04-26 08:00:00+00:00,-0.0
2022-04-26 09:00:00+00:00,-0.0
2022-04-26 10:00:00+00:00,-0.0
2022-04-26 11:00:00+00:00,-0.0
2022-04-26 12:00:00+00:00,-0.0
2022-04-26 13:00:00+00:00,-0.0
2022-04-26 14:00:00+00:00,0.0773471201418213
2022-04-26 15:00:00+00:00,-0.0
2022-04-26 16:00:00+00:00,-0.0
2022-04-26 17:00:00+00:00,-0.0
2022-04-26 18:00:00+00:00,-0.0
2022-04-26 19:00:00+00:00,-0.0
2022-04-26 20:00:00+00:00,-0.0
2022-04-26 21:00:00+00:00,-0.0
2022-04-26 22:00:00+00:00,-0.0
2022-04-26 23:00:00+00:00,-0.0
2022-04-27 00:00:00+00:00,-0.0
2022-04-27 01:00:00+00:00,-0.0
2022-04-27 02:00:00+00:00,-0.0
2022-04-27 03:00:00+00:00,-0.0
2022-04-27 04:00:00+00:00,-0.0
2022-04-27 05:00:00+00:00,-0.0
2022-04-27 06:00:00+00:00,-0.0
2022-04-27 07:00:00+00:00,-0.0
2022-04-27 08:00:00+00:00,-0.0
2022-04-27 09:00:00+00:00,-0.0
2022-04-27 10:00:00+00:00,-0.0
2022-04-27 11:00:00+00:00,0.04723175200033002
2022-04-27 12:00:00+00:00,-0.0
2022-04-27 13:00:00+00:00,-0.0
2022-04-27 14:00:00+00:00,-0.0
2022-04-27 15:00:00+00:00,-0.0
2022-04-27 16:00:00+00:00,-0.0
2022-04-27 17:00:00+00:00,-0.0
2022-04-27 18:00:00+00:00,-0.0
2022-04-27 19:00:00+00:00,-0.0
2022-04-27 20:00:00+00:00,-0.0
2022-04-27 21:00:00+00:00,-0.0
2022-04-27 22:00:00+00:00,-0.0
2022-04-27 23:00:00+00:00,-0.0
2022-04-28 00:00:00+00:00,-0.0
2022-04-28 01:00:00+00:00,-0.0
2022-04-28 02:00:00+00:00,-0.0
2022-04-28 03:00:00+00:00,-0.0
2022-04-28 04:00:00+00:00,-0.0
2022-04-28 05:00:00+00:00,-0.0
2022-04-28 06:00:00+00:00,-0.0
2022-04-28 07:00:00+00:00,-0.0
2022-04-28 08:00:00+00:00,-0.0
2022-04-28 09:00:00+00:00,-0.0
2022-04-28 10:00:00+00:00,-0.0
2022-04-28 11:00:00+00:00,-0.0
2022-04-28 12:00:00+00:00,-0.0
2022-04-28 13:00:00+00:00,-0.0
2022-04-28 14:00:00+00:00,0.0443517533581036
2022-04-28 15:00:00+00:00,-0.0
2022-04-28 16:00:00+00:00,-0.0
2022-04-28 17:00:00+00:00,-0.0
2022-04-28 18:00:00+00:00,-0.0
2022-04-28 19:00:00+00:00,-0.0
2022-04-28 20:00:00+00:00,-0.0
2022-04-28 21:00:00+00:00,-0.0
2022-04-28 22:00:00+00:00,-0.0
2022-04-28 23:00:00+00:00,-0.0
2022-04-29 00:00:00+00:00,-0.0
2022-04-29 01:00:00+00:00,-0.0
2022-04-29 02:00:00+00:00,-0.0
2022-04-29 03:00:00+00:00,-0.0
2022-04-29 04:00:00+00:00,-0.0
2022-04-29 05:00:00+00:00,-0.0
2022-04-29 06:00:00+00:00,-0.0
2022-04-29 07:00:00+00:00,-0.0
2022-04-29 08:00:00+00:00,-0.0
2022-04-29 09:00:00+00:00,-0.0
2022-04-29 10:00:00+00:00,-0.0
2022-04-29 11:00:00+00:00,-0.0
2022-04-29 12:00:00+00:00,-0.0
2022-04-29 13:00:00+00:00,-0.0
2022-04-29 14:00:00+00:00,-0.0
2022-04-29 15:00:00+00:00,-0.0
2022-04-29 16:00:00+00:00,-0.0
2022-04-29 17:00:00+00:00,-0.0
2022-04-29 18:00:00+00:00,-0.0
2022-04-29 19:00:00+00:00,-0.0
2022-04-29 20:00:00+00:00,-0.0
2022-04-29 21:00:00+00:00,-0.0
2022-04-29 22:00:00+00:00,-0.0
2022-04-29 23:00:00+00:00,-0.0
2022-04-30 00:00:00+00:00,-0.0
2022-04-30 01:00:00+00:00,-0.0
2022-04-30 02:00:00+00:00,-0.0
2022-04-30 03:00:00+00:00,-0.0
2022-04-30 04:00:00+00:00,-0.0
2022-04-30 05:00:00+00:00,-0.0
2022-04-30 06:00:00+00:00,-0.0
2022-04-30 07:00:00+00:00,-0.0
2022-04-30 08:00:00+00:00,-0.0
2022-04-30 09:00:00+00:00,-0.0
2022-04-30 10:00:00+00:00,-0.0
2022-04-30 11:00:00+00:00,-0.0
2022-04-30 12:00:00+00:00,-0.0
2022-04-30 13:00:00+00:00,-0.0
2022-04-30 14:00:00+00:00,-0.0
2022-04-30 15:00:00+00:00,-0.0
2022-04-30 16:00:00+00:00,-0.0
2022-04-30 17:00:00+00:00,-0.0
2022-04-30 18:00:00+00:00,-0.0
2022-04-30 19:00:00+00:00,-0.0
2022-04-30 20:00:00+00:00,-0.0
2022-04-30 21:00:00+00:00,-0.0
2022-04-30 22:00:00+00:00,-0.0
2022-04-30 23:00:00+00:00,-0.0
2022-05-01 00:00:00+00:00,-0.0
2022-05-01 01:00:00+00:00,-0.0
2022-05-01 02:00:00+00:00,-0.0
2022-05-01 03:00:00+00:00,-0.0
2022-05-01 04:00:00+00:00,-0.0
2022-05-01 05:00:00+00:00,-0.0
2022-05-01 06:00:00+00:00,-0.0
2022-05-01 07:00:00+00:00,-0.0
2022-05-01 08:00:00+00:00,-0.0
2022-05-01 09:00:00+00:00,-0.0
2022-05-01 10:00:00+00:00,-0.0
2022-05-01 11:00:00+00:00,-0.0
2022-05-01 12:00:00+00:00,-0.0
2022-05-01 13:00:00+00:00,-0.0
2022-05-01 14:00:00+00:00,-0.0
2022-05-01 15:00:00+00:00,-0.0
2022-05-01 16:00:00+00:00,-0.0
2022-05-01 17:00:00+00:00,-0.0
2022-05-01 18:00:00+00:00,0.05950750139950587
2022-05-01 19:00:00+00:00,-0.0
2022-05-01 20:00:00+00:00,-0.0
2022-05-01 21:00:00+00:00,-0.0
2022-05-01 22:00:00+00:00,-0.0
2022-05-01 23:00:00+00:00,-0.0
2022-05-02 00:00:00+00:00,-0.0
2022-05-02 01:00:00+00:00,-0.0
2022-05-02 02:00:00+00:00,-0.0
2022-05-02 03:00:00+00:00,-0.0
2022-05-02 04:00:00+00:00,-0.0
2022-05-02 05:00:00+00:00,-0.0
2022-05-02 06:00:00+00:00,-0.0
2022-05-02 07:00:00+00:00,-0.0
2022-05-02 08:00:00+00:00,-0.0
2022-05-02 09:00:00+00:00,-0.0
2022-05-02 10:00:00+00:00,-0.0
2022-05-02 11:00:00+00:00,-0.0
2022-05-02 12:00:00+00:00,-0.0
2022-05-02 13:00:00+00:00,-0.0
2022-05-02 14:00:00+00:00,-0.0
2022-05-02 15:00:00+00:00,-0.0
2022-05-02 16:00:00+00:00,-0.0
2022-05-02 17:00:00+00:00,-0.0
2022-05-02 18:00:00+00:00,-0.0
2022-05-02 19:00:00+00:00,-0.0
2022-05-02 20:00:00+00:00,-0.0
2022-05-02 21:00:00+00:00,-0.0
2022-05-02 22:00:00+00:00,-0.0
2022-05-02 23:00:00+00:00,-0.0
2022-05-03 00:00:00+00:00,-0.0
2022-05-03 01:00:00+00:00,-0.0
2022-05-03 02:00:00+00:00,-0.0
2022-05-03 03:00:00+00:00,-0.0
2022-05-03 04:00:00+00:00,-0.0
2022-05-03 05:00:00+00:00,-0.0
2022-05-03 06:00:00+00:00,-0.0
2022-05-03 07:00:00+00:00,-0.0
2022-05-03 08:00:00+00:00,-0.0
2022-05-03 09:00:00+00:00,-0.0
2022-05-03 10:00:00+00:00,-0.0
2022-05-03 11:00:00+00:00,-0.0
2022-05-03 12:00:00+00:00,-0.0
2022-05-03 13:00:00+00:00,-0.0
2022-05-03 14:00:00+00:00,-0.0
2022-05-03 15:00:00+00:00,-0.0
2022-05-03 16:00:00+00:00,-0.0
2022-05-03 17:00:00+00:00,-0.0
2022-05-03 18:00:00+00:00,-0.0
2022-05-03 19:00:00+00:00,-0.0
2022-05-03 20:00:00+00:00,-0.0
2022-05-03 21:00:00+00:00,-0.0
2022-05-03 22:00:00+00:00,-0.0
2022-05-03 23:00:00+00:00,-0.0
2022-05-04 00:00:00+00:00,-0.0
2022-05-04 01:00:00+00:00,-0.0
2022-05-04 02:00:00+00:00,-0.0
2022-05-04 03:00:00+00:00,-0.0
2022-05-04 04:00:00+00:00,-0.0
2022-05-04 05:00:00+00:00,-0.0
2022-05-04 06:00:00+00:00,-0.0
2022-05-04 07:00:00+00:00,-0.0
2022-05-04 08:00:00+00:00,-0.0
2022-05-04 09:00:00+00:00,-0.0
2022-05-04 10:00:00+00:00,-0.0
2022-05-04 11:00:00+00:00,-0.0
2022-05-04 12:00:00+00:00,-0.0
2022-05-04 13:00:00+00:00,-0.0
2022-05-04 14:00:00+00:00,-0.0
2022-05-04 15:00:00+00:00,-0.0
2022-05-04 16:00:00+00:00,-0.0
2022-05-04 17:00:00+00:00,-0.0
2022-05-04 18:00:00+00:00,-0.0
2022-05-04 19:00:00+00:00,-0.0
2022-05-04 20:00:00+00:00,-0.0
2022-05-04 21:00:00+00:00,-0.0
2022-05-04 22:00:00+00:00,-0.0
2022-05-04 23:00:00+00:00,-0.0
2022-05-05 00:00:00+00:00,-0.0
2022-05-05 01:00:00+00:00,-0.0
2022-05-05 02:00:00+00:00,-0.0
2022-05-05 03:00:00+00:00,-0.0
2022-05-05 04:00:00+00:00,-0.0
2022-05-05 05:00:00+00:00,-0.0
2022-05-05 06:00:00+00:00,-0.0
2022-05-05 07:00:00+00:00,-0.0
2022-05-05 08:00:00+00:00,-0.0
2022-05-05 09:00:00+00:00,-0.0
2022-05-05 10:00:00+00:00,-0.0
2022-05-05 11:00:00+00:00,-0.0
2022-05-05 12:00:00+00:00,-0.0
2022-05-05 13:00:00+00:00,0.05668180172232289
2022-05-05 14:00:00+00:00,-0.0
2022-05-05 15:00:00+00:00,-0.0
2022-05-05 16:00:00+00:00,-0.0
2022-05-05 17:00:00+00:00,-0.0
2022-05-05 18:00:00+00:00,-0.0
2022-05-05 19:00:00+00:00,-0.0
2022-05-05 20:00:00+00:00,-0.0
2022-05-05 21:00:00+00:00,-0.0
2022-05-05 22:00:00+00:00,-0.0
2022-05-05 23:00:00+00:00,-0.0
2022-05-06 00:00:00+00:00,-0.0
2022-05-06 01:00:00+00:00,-0.0
2022-05-06 02:00:00+00:00,-0.0
2022-05-06 03:00:00+00:00,-0.0
2022-05-06 04:00:00+00:00,-0.0
2022-05-06 05:00:00+00:00,-0.0
2022-05-06 06:00:00+00:00,-0.0
2022-05-06 07:00:00+00:00,-0.0
2022-05-06 08:00:00+00:00,-0.0
2022-05-06 09:00:00+00:00,-0.0
2022-05-06 10:00:00+00:00,-0.0
2022-05-06 11:00:00+00:00,-0.0
2022-05-06 12:00:00+00:00,-0.0
2022-05-06 13:00:00+00:00,-0.0
2022-05-06 14:00:00+00:00,-0.0
2022-05-06 15:00:00+00:00,-0.0
2022-05-06 16:00:00+00:00,-0.0
2022-05-06 17:00:00+00:00,-0.0
2022-05-06 18:00:00+00:00,-0.0
2022-05-06 19:00:00+00:00,-0.0
2022-05-06 20:00:00+00:00,-0.0
2022-05-06 21:00:00+00:00,-0.0
2022-05-06 22:00:00+00:00,-0.0
2022-05-06 23:00:00+00:00,-0.0
2022-05-07 00:00:00+00:00,-0.0
2022-05-07 01:00:00+00:00,-0.0
2022-05-07 02:00:00+00:00,-0.0
2022-05-07 03:00:00+00:00,-0.0
2022-05-07 04:00:00+00:00,-0.0
2022-05-07 05:00:00+00:00,-0.0
2022-05-07 06:00:00+00:00,-0.0
2022-05-07 07:00:00+00:00,-0.0
2022-05-07 08:00:00+00:00,-0.0
2022-05-07 09:00:00+00:00,-0.0
2022-05-07 10:00:00+00:00,-0.0
2022-05-07 11:00:00+00:00,-0.0
2022-05-07 12:00:00+00:00,-0.0
2022-05-07 13:00:00+00:00,-0.0
2022-05-07 14:00:00+00:00,-0.0
2022-05-07 15:00:00+00:00,-0.0
2022-05-07 16:00:00+00:00,-0.0
2022-05-07 17:00:00+00:00,-0.0
2022-05-07 18:00:00+00:00,-0.0
2022-05-07 19:00:00+00:00,-0.0
2022-05-07 20:00:00+00:00,-0.0
2022-05-07 21:00:00+00:00,-0.0
2022-05-07 22:00:00+00:00,-0.0
2022-05-07 23:00:00+00:00,-0.0
2022-05-08 00:00:00+00:00,-0.0
2022-05-08 01:00:00+00:00,-0.0
2022-05-08 02:00:00+00:00,-0.0
2022-05-08 03:00:00+00:00,-0.0
2022-05-08 04:00:00+00:00,-0.0
2022-05-08 05:00:00+00:00,-0.0
2022-05-08 06:00:00+00:00,-0.0
2022-05-08 07:00:00+00:00,-0.0
2022-05-08 08:00:00+00:00,-0.0
2022-05-08 09:00:00+00:00,-0.0
2022-05-08 10:00:00+00:00,-0.0
2022-05-08 11:00:00+00:00,-0.0
2022-05-08 12:00:00+00:00,-0.0
2022-05-08 13:00:00+00:00,-0.0
2022-05-08 14:00:00+00:00,-0.0
2022-05-08 15:00:00+00:00,-0.0
2022-05-08 16:00:00+00:00,-0.0
2022-05-08 17:00:00+00:00,-0.0
2022-05-08 18:00:00+00:00,-0.0
2022-05-08 19:00:00+00:00,-0.0
2022-05-08 20:00:00+00:00,-0.0
2022-05-08 21:00:00+00:00,-0.0
2022-05-08 22:00:00+00:00,-0.0
2022-05-08 23:00:00+00:00,-0.0
2022-05-09 00:00:00+00:00,-0.0
2022-05-09 01:00:00+00:00,-0.0
2022-05-09 02:00:00+00:00,-0.0
2022-05-09 03:00:00+00:00,-0.0
2022-05-09 04:00:00+00:00,-0.0
2022-05-09 05:00:00+00:00,-0.0
2022-05-09 06:00:00+00:00,-0.0
2022-05-09 07:00:00+00:00,-0.0
2022-05-09 08:00:00+00:00,-0.0
2022-05-09 09:00:00+00:00,-0.0
2022-05-09 10:00:00+00:00,-0.0
2022-05-09 11:00:00+00:00,-0.0
2022-05-09 12:00:00+00:00,-0.0
2022-05-09 13:00:00+00:00,-0.0
2022-05-09 14:00:00+00:00,-0.0
2022-05-09 15:00:00+00:00,-0.0
2022-05-09 16:00:00+00:00,-0.0
2022-05-09 17:00:00+00:00,-0.0
2022-05-09 18:00:00+00:00,-0.0
2022-05-09 19:00:00+00:00,-0.0
2022-05-09 20:00:00+00:00,-0.0
2022-05-09 21:00:00+00:00,-0.0
2022-05-09 22:00:00+00:00,-0.0
2022-05-09 23:00:00+00:00,-0.0
2022-05-10 00:00:00+00:00,-0.0
2022-05-10 01:00:00+00:00,-0.0
2022-05-10 02:00:00+00:00,-0.0
2022-05-10 03:00:00+00:00,-0.0
2022-05-10 04:00:00+00:00,-0.0
2022-05-10 05:00:00+00:00,-0.0
2022-05-10 06:00:00+00:00,-0.0
2022-05-10 07:00:00+00:00,-0.0
2022-05-10 08:00:00+00:00,-0.0
2022-05-10 09:00:00+00:00,-0.0
2022-05-10 10:00:00+00:00,-0.0
2022-05-10 11:00:00+00:00,-0.0
2022-05-10 12:00:00+00:00,-0.0
2022-05-10 13:00:00+00:00,-0.0
2022-05-10 14:00:00+00:00,-0.0
2022-05-10 15:00:00+00:00,-0.0
2022-05-10 16:00:00+00:00,-0.0
2022-05-10 17:00:00+00:00,-0.0
2022-05-10 18:00:00+00:00,-0.0
2022-05-10 19:00:00+00:00,-0.0
2022-05-10 20:00:00+00:00,-0.0
2022-05-10 21:00:00+00:00,0.12908454799498081
2022-05-10 22:00:00+00:00,-0.0
2022-05-10 23:00:00+00:00,-0.0
2022-05-11 00:00:00+00:00,-0.0
2022-05-11 01:00:00+00:00,-0.0
2022-05-11 02:00:00+00:00,-0.0
2022-05-11 03:00:00+00:00,-0.0
2022-05-11 04:00:00+00:00,-0.0
2022-05-11 05:00:00+00:00,-0.0
2022-05-11 06:00:00+00:00,-0.0
2022-05-11 07:00:00+00:00,-0.0
2022-05-11 08:00:00+00:00,-0.0
2022-05-11 09:00:00+00:00,-0.0
2022-05-11 10:00:00+00:00,-0.0
2022-05-11 11:00:00+00:00,-0.0
2022-05-11 12:00:00+00:00,-0.0
2022-05-11 13:00:00+00:00,-0.0
2022-05-11 14:00:00+00:00,-0.0
2022-05-11 15:00:00+00:00,-0.0
2022-05-11 16:00:00+00:00,-0.0
2022-05-11 17:00:00+00:00,-0.0
2022-05-11 18:00:00+00:00,-0.0
2022-05-11 19:00:00+00:00,-0.0
2022-05-11 20:00:00+00:00,-0.0
2022-05-11 21:00:00+00:00,-0.0
2022-05-11 22:00:00+00:00,-0.0
2022-05-11 23:00:00+00:00,-0.0
2022-05-12 00:00:00+00:00,-0.0
2022-05-12 01:00:00+00:00,-0.0
2022-05-12 02:00:00+00:00,-0.0
2022-05-12 03:00:00+00:00,-0.0
2022-05-12 04:00:00+00:00,-0.0
2022-05-12 05:00:00+00:00,-0.0
2022-05-12 06:00:00+00:00,-0.0
2022-05-12 07:00:00+00:00,-0.0
2022-05-12 08:00:00+00:00,-0.0
2022-05-12 09:00:00+00:00,-0.0
2022-05-12 10:00:00+00:00,-0.0
2022-05-12 11:00:00+00:00,-0.0
2022-05-12 12:00:00+00:00,-0.0
2022-05-12 13:00:00+00:00,-0.0
2022-05-12 14:00:00+00:00,-0.0
2022-05-12 15:00:00+00:00,-0.0
2022-05-12 16:00:00+00:00,-0.0
2022-05-12 17:00:00+00:00,-0.0
2022-05-12 18:00:00+00:00,-0.0
2022-05-12 19:00:00+00:00,-0.0
2022-05-12 20:00:00+00:00,-0.0
2022-05-12 21:00:00+00:00,-0.0
2022-05-12 22:00:00+00:00,-0.0
2022-05-12 23:00:00+00:00,-0.0
2022-05-13 00:00:00+00:00,-0.0
2022-05-13 01:00:00+00:00,-0.0
2022-05-13 02:00:00+00:00,-0.0
2022-05-13 03:00:00+00:00,-0.0
2022-05-13 04:00:00+00:00,-0.0
2022-05-13 05:00:00+00:00,-0.0
2022-05-13 06:00:00+00:00,-0.0
2022-05-13 07:00:00+00:00,-0.0
2022-05-13 08:00:00+00:00,-0.0
2022-05-13 09:00:00+00:00,-0.0
2022-05-13 10:00:00+00:00,-0.0
2022-05-13 11:00:00+00:00,-0.0
2022-05-13 12:00:00+00:00,-0.0
2022-05-13 13:00:00+00:00,-0.0
2022-05-13 14:00:00+00:00,-0.0
2022-05-13 15:00:00+00:00,-0.0
2022-05-13 16:00:00+00:00,-0.0
2022-05-13 17:00:00+00:00,-0.0
2022-05-13 18:00:00+00:00,-0.0
2022-05-13 19:00:00+00:00,-0.0
2022-05-13 20:00:00+00:00,-0.0
2022-05-13 21:00:00+00:00,-0.0
2022-05-13 22:00:00+00:00,-0.0
2022-05-13 23:00:00+00:00,-0.0
2022-05-14 00:00:00+00:00,-0.0
2022-05-14 01:00:00+00:00,-0.0
2022-05-14 02:00:00+00:00,-0.0
2022-05-14 03:00:00+00:00,-0.0
2022-05-14 04:00:00+00:00,-0.0
2022-05-14 05:00:00+00:00,-0.0
2022-05-14 06:00:00+00:00,-0.0
2022-05-14 07:00:00+00:00,-0.0
2022-05-14 08:00:00+00:00,-0.0
2022-05-14 09:00:00+00:00,-0.0
2022-05-14 10:00:00+00:00,-0.0
2022-05-14 11:00:00+00:00,-0.0
2022-05-14 12:00:00+00:00,-0.0
2022-05-14 13:00:00+00:00,-0.0
2022-05-14 14:00:00+00:00,-0.0
2022-05-14 15:00:00+00:00,-0.0
2022-05-14 16:00:00+00:00,-0.0
2022-05-14 17:00:00+00:00,-0.0
2022-05-14 18:00:00+00:00,-0.0
2022-05-14 19:00:00+00:00,-0.0
2022-05-14 20:00:00+00:00,-0.0
2022-05-14 21:00:00+00:00,-0.0
2022-05-14 22:00:00+00:00,-0.0
2022-05-14 23:00:00+00:00,-0.0
2022-05-15 00:00:00+00:00,-0.0
2022-05-15 01:00:00+00:00,-0.0
2022-05-15 02:00:00+00:00,-0.0
2022-05-15 03:00:00+00:00,-0.0
2022-05-15 04:00:00+00:00,-0.0
2022-05-15 05:00:00+00:00,-0.0
2022-05-15 06:00:00+00:00,-0.0
2022-05-15 07:00:00+00:00,-0.0
2022-05-15 08:00:00+00:00,-0.0
2022-05-15 09:00:00+00:00,-0.0
2022-05-15 10:00:00+00:00,-0.0
2022-05-15 11:00:00+00:00,-0.0
2022-05-15 12:00:00+00:00,-0.0
2022-05-15 13:00:00+00:00,-0.0
2022-05-15 14:00:00+00:00,-0.0
2022-05-15 15:00:00+00:00,-0.0
2022-05-15 16:00:00+00:00,-0.0
2022-05-15 17:00:00+00:00,-0.0
2022-05-15 18:00:00+00:00,-0.0
2022-05-15 19:00:00+00:00,-0.0
2022-05-15 20:00:00+00:00,-0.0
2022-05-15 21:00:00+00:00,-0.0
2022-05-15 22:00:00+00:00,-0.0
2022-05-15 23:00:00+00:00,-0.0
2022-05-16 00:00:00+00:00,-0.0
2022-05-16 01:00:00+00:00,-0.0
2022-05-16 02:00:00+00:00,-0.0
2022-05-16 03:00:00+00:00,-0.0
2022-05-16 04:00:00+00:00,-0.0
2022-05-16 05:00:00+00:00,-0.0
2022-05-16 06:00:00+00:00,-0.0
2022-05-16 07:00:00+00:00,-0.0
2022-05-16 08:00:00+00:00,-0.0
2022-05-16 09:00:00+00:00,-0.0
2022-05-16 10:00:00+00:00,-0.0
2022-05-16 11:00:00+00:00,-0.0
2022-05-16 12:00:00+00:00,-0.0
2022-05-16 13:00:00+00:00,-0.0
2022-05-16 14:00:00+00:00,-0.0
2022-05-16 15:00:00+00:00,-0.0
2022-05-16 16:00:00+00:00,-0.0
2022-05-16 17:00:00+00:00,-0.0
2022-05-16 18:00:00+00:00,-0.0
2022-05-16 19:00:00+00:00,-0.0
2022-05-16 20:00:00+00:00,-0.0
2022-05-16 21:00:00+00:00,-0.0
2022-05-16 22:00:00+00:00,-0.0
2022-05-16 23:00:00+00:00,-0.0
2022-05-17 00:00:00+00:00,-0.0
2022-05-17 01:00:00+00:00,-0.0
2022-05-17 02:00:00+00:00,-0.0
2022-05-17 03:00:00+00:00,-0.0
2022-05-17 04:00:00+00:00,-0.0
2022-05-17 05:00:00+00:00,-0.0
2022-05-17 06:00:00+00:00,-0.0
2022-05-17 07:00:00+00:00,-0.0
2022-05-17 08:00:00+00:00,-0.0
2022-05-17 09:00:00+00:00,-0.0
2022-05-17 10:00:00+00:00,-0.0
2022-05-17 11:00:00+00:00,-0.0
2022-05-17 12:00:00+00:00,-0.0
2022-05-17 13:00:00+00:00,-0.0
2022-05-17 14:00:00+00:00,-0.0
2022-05-17 15:00:00+00:00,-0.0
2022-05-17 16:00:00+00:00,-0.0
2022-05-17 17:00:00+00:00,-0.0
2022-05-17 18:00:00+00:00,-0.0
2022-05-17 19:00:00+00:00,-0.0
2022-05-17 20:00:00+00:00,-0.0
2022-05-17 21:00:00+00:00,-0.0
2022-05-17 22:00:00+00:00,-0.0
2022-05-17 23:00:00+00:00,-0.0
2022-05-18 00:00:00+00:00,-0.0
2022-05-18 01:00:00+00:00,-0.0
2022-05-18 02:00:00+00:00,-0.0
2022-05-18 03:00:00+00:00,-0.0
2022-05-18 04:00:00+00:00,-0.0
2022-05-18 05:00:00+00:00,-0.0
2022-05-18 06:00:00+00:00,-0.0
2022-05-18 07:00:00+00:00,-0.0
2022-05-18 08:00:00+00:00,-0.0
2022-05-18 09:00:00+00:00,-0.0
2022-05-18 10:00:00+00:00,-0.0
2022-05-18 11:00:00+00:00,-0.0
2022-05-18 12:00:00+00:00,-0.0
2022-05-18 13:00:00+00:00,-0.0
2022-05-18 14:00:00+00:00,-0.0
2022-05-18 15:00:00+00:00,-0.0
2022-05-18 16:00:00+00:00,-0.0
2022-05-18 17:00:00+00:00,-0.0
2022-05-18 18:00:00+00:00,-0.0
2022-05-18 19:00:00+00:00,-0.0
2022-05-18 20:00:00+00:00,-0.0
2022-05-18 21:00:00+00:00,-0.0
2022-05-18 22:00:00+00:00,-0.0
2022-05-18 23:00:00+00:00,-0.0
2022-05-19 00:00:00+00:00,-0.0
2022-05-19 01:00:00+00:00,-0.0
2022-05-19 02:00:00+00:00,-0.0
2022-05-19 03:00:00+00:00,-0.0
2022-05-19 04:00:00+00:00,-0.0
2022-05-19 05:00:00+00:00,-0.0
2022-05-19 06:00:00+00:00,-0.0
2022-05-19 07:00:00+00:00,-0.0
2022-05-19 08:00:00+00:00,-0.0
2022-05-19 09:00:00+00:00,-0.0
2022-05-19 10:00:00+00:00,-0.0
2022-05-19 11:00:00+00:00,-0.0
2022-05-19 12:00:00+00:00,-0.0
2022-05-19 13:00:00+00:00,-0.0
2022-05-19 14:00:00+00:00,-0.0
2022-05-19 15:00:00+00:00,-0.0
2022-05-19 16:00:00+00:00,-0.0
2022-05-19 17:00:00+00:00,-0.0
2022-05-19 18:00:00+00:00,-0.0
2022-05-19 19:00:00+00:00,-0.0
2022-05-19 20:00:00+00:00,-0.0
2022-05-19 21:00:00+00:00,-0.0
2022-05-19 22:00:00+00:00,-0.0
2022-05-19 23:00:00+00:00,-0.0
2022-05-20 00:00:00+00:00,-0.0
2022-05-20 01:00:00+00:00,-0.0
2022-05-20 02:00:00+00:00,-0.0
2022-05-20 03:00:00+00:00,-0.0
2022-05-20 04:00:00+00:00,-0.0
2022-05-20 05:00:00+00:00,-0.0
2022-05-20 06:00:00+00:00,-0.0
2022-05-20 07:00:00+00:00,-0.0
2022-05-20 08:00:00+00:00,-0.0
2022-05-20 09:00:00+00:00,-0.0
2022-05-20 10:00:00+00:00,-0.0
2022-05-20 11:00:00+00:00,-0.0
2022-05-20 12:00:00+00:00,-0.0
2022-05-20 13:00:00+00:00,-0.0
2022-05-20 14:00:00+00:00,-0.0
2022-05-20 15:00:00+00:00,-0.0
2022-05-20 16:00:00+00:00,-0.0
2022-05-20 17:00:00+00:00,-0.0
2022-05-20 18:00:00+00:00,-0.0
2022-05-20 19:00:00+00:00,-0.0
2022-05-20 20:00:00+00:00,-0.0
2022-05-20 21:00:00+00:00,-0.0
2022-05-20 22:00:00+00:00,-0.0
2022-05-20 23:00:00+00:00,-0.0
2022-05-21 00:00:00+00:00,-0.0
2022-05-21 01:00:00+00:00,-0.0
2022-05-21 02:00:00+00:00,-0.0
2022-05-21 03:00:00+00:00,-0.0
2022-05-21 04:00:00+00:00,-0.0
2022-05-21 05:00:00+00:00,-0.0
2022-05-21 06:00:00+00:00,-0.0
2022-05-21 07:00:00+00:00,-0.0
2022-05-21 08:00:00+00:00,-0.0
2022-05-21 09:00:00+00:00,-0.0
2022-05-21 10:00:00+00:00,-0.0
2022-05-21 11:00:00+00:00,-0.0
2022-05-21 12:00:00+00:00,-0.0
2022-05-21 13:00:00+00:00,-0.0
2022-05-21 14:00:00+00:00,-0.0
2022-05-21 15:00:00+00:00,-0.0
2022-05-21 16:00:00+00:00,-0.0
2022-05-21 17:00:00+00:00,-0.0
2022-05-21 18:00:00+00:00,-0.0
2022-05-21 19:00:00+00:00,-0.0
2022-05-21 20:00:00+00:00,-0.0
2022-05-21 21:00:00+00:00,-0.0
2022-05-21 22:00:00+00:00,-0.0
2022-05-21 23:00:00+00:00,-0.0
2022-05-22 00:00:00+00:00,-0.0
2022-05-22 01:00:00+00:00,-0.0
2022-05-22 02:00:00+00:00,-0.0
2022-05-22 03:00:00+00:00,-0.0
2022-05-22 04:00:00+00:00,-0.0
2022-05-22 05:00:00+00:00,-0.0
2022-05-22 06:00:00+00:00,-0.0
2022-05-22 07:00:00+00:00,-0.0
2022-05-22 08:00:00+00:00,-0.0
2022-05-22 09:00:00+00:00,-0.0
2022-05-22 10:00:00+00:00,-0.0
2022-05-22 11:00:00+00:00,-0.0
2022-05-22 12:00:00+00:00,-0.0
2022-05-22 13:00:00+00:00,-0.0
2022-05-22 14:00:00+00:00,-0.0
2022-05-22 15:00:00+00:00,-0.0
2022-05-22 16:00:00+00:00,-0.0
2022-05-22 17:00:00+00:00,-0.0
2022-05-22 18:00:00+00:00,-0.0
2022-05-22 19:00:00+00:00,-0.0
2022-05-22 20:00:00+00:00,-0.0
2022-05-22 21:00:00+00:00,-0.0
2022-05-22 22:00:00+00:00,-0.0
2022-05-22 23:00:00+00:00,-0.0
2022-05-23 00:00:00+00:00,-0.0
2022-05-23 01:00:00+00:00,-0.0
2022-05-23 02:00:00+00:00,-0.0
2022-05-23 03:00:00+00:00,-0.0
2022-05-23 04:00:00+00:00,-0.0
2022-05-23 05:00:00+00:00,-0.0
2022-05-23 06:00:00+00:00,-0.0
2022-05-23 07:00:00+00:00,-0.0
2022-05-23 08:00:00+00:00,-0.0
2022-05-23 09:00:00+00:00,-0.0
2022-05-23 10:00:00+00:00,-0.0
2022-05-23 11:00:00+00:00,-0.0
2022-05-23 12:00:00+00:00,-0.0
2022-05-23 13:00:00+00:00,-0.0
2022-05-23 14:00:00+00:00,-0.0
2022-05-23 15:00:00+00:00,-0.0
2022-05-23 16:00:00+00:00,-0.0
2022-05-23 17:00:00+00:00,-0.0
2022-05-23 18:00:00+00:00,-0.0
2022-05-23 19:00:00+00:00,-0.0
2022-05-23 20:00:00+00:00,-0.0
2022-05-23 21:00:00+00:00,-0.0
2022-05-23 22:00:00+00:00,-0.0
2022-05-23 23:00:00+00:00,-0.0
2022-05-24 00:00:00+00:00,-0.0
2022-05-24 01:00:00+00:00,-0.0
2022-05-24 02:00:00+00:00,-0.0
2022-05-24 03:00:00+00:00,-0.0
2022-05-24 04:00:00+00:00,-0.0
2022-05-24 05:00:00+00:00,-0.0
2022-05-24 06:00:00+00:00,-0.0
2022-05-24 07:00:00+00:00,-0.0
2022-05-24 08:00:00+00:00,-0.0
2022-05-24 09:00:00+00:00,-0.0
2022-05-24 10:00:00+00:00,-0.0
2022-05-24 11:00:00+00:00,-0.0
2022-05-24 12:00:00+00:00,-0.0
2022-05-24 13:00:00+00:00,-0.0
2022-05-24 14:00:00+00:00,-0.0
2022-05-24 15:00:00+00:00,-0.0
2022-05-24 16:00:00+00:00,-0.0
2022-05-24 17:00:00+00:00,-0.0
2022-05-24 18:00:00+00:00,-0.0
2022-05-24 19:00:00+00:00,-0.0
2022-05-24 20:00:00+00:00,-0.0
2022-05-24 21:00:00+00:00,-0.0
2022-05-24 22:00:00+00:00,-0.0
2022-05-24 23:00:00+00:00,-0.0
2022-05-25 00:00:00+00:00,-0.0
2022-05-25 01:00:00+00:00,-0.0
2022-05-25 02:00:00+00:00,-0.0
2022-05-25 03:00:00+00:00,-0.0
2022-05-25 04:00:00+00:00,-0.0
2022-05-25 05:00:00+00:00,-0.0
2022-05-25 06:00:00+00:00,-0.0
2022-05-25 07:00:00+00:00,-0.0
2022-05-25 08:00:00+00:00,-0.0
2022-05-25 09:00:00+00:00,-0.0
2022-05-25 10:00:00+00:00,-0.0
2022-05-25 11:00:00+00:00,-0.0
2022-05-25 12:00:00+00:00,-0.0
2022-05-25 13:00:00+00:00,-0.0
2022-05-25 14:00:00+00:00,-0.0
2022-05-25 15:00:00+00:00,-0.0
2022-05-25 16:00:00+00:00,-0.0
2022-05-25 17:00:00+00:00,-0.0
2022-05-25 18:00:00+00:00,-0.0
2022-05-25 19:00:00+00:00,-0.0
2022-05-25 20:00:00+00:00,-0.0
2022-05-25 21:00:00+00:00,-0.0
2022-05-25 22:00:00+00:00,-0.0
2022-05-25 23:00:00+00:00,-0.0
2022-05-26 00:00:00+00:00,-0.0
2022-05-26 01:00:00+00:00,-0.0
2022-05-26 02:00:00+00:00,-0.0
2022-05-26 03:00:00+00:00,-0.0
2022-05-26 04:00:00+00:00,-0.0
2022-05-26 05:00:00+00:00,-0.0
2022-05-26 06:00:00+00:00,-0.0
2022-05-26 07:00:00+00:00,-0.0
2022-05-26 08:00:00+00:00,-0.0
2022-05-26 09:00:00+00:00,-0.0
2022-05-26 10:00:00+00:00,-0.0
2022-05-26 11:00:00+00:00,-0.0
2022-05-26 12:00:00+00:00,-0.0
2022-05-26 13:00:00+00:00,-0.0
2022-05-26 14:00:00+00:00,-0.0
2022-05-26 15:00:00+00:00,-0.0
2022-05-26 16:00:00+00:00,-0.0
2022-05-26 17:00:00+00:00,-0.0
2022-05-26 18:00:00+00:00,-0.0
2022-05-26 19:00:00+00:00,-0.0
2022-05-26 20:00:00+00:00,-0.0
2022-05-26 21:00:00+00:00,-0.0
2022-05-26 22:00:00+00:00,-0.0
2022-05-26 23:00:00+00:00,-0.0
2022-05-27 00:00:00+00:00,-0.0
2022-05-27 01:00:00+00:00,-0.0
2022-05-27 02:00:00+00:00,-0.0
2022-05-27 03:00:00+00:00,-0.0
2022-05-27 04:00:00+00:00,-0.0
2022-05-27 05:00:00+00:00,-0.0
2022-05-27 06:00:00+00:00,-0.0
2022-05-27 07:00:00+00:00,-0.0
2022-05-27 08:00:00+00:00,-0.0
2022-05-27 09:00:00+00:00,-0.0
2022-05-27 10:00:00+00:00,-0.0
2022-05-27 11:00:00+00:00,-0.0
2022-05-27 12:00:00+00:00,-0.0
2022-05-27 13:00:00+00:00,-0.0
2022-05-27 14:00:00+00:00,-0.0
2022-05-27 15:00:00+00:00,-0.0
2022-05-27 16:00:00+00:00,-0.0
2022-05-27 17:00:00+00:00,-0.0
2022-05-27 18:00:00+00:00,-0.0
2022-05-27 19:00:00+00:00,-0.0
2022-05-27 20:00:00+00:00,-0.0
2022-05-27 21:00:00+00:00,-0.0
2022-05-27 22:00:00+00:00,-0.0
2022-05-27 23:00:00+00:00,-0.0
2022-05-28 00:00:00+00:00,-0.0
2022-05-28 01:00:00+00:00,-0.0
2022-05-28 02:00:00+00:00,-0.0
2022-05-28 03:00:00+00:00,-0.0
2022-05-28 04:00:00+00:00,-0.0
2022-05-28 05:00:00+00:00,-0.0
2022-05-28 06:00:00+00:00,-0.0
2022-05-28 07:00:00+00:00,-0.0
2022-05-28 08:00:00+00:00,-0.0
2022-05-28 09:00:00+00:00,-0.0
2022-05-28 10:00:00+00:00,-0.0
2022-05-28 11:00:00+00:00,-0.0
2022-05-28 12:00:00+00:00,-0.0
2022-05-28 13:00:00+00:00,-0.0
2022-05-28 14:00:00+00:00,-0.0
2022-05-28 15:00:00+00:00,-0.0
2022-05-28 16:00:00+00:00,-0.0
2022-05-28 17:00:00+00:00,-0.0
2022-05-28 18:00:00+00:00,-0.0
2022-05-28 19:00:00+00:00,-0.0
2022-05-28 20:00:00+00:00,-0.0
2022-05-28 21:00:00+00:00,-0.0
2022-05-28 22:00:00+00:00,-0.0
2022-05-28 23:00:00+00:00,-0.0
2022-05-29 00:00:00+00:00,-0.0
2022-05-29 01:00:00+00:00,-0.0
2022-05-29 02:00:00+00:00,-0.0
2022-05-29 03:00:00+00:00,-0.0
2022-05-29 04:00:00+00:00,-0.0
2022-05-29 05:00:00+00:00,-0.0
2022-05-29 06:00:00+00:00,-0.0
2022-05-29 07:00:00+00:00,-0.0
2022-05-29 08:00:00+00:00,-0.0
2022-05-29 09:00:00+00:00,-0.0
2022-05-29 10:00:00+00:00,-0.0
2022-05-29 11:00:00+00:00,-0.0
2022-05-29 12:00:00+00:00,-0.0
2022-05-29 13:00:00+00:00,-0.0
2022-05-29 14:00:00+00:00,-0.0
2022-05-29 15:00:00+00:00,-0.0
2022-05-29 16:00:00+00:00,-0.0
2022-05-29 17:00:00+00:00,-0.0
2022-05-29 18:00:00+00:00,-0.0
2022-05-29 19:00:00+00:00,-0.0
2022-05-29 20:00:00+00:00,-0.0
2022-05-29 21:00:00+00:00,-0.0
2022-05-29 22:00:00+00:00,-0.0
2022-05-29 23:00:00+00:00,-0.0
2022-05-30 00:00:00+00:00,-0.0
2022-05-30 01:00:00+00:00,-0.0
2022-05-30 02:00:00+00:00,-0.0
2022-05-30 03:00:00+00:00,-0.0
2022-05-30 04:00:00+00:00,-0.0
2022-05-30 05:00:00+00:00,-0.0
2022-05-30 06:00:00+00:00,-0.0
2022-05-30 07:00:00+00:00,-0.0
2022-05-30 08:00:00+00:00,-0.0
2022-05-30 09:00:00+00:00,-0.0
2022-05-30 10:00:00+00:00,-0.0
2022-05-30 11:00:00+00:00,-0.0
2022-05-30 12:00:00+00:00,-0.0
2022-05-30 13:00:00+00:00,-0.0
2022-05-30 14:00:00+00:00,-0.0
2022-05-30 15:00:00+00:00,-0.0
2022-05-30 16:00:00+00:00,-0.0
2022-05-30 17:00:00+00:00,-0.0
2022-05-30 18:00:00+00:00,-0.0
2022-05-30 19:00:00+00:00,-0.0
2022-05-30 20:00:00+00:00,-0.0
2022-05-30 21:00:00+00:00,-0.0
2022-05-30 22:00:00+00:00,-0.0
2022-05-30 23:00:00+00:00,-0.0
2022-05-31 00:00:00+00:00,-0.0
2022-05-31 01:00:00+00:00,-0.0
2022-05-31 02:00:00+00:00,-0.0
2022-05-31 03:00:00+00:00,-0.0
2022-05-31 04:00:00+00:00,-0.0
2022-05-31 05:00:00+00:00,-0.0
2022-05-31 06:00:00+00:00,-0.0
2022-05-31 07:00:00+00:00,-0.0
2022-05-31 08:00:00+00:00,-0.0
2022-05-31 09:00:00+00:00,-0.0
2022-05-31 10:00:00+00:00,-0.0
2022-05-31 11:00:00+00:00,-0.0
2022-05-31 12:00:00+00:00,-0.0
2022-05-31 13:00:00+00:00,-0.0
2022-05-31 14:00:00+00:00,-0.0
2022-05-31 15:00:00+00:00,-0.0
2022-05-31 16:00:00+00:00,-0.0
2022-05-31 17:00:00+00:00,-0.0
2022-05-31 18:00:00+00:00,-0.0
2022-05-31 19:00:00+00:00,-0.0
2022-05-31 20:00:00+00:00,-0.0
2022-05-31 21:00:00+00:00,-0.0
2022-05-31 22:00:00+00:00,-0.0
2022-05-31 23:00:00+00:00,-0.0
2022-06-01 00:00:00+00:00,-0.0
2022-06-01 01:00:00+00:00,-0.0
2022-06-01 02:00:00+00:00,-0.0
2022-06-01 03:00:00+00:00,-0.0
2022-06-01 04:00:00+00:00,-0.0
2022-06-01 05:00:00+00:00,-0.0
2022-06-01 06:00:00+00:00,-0.0
2022-06-01 07:00:00+00:00,-0.0
2022-06-01 08:00:00+00:00,-0.0
2022-06-01 09:00:00+00:00,-0.0
2022-06-01 10:00:00+00:00,-0.0
2022-06-01 11:00:00+00:00,-0.0
2022-06-01 12:00:00+00:00,-0.0
2022-06-01 13:00:00+00:00,-0.0
2022-06-01 14:00:00+00:00,-0.0
2022-06-01 15:00:00+00:00,-0.0
2022-06-01 16:00:00+00:00,-0.0
2022-06-01 17:00:00+00:00,-0.0
2022-06-01 18:00:00+00:00,-0.0
2022-06-01 19:00:00+00:00,-0.0
2022-06-01 20:00:00+00:00,-0.0
2022-06-01 21:00:00+00:00,-0.0
2022-06-01 22:00:00+00:00,-0.0
2022-06-01 23:00:00+00:00,-0.0
2022-06-02 00:00:00+00:00,-0.0
2022-06-02 01:00:00+00:00,-0.0
2022-06-02 02:00:00+00:00,-0.0
2022-06-02 03:00:00+00:00,-0.0
2022-06-02 04:00:00+00:00,-0.0
2022-06-02 05:00:00+00:00,-0.0
2022-06-02 06:00:00+00:00,-0.0
2022-06-02 07:00:00+00:00,-0.0
2022-06-02 08:00:00+00:00,-0.0
2022-06-02 09:00:00+00:00,-0.0
2022-06-02 10:00:00+00:00,-0.0
2022-06-02 11:00:00+00:00,-0.0
2022-06-02 12:00:00+00:00,-0.0
2022-06-02 13:00:00+00:00,-0.0
2022-06-02 14:00:00+00:00,-0.0
2022-06-02 15:00:00+00:00,-0.0
2022-06-02 16:00:00+00:00,-0.0
2022-06-02 17:00:00+00:00,-0.0
2022-06-02 18:00:00+00:00,-0.0
2022-06-02 19:00:00+00:00,-0.0
2022-06-02 20:00:00+00:00,-0.0
2022-06-02 21:00:00+00:00,-0.0
2022-06-02 22:00:00+00:00,-0.0
2022-06-02 23:00:00+00:00,-0.0
2022-06-03 00:00:00+00:00,-0.0
2022-06-03 01:00:00+00:00,-0.0
2022-06-03 02:00:00+00:00,-0.0
2022-06-03 03:00:00+00:00,-0.0
2022-06-03 04:00:00+00:00,-0.0
2022-06-03 05:00:00+00:00,-0.0
2022-06-03 06:00:00+00:00,-0.0
2022-06-03 07:00:00+00:00,-0.0
2022-06-03 08:00:00+00:00,-0.0
2022-06-03 09:00:00+00:00,-0.0
2022-06-03 10:00:00+00:00,-0.0
2022-06-03 11:00:00+00:00,-0.0
2022-06-03 12:00:00+00:00,-0.0
2022-06-03 13:00:00+00:00,-0.0
2022-06-03 14:00:00+00:00,-0.0
2022-06-03 15:00:00+00:00,-0.0
2022-06-03 16:00:00+00:00,-0.0
2022-06-03 17:00:00+00:00,-0.0
2022-06-03 18:00:00+00:00,-0.0
2022-06-03 19:00:00+00:00,-0.0
2022-06-03 20:00:00+00:00,-0.0
2022-06-03 21:00:00+00:00,-0.0
2022-06-03 22:00:00+00:00,-0.0
2022-06-03 23:00:00+00:00,-0.0
2022-06-04 00:00:00+00:00,-0.0
2022-06-04 01:00:00+00:00,-0.0
2022-06-04 02:00:00+00:00,-0.0
2022-06-04 03:00:00+00:00,-0.0
2022-06-04 04:00:00+00:00,-0.0
2022-06-04 05:00:00+00:00,-0.0
2022-06-04 06:00:00+00:00,-0.0
2022-06-04 07:00:00+00:00,-0.0
2022-06-04 08:00:00+00:00,-0.0
2022-06-04 09:00:00+00:00,-0.0
2022-06-04 10:00:00+00:00,-0.0
2022-06-04 11:00:00+00:00,-0.0
2022-06-04 12:00:00+00:00,-0.0
2022-06-04 13:00:00+00:00,-0.0
2022-06-04 14:00:00+00:00,-0.0
2022-06-04 15:00:00+00:00,-0.0
2022-06-04 16:00:00+00:00,-0.0
2022-06-04 17:00:00+00:00,-0.0
2022-06-04 18:00:00+00:00,-0.0
2022-06-04 19:00:00+00:00,-0.0
2022-06-04 20:00:00+00:00,-0.0
2022-06-04 21:00:00+00:00,-0.0
2022-06-04 22:00:00+00:00,-0.0
2022-06-04 23:00:00+00:00,-0.0
2022-06-05 00:00:00+00:00,-0.0
2022-06-05 01:00:00+00:00,-0.0
2022-06-05 02:00:00+00:00,-0.0
2022-06-05 03:00:00+00:00,-0.0
2022-06-05 04:00:00+00:00,-0.0
2022-06-05 05:00:00+00:00,-0.0
2022-06-05 06:00:00+00:00,-0.0
2022-06-05 07:00:00+00:00,-0.0
2022-06-05 08:00:00+00:00,-0.0
2022-06-05 09:00:00+00:00,-0.0
2022-06-05 10:00:00+00:00,-0.0
2022-06-05 11:00:00+00:00,-0.0
2022-06-05 12:00:00+00:00,-0.0
2022-06-05 13:00:00+00:00,-0.0
2022-06-05 14:00:00+00:00,-0.0
2022-06-05 15:00:00+00:00,-0.0
2022-06-05 16:00:00+00:00,-0.0
2022-06-05 17:00:00+00:00,-0.0
2022-06-05 18:00:00+00:00,-0.0
2022-06-05 19:00:00+00:00,-0.0
2022-06-05 20:00:00+00:00,-0.0
2022-06-05 21:00:00+00:00,-0.0
2022-06-05 22:00:00+00:00,-0.0
2022-06-05 23:00:00+00:00,-0.0
2022-06-06 00:00:00+00:00,-0.0
2022-06-06 01:00:00+00:00,-0.0
2022-06-06 02:00:00+00:00,-0.0
2022-06-06 03:00:00+00:00,-0.0
2022-06-06 04:00:00+00:00,-0.0
2022-06-06 05:00:00+00:00,-0.0
2022-06-06 06:00:00+00:00,-0.0
2022-06-06 07:00:00+00:00,-0.0
2022-06-06 08:00:00+00:00,-0.0
2022-06-06 09:00:00+00:00,-0.0
2022-06-06 10:00:00+00:00,-0.0
2022-06-06 11:00:00+00:00,-0.0
2022-06-06 12:00:00+00:00,-0.0
2022-06-06 13:00:00+00:00,-0.0
2022-06-06 14:00:00+00:00,-0.0
2022-06-06 15:00:00+00:00,-0.0
2022-06-06 16:00:00+00:00,-0.0
2022-06-06 17:00:00+00:00,-0.0
2022-06-06 18:00:00+00:00,-0.0
2022-06-06 19:00:00+00:00,-0.0
2022-06-06 20:00:00+00:00,-0.0
2022-06-06 21:00:00+00:00,-0.0
2022-06-06 22:00:00+00:00,-0.0
2022-06-06 23:00:00+00:00,-0.0
2022-06-07 00:00:00+00:00,-0.0
2022-06-07 01:00:00+00:00,-0.0
2022-06-07 02:00:00+00:00,-0.0
2022-06-07 03:00:00+00:00,-0.0
2022-06-07 04:00:00+00:00,-0.0
2022-06-07 05:00:00+00:00,-0.0
2022-06-07 06:00:00+00:00,-0.0
2022-06-07 07:00:00+00:00,-0.0
2022-06-07 08:00:00+00:00,-0.0
2022-06-07 09:00:00+00:00,-0.0
2022-06-07 10:00:00+00:00,-0.0
2022-06-07 11:00:00+00:00,0.18160091144229415
2022-06-07 12:00:00+00:00,-0.0
2022-06-07 13:00:00+00:00,-0.0
2022-06-07 14:00:00+00:00,-0.0
2022-06-07 15:00:00+00:00,-0.0
2022-06-07 16:00:00+00:00,-0.0
2022-06-07 17:00:00+00:00,-0.0
2022-06-07 18:00:00+00:00,-0.0
2022-06-07 19:00:00+00:00,-0.0
2022-06-07 20:00:00+00:00,-0.0
2022-06-07 21:00:00+00:00,-0.0
2022-06-07 22:00:00+00:00,-0.0
2022-06-07 23:00:00+00:00,-0.0
2022-06-08 00:00:00+00:00,-0.0
2022-06-08 01:00:00+00:00,-0.0
2022-06-08 02:00:00+00:00,-0.0
2022-06-08 03:00:00+00:00,-0.0
2022-06-08 04:00:00+00:00,-0.0
2022-06-08 05:00:00+00:00,-0.0
2022-06-08 06:00:00+00:00,0.03660909471287724
2022-06-08 07:00:00+00:00,-0.0
2022-06-08 08:00:00+00:00,-0.0
2022-06-08 09:00:00+00:00,-0.0
2022-06-08 10:00:00+00:00,-0.0
2022-06-08 11:00:00+00:00,-0.0
2022-06-08 12:00:00+00:00,-0.0
2022-06-08 13:00:00+00:00,-0.0
2022-06-08 14:00:00+00:00,-0.0
2022-06-08 15:00:00+00:00,-0.0
2022-06-08 16:00:00+00:00,-0.0
2022-06-08 17:00:00+00:00,-0.0
2022-06-08 18:00:00+00:00,-0.0
2022-06-08 19:00:00+00:00,-0.0
2022-06-08 20:00:00+00:00,-0.0
2022-06-08 21:00:00+00:00,-0.0
2022-06-08 22:00:00+00:00,-0.0
2022-06-08 23:00:00+00:00,-0.0
2022-06-09 00:00:00+00:00,-0.0
2022-06-09 01:00:00+00:00,-0.0
2022-06-09 02:00:00+00:00,-0.0
2022-06-09 03:00:00+00:00,-0.0
2022-06-09 04:00:00+00:00,-0.0
2022-06-09 05:00:00+00:00,-0.0
2022-06-09 06:00:00+00:00,-0.0
2022-06-09 07:00:00+00:00,-0.0
2022-06-09 08:00:00+00:00,-0.0
2022-06-09 09:00:00+00:00,-0.0
2022-06-09 10:00:00+00:00,-0.0
2022-06-09 11:00:00+00:00,-0.0
2022-06-09 12:00:00+00:00,-0.0
2022-06-09 13:00:00+00:00,-0.0
2022-06-09 14:00:00+00:00,-0.0
2022-06-09 15:00:00+00:00,-0.0
2022-06-09 16:00:00+00:00,-0.0
2022-06-09 17:00:00+00:00,-0.0
2022-06-09 18:00:00+00:00,-0.0
2022-06-09 19:00:00+00:00,-0.0
2022-06-09 20:00:00+00:00,-0.0
2022-06-09 21:00:00+00:00,-0.0
2022-06-09 22:00:00+00:00,-0.0
2022-06-09 23:00:00+00:00,-0.0
2022-06-10 00:00:00+00:00,-0.0
2022-06-10 01:00:00+00:00,-0.0
2022-06-10 02:00:00+00:00,-0.0
2022-06-10 03:00:00+00:00,-0.0
2022-06-10 04:00:00+00:00,-0.0
2022-06-10 05:00:00+00:00,-0.0
2022-06-10 06:00:00+00:00,-0.0
2022-06-10 07:00:00+00:00,-0.0
2022-06-10 08:00:00+00:00,-0.0
2022-06-10 09:00:00+00:00,-0.0
2022-06-10 10:00:00+00:00,-0.0
2022-06-10 11:00:00+00:00,-0.0
2022-06-10 12:00:00+00:00,-0.0
2022-06-10 13:00:00+00:00,-0.0
2022-06-10 14:00:00+00:00,-0.0
2022-06-10 15:00:00+00:00,-0.0
2022-06-10 16:00:00+00:00,-0.0
2022-06-10 17:00:00+00:00,-0.0
2022-06-10 18:00:00+00:00,-0.0
2022-06-10 19:00:00+00:00,-0.0
2022-06-10 20:00:00+00:00,-0.0
2022-06-10 21:00:00+00:00,-0.0
2022-06-10 22:00:00+00:00,-0.0
2022-06-10 23:00:00+00:00,-0.0
2022-06-11 00:00:00+00:00,-0.0
2022-06-11 01:00:00+00:00,-0.0
2022-06-11 02:00:00+00:00,-0.0
2022-06-11 03:00:00+00:00,-0.0
2022-06-11 04:00:00+00:00,-0.0
2022-06-11 05:00:00+00:00,-0.0
2022-06-11 06:00:00+00:00,-0.0
2022-06-11 07:00:00+00:00,-0.0
2022-06-11 08:00:00+00:00,-0.0
2022-06-11 09:00:00+00:00,-0.0
2022-06-11 10:00:00+00:00,-0.0
2022-06-11 11:00:00+00:00,-0.0
2022-06-11 12:00:00+00:00,-0.0
2022-06-11 13:00:00+00:00,-0.0
2022-06-11 14:00:00+00:00,-0.0
2022-06-11 15:00:00+00:00,-0.0
2022-06-11 16:00:00+00:00,-0.0
2022-06-11 17:00:00+00:00,-0.0
2022-06-11 18:00:00+00:00,-0.0
2022-06-11 19:00:00+00:00,-0.0
2022-06-11 20:00:00+00:00,-0.0
2022-06-11 21:00:00+00:00,-0.0
2022-06-11 22:00:00+00:00,-0.0
2022-06-11 23:00:00+00:00,-0.0
2022-06-12 00:00:00+00:00,-0.0
2022-06-12 01:00:00+00:00,-0.0
2022-06-12 02:00:00+00:00,-0.0
2022-06-12 03:00:00+00:00,-0.0
2022-06-12 04:00:00+00:00,-0.0
2022-06-12 05:00:00+00:00,-0.0
2022-06-12 06:00:00+00:00,-0.0
2022-06-12 07:00:00+00:00,-0.0
2022-06-12 08:00:00+00:00,-0.0
2022-06-12 09:00:00+00:00,-0.0
2022-06-12 10:00:00+00:00,-0.0
2022-06-12 11:00:00+00:00,-0.0
2022-06-12 12:00:00+00:00,-0.0
2022-06-12 13:00:00+00:00,-0.0
2022-06-12 14:00:00+00:00,-0.0
2022-06-12 15:00:00+00:00,-0.0
2022-06-12 16:00:00+00:00,-0.0
2022-06-12 17:00:00+00:00,-0.0
2022-06-12 18:00:00+00:00,-0.0
2022-06-12 19:00:00+00:00,-0.0
2022-06-12 20:00:00+00:00,-0.0
2022-06-12 21:00:00+00:00,-0.0
2022-06-12 22:00:00+00:00,0.06170868284980327
2022-06-12 23:00:00+00:00,-0.0
2022-06-13 00:00:00+00:00,-0.0
2022-06-13 01:00:00+00:00,-0.0
2022-06-13 02:00:00+00:00,-0.0
2022-06-13 03:00:00+00:00,-0.0
2022-06-13 04:00:00+00:00,-0.0
2022-06-13 05:00:00+00:00,-0.0
2022-06-13 06:00:00+00:00,-0.0
2022-06-13 07:00:00+00:00,-0.0
2022-06-13 08:00:00+00:00,-0.0
2022-06-13 09:00:00+00:00,-0.0
2022-06-13 10:00:00+00:00,-0.0
2022-06-13 11:00:00+00:00,-0.0
2022-06-13 12:00:00+00:00,-0.0
2022-06-13 13:00:00+00:00,-0.0
2022-06-13 14:00:00+00:00,-0.0
2022-06-13 15:00:00+00:00,-0.0
2022-06-13 16:00:00+00:00,-0.0
2022-06-13 17:00:00+00:00,-0.0
2022-06-13 18:00:00+00:00,-0.0
2022-06-13 19:00:00+00:00,-0.0
2022-06-13 20:00:00+00:00,-0.0
2022-06-13 21:00:00+00:00,-0.0
2022-06-13 22:00:00+00:00,-0.0
2022-06-13 23:00:00+00:00,-0.0
2022-06-14 00:00:00+00:00,-0.0
2022-06-14 01:00:00+00:00,-0.0
2022-06-14 02:00:00+00:00,-0.0
2022-06-14 03:00:00+00:00,-0.0
2022-06-14 04:00:00+00:00,-0.0
2022-06-14 05:00:00+00:00,-0.0
2022-06-14 06:00:00+00:00,-0.0
2022-06-14 07:00:00+00:00,-0.0
2022-06-14 08:00:00+00:00,-0.0
2022-06-14 09:00:00+00:00,-0.0
2022-06-14 10:00:00+00:00,-0.0
2022-06-14 11:00:00+00:00,-0.0
2022-06-14 12:00:00+00:00,-0.0
2022-06-14 13:00:00+00:00,-0.0
2022-06-14 14:00:00+00:00,-0.0
2022-06-14 15:00:00+00:00,-0.0
2022-06-14 16:00:00+00:00,-0.0
2022-06-14 17:00:00+00:00,-0.0
2022-06-14 18:00:00+00:00,-0.0
2022-06-14 19:00:00+00:00,-0.0
2022-06-14 20:00:00+00:00,-0.0
2022-06-14 21:00:00+00:00,-0.0
2022-06-14 22:00:00+00:00,-0.0
2022-06-14 23:00:00+00:00,-0.0
2022-06-15 00:00:00+00:00,-0.0
2022-06-15 01:00:00+00:00,-0.0
2022-06-15 02:00:00+00:00,-0.0
2022-06-15 03:00:00+00:00,-0.0
2022-06-15 04:00:00+00:00,-0.0
2022-06-15 05:00:00+00:00,-0.0
2022-06-15 06:00:00+00:00,-0.0
2022-06-15 07:00:00+00:00,-0.0
2022-06-15 08:00:00+00:00,-0.0
2022-06-15 09:00:00+00:00,-0.0
2022-06-15 10:00:00+00:00,-0.0
2022-06-15 11:00:00+00:00,-0.0
2022-06-15 12:00:00+00:00,-0.0
2022-06-15 13:00:00+00:00,-0.0
2022-06-15 14:00:00+00:00,-0.0
2022-06-15 15:00:00+00:00,-0.0
2022-06-15 16:00:00+00:00,-0.0
2022-06-15 17:00:00+00:00,-0.0
2022-06-15 18:00:00+00:00,-0.0
2022-06-15 19:00:00+00:00,-0.0
2022-06-15 20:00:00+00:00,-0.0
2022-06-15 21:00:00+00:00,-0.0
2022-06-15 22:00:00+00:00,-0.0
2022-06-15 23:00:00+00:00,-0.0
2022-06-16 00:00:00+00:00,-0.0
2022-06-16 01:00:00+00:00,-0.0
2022-06-16 02:00:00+00:00,-0.0
2022-06-16 03:00:00+00:00,-0.0
2022-06-16 04:00:00+00:00,-0.0
2022-06-16 05:00:00+00:00,-0.0
2022-06-16 06:00:00+00:00,-0.0
2022-06-16 07:00:00+00:00,-0.0
2022-06-16 08:00:00+00:00,-0.0
2022-06-16 09:00:00+00:00,0.08493050607811149
2022-06-16 10:00:00+00:00,-0.0
2022-06-16 11:00:00+00:00,-0.0
2022-06-16 12:00:00+00:00,-0.0
2022-06-16 13:00:00+00:00,-0.0
2022-06-16 14:00:00+00:00,-0.0
2022-06-16 15:00:00+00:00,-0.0
2022-06-16 16:00:00+00:00,-0.0
2022-06-16 17:00:00+00:00,-0.0
2022-06-16 18:00:00+00:00,-0.0
2022-06-16 19:00:00+00:00,-0.0
2022-06-16 20:00:00+00:00,-0.0
2022-06-16 21:00:00+00:00,-0.0
2022-06-16 22:00:00+00:00,-0.0
2022-06-16 23:00:00+00:00,-0.0
2022-06-17 00:00:00+00:00,-0.0
2022-06-17 01:00:00+00:00,-0.0
2022-06-17 02:00:00+00:00,-0.0
2022-06-17 03:00:00+00:00,-0.0
2022-06-17 04:00:00+00:00,-0.0
2022-06-17 05:00:00+00:00,-0.0
2022-06-17 06:00:00+00:00,-0.0
2022-06-17 07:00:00+00:00,-0.0
2022-06-17 08:00:00+00:00,-0.0
2022-06-17 09:00:00+00:00,-0.0
2022-06-17 10:00:00+00:00,-0.0
2022-06-17 11:00:00+00:00,-0.0
2022-06-17 12:00:00+00:00,-0.0
2022-06-17 13:00:00+00:00,-0.0
2022-06-17 14:00:00+00:00,-0.0
2022-06-17 15:00:00+00:00,-0.0
2022-06-17 16:00:00+00:00,-0.0
2022-06-17 17:00:00+00:00,-0.0
2022-06-17 18:00:00+00:00,-0.0
2022-06-17 19:00:00+00:00,-0.0
2022-06-17 20:00:00+00:00,-0.0
2022-06-17 21:00:00+00:00,-0.0
2022-06-17 22:00:00+00:00,-0.0
2022-06-17 23:00:00+00:00,-0.0
2022-06-18 00:00:00+00:00,-0.0
2022-06-18 01:00:00+00:00,-0.0
2022-06-18 02:00:00+00:00,-0.0
2022-06-18 03:00:00+00:00,-0.0
2022-06-18 04:00:00+00:00,-0.0
2022-06-18 05:00:00+00:00,-0.0
2022-06-18 06:00:00+00:00,-0.0
2022-06-18 07:00:00+00:00,-0.0
2022-06-18 08:00:00+00:00,-0.0
2022-06-18 09:00:00+00:00,-0.0
2022-06-18 10:00:00+00:00,-0.0
2022-06-18 11:00:00+00:00,-0.0
2022-06-18 12:00:00+00:00,-0.0
2022-06-18 13:00:00+00:00,-0.0
2022-06-18 14:00:00+00:00,-0.0
2022-06-18 15:00:00+00:00,-0.0
2022-06-18 16:00:00+00:00,-0.0
2022-06-18 17:00:00+00:00,-0.0
2022-06-18 18:00:00+00:00,-0.0
2022-06-18 19:00:00+00:00,-0.0
2022-06-18 20:00:00+00:00,-0.0
2022-06-18 21:00:00+00:00,-0.0
2022-06-18 22:00:00+00:00,-0.0
2022-06-18 23:00:00+00:00,-0.0
2022-06-19 00:00:00+00:00,-0.0
2022-06-19 01:00:00+00:00,-0.0
2022-06-19 02:00:00+00:00,-0.0
2022-06-19 03:00:00+00:00,-0.0
2022-06-19 04:00:00+00:00,-0.0
2022-06-19 05:00:00+00:00,-0.0
2022-06-19 06:00:00+00:00,-0.0
2022-06-19 07:00:00+00:00,-0.0
2022-06-19 08:00:00+00:00,-0.0
2022-06-19 09:00:00+00:00,-0.0
2022-06-19 10:00:00+00:00,-0.0
2022-06-19 11:00:00+00:00,-0.0
2022-06-19 12:00:00+00:00,-0.0
2022-06-19 13:00:00+00:00,-0.0
2022-06-19 14:00:00+00:00,-0.0
2022-06-19 15:00:00+00:00,-0.0
2022-06-19 16:00:00+00:00,-0.0
2022-06-19 17:00:00+00:00,-0.0
2022-06-19 18:00:00+00:00,-0.0
2022-06-19 19:00:00+00:00,-0.0
2022-06-19 20:00:00+00:00,-0.13051654042465138
2022-06-19 21:00:00+00:00,-0.0
2022-06-19 22:00:00+00:00,-0.0
2022-06-19 23:00:00+00:00,-0.0
2022-06-20 00:00:00+00:00,-0.0
2022-06-20 01:00:00+00:00,-0.0
2022-06-20 02:00:00+00:00,0.0541937952808376
2022-06-20 03:00:00+00:00,-0.0
2022-06-20 04:00:00+00:00,-0.0
2022-06-20 05:00:00+00:00,-0.0
2022-06-20 06:00:00+00:00,-0.0
2022-06-20 07:00:00+00:00,-0.0
2022-06-20 08:00:00+00:00,-0.0
2022-06-20 09:00:00+00:00,-0.0
2022-06-20 10:00:00+00:00,-0.0
2022-06-20 11:00:00+00:00,-0.0
2022-06-20 12:00:00+00:00,-0.0
2022-06-20 13:00:00+00:00,-0.0
2022-06-20 14:00:00+00:00,-0.0
2022-06-20 15:00:00+00:00,-0.0
2022-06-20 16:00:00+00:00,-0.0
2022-06-20 17:00:00+00:00,-0.0
2022-06-20 18:00:00+00:00,-0.0
2022-06-20 19:00:00+00:00,-0.0
2022-06-20 20:00:00+00:00,-0.0
2022-06-20 21:00:00+00:00,-0.0
2022-06-20 22:00:00+00:00,-0.0
2022-06-20 23:00:00+00:00,-0.0
2022-06-21 00:00:00+00:00,-0.0
2022-06-21 01:00:00+00:00,-0.0
2022-06-21 02:00:00+00:00,-0.0
2022-06-21 03:00:00+00:00,-0.0
2022-06-21 04:00:00+00:00,-0.0
2022-06-21 05:00:00+00:00,-0.0
2022-06-21 06:00:00+00:00,-0.0
2022-06-21 07:00:00+00:00,-0.0
2022-06-21 08:00:00+00:00,-0.0
2022-06-21 09:00:00+00:00,-0.0
2022-06-21 10:00:00+00:00,-0.0
2022-06-21 11:00:00+00:00,-0.0
2022-06-21 12:00:00+00:00,-0.0
2022-06-21 13:00:00+00:00,-0.0
2022-06-21 14:00:00+00:00,-0.0
2022-06-21 15:00:00+00:00,-0.0
2022-06-21 16:00:00+00:00,-0.0
2022-06-21 17:00:00+00:00,-0.0
2022-06-21 18:00:00+00:00,-0.0
2022-06-21 19:00:00+00:00,-0.0
2022-06-21 20:00:00+00:00,-0.0
2022-06-21 21:00:00+00:00,-0.0
2022-06-21 22:00:00+00:00,-0.0
2022-06-21 23:00:00+00:00,-0.0
2022-06-22 00:00:00+00:00,-0.0
2022-06-22 01:00:00+00:00,-0.0
2022-06-22 02:00:00+00:00,-0.0
2022-06-22 03:00:00+00:00,-0.0
2022-06-22 04:00:00+00:00,-0.0
2022-06-22 05:00:00+00:00,-0.0
2022-06-22 06:00:00+00:00,-0.0
2022-06-22 07:00:00+00:00,-0.0
2022-06-22 08:00:00+00:00,-0.0
2022-06-22 09:00:00+00:00,-0.0
2022-06-22 10:00:00+00:00,-0.0
2022-06-22 11:00:00+00:00,-0.0
2022-06-22 12:00:00+00:00,-0.0
2022-06-22 13:00:00+00:00,-0.0
2022-06-22 14:00:00+00:00,-0.0
2022-06-22 15:00:00+00:00,-0.0
2022-06-22 16:00:00+00:00,-0.0
2022-06-22 17:00:00+00:00,-0.12801051269736113
2022-06-22 18:00:00+00:00,-0.0
2022-06-22 19:00:00+00:00,-0.0
2022-06-22 20:00:00+00:00,-0.0
2022-06-22 21:00:00+00:00,-0.0
2022-06-22 22:00:00+00:00,-0.0
2022-06-22 23:00:00+00:00,-0.0
2022-06-23 00:00:00+00:00,-0.0
2022-06-23 01:00:00+00:00,-0.0
2022-06-23 02:00:00+00:00,-0.0
2022-06-23 03:00:00+00:00,-0.0
2022-06-23 04:00:00+00:00,-0.0
2022-06-23 05:00:00+00:00,-0.0
2022-06-23 06:00:00+00:00,-0.0
2022-06-23 07:00:00+00:00,-0.0
2022-06-23 08:00:00+00:00,-0.0
2022-06-23 09:00:00+00:00,-0.0
2022-06-23 10:00:00+00:00,-0.0
2022-06-23 11:00:00+00:00,-0.0
2022-06-23 12:00:00+00:00,-0.0
2022-06-23 13:00:00+00:00,-0.0
2022-06-23 14:00:00+00:00,-0.0
2022-06-23 15:00:00+00:00,-0.0
2022-06-23 16:00:00+00:00,-0.0
2022-06-23 17:00:00+00:00,-0.0
2022-06-23 18:00:00+00:00,-0.0
2022-06-23 19:00:00+00:00,-0.0
2022-06-23 20:00:00+00:00,-0.0
2022-06-23 21:00:00+00:00,-0.0
2022-06-23 22:00:00+00:00,-0.0
2022-06-23 23:00:00+00:00,-0.0
2022-06-24 00:00:00+00:00,-0.12253840650592211
2022-06-24 01:00:00+00:00,-0.0
2022-06-24 02:00:00+00:00,-0.0
2022-06-24 03:00:00+00:00,-0.0
2022-06-24 04:00:00+00:00,-0.0
2022-06-24 05:00:00+00:00,-0.0
2022-06-24 06:00:00+00:00,-0.0
2022-06-24 07:00:00+00:00,-0.0
2022-06-24 08:00:00+00:00,-0.0
2022-06-24 09:00:00+00:00,-0.0
2022-06-24 10:00:00+00:00,-0.0
2022-06-24 11:00:00+00:00,-0.0
2022-06-24 12:00:00+00:00,-0.0
2022-06-24 13:00:00+00:00,-0.0
2022-06-24 14:00:00+00:00,-0.0
2022-06-24 15:00:00+00:00,-0.0
2022-06-24 16:00:00+00:00,0.05411394589340516
2022-06-24 17:00:00+00:00,-0.0
2022-06-24 18:00:00+00:00,-0.0
2022-06-24 19:00:00+00:00,-0.0
2022-06-24 20:00:00+00:00,-0.0
2022-06-24 21:00:00+00:00,-0.0
2022-06-24 22:00:00+00:00,-0.0
2022-06-24 23:00:00+00:00,-0.0
2022-06-25 00:00:00+00:00,-0.0
2022-06-25 01:00:00+00:00,-0.0
2022-06-25 02:00:00+00:00,-0.0
2022-06-25 03:00:00+00:00,-0.0
2022-06-25 04:00:00+00:00,-0.0
2022-06-25 05:00:00+00:00,-0.0
2022-06-25 06:00:00+00:00,-0.0
2022-06-25 07:00:00+00:00,-0.0
2022-06-25 08:00:00+00:00,-0.0
2022-06-25 09:00:00+00:00,-0.0
2022-06-25 10:00:00+00:00,-0.0
2022-06-25 11:00:00+00:00,-0.0
2022-06-25 12:00:00+00:00,-0.0
2022-06-25 13:00:00+00:00,-0.0
2022-06-25 14:00:00+00:00,-0.0
2022-06-25 15:00:00+00:00,-0.0
2022-06-25 16:00:00+00:00,-0.0
2022-06-25 17:00:00+00:00,-0.0
2022-06-25 18:00:00+00:00,-0.0
2022-06-25 19:00:00+00:00,-0.0
2022-06-25 20:00:00+00:00,-0.0
2022-06-25 21:00:00+00:00,-0.0
2022-06-25 22:00:00+00:00,-0.0
2022-06-25 23:00:00+00:00,-0.0
2022-06-26 00:00:00+00:00,-0.0
2022-06-26 01:00:00+00:00,-0.0
2022-06-26 02:00:00+00:00,-0.0
2022-06-26 03:00:00+00:00,-0.0
2022-06-26 04:00:00+00:00,-0.0
2022-06-26 05:00:00+00:00,-0.0
2022-06-26 06:00:00+00:00,-0.0
2022-06-26 07:00:00+00:00,-0.0
2022-06-26 08:00:00+00:00,-0.0
2022-06-26 09:00:00+00:00,-0.0
2022-06-26 10:00:00+00:00,-0.0
2022-06-26 11:00:00+00:00,-0.0
2022-06-26 12:00:00+00:00,-0.0
2022-06-26 13:00:00+00:00,-0.0
2022-06-26 14:00:00+00:00,-0.0
2022-06-26 15:00:00+00:00,-0.0
2022-06-26 16:00:00+00:00,-0.0
2022-06-26 17:00:00+00:00,-0.0
2022-06-26 18:00:00+00:00,-0.0
2022-06-26 19:00:00+00:00,-0.0
2022-06-26 20:00:00+00:00,-0.0
2022-06-26 21:00:00+00:00,-0.0
2022-06-26 22:00:00+00:00,-0.0
2022-06-26 23:00:00+00:00,-0.0
2022-06-27 00:00:00+00:00,-0.0
2022-06-27 01:00:00+00:00,-0.0
2022-06-27 02:00:00+00:00,-0.0
2022-06-27 03:00:00+00:00,-0.0
2022-06-27 04:00:00+00:00,-0.0
2022-06-27 05:00:00+00:00,-0.0
2022-06-27 06:00:00+00:00,-0.0
2022-06-27 07:00:00+00:00,-0.0
2022-06-27 08:00:00+00:00,-0.0
2022-06-27 09:00:00+00:00,-0.0
2022-06-27 10:00:00+00:00,-0.0
2022-06-27 11:00:00+00:00,-0.0
2022-06-27 12:00:00+00:00,-0.0
2022-06-27 13:00:00+00:00,-0.0
2022-06-27 14:00:00+00:00,-0.0
2022-06-27 15:00:00+00:00,-0.0
2022-06-27 16:00:00+00:00,-0.0
2022-06-27 17:00:00+00:00,-0.0
2022-06-27 18:00:00+00:00,-0.0
2022-06-27 19:00:00+00:00,-0.0
2022-06-27 20:00:00+00:00,-0.0
2022-06-27 21:00:00+00:00,-0.0
2022-06-27 22:00:00+00:00,-0.0
2022-06-27 23:00:00+00:00,0.052975134480223264
2022-06-28 00:00:00+00:00,-0.0
2022-06-28 01:00:00+00:00,-0.0
2022-06-28 02:00:00+00:00,-0.0
2022-06-28 03:00:00+00:00,-0.0
2022-06-28 04:00:00+00:00,-0.0
2022-06-28 05:00:00+00:00,-0.0
2022-06-28 06:00:00+00:00,-0.0
2022-06-28 07:00:00+00:00,-0.0
2022-06-28 08:00:00+00:00,-0.0
2022-06-28 09:00:00+00:00,-0.0
2022-06-28 10:00:00+00:00,-0.0
2022-06-28 11:00:00+00:00,-0.0
2022-06-28 12:00:00+00:00,-0.0
2022-06-28 13:00:00+00:00,-0.0
2022-06-28 14:00:00+00:00,-0.0
2022-06-28 15:00:00+00:00,-0.0
2022-06-28 16:00:00+00:00,-0.0
2022-06-28 17:00:00+00:00,-0.0
2022-06-28 18:00:00+00:00,-0.0
2022-06-28 19:00:00+00:00,-0.0
2022-06-28 20:00:00+00:00,-0.0
2022-06-28 21:00:00+00:00,-0.0
2022-06-28 22:00:00+00:00,-0.0
2022-06-28 23:00:00+00:00,-0.0
2022-06-29 00:00:00+00:00,-0.0
2022-06-29 01:00:00+00:00,-0.0
2022-06-29 02:00:00+00:00,-0.0
2022-06-29 03:00:00+00:00,-0.0
2022-06-29 04:00:00+00:00,-0.0
2022-06-29 05:00:00+00:00,-0.0
2022-06-29 06:00:00+00:00,-0.0
2022-06-29 07:00:00+00:00,-0.0
2022-06-29 08:00:00+00:00,-0.0
2022-06-29 09:00:00+00:00,-0.0
2022-06-29 10:00:00+00:00,-0.0
2022-06-29 11:00:00+00:00,-0.0
2022-06-29 12:00:00+00:00,-0.0
2022-06-29 13:00:00+00:00,-0.0
2022-06-29 14:00:00+00:00,-0.0
2022-06-29 15:00:00+00:00,-0.0
2022-06-29 16:00:00+00:00,-0.0
2022-06-29 17:00:00+00:00,-0.0
2022-06-29 18:00:00+00:00,-0.0
2022-06-29 19:00:00+00:00,-0.0
2022-06-29 20:00:00+00:00,-0.0
2022-06-29 21:00:00+00:00,-0.0
2022-06-29 22:00:00+00:00,-0.0
2022-06-29 23:00:00+00:00,-0.0
2022-06-30 00:00:00+00:00,-0.0
2022-06-30 01:00:00+00:00,0.03263164476654388
2022-06-30 02:00:00+00:00,-0.0
2022-06-30 03:00:00+00:00,-0.0
2022-06-30 04:00:00+00:00,-0.0
2022-06-30 05:00:00+00:00,-0.0
2022-06-30 06:00:00+00:00,-0.0
2022-06-30 07:00:00+00:00,-0.0
2022-06-30 08:00:00+00:00,-0.0
2022-06-30 09:00:00+00:00,-0.0
2022-06-30 10:00:00+00:00,-0.0
2022-06-30 11:00:00+00:00,-0.0
2022-06-30 12:00:00+00:00,-0.0
2022-06-30 13:00:00+00:00,-0.0
2022-06-30 14:00:00+00:00,-0.0
2022-06-30 15:00:00+00:00,-0.0
2022-06-30 16:00:00+00:00,-0.0
2022-06-30 17:00:00+00:00,-0.0
2022-06-30 18:00:00+00:00,-0.0
2022-06-30 19:00:00+00:00,-0.0
2022-06-30 20:00:00+00:00,-0.0
2022-06-30 21:00:00+00:00,-0.0
2022-06-30 22:00:00+00:00,-0.0
2022-06-30 23:00:00+00:00,-0.0
2022-07-01 00:00:00+00:00,-0.0
2022-07-01 01:00:00+00:00,-0.0
2022-07-01 02:00:00+00:00,-0.0
2022-07-01 03:00:00+00:00,-0.0
2022-07-01 04:00:00+00:00,-0.0
2022-07-01 05:00:00+00:00,-0.0
2022-07-01 06:00:00+00:00,-0.0
2022-07-01 07:00:00+00:00,-0.0
2022-07-01 08:00:00+00:00,-0.0
2022-07-01 09:00:00+00:00,-0.0
2022-07-01 10:00:00+00:00,-0.0
2022-07-01 11:00:00+00:00,-0.0
2022-07-01 12:00:00+00:00,-0.0
2022-07-01 13:00:00+00:00,-0.0
2022-07-01 14:00:00+00:00,-0.0
2022-07-01 15:00:00+00:00,-0.0
2022-07-01 16:00:00+00:00,-0.0
2022-07-01 17:00:00+00:00,-0.0
2022-07-01 18:00:00+00:00,-0.0
2022-07-01 19:00:00+00:00,-0.0
2022-07-01 20:00:00+00:00,-0.0
2022-07-01 21:00:00+00:00,-0.0
2022-07-01 22:00:00+00:00,-0.0
2022-07-01 23:00:00+00:00,-0.0
2022-07-02 00:00:00+00:00,-0.0
2022-07-02 01:00:00+00:00,-0.0
2022-07-02 02:00:00+00:00,-0.0
2022-07-02 03:00:00+00:00,-0.0
2022-07-02 04:00:00+00:00,-0.0
2022-07-02 05:00:00+00:00,-0.0
2022-07-02 06:00:00+00:00,-0.0
2022-07-02 07:00:00+00:00,-0.0
2022-07-02 08:00:00+00:00,-0.0
2022-07-02 09:00:00+00:00,-0.0
2022-07-02 10:00:00+00:00,-0.0
2022-07-02 11:00:00+00:00,-0.0
2022-07-02 12:00:00+00:00,-0.0
2022-07-02 13:00:00+00:00,-0.0
2022-07-02 14:00:00+00:00,-0.0
2022-07-02 15:00:00+00:00,-0.0
2022-07-02 16:00:00+00:00,-0.0
2022-07-02 17:00:00+00:00,-0.0
2022-07-02 18:00:00+00:00,-0.0
2022-07-02 19:00:00+00:00,-0.0
2022-07-02 20:00:00+00:00,-0.0
2022-07-02 21:00:00+00:00,-0.0
2022-07-02 22:00:00+00:00,-0.0
2022-07-02 23:00:00+00:00,-0.0
2022-07-03 00:00:00+00:00,-0.0
2022-07-03 01:00:00+00:00,0.08182792561486131
2022-07-03 02:00:00+00:00,-0.0
2022-07-03 03:00:00+00:00,-0.0
2022-07-03 04:00:00+00:00,-0.0
2022-07-03 05:00:00+00:00,-0.0
2022-07-03 06:00:00+00:00,-0.0
2022-07-03 07:00:00+00:00,-0.0
2022-07-03 08:00:00+00:00,-0.0
2022-07-03 09:00:00+00:00,-0.0
2022-07-03 10:00:00+00:00,-0.0
2022-07-03 11:00:00+00:00,-0.0
2022-07-03 12:00:00+00:00,-0.0
2022-07-03 13:00:00+00:00,-0.0
2022-07-03 14:00:00+00:00,-0.0
2022-07-03 15:00:00+00:00,-0.0
2022-07-03 16:00:00+00:00,-0.0
2022-07-03 17:00:00+00:00,-0.0
2022-07-03 18:00:00+00:00,-0.0
2022-07-03 19:00:00+00:00,-0.0
2022-07-03 20:00:00+00:00,-0.0
2022-07-03 21:00:00+00:00,-0.0
2022-07-03 22:00:00+00:00,-0.0
2022-07-03 23:00:00+00:00,-0.0
2022-07-04 00:00:00+00:00,-0.0
2022-07-04 01:00:00+00:00,-0.0
2022-07-04 02:00:00+00:00,-0.0
2022-07-04 03:00:00+00:00,-0.0
2022-07-04 04:00:00+00:00,-0.0
2022-07-04 05:00:00+00:00,-0.0
2022-07-04 06:00:00+00:00,-0.0
2022-07-04 07:00:00+00:00,-0.0
2022-07-04 08:00:00+00:00,-0.0
2022-07-04 09:00:00+00:00,-0.0
2022-07-04 10:00:00+00:00,-0.0
2022-07-04 11:00:00+00:00,-0.0
2022-07-04 12:00:00+00:00,-0.0
2022-07-04 13:00:00+00:00,-0.0
2022-07-04 14:00:00+00:00,-0.0
2022-07-04 15:00:00+00:00,-0.0
2022-07-04 16:00:00+00:00,-0.0
2022-07-04 17:00:00+00:00,-0.0
2022-07-04 18:00:00+00:00,-0.09106136880722213
2022-07-04 19:00:00+00:00,-0.0
2022-07-04 20:00:00+00:00,-0.0
2022-07-04 21:00:00+00:00,-0.0
2022-07-04 22:00:00+00:00,-0.0
2022-07-04 23:00:00+00:00,-0.0
2022-07-05 00:00:00+00:00,-0.0
2022-07-05 01:00:00+00:00,-0.0
2022-07-05 02:00:00+00:00,-0.0
2022-07-05 03:00:00+00:00,-0.0
2022-07-05 04:00:00+00:00,-0.0
2022-07-05 05:00:00+00:00,-0.0
2022-07-05 06:00:00+00:00,-0.07293095849386692
2022-07-05 07:00:00+00:00,-0.0
2022-07-05 08:00:00+00:00,0.04264084487661938
2022-07-05 09:00:00+00:00,-0.0
2022-07-05 10:00:00+00:00,-0.0
2022-07-05 11:00:00+00:00,-0.0
2022-07-05 12:00:00+00:00,0.08431781781972422
2022-07-05 13:00:00+00:00,-0.0
2022-07-05 14:00:00+00:00,-0.0
2022-07-05 15:00:00+00:00,-0.0
2022-07-05 16:00:00+00:00,-0.0
2022-07-05 17:00:00+00:00,-0.0
2022-07-05 18:00:00+00:00,-0.0
2022-07-05 19:00:00+00:00,-0.0
2022-07-05 20:00:00+00:00,-0.0
2022-07-05 21:00:00+00:00,-0.0
2022-07-05 22:00:00+00:00,-0.0
2022-07-05 23:00:00+00:00,-0.0
2022-07-06 00:00:00+00:00,-0.0
2022-07-06 01:00:00+00:00,-0.0
2022-07-06 02:00:00+00:00,-0.0
2022-07-06 03:00:00+00:00,-0.0
2022-07-06 04:00:00+00:00,-0.0
2022-07-06 05:00:00+00:00,-0.0
2022-07-06 06:00:00+00:00,-0.0
2022-07-06 07:00:00+00:00,-0.0
2022-07-06 08:00:00+00:00,-0.0
2022-07-06 09:00:00+00:00,-0.0
2022-07-06 10:00:00+00:00,-0.0
2022-07-06 11:00:00+00:00,-0.0
2022-07-06 12:00:00+00:00,-0.0
2022-07-06 13:00:00+00:00,-0.0
2022-07-06 14:00:00+00:00,-0.0
2022-07-06 15:00:00+00:00,-0.0
2022-07-06 16:00:00+00:00,-0.0
2022-07-06 17:00:00+00:00,-0.0
2022-07-06 18:00:00+00:00,-0.0
2022-07-06 19:00:00+00:00,-0.0
2022-07-06 20:00:00+00:00,-0.0
2022-07-06 21:00:00+00:00,-0.0
2022-07-06 22:00:00+00:00,-0.0
2022-07-06 23:00:00+00:00,-0.0
2022-07-07 00:00:00+00:00,-0.0
2022-07-07 01:00:00+00:00,-0.0
2022-07-07 02:00:00+00:00,-0.0
2022-07-07 03:00:00+00:00,-0.0
2022-07-07 04:00:00+00:00,-0.0
2022-07-07 05:00:00+00:00,-0.0
2022-07-07 06:00:00+00:00,-0.0
2022-07-07 07:00:00+00:00,-0.0
2022-07-07 08:00:00+00:00,-0.0
2022-07-07 09:00:00+00:00,-0.0
2022-07-07 10:00:00+00:00,-0.0
2022-07-07 11:00:00+00:00,-0.0
2022-07-07 12:00:00+00:00,-0.0
2022-07-07 13:00:00+00:00,-0.0
2022-07-07 14:00:00+00:00,-0.0
2022-07-07 15:00:00+00:00,-0.0
2022-07-07 16:00:00+00:00,-0.0
2022-07-07 17:00:00+00:00,-0.0
2022-07-07 18:00:00+00:00,-0.0
2022-07-07 19:00:00+00:00,-0.0
2022-07-07 20:00:00+00:00,-0.0
2022-07-07 21:00:00+00:00,-0.0
2022-07-07 22:00:00+00:00,-0.0
2022-07-07 23:00:00+00:00,-0.0
2022-07-08 00:00:00+00:00,-0.0
2022-07-08 01:00:00+00:00,-0.10241481873802095
2022-07-08 02:00:00+00:00,-0.0
2022-07-08 03:00:00+00:00,-0.0
2022-07-08 04:00:00+00:00,-0.0
2022-07-08 05:00:00+00:00,0.04241298624825147
2022-07-08 06:00:00+00:00,-0.0
2022-07-08 07:00:00+00:00,-0.0
2022-07-08 08:00:00+00:00,-0.0
2022-07-08 09:00:00+00:00,-0.0
2022-07-08 10:00:00+00:00,-0.0
2022-07-08 11:00:00+00:00,-0.0
2022-07-08 12:00:00+00:00,-0.0
2022-07-08 13:00:00+00:00,-0.0
2022-07-08 14:00:00+00:00,-0.0
2022-07-08 15:00:00+00:00,-0.0
2022-07-08 16:00:00+00:00,-0.0
2022-07-08 17:00:00+00:00,-0.0
2022-07-08 18:00:00+00:00,-0.0
2022-07-08 19:00:00+00:00,-0.0
2022-07-08 20:00:00+00:00,-0.0
2022-07-08 21:00:00+00:00,-0.0
2022-07-08 22:00:00+00:00,-0.0
2022-07-08 23:00:00+00:00,-0.0
2022-07-09 00:00:00+00:00,-0.0
2022-07-09 01:00:00+00:00,-0.0
2022-07-09 02:00:00+00:00,-0.0
2022-07-09 03:00:00+00:00,-0.0
2022-07-09 04:00:00+00:00,-0.0
2022-07-09 05:00:00+00:00,-0.0
2022-07-09 06:00:00+00:00,-0.0
2022-07-09 07:00:00+00:00,-0.0
2022-07-09 08:00:00+00:00,-0.0
2022-07-09 09:00:00+00:00,-0.0
2022-07-09 10:00:00+00:00,-0.0
2022-07-09 11:00:00+00:00,-0.0
2022-07-09 12:00:00+00:00,-0.0
2022-07-09 13:00:00+00:00,-0.0
2022-07-09 14:00:00+00:00,-0.0
2022-07-09 15:00:00+00:00,-0.0
2022-07-09 16:00:00+00:00,-0.0
2022-07-09 17:00:00+00:00,-0.0
2022-07-09 18:00:00+00:00,-0.0
2022-07-09 19:00:00+00:00,-0.0
2022-07-09 20:00:00+00:00,-0.0
2022-07-09 21:00:00+00:00,-0.0
2022-07-09 22:00:00+00:00,-0.0
2022-07-09 23:00:00+00:00,-0.0
2022-07-10 00:00:00+00:00,-0.0
2022-07-10 01:00:00+00:00,-0.0
2022-07-10 02:00:00+00:00,-0.0
2022-07-10 03:00:00+00:00,-0.0
2022-07-10 04:00:00+00:00,-0.0
2022-07-10 05:00:00+00:00,-0.0
2022-07-10 06:00:00+00:00,-0.0
2022-07-10 07:00:00+00:00,-0.0
2022-07-10 08:00:00+00:00,-0.0
2022-07-10 09:00:00+00:00,-0.0
2022-07-10 10:00:00+00:00,-0.0
2022-07-10 11:00:00+00:00,-0.0
2022-07-10 12:00:00+00:00,-0.0
2022-07-10 13:00:00+00:00,-0.0
2022-07-10 14:00:00+00:00,-0.0
2022-07-10 15:00:00+00:00,-0.0
2022-07-10 16:00:00+00:00,-0.0
2022-07-10 17:00:00+00:00,-0.0
2022-07-10 18:00:00+00:00,-0.0
2022-07-10 19:00:00+00:00,-0.0
2022-07-10 20:00:00+00:00,-0.0
2022-07-10 21:00:00+00:00,-0.0
2022-07-10 22:00:00+00:00,-0.0
2022-07-10 23:00:00+00:00,-0.0
2022-07-11 00:00:00+00:00,-0.0
2022-07-11 01:00:00+00:00,-0.0
2022-07-11 02:00:00+00:00,-0.0
2022-07-11 03:00:00+00:00,-0.0
2022-07-11 04:00:00+00:00,-0.0
2022-07-11 05:00:00+00:00,-0.0
2022-07-11 06:00:00+00:00,-0.0
2022-07-11 07:00:00+00:00,-0.0
2022-07-11 08:00:00+00:00,-0.0
2022-07-11 09:00:00+00:00,-0.0
2022-07-11 10:00:00+00:00,-0.0
2022-07-11 11:00:00+00:00,-0.0
2022-07-11 12:00:00+00:00,-0.0
2022-07-11 13:00:00+00:00,-0.0
2022-07-11 14:00:00+00:00,-0.0
2022-07-11 15:00:00+00:00,-0.0
2022-07-11 16:00:00+00:00,-0.0
2022-07-11 17:00:00+00:00,-0.0
2022-07-11 18:00:00+00:00,-0.0
2022-07-11 19:00:00+00:00,-0.0
2022-07-11 20:00:00+00:00,-0.0
2022-07-11 21:00:00+00:00,-0.0
2022-07-11 22:00:00+00:00,-0.0
2022-07-11 23:00:00+00:00,-0.0
2022-07-12 00:00:00+00:00,-0.0
2022-07-12 01:00:00+00:00,-0.0
2022-07-12 02:00:00+00:00,-0.0
2022-07-12 03:00:00+00:00,-0.0
2022-07-12 04:00:00+00:00,-0.0
2022-07-12 05:00:00+00:00,-0.0
2022-07-12 06:00:00+00:00,-0.0
2022-07-12 07:00:00+00:00,-0.0
2022-07-12 08:00:00+00:00,-0.0
2022-07-12 09:00:00+00:00,-0.0
2022-07-12 10:00:00+00:00,-0.0
2022-07-12 11:00:00+00:00,-0.0
2022-07-12 12:00:00+00:00,-0.0
2022-07-12 13:00:00+00:00,-0.0
2022-07-12 14:00:00+00:00,-0.0
2022-07-12 15:00:00+00:00,-0.0
2022-07-12 16:00:00+00:00,-0.0
2022-07-12 17:00:00+00:00,-0.0
2022-07-12 18:00:00+00:00,-0.0
2022-07-12 19:00:00+00:00,-0.0
2022-07-12 20:00:00+00:00,-0.0
2022-07-12 21:00:00+00:00,-0.0
2022-07-12 22:00:00+00:00,-0.0
2022-07-12 23:00:00+00:00,-0.0
2022-07-13 00:00:00+00:00,-0.0
2022-07-13 01:00:00+00:00,-0.0
2022-07-13 02:00:00+00:00,-0.0
2022-07-13 03:00:00+00:00,-0.0
2022-07-13 04:00:00+00:00,-0.0
2022-07-13 05:00:00+00:00,-0.0
2022-07-13 06:00:00+00:00,-0.0
2022-07-13 07:00:00+00:00,-0.0
2022-07-13 08:00:00+00:00,-0.0
2022-07-13 09:00:00+00:00,-0.0
2022-07-13 10:00:00+00:00,-0.0
2022-07-13 11:00:00+00:00,-0.0
2022-07-13 12:00:00+00:00,-0.0
2022-07-13 13:00:00+00:00,-0.0
2022-07-13 14:00:00+00:00,-0.0
2022-07-13 15:00:00+00:00,-0.0
2022-07-13 16:00:00+00:00,-0.0
2022-07-13 17:00:00+00:00,-0.0
2022-07-13 18:00:00+00:00,-0.0
2022-07-13 19:00:00+00:00,-0.0
2022-07-13 20:00:00+00:00,-0.0
2022-07-13 21:00:00+00:00,-0.0
2022-07-13 22:00:00+00:00,-0.0
2022-07-13 23:00:00+00:00,-0.0
2022-07-14 00:00:00+00:00,-0.0
2022-07-14 01:00:00+00:00,-0.0
2022-07-14 02:00:00+00:00,-0.0
2022-07-14 03:00:00+00:00,-0.0
2022-07-14 04:00:00+00:00,-0.0
2022-07-14 05:00:00+00:00,-0.0
2022-07-14 06:00:00+00:00,-0.0
2022-07-14 07:00:00+00:00,-0.0
2022-07-14 08:00:00+00:00,-0.0
2022-07-14 09:00:00+00:00,-0.0
2022-07-14 10:00:00+00:00,-0.0
2022-07-14 11:00:00+00:00,-0.0
2022-07-14 12:00:00+00:00,0.026991828887284953
2022-07-14 13:00:00+00:00,-0.0
2022-07-14 14:00:00+00:00,-0.019645543676946046
2022-07-14 15:00:00+00:00,-0.0
2022-07-14 16:00:00+00:00,-0.0
2022-07-14 17:00:00+00:00,-0.0
2022-07-14 18:00:00+00:00,-0.0
2022-07-14 19:00:00+00:00,-0.0
2022-07-14 20:00:00+00:00,-0.0
2022-07-14 21:00:00+00:00,-0.0
2022-07-14 22:00:00+00:00,-0.0
2022-07-14 23:00:00+00:00,-0.0
2022-07-15 00:00:00+00:00,-0.0
2022-07-15 01:00:00+00:00,-0.0
2022-07-15 02:00:00+00:00,-0.0
2022-07-15 03:00:00+00:00,-0.0
2022-07-15 04:00:00+00:00,-0.0
2022-07-15 05:00:00+00:00,-0.0
2022-07-15 06:00:00+00:00,-0.0
2022-07-15 07:00:00+00:00,-0.0
2022-07-15 08:00:00+00:00,-0.0
2022-07-15 09:00:00+00:00,-0.1049835486882587
2022-07-15 10:00:00+00:00,-0.0
2022-07-15 11:00:00+00:00,-0.0
2022-07-15 12:00:00+00:00,-0.0
2022-07-15 13:00:00+00:00,-0.0
2022-07-15 14:00:00+00:00,-0.0
2022-07-15 15:00:00+00:00,-0.0
2022-07-15 16:00:00+00:00,-0.0
2022-07-15 17:00:00+00:00,-0.0
2022-07-15 18:00:00+00:00,-0.0
2022-07-15 19:00:00+00:00,-0.0
2022-07-15 20:00:00+00:00,-0.0
2022-07-15 21:00:00+00:00,-0.0
2022-07-15 22:00:00+00:00,-0.0
2022-07-15 23:00:00+00:00,-0.0
2022-07-16 00:00:00+00:00,-0.0
2022-07-16 01:00:00+00:00,-0.0
2022-07-16 02:00:00+00:00,-0.0
2022-07-16 03:00:00+00:00,-0.0
2022-07-16 04:00:00+00:00,-0.0
2022-07-16 05:00:00+00:00,-0.0
2022-07-16 06:00:00+00:00,-0.0
2022-07-16 07:00:00+00:00,-0.0
2022-07-16 08:00:00+00:00,-0.0
2022-07-16 09:00:00+00:00,-0.0
2022-07-16 10:00:00+00:00,0.04746832899192749
2022-07-16 11:00:00+00:00,-0.0
2022-07-16 12:00:00+00:00,-0.0
2022-07-16 13:00:00+00:00,-0.0
2022-07-16 14:00:00+00:00,-0.0
2022-07-16 15:00:00+00:00,-0.0
2022-07-16 16:00:00+00:00,-0.0
2022-07-16 17:00:00+00:00,-0.0
2022-07-16 18:00:00+00:00,-0.0
2022-07-16 19:00:00+00:00,-0.0
2022-07-16 20:00:00+00:00,-0.0
2022-07-16 21:00:00+00:00,-0.0
2022-07-16 22:00:00+00:00,-0.0
2022-07-16 23:00:00+00:00,-0.0
2022-07-17 00:00:00+00:00,-0.0
2022-07-17 01:00:00+00:00,-0.0
2022-07-17 02:00:00+00:00,-0.0
2022-07-17 03:00:00+00:00,-0.0
2022-07-17 04:00:00+00:00,-0.0
2022-07-17 05:00:00+00:00,-0.0
2022-07-17 06:00:00+00:00,-0.0
2022-07-17 07:00:00+00:00,-0.0
2022-07-17 08:00:00+00:00,-0.0
2022-07-17 09:00:00+00:00,-0.0
2022-07-17 10:00:00+00:00,-0.0
2022-07-17 11:00:00+00:00,-0.0
2022-07-17 12:00:00+00:00,-0.0
2022-07-17 13:00:00+00:00,-0.0
2022-07-17 14:00:00+00:00,-0.0
2022-07-17 15:00:00+00:00,-0.0
2022-07-17 16:00:00+00:00,0.027778662760800536
2022-07-17 17:00:00+00:00,-0.0
2022-07-17 18:00:00+00:00,-0.0
2022-07-17 19:00:00+00:00,-0.0
2022-07-17 20:00:00+00:00,-0.0
2022-07-17 21:00:00+00:00,-0.0
2022-07-17 22:00:00+00:00,-0.0
2022-07-17 23:00:00+00:00,-0.0
2022-07-18 00:00:00+00:00,-0.0
2022-07-18 01:00:00+00:00,-0.0
2022-07-18 02:00:00+00:00,-0.0
2022-07-18 03:00:00+00:00,-0.0
2022-07-18 04:00:00+00:00,-0.0
2022-07-18 05:00:00+00:00,-0.0
2022-07-18 06:00:00+00:00,-0.0
2022-07-18 07:00:00+00:00,-0.0
2022-07-18 08:00:00+00:00,-0.0
2022-07-18 09:00:00+00:00,-0.0
2022-07-18 10:00:00+00:00,-0.0
2022-07-18 11:00:00+00:00,-0.0
2022-07-18 12:00:00+00:00,-0.0
2022-07-18 13:00:00+00:00,-0.0
2022-07-18 14:00:00+00:00,-0.0
2022-07-18 15:00:00+00:00,-0.0
2022-07-18 16:00:00+00:00,-0.0
2022-07-18 17:00:00+00:00,-0.0
2022-07-18 18:00:00+00:00,0.05294551049271881
2022-07-18 19:00:00+00:00,-0.0
2022-07-18 20:00:00+00:00,-0.0
2022-07-18 21:00:00+00:00,-0.0
2022-07-18 22:00:00+00:00,-0.0
2022-07-18 23:00:00+00:00,-0.0
2022-07-19 00:00:00+00:00,-0.0
2022-07-19 01:00:00+00:00,-0.0
2022-07-19 02:00:00+00:00,-0.0
2022-07-19 03:00:00+00:00,-0.0
2022-07-19 04:00:00+00:00,0.02211508655001484
2022-07-19 05:00:00+00:00,-0.0
2022-07-19 06:00:00+00:00,-0.0
2022-07-19 07:00:00+00:00,-0.0
2022-07-19 08:00:00+00:00,-0.0
2022-07-19 09:00:00+00:00,-0.0
2022-07-19 10:00:00+00:00,-0.0
2022-07-19 11:00:00+00:00,-0.0
2022-07-19 12:00:00+00:00,-0.0
2022-07-19 13:00:00+00:00,-0.0
2022-07-19 14:00:00+00:00,-0.0
2022-07-19 15:00:00+00:00,-0.11417319072090482
2022-07-19 16:00:00+00:00,-0.0
2022-07-19 17:00:00+00:00,-0.0
2022-07-19 18:00:00+00:00,-0.0
2022-07-19 19:00:00+00:00,-0.0
2022-07-19 20:00:00+00:00,-0.0
2022-07-19 21:00:00+00:00,-0.0
2022-07-19 22:00:00+00:00,-0.0
2022-07-19 23:00:00+00:00,-0.0
2022-07-20 00:00:00+00:00,-0.0
2022-07-20 01:00:00+00:00,-0.0
2022-07-20 02:00:00+00:00,-0.0
2022-07-20 03:00:00+00:00,-0.0
2022-07-20 04:00:00+00:00,-0.0
2022-07-20 05:00:00+00:00,-0.0
2022-07-20 06:00:00+00:00,-0.0
2022-07-20 07:00:00+00:00,-0.0
2022-07-20 08:00:00+00:00,-0.0
2022-07-20 09:00:00+00:00,-0.0
2022-07-20 10:00:00+00:00,-0.0
2022-07-20 11:00:00+00:00,-0.0
2022-07-20 12:00:00+00:00,-0.0
2022-07-20 13:00:00+00:00,-0.0
2022-07-20 14:00:00+00:00,-0.0
2022-07-20 15:00:00+00:00,-0.0
2022-07-20 16:00:00+00:00,-0.0
2022-07-20 17:00:00+00:00,0.0636525320650027
2022-07-20 18:00:00+00:00,-0.0
2022-07-20 19:00:00+00:00,-0.0
2022-07-20 20:00:00+00:00,-0.0
2022-07-20 21:00:00+00:00,-0.0
2022-07-20 22:00:00+00:00,-0.0
2022-07-20 23:00:00+00:00,-0.0
2022-07-21 00:00:00+00:00,-0.0
2022-07-21 01:00:00+00:00,-0.0
2022-07-21 02:00:00+00:00,-0.0
2022-07-21 03:00:00+00:00,-0.0
2022-07-21 04:00:00+00:00,-0.0
2022-07-21 05:00:00+00:00,-0.0
2022-07-21 06:00:00+00:00,-0.0
2022-07-21 07:00:00+00:00,-0.0
2022-07-21 08:00:00+00:00,-0.0
2022-07-21 09:00:00+00:00,-0.0
2022-07-21 10:00:00+00:00,-0.0
2022-07-21 11:00:00+00:00,-0.0
2022-07-21 12:00:00+00:00,-0.0
2022-07-21 13:00:00+00:00,-0.0
2022-07-21 14:00:00+00:00,-0.0
2022-07-21 15:00:00+00:00,-0.0
2022-07-21 16:00:00+00:00,-0.0
2022-07-21 17:00:00+00:00,-0.0
2022-07-21 18:00:00+00:00,-0.0
2022-07-21 19:00:00+00:00,-0.0
2022-07-21 20:00:00+00:00,-0.0
2022-07-21 21:00:00+00:00,-0.0
2022-07-21 22:00:00+00:00,-0.0
2022-07-21 23:00:00+00:00,-0.0
2022-07-22 00:00:00+00:00,-0.0
2022-07-22 01:00:00+00:00,-0.0
2022-07-22 02:00:00+00:00,-0.0
2022-07-22 03:00:00+00:00,-0.0
2022-07-22 04:00:00+00:00,-0.0
2022-07-22 05:00:00+00:00,-0.0
2022-07-22 06:00:00+00:00,-0.0
2022-07-22 07:00:00+00:00,-0.0
2022-07-22 08:00:00+00:00,-0.0
2022-07-22 09:00:00+00:00,-0.0
2022-07-22 10:00:00+00:00,-0.0
2022-07-22 11:00:00+00:00,-0.0
2022-07-22 12:00:00+00:00,-0.0
2022-07-22 13:00:00+00:00,-0.0
2022-07-22 14:00:00+00:00,-0.0
2022-07-22 15:00:00+00:00,-0.0
2022-07-22 16:00:00+00:00,0.049936370931033466
2022-07-22 17:00:00+00:00,-0.0
2022-07-22 18:00:00+00:00,-0.0
2022-07-22 19:00:00+00:00,-0.0
2022-07-22 20:00:00+00:00,-0.0
2022-07-22 21:00:00+00:00,-0.0
2022-07-22 22:00:00+00:00,-0.0
2022-07-22 23:00:00+00:00,-0.0
2022-07-23 00:00:00+00:00,-0.0
2022-07-23 01:00:00+00:00,-0.0
2022-07-23 02:00:00+00:00,-0.0
2022-07-23 03:00:00+00:00,-0.0
2022-07-23 04:00:00+00:00,-0.0
2022-07-23 05:00:00+00:00,-0.0
2022-07-23 06:00:00+00:00,-0.0
2022-07-23 07:00:00+00:00,-0.0
2022-07-23 08:00:00+00:00,0.050940362660840205
2022-07-23 09:00:00+00:00,-0.0
2022-07-23 10:00:00+00:00,-0.0
2022-07-23 11:00:00+00:00,-0.0
2022-07-23 12:00:00+00:00,-0.0
2022-07-23 13:00:00+00:00,-0.0
2022-07-23 14:00:00+00:00,-0.0
2022-07-23 15:00:00+00:00,-0.0
2022-07-23 16:00:00+00:00,-0.0
2022-07-23 17:00:00+00:00,-0.0
2022-07-23 18:00:00+00:00,-0.0
2022-07-23 19:00:00+00:00,-0.0
2022-07-23 20:00:00+00:00,-0.0
2022-07-23 21:00:00+00:00,-0.0
2022-07-23 22:00:00+00:00,-0.0
2022-07-23 23:00:00+00:00,-0.0
2022-07-24 00:00:00+00:00,-0.0
2022-07-24 01:00:00+00:00,-0.0
2022-07-24 02:00:00+00:00,-0.0
2022-07-24 03:00:00+00:00,-0.0
2022-07-24 04:00:00+00:00,-0.0
2022-07-24 05:00:00+00:00,-0.0
2022-07-24 06:00:00+00:00,-0.0
2022-07-24 07:00:00+00:00,-0.0
2022-07-24 08:00:00+00:00,-0.0
2022-07-24 09:00:00+00:00,-0.0
2022-07-24 10:00:00+00:00,-0.0
2022-07-24 11:00:00+00:00,-0.0
2022-07-24 12:00:00+00:00,-0.0
2022-07-24 13:00:00+00:00,-0.0
2022-07-24 14:00:00+00:00,-0.0
2022-07-24 15:00:00+00:00,-0.0
2022-07-24 16:00:00+00:00,-0.0
2022-07-24 17:00:00+00:00,-0.0
2022-07-24 18:00:00+00:00,-0.0
2022-07-24 19:00:00+00:00,-0.0
2022-07-24 20:00:00+00:00,-0.0
2022-07-24 21:00:00+00:00,-0.0
2022-07-24 22:00:00+00:00,-0.0
2022-07-24 23:00:00+00:00,-0.0
2022-07-25 00:00:00+00:00,-0.0
2022-07-25 01:00:00+00:00,-0.0
2022-07-25 02:00:00+00:00,-0.0
2022-07-25 03:00:00+00:00,-0.0
2022-07-25 04:00:00+00:00,-0.0
2022-07-25 05:00:00+00:00,-0.0
2022-07-25 06:00:00+00:00,-0.0
2022-07-25 07:00:00+00:00,-0.0
2022-07-25 08:00:00+00:00,-0.0
2022-07-25 09:00:00+00:00,-0.0
2022-07-25 10:00:00+00:00,-0.0
2022-07-25 11:00:00+00:00,-0.0
2022-07-25 12:00:00+00:00,-0.0
2022-07-25 13:00:00+00:00,-0.0
2022-07-25 14:00:00+00:00,-0.0
2022-07-25 15:00:00+00:00,-0.0
2022-07-25 16:00:00+00:00,-0.0
2022-07-25 17:00:00+00:00,-0.0
2022-07-25 18:00:00+00:00,-0.0
2022-07-25 19:00:00+00:00,-0.0
2022-07-25 20:00:00+00:00,-0.0
2022-07-25 21:00:00+00:00,-0.0
2022-07-25 22:00:00+00:00,-0.0
2022-07-25 23:00:00+00:00,-0.0
2022-07-26 00:00:00+00:00,-0.0
2022-07-26 01:00:00+00:00,-0.0
2022-07-26 02:00:00+00:00,-0.0
2022-07-26 03:00:00+00:00,-0.0
2022-07-26 04:00:00+00:00,-0.0
2022-07-26 05:00:00+00:00,-0.0
2022-07-26 06:00:00+00:00,-0.0
2022-07-26 07:00:00+00:00,-0.0
2022-07-26 08:00:00+00:00,-0.0
2022-07-26 09:00:00+00:00,-0.0
2022-07-26 10:00:00+00:00,-0.0
2022-07-26 11:00:00+00:00,-0.0
2022-07-26 12:00:00+00:00,-0.0
2022-07-26 13:00:00+00:00,-0.0
2022-07-26 14:00:00+00:00,-0.0
2022-07-26 15:00:00+00:00,-0.0
2022-07-26 16:00:00+00:00,0.03554230824908803
2022-07-26 17:00:00+00:00,-0.0
2022-07-26 18:00:00+00:00,-0.0
2022-07-26 19:00:00+00:00,-0.0
2022-07-26 20:00:00+00:00,-0.0
2022-07-26 21:00:00+00:00,-0.0
2022-07-26 22:00:00+00:00,-0.0
2022-07-26 23:00:00+00:00,-0.0
2022-07-27 00:00:00+00:00,-0.0
2022-07-27 01:00:00+00:00,-0.0
2022-07-27 02:00:00+00:00,-0.0
2022-07-27 03:00:00+00:00,-0.0
2022-07-27 04:00:00+00:00,-0.0
2022-07-27 05:00:00+00:00,-0.0
2022-07-27 06:00:00+00:00,-0.0
2022-07-27 07:00:00+00:00,-0.0
2022-07-27 08:00:00+00:00,-0.0
2022-07-27 09:00:00+00:00,-0.0
2022-07-27 10:00:00+00:00,-0.0
2022-07-27 11:00:00+00:00,-0.0
2022-07-27 12:00:00+00:00,-0.0
2022-07-27 13:00:00+00:00,-0.0
2022-07-27 14:00:00+00:00,-0.0
2022-07-27 15:00:00+00:00,-0.0
2022-07-27 16:00:00+00:00,-0.0
2022-07-27 17:00:00+00:00,-0.0
2022-07-27 18:00:00+00:00,-0.0
2022-07-27 19:00:00+00:00,-0.0
2022-07-27 20:00:00+00:00,-0.0
2022-07-27 21:00:00+00:00,-0.0
2022-07-27 22:00:00+00:00,-0.0
2022-07-27 23:00:00+00:00,-0.0
2022-07-28 00:00:00+00:00,-0.0
2022-07-28 01:00:00+00:00,-0.0
2022-07-28 02:00:00+00:00,-0.0
2022-07-28 03:00:00+00:00,-0.0
2022-07-28 04:00:00+00:00,-0.0
2022-07-28 05:00:00+00:00,-0.0
2022-07-28 06:00:00+00:00,-0.0
2022-07-28 07:00:00+00:00,-0.0
2022-07-28 08:00:00+00:00,-0.0
2022-07-28 09:00:00+00:00,-0.0
2022-07-28 10:00:00+00:00,-0.0
2022-07-28 11:00:00+00:00,-0.0
2022-07-28 12:00:00+00:00,-0.0
2022-07-28 13:00:00+00:00,-0.0
2022-07-28 14:00:00+00:00,-0.0
2022-07-28 15:00:00+00:00,-0.0
2022-07-28 16:00:00+00:00,-0.0
2022-07-28 17:00:00+00:00,-0.0
2022-07-28 18:00:00+00:00,-0.0
2022-07-28 19:00:00+00:00,-0.0
2022-07-28 20:00:00+00:00,-0.09330446991860461
2022-07-28 21:00:00+00:00,-0.0
2022-07-28 22:00:00+00:00,-0.0
2022-07-28 23:00:00+00:00,-0.0
2022-07-29 00:00:00+00:00,-0.0
2022-07-29 01:00:00+00:00,-0.0
2022-07-29 02:00:00+00:00,-0.0
2022-07-29 03:00:00+00:00,-0.0
2022-07-29 04:00:00+00:00,-0.0
2022-07-29 05:00:00+00:00,-0.0
2022-07-29 06:00:00+00:00,-0.0
2022-07-29 07:00:00+00:00,-0.0
2022-07-29 08:00:00+00:00,-0.0
2022-07-29 09:00:00+00:00,-0.0
2022-07-29 10:00:00+00:00,-0.0
2022-07-29 11:00:00+00:00,0.059730397933158645
2022-07-29 12:00:00+00:00,-0.0
2022-07-29 13:00:00+00:00,-0.0
2022-07-29 14:00:00+00:00,-0.0
2022-07-29 15:00:00+00:00,-0.0
2022-07-29 16:00:00+00:00,-0.0
2022-07-29 17:00:00+00:00,-0.0
2022-07-29 18:00:00+00:00,-0.0
2022-07-29 19:00:00+00:00,-0.0
2022-07-29 20:00:00+00:00,-0.0
2022-07-29 21:00:00+00:00,-0.0
2022-07-29 22:00:00+00:00,-0.0
2022-07-29 23:00:00+00:00,-0.0
2022-07-30 00:00:00+00:00,-0.0
2022-07-30 01:00:00+00:00,-0.0
2022-07-30 02:00:00+00:00,-0.0
2022-07-30 03:00:00+00:00,-0.0
2022-07-30 04:00:00+00:00,-0.0
2022-07-30 05:00:00+00:00,-0.0
2022-07-30 06:00:00+00:00,-0.0
2022-07-30 07:00:00+00:00,-0.0
2022-07-30 08:00:00+00:00,-0.0
2022-07-30 09:00:00+00:00,-0.0
2022-07-30 10:00:00+00:00,-0.0
2022-07-30 11:00:00+00:00,-0.0
2022-07-30 12:00:00+00:00,-0.0
2022-07-30 13:00:00+00:00,-0.0
2022-07-30 14:00:00+00:00,-0.0
2022-07-30 15:00:00+00:00,-0.0
2022-07-30 16:00:00+00:00,-0.0
2022-07-30 17:00:00+00:00,-0.0
2022-07-30 18:00:00+00:00,-0.0
2022-07-30 19:00:00+00:00,-0.0
2022-07-30 20:00:00+00:00,-0.0
2022-07-30 21:00:00+00:00,-0.0
2022-07-30 22:00:00+00:00,-0.0
2022-07-30 23:00:00+00:00,-0.0
2022-07-31 00:00:00+00:00,-0.0
2022-07-31 01:00:00+00:00,-0.0
2022-07-31 02:00:00+00:00,-0.0
2022-07-31 03:00:00+00:00,-0.0
2022-07-31 04:00:00+00:00,-0.0
2022-07-31 05:00:00+00:00,-0.0
2022-07-31 06:00:00+00:00,-0.0
2022-07-31 07:00:00+00:00,-0.0
2022-07-31 08:00:00+00:00,-0.0
2022-07-31 09:00:00+00:00,-0.0
2022-07-31 10:00:00+00:00,-0.0
2022-07-31 11:00:00+00:00,-0.0
2022-07-31 12:00:00+00:00,-0.0
2022-07-31 13:00:00+00:00,-0.0
2022-07-31 14:00:00+00:00,-0.0
2022-07-31 15:00:00+00:00,-0.0
2022-07-31 16:00:00+00:00,-0.0
2022-07-31 17:00:00+00:00,-0.0
2022-07-31 18:00:00+00:00,-0.0
2022-07-31 19:00:00+00:00,-0.0
2022-07-31 20:00:00+00:00,-0.0
2022-07-31 21:00:00+00:00,-0.0
2022-07-31 22:00:00+00:00,-0.0
2022-07-31 23:00:00+00:00,-0.0
2022-08-01 00:00:00+00:00,-0.0
2022-08-01 01:00:00+00:00,-0.0
2022-08-01 02:00:00+00:00,-0.0
2022-08-01 03:00:00+00:00,-0.0
2022-08-01 04:00:00+00:00,-0.0
2022-08-01 05:00:00+00:00,-0.0
2022-08-01 06:00:00+00:00,-0.0
2022-08-01 07:00:00+00:00,-0.0
2022-08-01 08:00:00+00:00,-0.0
2022-08-01 09:00:00+00:00,-0.0
2022-08-01 10:00:00+00:00,-0.0
2022-08-01 11:00:00+00:00,-0.0
2022-08-01 12:00:00+00:00,-0.0
2022-08-01 13:00:00+00:00,-0.0
2022-08-01 14:00:00+00:00,-0.0
2022-08-01 15:00:00+00:00,-0.0
2022-08-01 16:00:00+00:00,-0.0
2022-08-01 17:00:00+00:00,-0.0
2022-08-01 18:00:00+00:00,-0.0
2022-08-01 19:00:00+00:00,-0.0
2022-08-01 20:00:00+00:00,-0.0
2022-08-01 21:00:00+00:00,-0.0
2022-08-01 22:00:00+00:00,-0.0
2022-08-01 23:00:00+00:00,-0.0
2022-08-02 00:00:00+00:00,-0.0
2022-08-02 01:00:00+00:00,-0.0
2022-08-02 02:00:00+00:00,-0.0
2022-08-02 03:00:00+00:00,-0.0
2022-08-02 04:00:00+00:00,-0.0
2022-08-02 05:00:00+00:00,-0.0
2022-08-02 06:00:00+00:00,-0.0
2022-08-02 07:00:00+00:00,-0.0
2022-08-02 08:00:00+00:00,-0.0
2022-08-02 09:00:00+00:00,-0.0
2022-08-02 10:00:00+00:00,-0.0
2022-08-02 11:00:00+00:00,-0.0
2022-08-02 12:00:00+00:00,-0.0
2022-08-02 13:00:00+00:00,-0.0
2022-08-02 14:00:00+00:00,-0.0
2022-08-02 15:00:00+00:00,-0.0
2022-08-02 16:00:00+00:00,-0.0
2022-08-02 17:00:00+00:00,-0.0
2022-08-02 18:00:00+00:00,-0.0
2022-08-02 19:00:00+00:00,-0.0
2022-08-02 20:00:00+00:00,-0.0
2022-08-02 21:00:00+00:00,-0.0
2022-08-02 22:00:00+00:00,-0.0
2022-08-02 23:00:00+00:00,-0.0
2022-08-03 00:00:00+00:00,-0.0
2022-08-03 01:00:00+00:00,-0.0
2022-08-03 02:00:00+00:00,-0.0
2022-08-03 03:00:00+00:00,-0.0
2022-08-03 04:00:00+00:00,-0.0
2022-08-03 05:00:00+00:00,-0.0
2022-08-03 06:00:00+00:00,-0.0
2022-08-03 07:00:00+00:00,-0.0
2022-08-03 08:00:00+00:00,-0.0
2022-08-03 09:00:00+00:00,-0.0
2022-08-03 10:00:00+00:00,-0.0
2022-08-03 11:00:00+00:00,-0.0
2022-08-03 12:00:00+00:00,-0.0
2022-08-03 13:00:00+00:00,-0.0
2022-08-03 14:00:00+00:00,-0.0
2022-08-03 15:00:00+00:00,-0.0
2022-08-03 16:00:00+00:00,-0.0
2022-08-03 17:00:00+00:00,-0.0
2022-08-03 18:00:00+00:00,-0.0
2022-08-03 19:00:00+00:00,-0.0
2022-08-03 20:00:00+00:00,-0.0
2022-08-03 21:00:00+00:00,-0.0
2022-08-03 22:00:00+00:00,-0.0
2022-08-03 23:00:00+00:00,-0.0
2022-08-04 00:00:00+00:00,-0.0
2022-08-04 01:00:00+00:00,-0.0
2022-08-04 02:00:00+00:00,-0.0
2022-08-04 03:00:00+00:00,-0.0
2022-08-04 04:00:00+00:00,-0.0
2022-08-04 05:00:00+00:00,-0.0
2022-08-04 06:00:00+00:00,-0.0
2022-08-04 07:00:00+00:00,-0.0
2022-08-04 08:00:00+00:00,-0.0
2022-08-04 09:00:00+00:00,-0.0
2022-08-04 10:00:00+00:00,-0.0
2022-08-04 11:00:00+00:00,-0.0
2022-08-04 12:00:00+00:00,-0.0
2022-08-04 13:00:00+00:00,-0.0
2022-08-04 14:00:00+00:00,-0.0
2022-08-04 15:00:00+00:00,-0.0
2022-08-04 16:00:00+00:00,-0.0
2022-08-04 17:00:00+00:00,-0.0
2022-08-04 18:00:00+00:00,-0.0
2022-08-04 19:00:00+00:00,-0.0
2022-08-04 20:00:00+00:00,-0.0
2022-08-04 21:00:00+00:00,-0.0
2022-08-04 22:00:00+00:00,-0.0
2022-08-04 23:00:00+00:00,-0.0
2022-08-05 00:00:00+00:00,-0.0
2022-08-05 01:00:00+00:00,-0.0
2022-08-05 02:00:00+00:00,-0.0
2022-08-05 03:00:00+00:00,-0.0
2022-08-05 04:00:00+00:00,-0.0
2022-08-05 05:00:00+00:00,-0.0
2022-08-05 06:00:00+00:00,-0.0
2022-08-05 07:00:00+00:00,-0.0
2022-08-05 08:00:00+00:00,-0.0
2022-08-05 09:00:00+00:00,-0.0
2022-08-05 10:00:00+00:00,-0.0
2022-08-05 11:00:00+00:00,-0.0
2022-08-05 12:00:00+00:00,-0.0
2022-08-05 13:00:00+00:00,-0.0
2022-08-05 14:00:00+00:00,-0.0
2022-08-05 15:00:00+00:00,-0.0
2022-08-05 16:00:00+00:00,-0.0
2022-08-05 17:00:00+00:00,-0.0
2022-08-05 18:00:00+00:00,-0.0
2022-08-05 19:00:00+00:00,-0.0
2022-08-05 20:00:00+00:00,-0.0
2022-08-05 21:00:00+00:00,-0.0
2022-08-05 22:00:00+00:00,-0.0
2022-08-05 23:00:00+00:00,-0.0
2022-08-06 00:00:00+00:00,-0.0
2022-08-06 01:00:00+00:00,-0.0
2022-08-06 02:00:00+00:00,-0.0
2022-08-06 03:00:00+00:00,-0.0
2022-08-06 04:00:00+00:00,-0.0
2022-08-06 05:00:00+00:00,-0.0
2022-08-06 06:00:00+00:00,-0.0
2022-08-06 07:00:00+00:00,-0.0
2022-08-06 08:00:00+00:00,-0.0
2022-08-06 09:00:00+00:00,-0.0
2022-08-06 10:00:00+00:00,-0.0
2022-08-06 11:00:00+00:00,-0.0
2022-08-06 12:00:00+00:00,-0.0
2022-08-06 13:00:00+00:00,-0.0
2022-08-06 14:00:00+00:00,-0.0
2022-08-06 15:00:00+00:00,-0.0
2022-08-06 16:00:00+00:00,-0.0
2022-08-06 17:00:00+00:00,-0.0
2022-08-06 18:00:00+00:00,-0.0
2022-08-06 19:00:00+00:00,-0.0
2022-08-06 20:00:00+00:00,-0.0
2022-08-06 21:00:00+00:00,-0.0
2022-08-06 22:00:00+00:00,-0.0
2022-08-06 23:00:00+00:00,-0.0
2022-08-07 00:00:00+00:00,-0.0
2022-08-07 01:00:00+00:00,-0.0
2022-08-07 02:00:00+00:00,-0.0
2022-08-07 03:00:00+00:00,-0.0
2022-08-07 04:00:00+00:00,-0.0
2022-08-07 05:00:00+00:00,-0.0
2022-08-07 06:00:00+00:00,-0.0
2022-08-07 07:00:00+00:00,-0.0
2022-08-07 08:00:00+00:00,-0.0
2022-08-07 09:00:00+00:00,-0.0
2022-08-07 10:00:00+00:00,-0.0
2022-08-07 11:00:00+00:00,-0.0
2022-08-07 12:00:00+00:00,-0.0
2022-08-07 13:00:00+00:00,-0.0
2022-08-07 14:00:00+00:00,-0.0
2022-08-07 15:00:00+00:00,-0.0
2022-08-07 16:00:00+00:00,-0.0
2022-08-07 17:00:00+00:00,-0.0
2022-08-07 18:00:00+00:00,-0.0
2022-08-07 19:00:00+00:00,-0.0
2022-08-07 20:00:00+00:00,-0.0
2022-08-07 21:00:00+00:00,-0.0
2022-08-07 22:00:00+00:00,-0.0
2022-08-07 23:00:00+00:00,-0.0
2022-08-08 00:00:00+00:00,-0.0
2022-08-08 01:00:00+00:00,-0.0
2022-08-08 02:00:00+00:00,-0.0
2022-08-08 03:00:00+00:00,-0.0
2022-08-08 04:00:00+00:00,-0.0
2022-08-08 05:00:00+00:00,-0.0
2022-08-08 06:00:00+00:00,-0.0
2022-08-08 07:00:00+00:00,-0.0
2022-08-08 08:00:00+00:00,-0.0
2022-08-08 09:00:00+00:00,-0.0
2022-08-08 10:00:00+00:00,-0.05172228494846645
2022-08-08 11:00:00+00:00,-0.0
2022-08-08 12:00:00+00:00,-0.0
2022-08-08 13:00:00+00:00,-0.0
2022-08-08 14:00:00+00:00,-0.0
2022-08-08 15:00:00+00:00,-0.0
2022-08-08 16:00:00+00:00,-0.0
2022-08-08 17:00:00+00:00,-0.0
2022-08-08 18:00:00+00:00,-0.0
2022-08-08 19:00:00+00:00,-0.0
2022-08-08 20:00:00+00:00,-0.0
2022-08-08 21:00:00+00:00,-0.0
2022-08-08 22:00:00+00:00,-0.0
2022-08-08 23:00:00+00:00,-0.0
2022-08-09 00:00:00+00:00,-0.0
2022-08-09 01:00:00+00:00,-0.0
2022-08-09 02:00:00+00:00,-0.0
2022-08-09 03:00:00+00:00,-0.0
2022-08-09 04:00:00+00:00,-0.0
2022-08-09 05:00:00+00:00,-0.0
2022-08-09 06:00:00+00:00,-0.0
2022-08-09 07:00:00+00:00,-0.0
2022-08-09 08:00:00+00:00,-0.0
2022-08-09 09:00:00+00:00,0.04608129274416364
2022-08-09 10:00:00+00:00,-0.0
2022-08-09 11:00:00+00:00,-0.0
2022-08-09 12:00:00+00:00,-0.0
2022-08-09 13:00:00+00:00,-0.0
2022-08-09 14:00:00+00:00,-0.0
2022-08-09 15:00:00+00:00,-0.0
2022-08-09 16:00:00+00:00,-0.0
2022-08-09 17:00:00+00:00,-0.0
2022-08-09 18:00:00+00:00,-0.0
2022-08-09 19:00:00+00:00,-0.0
2022-08-09 20:00:00+00:00,-0.0
2022-08-09 21:00:00+00:00,-0.0
2022-08-09 22:00:00+00:00,-0.0
2022-08-09 23:00:00+00:00,-0.0
2022-08-10 00:00:00+00:00,-0.0
2022-08-10 01:00:00+00:00,-0.0
2022-08-10 02:00:00+00:00,-0.0
2022-08-10 03:00:00+00:00,-0.0
2022-08-10 04:00:00+00:00,-0.0
2022-08-10 05:00:00+00:00,-0.0
2022-08-10 06:00:00+00:00,-0.0
2022-08-10 07:00:00+00:00,-0.0
2022-08-10 08:00:00+00:00,-0.0
2022-08-10 09:00:00+00:00,-0.0
2022-08-10 10:00:00+00:00,-0.0
2022-08-10 11:00:00+00:00,-0.0
2022-08-10 12:00:00+00:00,-0.0
2022-08-10 13:00:00+00:00,-0.0
2022-08-10 14:00:00+00:00,-0.0
2022-08-10 15:00:00+00:00,-0.0
2022-08-10 16:00:00+00:00,-0.0
2022-08-10 17:00:00+00:00,-0.0
2022-08-10 18:00:00+00:00,-0.0
2022-08-10 19:00:00+00:00,-0.0
2022-08-10 20:00:00+00:00,-0.0
2022-08-10 21:00:00+00:00,-0.0
2022-08-10 22:00:00+00:00,-0.0
2022-08-10 23:00:00+00:00,-0.0
2022-08-11 00:00:00+00:00,-0.0
2022-08-11 01:00:00+00:00,-0.0
2022-08-11 02:00:00+00:00,-0.0
2022-08-11 03:00:00+00:00,-0.0
2022-08-11 04:00:00+00:00,-0.022525332174373074
2022-08-11 05:00:00+00:00,-0.0
2022-08-11 06:00:00+00:00,-0.0
2022-08-11 07:00:00+00:00,-0.0
2022-08-11 08:00:00+00:00,-0.0
2022-08-11 09:00:00+00:00,-0.0
2022-08-11 10:00:00+00:00,-0.0
2022-08-11 11:00:00+00:00,-0.0
2022-08-11 12:00:00+00:00,-0.0
2022-08-11 13:00:00+00:00,-0.0
2022-08-11 14:00:00+00:00,-0.0
2022-08-11 15:00:00+00:00,-0.0
2022-08-11 16:00:00+00:00,-0.0
2022-08-11 17:00:00+00:00,-0.0
2022-08-11 18:00:00+00:00,-0.0
2022-08-11 19:00:00+00:00,-0.0
2022-08-11 20:00:00+00:00,-0.0
2022-08-11 21:00:00+00:00,-0.0
2022-08-11 22:00:00+00:00,-0.0
2022-08-11 23:00:00+00:00,-0.0
2022-08-12 00:00:00+00:00,0.047847221749355774
2022-08-12 01:00:00+00:00,-0.0
2022-08-12 02:00:00+00:00,-0.0
2022-08-12 03:00:00+00:00,-0.0
2022-08-12 04:00:00+00:00,-0.0
2022-08-12 05:00:00+00:00,-0.0
2022-08-12 06:00:00+00:00,-0.0
2022-08-12 07:00:00+00:00,-0.0
2022-08-12 08:00:00+00:00,-0.0
2022-08-12 09:00:00+00:00,-0.0
2022-08-12 10:00:00+00:00,-0.0
2022-08-12 11:00:00+00:00,-0.0
2022-08-12 12:00:00+00:00,-0.0
2022-08-12 13:00:00+00:00,-0.0
2022-08-12 14:00:00+00:00,-0.0
2022-08-12 15:00:00+00:00,-0.0
2022-08-12 16:00:00+00:00,-0.0
2022-08-12 17:00:00+00:00,-0.0
2022-08-12 18:00:00+00:00,-0.0
2022-08-12 19:00:00+00:00,-0.0
2022-08-12 20:00:00+00:00,-0.0
2022-08-12 21:00:00+00:00,-0.0
2022-08-12 22:00:00+00:00,-0.0
2022-08-12 23:00:00+00:00,-0.0
2022-08-13 00:00:00+00:00,-0.0
2022-08-13 01:00:00+00:00,-0.0
2022-08-13 02:00:00+00:00,-0.0
2022-08-13 03:00:00+00:00,-0.0
2022-08-13 04:00:00+00:00,-0.0
2022-08-13 05:00:00+00:00,-0.0
2022-08-13 06:00:00+00:00,-0.0
2022-08-13 07:00:00+00:00,-0.0
2022-08-13 08:00:00+00:00,-0.0
2022-08-13 09:00:00+00:00,-0.0
2022-08-13 10:00:00+00:00,-0.0
2022-08-13 11:00:00+00:00,0.026790484321317854
2022-08-13 12:00:00+00:00,-0.0
2022-08-13 13:00:00+00:00,-0.0
2022-08-13 14:00:00+00:00,-0.0
2022-08-13 15:00:00+00:00,-0.0
2022-08-13 16:00:00+00:00,-0.0
2022-08-13 17:00:00+00:00,-0.0
2022-08-13 18:00:00+00:00,-0.0
2022-08-13 19:00:00+00:00,-0.0
2022-08-13 20:00:00+00:00,-0.0
2022-08-13 21:00:00+00:00,-0.0
2022-08-13 22:00:00+00:00,-0.0
2022-08-13 23:00:00+00:00,-0.0
2022-08-14 00:00:00+00:00,-0.0
2022-08-14 01:00:00+00:00,-0.0
2022-08-14 02:00:00+00:00,-0.0
2022-08-14 03:00:00+00:00,-0.0
2022-08-14 04:00:00+00:00,-0.0
2022-08-14 05:00:00+00:00,-0.0
2022-08-14 06:00:00+00:00,-0.0
2022-08-14 07:00:00+00:00,-0.0
2022-08-14 08:00:00+00:00,-0.0
2022-08-14 09:00:00+00:00,-0.0
2022-08-14 10:00:00+00:00,-0.0
2022-08-14 11:00:00+00:00,-0.0
2022-08-14 12:00:00+00:00,-0.0
2022-08-14 13:00:00+00:00,-0.0
2022-08-14 14:00:00+00:00,-0.0
2022-08-14 15:00:00+00:00,-0.0
2022-08-14 16:00:00+00:00,-0.0
2022-08-14 17:00:00+00:00,-0.0
2022-08-14 18:00:00+00:00,-0.0
2022-08-14 19:00:00+00:00,-0.0
2022-08-14 20:00:00+00:00,-0.0
2022-08-14 21:00:00+00:00,-0.0
2022-08-14 22:00:00+00:00,-0.0
2022-08-14 23:00:00+00:00,-0.0
2022-08-15 00:00:00+00:00,-0.0
2022-08-15 01:00:00+00:00,-0.0
2022-08-15 02:00:00+00:00,-0.0
2022-08-15 03:00:00+00:00,-0.0
2022-08-15 04:00:00+00:00,-0.0
2022-08-15 05:00:00+00:00,-0.0
2022-08-15 06:00:00+00:00,0.057154342064206345
2022-08-15 07:00:00+00:00,-0.0
2022-08-15 08:00:00+00:00,-0.0
2022-08-15 09:00:00+00:00,-0.0
2022-08-15 10:00:00+00:00,-0.0
2022-08-15 11:00:00+00:00,-0.0
2022-08-15 12:00:00+00:00,-0.0
2022-08-15 13:00:00+00:00,-0.0
2022-08-15 14:00:00+00:00,-0.0
2022-08-15 15:00:00+00:00,-0.0
2022-08-15 16:00:00+00:00,-0.0
2022-08-15 17:00:00+00:00,-0.0
2022-08-15 18:00:00+00:00,-0.0
2022-08-15 19:00:00+00:00,-0.0
2022-08-15 20:00:00+00:00,-0.0
2022-08-15 21:00:00+00:00,-0.0
2022-08-15 22:00:00+00:00,-0.0
2022-08-15 23:00:00+00:00,-0.0
2022-08-16 00:00:00+00:00,-0.0
2022-08-16 01:00:00+00:00,-0.0
2022-08-16 02:00:00+00:00,-0.0
2022-08-16 03:00:00+00:00,-0.0
2022-08-16 04:00:00+00:00,-0.0
2022-08-16 05:00:00+00:00,-0.0
2022-08-16 06:00:00+00:00,-0.0
2022-08-16 07:00:00+00:00,-0.0
2022-08-16 08:00:00+00:00,-0.0
2022-08-16 09:00:00+00:00,-0.0
2022-08-16 10:00:00+00:00,-0.0
2022-08-16 11:00:00+00:00,-0.0
2022-08-16 12:00:00+00:00,-0.0
2022-08-16 13:00:00+00:00,-0.0
2022-08-16 14:00:00+00:00,0.0192018487605346
2022-08-16 15:00:00+00:00,-0.0
2022-08-16 16:00:00+00:00,-0.0
2022-08-16 17:00:00+00:00,-0.0
2022-08-16 18:00:00+00:00,-0.0
2022-08-16 19:00:00+00:00,-0.0
2022-08-16 20:00:00+00:00,-0.0
2022-08-16 21:00:00+00:00,-0.0
2022-08-16 22:00:00+00:00,-0.0
2022-08-16 23:00:00+00:00,-0.0
2022-08-17 00:00:00+00:00,-0.0
2022-08-17 01:00:00+00:00,-0.0
2022-08-17 02:00:00+00:00,-0.0
2022-08-17 03:00:00+00:00,-0.0
2022-08-17 04:00:00+00:00,-0.0
2022-08-17 05:00:00+00:00,-0.0
2022-08-17 06:00:00+00:00,-0.0
2022-08-17 07:00:00+00:00,-0.0
2022-08-17 08:00:00+00:00,-0.0
2022-08-17 09:00:00+00:00,-0.0
2022-08-17 10:00:00+00:00,-0.0
2022-08-17 11:00:00+00:00,-0.0
2022-08-17 12:00:00+00:00,-0.0
2022-08-17 13:00:00+00:00,-0.0
2022-08-17 14:00:00+00:00,0.032725236084556165
2022-08-17 15:00:00+00:00,-0.0
2022-08-17 16:00:00+00:00,-0.0
2022-08-17 17:00:00+00:00,-0.0
2022-08-17 18:00:00+00:00,-0.0
2022-08-17 19:00:00+00:00,-0.0
2022-08-17 20:00:00+00:00,-0.0
2022-08-17 21:00:00+00:00,-0.0
2022-08-17 22:00:00+00:00,-0.0
2022-08-17 23:00:00+00:00,-0.0
2022-08-18 00:00:00+00:00,-0.0
2022-08-18 01:00:00+00:00,-0.0
2022-08-18 02:00:00+00:00,-0.0
2022-08-18 03:00:00+00:00,-0.0
2022-08-18 04:00:00+00:00,-0.0
2022-08-18 05:00:00+00:00,-0.0
2022-08-18 06:00:00+00:00,-0.0
2022-08-18 07:00:00+00:00,-0.0
2022-08-18 08:00:00+00:00,-0.0
2022-08-18 09:00:00+00:00,-0.0
2022-08-18 10:00:00+00:00,-0.0
2022-08-18 11:00:00+00:00,-0.0
2022-08-18 12:00:00+00:00,-0.0
2022-08-18 13:00:00+00:00,-0.0
2022-08-18 14:00:00+00:00,-0.0
2022-08-18 15:00:00+00:00,-0.0
2022-08-18 16:00:00+00:00,-0.0
2022-08-18 17:00:00+00:00,-0.0
2022-08-18 18:00:00+00:00,-0.0
2022-08-18 19:00:00+00:00,-0.0
2022-08-18 20:00:00+00:00,-0.0
2022-08-18 21:00:00+00:00,-0.0
2022-08-18 22:00:00+00:00,-0.0
2022-08-18 23:00:00+00:00,-0.0
2022-08-19 00:00:00+00:00,-0.0
2022-08-19 01:00:00+00:00,-0.0
2022-08-19 02:00:00+00:00,-0.0
2022-08-19 03:00:00+00:00,-0.0
2022-08-19 04:00:00+00:00,-0.0
2022-08-19 05:00:00+00:00,-0.0
2022-08-19 06:00:00+00:00,-0.0
2022-08-19 07:00:00+00:00,-0.0
2022-08-19 08:00:00+00:00,-0.0
2022-08-19 09:00:00+00:00,-0.0
2022-08-19 10:00:00+00:00,-0.0
2022-08-19 11:00:00+00:00,-0.0
2022-08-19 12:00:00+00:00,-0.0
2022-08-19 13:00:00+00:00,-0.0
2022-08-19 14:00:00+00:00,-0.0
2022-08-19 15:00:00+00:00,-0.0
2022-08-19 16:00:00+00:00,-0.0
2022-08-19 17:00:00+00:00,-0.0
2022-08-19 18:00:00+00:00,-0.0
2022-08-19 19:00:00+00:00,-0.0
2022-08-19 20:00:00+00:00,-0.0
2022-08-19 21:00:00+00:00,-0.0
2022-08-19 22:00:00+00:00,-0.0
2022-08-19 23:00:00+00:00,-0.0
2022-08-20 00:00:00+00:00,-0.0
2022-08-20 01:00:00+00:00,-0.0
2022-08-20 02:00:00+00:00,-0.0
2022-08-20 03:00:00+00:00,-0.0
2022-08-20 04:00:00+00:00,-0.0
2022-08-20 05:00:00+00:00,-0.0
2022-08-20 06:00:00+00:00,-0.0
2022-08-20 07:00:00+00:00,-0.0
2022-08-20 08:00:00+00:00,-0.0
2022-08-20 09:00:00+00:00,-0.0
2022-08-20 10:00:00+00:00,-0.0
2022-08-20 11:00:00+00:00,-0.0
2022-08-20 12:00:00+00:00,-0.0
2022-08-20 13:00:00+00:00,-0.0
2022-08-20 14:00:00+00:00,-0.0
2022-08-20 15:00:00+00:00,-0.0
2022-08-20 16:00:00+00:00,-0.0
2022-08-20 17:00:00+00:00,-0.0
2022-08-20 18:00:00+00:00,-0.0
2022-08-20 19:00:00+00:00,-0.0
2022-08-20 20:00:00+00:00,-0.0
2022-08-20 21:00:00+00:00,-0.0
2022-08-20 22:00:00+00:00,-0.0
2022-08-20 23:00:00+00:00,-0.0
2022-08-21 00:00:00+00:00,-0.0
2022-08-21 01:00:00+00:00,-0.0
2022-08-21 02:00:00+00:00,-0.0
2022-08-21 03:00:00+00:00,-0.0
2022-08-21 04:00:00+00:00,-0.0
2022-08-21 05:00:00+00:00,-0.0
2022-08-21 06:00:00+00:00,-0.0
2022-08-21 07:00:00+00:00,-0.0
2022-08-21 08:00:00+00:00,-0.0
2022-08-21 09:00:00+00:00,-0.0
2022-08-21 10:00:00+00:00,-0.0
2022-08-21 11:00:00+00:00,-0.0
2022-08-21 12:00:00+00:00,-0.0
2022-08-21 13:00:00+00:00,-0.0
2022-08-21 14:00:00+00:00,-0.0
2022-08-21 15:00:00+00:00,-0.0
2022-08-21 16:00:00+00:00,-0.0
2022-08-21 17:00:00+00:00,-0.0
2022-08-21 18:00:00+00:00,-0.0
2022-08-21 19:00:00+00:00,-0.0
2022-08-21 20:00:00+00:00,-0.0
2022-08-21 21:00:00+00:00,-0.0
2022-08-21 22:00:00+00:00,-0.0
2022-08-21 23:00:00+00:00,-0.0
2022-08-22 00:00:00+00:00,-0.0
2022-08-22 01:00:00+00:00,-0.0
2022-08-22 02:00:00+00:00,-0.0
2022-08-22 03:00:00+00:00,-0.0
2022-08-22 04:00:00+00:00,-0.0
2022-08-22 05:00:00+00:00,-0.0
2022-08-22 06:00:00+00:00,-0.0
2022-08-22 07:00:00+00:00,-0.0
2022-08-22 08:00:00+00:00,-0.0
2022-08-22 09:00:00+00:00,-0.0
2022-08-22 10:00:00+00:00,-0.0
2022-08-22 11:00:00+00:00,-0.0
2022-08-22 12:00:00+00:00,-0.0
2022-08-22 13:00:00+00:00,-0.0
2022-08-22 14:00:00+00:00,-0.0
2022-08-22 15:00:00+00:00,-0.0
2022-08-22 16:00:00+00:00,-0.0
2022-08-22 17:00:00+00:00,-0.0
2022-08-22 18:00:00+00:00,-0.0
2022-08-22 19:00:00+00:00,-0.0
2022-08-22 20:00:00+00:00,-0.0
2022-08-22 21:00:00+00:00,-0.0
2022-08-22 22:00:00+00:00,-0.0
2022-08-22 23:00:00+00:00,-0.0
2022-08-23 00:00:00+00:00,-0.0
2022-08-23 01:00:00+00:00,-0.0
2022-08-23 02:00:00+00:00,-0.0
2022-08-23 03:00:00+00:00,-0.0
2022-08-23 04:00:00+00:00,-0.0
2022-08-23 05:00:00+00:00,0.05319903933247036
2022-08-23 06:00:00+00:00,-0.0
2022-08-23 07:00:00+00:00,-0.0
2022-08-23 08:00:00+00:00,-0.0
2022-08-23 09:00:00+00:00,-0.0
2022-08-23 10:00:00+00:00,-0.0
2022-08-23 11:00:00+00:00,-0.0
2022-08-23 12:00:00+00:00,-0.0
2022-08-23 13:00:00+00:00,-0.0
2022-08-23 14:00:00+00:00,-0.0
2022-08-23 15:00:00+00:00,-0.0
2022-08-23 16:00:00+00:00,-0.03016373516250093
2022-08-23 17:00:00+00:00,-0.0
2022-08-23 18:00:00+00:00,-0.0
2022-08-23 19:00:00+00:00,-0.0
2022-08-23 20:00:00+00:00,-0.0
2022-08-23 21:00:00+00:00,-0.0
2022-08-23 22:00:00+00:00,-0.0
2022-08-23 23:00:00+00:00,-0.0
2022-08-24 00:00:00+00:00,-0.0
2022-08-24 01:00:00+00:00,-0.0
2022-08-24 02:00:00+00:00,-0.0
2022-08-24 03:00:00+00:00,-0.0
2022-08-24 04:00:00+00:00,-0.0
2022-08-24 05:00:00+00:00,-0.0
2022-08-24 06:00:00+00:00,-0.0
2022-08-24 07:00:00+00:00,-0.0
2022-08-24 08:00:00+00:00,-0.0
2022-08-24 09:00:00+00:00,-0.0
2022-08-24 10:00:00+00:00,-0.0
2022-08-24 11:00:00+00:00,-0.0
2022-08-24 12:00:00+00:00,-0.0
2022-08-24 13:00:00+00:00,-0.0
2022-08-24 14:00:00+00:00,-0.0
2022-08-24 15:00:00+00:00,-0.0
2022-08-24 16:00:00+00:00,-0.10331136261090974
2022-08-24 17:00:00+00:00,-0.0
2022-08-24 18:00:00+00:00,-0.0
2022-08-24 19:00:00+00:00,-0.0
2022-08-24 20:00:00+00:00,-0.0
2022-08-24 21:00:00+00:00,-0.0
2022-08-24 22:00:00+00:00,-0.0
2022-08-24 23:00:00+00:00,-0.0
2022-08-25 00:00:00+00:00,-0.0
2022-08-25 01:00:00+00:00,-0.0
2022-08-25 02:00:00+00:00,-0.0
2022-08-25 03:00:00+00:00,-0.0
2022-08-25 04:00:00+00:00,-0.0
2022-08-25 05:00:00+00:00,-0.0
2022-08-25 06:00:00+00:00,-0.0
2022-08-25 07:00:00+00:00,-0.0
2022-08-25 08:00:00+00:00,-0.0
2022-08-25 09:00:00+00:00,-0.0
2022-08-25 10:00:00+00:00,-0.0
2022-08-25 11:00:00+00:00,-0.0
2022-08-25 12:00:00+00:00,-0.0
2022-08-25 13:00:00+00:00,-0.0
2022-08-25 14:00:00+00:00,-0.0
2022-08-25 15:00:00+00:00,-0.0
2022-08-25 16:00:00+00:00,-0.0
2022-08-25 17:00:00+00:00,-0.0
2022-08-25 18:00:00+00:00,-0.0
2022-08-25 19:00:00+00:00,-0.0
2022-08-25 20:00:00+00:00,-0.0
2022-08-25 21:00:00+00:00,-0.0
2022-08-25 22:00:00+00:00,-0.0
2022-08-25 23:00:00+00:00,-0.0
2022-08-26 00:00:00+00:00,-0.0
2022-08-26 01:00:00+00:00,-0.0
2022-08-26 02:00:00+00:00,-0.0
2022-08-26 03:00:00+00:00,-0.0
2022-08-26 04:00:00+00:00,-0.0
2022-08-26 05:00:00+00:00,-0.0
2022-08-26 06:00:00+00:00,-0.0
2022-08-26 07:00:00+00:00,0.04797105745012909
2022-08-26 08:00:00+00:00,-0.0
2022-08-26 09:00:00+00:00,-0.0
2022-08-26 10:00:00+00:00,-0.0
2022-08-26 11:00:00+00:00,-0.0
2022-08-26 12:00:00+00:00,-0.0
2022-08-26 13:00:00+00:00,-0.0
2022-08-26 14:00:00+00:00,-0.0
2022-08-26 15:00:00+00:00,-0.0
2022-08-26 16:00:00+00:00,-0.0
2022-08-26 17:00:00+00:00,-0.0
2022-08-26 18:00:00+00:00,-0.0
2022-08-26 19:00:00+00:00,-0.0
2022-08-26 20:00:00+00:00,-0.0
2022-08-26 21:00:00+00:00,-0.0
2022-08-26 22:00:00+00:00,-0.0
2022-08-26 23:00:00+00:00,-0.0
2022-08-27 00:00:00+00:00,-0.0
2022-08-27 01:00:00+00:00,-0.0
2022-08-27 02:00:00+00:00,-0.0
2022-08-27 03:00:00+00:00,-0.0
2022-08-27 04:00:00+00:00,-0.0
2022-08-27 05:00:00+00:00,-0.0
2022-08-27 06:00:00+00:00,-0.0
2022-08-27 07:00:00+00:00,-0.0
2022-08-27 08:00:00+00:00,-0.0
2022-08-27 09:00:00+00:00,-0.0
2022-08-27 10:00:00+00:00,-0.0
2022-08-27 11:00:00+00:00,-0.0
2022-08-27 12:00:00+00:00,-0.0
2022-08-27 13:00:00+00:00,-0.0
2022-08-27 14:00:00+00:00,-0.0
2022-08-27 15:00:00+00:00,-0.0
2022-08-27 16:00:00+00:00,-0.0
2022-08-27 17:00:00+00:00,-0.0
2022-08-27 18:00:00+00:00,-0.0
2022-08-27 19:00:00+00:00,-0.0
2022-08-27 20:00:00+00:00,-0.0
2022-08-27 21:00:00+00:00,-0.0
2022-08-27 22:00:00+00:00,-0.0
2022-08-27 23:00:00+00:00,-0.0
2022-08-28 00:00:00+00:00,-0.0
2022-08-28 01:00:00+00:00,-0.0
2022-08-28 02:00:00+00:00,-0.0
2022-08-28 03:00:00+00:00,-0.0
2022-08-28 04:00:00+00:00,-0.0
2022-08-28 05:00:00+00:00,-0.0
2022-08-28 06:00:00+00:00,-0.0
2022-08-28 07:00:00+00:00,-0.0
2022-08-28 08:00:00+00:00,-0.0
2022-08-28 09:00:00+00:00,-0.0
2022-08-28 10:00:00+00:00,-0.0
2022-08-28 11:00:00+00:00,-0.0
2022-08-28 12:00:00+00:00,-0.0
2022-08-28 13:00:00+00:00,-0.0
2022-08-28 14:00:00+00:00,-0.0
2022-08-28 15:00:00+00:00,-0.0
2022-08-28 16:00:00+00:00,-0.0
2022-08-28 17:00:00+00:00,-0.0
2022-08-28 18:00:00+00:00,-0.0
2022-08-28 19:00:00+00:00,-0.0
2022-08-28 20:00:00+00:00,-0.0
2022-08-28 21:00:00+00:00,-0.0
2022-08-28 22:00:00+00:00,-0.0
2022-08-28 23:00:00+00:00,-0.0
2022-08-29 00:00:00+00:00,-0.0
2022-08-29 01:00:00+00:00,-0.0
2022-08-29 02:00:00+00:00,-0.0
2022-08-29 03:00:00+00:00,-0.0
2022-08-29 04:00:00+00:00,-0.0
2022-08-29 05:00:00+00:00,-0.0
2022-08-29 06:00:00+00:00,-0.0
2022-08-29 07:00:00+00:00,-0.0
2022-08-29 08:00:00+00:00,-0.0
2022-08-29 09:00:00+00:00,-0.0
2022-08-29 10:00:00+00:00,-0.0
2022-08-29 11:00:00+00:00,-0.0
2022-08-29 12:00:00+00:00,-0.0
2022-08-29 13:00:00+00:00,-0.0
2022-08-29 14:00:00+00:00,-0.0
2022-08-29 15:00:00+00:00,-0.0
2022-08-29 16:00:00+00:00,-0.06854764473790122
2022-08-29 17:00:00+00:00,-0.0
2022-08-29 18:00:00+00:00,-0.0
2022-08-29 19:00:00+00:00,-0.0
2022-08-29 20:00:00+00:00,-0.0
2022-08-29 21:00:00+00:00,-0.0
2022-08-29 22:00:00+00:00,-0.0
2022-08-29 23:00:00+00:00,-0.0
2022-08-30 00:00:00+00:00,-0.0
2022-08-30 01:00:00+00:00,-0.0
2022-08-30 02:00:00+00:00,-0.0
2022-08-30 03:00:00+00:00,-0.0
2022-08-30 04:00:00+00:00,-0.0
2022-08-30 05:00:00+00:00,-0.0
2022-08-30 06:00:00+00:00,-0.0
2022-08-30 07:00:00+00:00,-0.0
2022-08-30 08:00:00+00:00,-0.0
2022-08-30 09:00:00+00:00,-0.0
2022-08-30 10:00:00+00:00,-0.0
2022-08-30 11:00:00+00:00,-0.0
2022-08-30 12:00:00+00:00,-0.0
2022-08-30 13:00:00+00:00,-0.0
2022-08-30 14:00:00+00:00,-0.0
2022-08-30 15:00:00+00:00,-0.0
2022-08-30 16:00:00+00:00,-0.0
2022-08-30 17:00:00+00:00,-0.0
2022-08-30 18:00:00+00:00,-0.0
2022-08-30 19:00:00+00:00,-0.0
2022-08-30 20:00:00+00:00,-0.0
2022-08-30 21:00:00+00:00,-0.0
2022-08-30 22:00:00+00:00,-0.0
2022-08-30 23:00:00+00:00,-0.0
2022-08-31 00:00:00+00:00,-0.0
2022-08-31 01:00:00+00:00,-0.0
2022-08-31 02:00:00+00:00,-0.06848328626773884
2022-08-31 03:00:00+00:00,-0.0
2022-08-31 04:00:00+00:00,-0.0
2022-08-31 05:00:00+00:00,-0.0
2022-08-31 06:00:00+00:00,-0.0
2022-08-31 07:00:00+00:00,-0.0
2022-08-31 08:00:00+00:00,-0.0
2022-08-31 09:00:00+00:00,-0.0
2022-08-31 10:00:00+00:00,-0.0
2022-08-31 11:00:00+00:00,-0.0
2022-08-31 12:00:00+00:00,-0.0
2022-08-31 13:00:00+00:00,-0.0
2022-08-31 14:00:00+00:00,-0.0
2022-08-31 15:00:00+00:00,-0.0
2022-08-31 16:00:00+00:00,-0.0
2022-08-31 17:00:00+00:00,0.04929628928540932
2022-08-31 18:00:00+00:00,-0.0
2022-08-31 19:00:00+00:00,-0.0
2022-08-31 20:00:00+00:00,-0.0
2022-08-31 21:00:00+00:00,-0.0
2022-08-31 22:00:00+00:00,-0.0
2022-08-31 23:00:00+00:00,-0.0
2022-09-01 00:00:00+00:00,-0.0
2022-09-01 01:00:00+00:00,-0.0
2022-09-01 02:00:00+00:00,-0.0
2022-09-01 03:00:00+00:00,-0.0
2022-09-01 04:00:00+00:00,-0.0
2022-09-01 05:00:00+00:00,-0.0
2022-09-01 06:00:00+00:00,-0.0
2022-09-01 07:00:00+00:00,-0.0
2022-09-01 08:00:00+00:00,-0.0
2022-09-01 09:00:00+00:00,-0.0
2022-09-01 10:00:00+00:00,-0.0
2022-09-01 11:00:00+00:00,-0.0
2022-09-01 12:00:00+00:00,-0.0
2022-09-01 13:00:00+00:00,-0.0
2022-09-01 14:00:00+00:00,-0.0
2022-09-01 15:00:00+00:00,-0.0
2022-09-01 16:00:00+00:00,-0.0
2022-09-01 17:00:00+00:00,-0.0
2022-09-01 18:00:00+00:00,-0.0
2022-09-01 19:00:00+00:00,-0.0
2022-09-01 20:00:00+00:00,-0.0
2022-09-01 21:00:00+00:00,-0.0
2022-09-01 22:00:00+00:00,-0.0
2022-09-01 23:00:00+00:00,-0.0
2022-09-02 00:00:00+00:00,-0.0
2022-09-02 01:00:00+00:00,-0.0
2022-09-02 02:00:00+00:00,-0.0
2022-09-02 03:00:00+00:00,-0.0
2022-09-02 04:00:00+00:00,-0.0
2022-09-02 05:00:00+00:00,-0.0
2022-09-02 06:00:00+00:00,-0.0
2022-09-02 07:00:00+00:00,-0.0
2022-09-02 08:00:00+00:00,-0.0
2022-09-02 09:00:00+00:00,-0.0
2022-09-02 10:00:00+00:00,-0.0
2022-09-02 11:00:00+00:00,-0.0
2022-09-02 12:00:00+00:00,-0.0
2022-09-02 13:00:00+00:00,-0.0
2022-09-02 14:00:00+00:00,-0.0
2022-09-02 15:00:00+00:00,-0.0
2022-09-02 16:00:00+00:00,-0.0
2022-09-02 17:00:00+00:00,-0.0
2022-09-02 18:00:00+00:00,-0.0
2022-09-02 19:00:00+00:00,-0.0
2022-09-02 20:00:00+00:00,-0.0
2022-09-02 21:00:00+00:00,-0.0
2022-09-02 22:00:00+00:00,-0.0
2022-09-02 23:00:00+00:00,-0.0
2022-09-03 00:00:00+00:00,-0.0
2022-09-03 01:00:00+00:00,-0.0
2022-09-03 02:00:00+00:00,-0.0
2022-09-03 03:00:00+00:00,-0.0
2022-09-03 04:00:00+00:00,-0.0
2022-09-03 05:00:00+00:00,-0.0
2022-09-03 06:00:00+00:00,-0.0
2022-09-03 07:00:00+00:00,-0.0
2022-09-03 08:00:00+00:00,-0.0
2022-09-03 09:00:00+00:00,-0.0
2022-09-03 10:00:00+00:00,-0.0
2022-09-03 11:00:00+00:00,-0.0
2022-09-03 12:00:00+00:00,-0.0
2022-09-03 13:00:00+00:00,-0.0
2022-09-03 14:00:00+00:00,-0.0
2022-09-03 15:00:00+00:00,-0.0
2022-09-03 16:00:00+00:00,-0.0
2022-09-03 17:00:00+00:00,-0.0
2022-09-03 18:00:00+00:00,-0.0
2022-09-03 19:00:00+00:00,-0.0
2022-09-03 20:00:00+00:00,-0.0
2022-09-03 21:00:00+00:00,-0.0
2022-09-03 22:00:00+00:00,-0.0
2022-09-03 23:00:00+00:00,-0.0
2022-09-04 00:00:00+00:00,-0.0
2022-09-04 01:00:00+00:00,-0.0
2022-09-04 02:00:00+00:00,-0.0
2022-09-04 03:00:00+00:00,-0.0
2022-09-04 04:00:00+00:00,-0.0
2022-09-04 05:00:00+00:00,-0.0
2022-09-04 06:00:00+00:00,-0.0
2022-09-04 07:00:00+00:00,-0.0
2022-09-04 08:00:00+00:00,-0.0
2022-09-04 09:00:00+00:00,-0.0
2022-09-04 10:00:00+00:00,-0.0
2022-09-04 11:00:00+00:00,-0.0
2022-09-04 12:00:00+00:00,-0.0
2022-09-04 13:00:00+00:00,-0.0
2022-09-04 14:00:00+00:00,-0.0
2022-09-04 15:00:00+00:00,-0.0
2022-09-04 16:00:00+00:00,-0.0
2022-09-04 17:00:00+00:00,-0.0
2022-09-04 18:00:00+00:00,-0.0
2022-09-04 19:00:00+00:00,-0.0
2022-09-04 20:00:00+00:00,-0.0
2022-09-04 21:00:00+00:00,-0.0
2022-09-04 22:00:00+00:00,-0.0
2022-09-04 23:00:00+00:00,-0.0
2022-09-05 00:00:00+00:00,-0.0
2022-09-05 01:00:00+00:00,-0.0
2022-09-05 02:00:00+00:00,-0.0
2022-09-05 03:00:00+00:00,0.0203186030216365
2022-09-05 04:00:00+00:00,-0.0
2022-09-05 05:00:00+00:00,0.02162729763963712
2022-09-05 06:00:00+00:00,-0.0
2022-09-05 07:00:00+00:00,-0.0
2022-09-05 08:00:00+00:00,-0.0
2022-09-05 09:00:00+00:00,-0.0
2022-09-05 10:00:00+00:00,-0.0
2022-09-05 11:00:00+00:00,-0.0
2022-09-05 12:00:00+00:00,-0.0
2022-09-05 13:00:00+00:00,-0.0
2022-09-05 14:00:00+00:00,-0.0
2022-09-05 15:00:00+00:00,-0.0
2022-09-05 16:00:00+00:00,-0.0
2022-09-05 17:00:00+00:00,-0.0
2022-09-05 18:00:00+00:00,-0.0
2022-09-05 19:00:00+00:00,-0.0
2022-09-05 20:00:00+00:00,-0.0
2022-09-05 21:00:00+00:00,-0.0
2022-09-05 22:00:00+00:00,-0.0
2022-09-05 23:00:00+00:00,-0.0
2022-09-06 00:00:00+00:00,-0.0
2022-09-06 01:00:00+00:00,-0.0
2022-09-06 02:00:00+00:00,-0.0
2022-09-06 03:00:00+00:00,-0.0
2022-09-06 04:00:00+00:00,-0.0
2022-09-06 05:00:00+00:00,-0.0
2022-09-06 06:00:00+00:00,-0.0
2022-09-06 07:00:00+00:00,-0.0
2022-09-06 08:00:00+00:00,-0.0
2022-09-06 09:00:00+00:00,-0.0
2022-09-06 10:00:00+00:00,-0.0
2022-09-06 11:00:00+00:00,-0.0
2022-09-06 12:00:00+00:00,-0.0
2022-09-06 13:00:00+00:00,-0.0
2022-09-06 14:00:00+00:00,-0.0
2022-09-06 15:00:00+00:00,-0.0
2022-09-06 16:00:00+00:00,-0.0
2022-09-06 17:00:00+00:00,-0.0
2022-09-06 18:00:00+00:00,-0.0
2022-09-06 19:00:00+00:00,-0.0
2022-09-06 20:00:00+00:00,-0.0
2022-09-06 21:00:00+00:00,-0.0
2022-09-06 22:00:00+00:00,-0.0
2022-09-06 23:00:00+00:00,-0.0
2022-09-07 00:00:00+00:00,-0.0
2022-09-07 01:00:00+00:00,-0.0
2022-09-07 02:00:00+00:00,-0.0
2022-09-07 03:00:00+00:00,-0.0
2022-09-07 04:00:00+00:00,-0.0
2022-09-07 05:00:00+00:00,-0.0
2022-09-07 06:00:00+00:00,-0.0
2022-09-07 07:00:00+00:00,-0.0
2022-09-07 08:00:00+00:00,-0.0
2022-09-07 09:00:00+00:00,-0.0
2022-09-07 10:00:00+00:00,-0.0
2022-09-07 11:00:00+00:00,-0.0
2022-09-07 12:00:00+00:00,-0.0
2022-09-07 13:00:00+00:00,-0.0
2022-09-07 14:00:00+00:00,-0.0
2022-09-07 15:00:00+00:00,-0.0
2022-09-07 16:00:00+00:00,-0.0
2022-09-07 17:00:00+00:00,-0.0
2022-09-07 18:00:00+00:00,-0.0
2022-09-07 19:00:00+00:00,-0.0
2022-09-07 20:00:00+00:00,-0.0
2022-09-07 21:00:00+00:00,-0.0
2022-09-07 22:00:00+00:00,-0.0
2022-09-07 23:00:00+00:00,-0.0
2022-09-08 00:00:00+00:00,-0.0
2022-09-08 01:00:00+00:00,-0.0
2022-09-08 02:00:00+00:00,-0.0
2022-09-08 03:00:00+00:00,-0.0
2022-09-08 04:00:00+00:00,-0.0
2022-09-08 05:00:00+00:00,-0.0
2022-09-08 06:00:00+00:00,-0.0
2022-09-08 07:00:00+00:00,0.03154801209515099
2022-09-08 08:00:00+00:00,-0.0
2022-09-08 09:00:00+00:00,-0.0
2022-09-08 10:00:00+00:00,-0.0
2022-09-08 11:00:00+00:00,-0.0
2022-09-08 12:00:00+00:00,-0.0
2022-09-08 13:00:00+00:00,-0.0
2022-09-08 14:00:00+00:00,-0.1022487249357119
2022-09-08 15:00:00+00:00,-0.0
2022-09-08 16:00:00+00:00,-0.0
2022-09-08 17:00:00+00:00,-0.0
2022-09-08 18:00:00+00:00,-0.0
2022-09-08 19:00:00+00:00,-0.0
2022-09-08 20:00:00+00:00,-0.0
2022-09-08 21:00:00+00:00,-0.0
2022-09-08 22:00:00+00:00,-0.0
2022-09-08 23:00:00+00:00,-0.0
2022-09-09 00:00:00+00:00,-0.0
2022-09-09 01:00:00+00:00,-0.0
2022-09-09 02:00:00+00:00,-0.0
2022-09-09 03:00:00+00:00,-0.0
2022-09-09 04:00:00+00:00,-0.0
2022-09-09 05:00:00+00:00,-0.0
2022-09-09 06:00:00+00:00,-0.0
2022-09-09 07:00:00+00:00,-0.0
2022-09-09 08:00:00+00:00,-0.1585238026782846
2022-09-09 09:00:00+00:00,-0.0
2022-09-09 10:00:00+00:00,-0.0
2022-09-09 11:00:00+00:00,-0.0
2022-09-09 12:00:00+00:00,-0.0
2022-09-09 13:00:00+00:00,-0.0
2022-09-09 14:00:00+00:00,-0.0
2022-09-09 15:00:00+00:00,-0.0
2022-09-09 16:00:00+00:00,-0.0
2022-09-09 17:00:00+00:00,-0.0
2022-09-09 18:00:00+00:00,-0.0
2022-09-09 19:00:00+00:00,-0.0
2022-09-09 20:00:00+00:00,-0.0
2022-09-09 21:00:00+00:00,-0.0
2022-09-09 22:00:00+00:00,-0.0
2022-09-09 23:00:00+00:00,-0.0
2022-09-10 00:00:00+00:00,-0.0
2022-09-10 01:00:00+00:00,-0.0
2022-09-10 02:00:00+00:00,-0.0
2022-09-10 03:00:00+00:00,-0.0
2022-09-10 04:00:00+00:00,-0.0
2022-09-10 05:00:00+00:00,-0.0
2022-09-10 06:00:00+00:00,-0.0
2022-09-10 07:00:00+00:00,-0.0
2022-09-10 08:00:00+00:00,-0.0
2022-09-10 09:00:00+00:00,-0.0
2022-09-10 10:00:00+00:00,-0.0
2022-09-10 11:00:00+00:00,-0.0
2022-09-10 12:00:00+00:00,-0.0
2022-09-10 13:00:00+00:00,-0.0
2022-09-10 14:00:00+00:00,-0.0
2022-09-10 15:00:00+00:00,-0.0
2022-09-10 16:00:00+00:00,-0.0
2022-09-10 17:00:00+00:00,-0.0
2022-09-10 18:00:00+00:00,-0.0
2022-09-10 19:00:00+00:00,-0.0
2022-09-10 20:00:00+00:00,-0.0
2022-09-10 21:00:00+00:00,-0.0
2022-09-10 22:00:00+00:00,-0.0
2022-09-10 23:00:00+00:00,-0.0
2022-09-11 00:00:00+00:00,-0.0
2022-09-11 01:00:00+00:00,-0.0
2022-09-11 02:00:00+00:00,-0.0
2022-09-11 03:00:00+00:00,-0.0
2022-09-11 04:00:00+00:00,-0.0
2022-09-11 05:00:00+00:00,-0.0
2022-09-11 06:00:00+00:00,-0.0
2022-09-11 07:00:00+00:00,-0.0
2022-09-11 08:00:00+00:00,-0.0
2022-09-11 09:00:00+00:00,-0.0
2022-09-11 10:00:00+00:00,-0.0
2022-09-11 11:00:00+00:00,-0.0
2022-09-11 12:00:00+00:00,-0.0
2022-09-11 13:00:00+00:00,-0.0
2022-09-11 14:00:00+00:00,-0.0
2022-09-11 15:00:00+00:00,-0.0
2022-09-11 16:00:00+00:00,-0.0
2022-09-11 17:00:00+00:00,-0.0
2022-09-11 18:00:00+00:00,-0.0
2022-09-11 19:00:00+00:00,-0.0
2022-09-11 20:00:00+00:00,-0.0
2022-09-11 21:00:00+00:00,-0.0
2022-09-11 22:00:00+00:00,-0.0
2022-09-11 23:00:00+00:00,-0.0
2022-09-12 00:00:00+00:00,-0.0
2022-09-12 01:00:00+00:00,-0.0
2022-09-12 02:00:00+00:00,-0.0
2022-09-12 03:00:00+00:00,-0.0
2022-09-12 04:00:00+00:00,-0.0
2022-09-12 05:00:00+00:00,-0.0
2022-09-12 06:00:00+00:00,-0.0
2022-09-12 07:00:00+00:00,-0.0
2022-09-12 08:00:00+00:00,-0.0
2022-09-12 09:00:00+00:00,-0.0
2022-09-12 10:00:00+00:00,-0.0
2022-09-12 11:00:00+00:00,-0.0
2022-09-12 12:00:00+00:00,-0.0
2022-09-12 13:00:00+00:00,-0.0
2022-09-12 14:00:00+00:00,-0.0
2022-09-12 15:00:00+00:00,-0.0
2022-09-12 16:00:00+00:00,-0.0
2022-09-12 17:00:00+00:00,-0.0
2022-09-12 18:00:00+00:00,-0.0
2022-09-12 19:00:00+00:00,-0.0
2022-09-12 20:00:00+00:00,-0.0
2022-09-12 21:00:00+00:00,-0.0
2022-09-12 22:00:00+00:00,-0.0
2022-09-12 23:00:00+00:00,-0.0
2022-09-13 00:00:00+00:00,-0.0
2022-09-13 01:00:00+00:00,-0.0
2022-09-13 02:00:00+00:00,-0.0
2022-09-13 03:00:00+00:00,-0.0
2022-09-13 04:00:00+00:00,-0.0
2022-09-13 05:00:00+00:00,-0.0
2022-09-13 06:00:00+00:00,-0.0
2022-09-13 07:00:00+00:00,-0.0
2022-09-13 08:00:00+00:00,-0.0
2022-09-13 09:00:00+00:00,-0.0
2022-09-13 10:00:00+00:00,-0.0
2022-09-13 11:00:00+00:00,-0.0
2022-09-13 12:00:00+00:00,0.07231671614513338
2022-09-13 13:00:00+00:00,-0.0
2022-09-13 14:00:00+00:00,-0.0
2022-09-13 15:00:00+00:00,-0.0
2022-09-13 16:00:00+00:00,-0.0
2022-09-13 17:00:00+00:00,-0.0
2022-09-13 18:00:00+00:00,-0.0
2022-09-13 19:00:00+00:00,-0.0
2022-09-13 20:00:00+00:00,-0.0
2022-09-13 21:00:00+00:00,-0.0
2022-09-13 22:00:00+00:00,-0.0
2022-09-13 23:00:00+00:00,-0.0
2022-09-14 00:00:00+00:00,-0.0
2022-09-14 01:00:00+00:00,-0.0
2022-09-14 02:00:00+00:00,-0.0
2022-09-14 03:00:00+00:00,-0.0
2022-09-14 04:00:00+00:00,-0.0
2022-09-14 05:00:00+00:00,-0.0
2022-09-14 06:00:00+00:00,-0.0
2022-09-14 07:00:00+00:00,-0.0
2022-09-14 08:00:00+00:00,-0.0
2022-09-14 09:00:00+00:00,-0.0
2022-09-14 10:00:00+00:00,-0.0
2022-09-14 11:00:00+00:00,-0.0
2022-09-14 12:00:00+00:00,-0.0
2022-09-14 13:00:00+00:00,-0.0
2022-09-14 14:00:00+00:00,-0.0
2022-09-14 15:00:00+00:00,-0.0
2022-09-14 16:00:00+00:00,-0.0
2022-09-14 17:00:00+00:00,-0.0
2022-09-14 18:00:00+00:00,-0.0
2022-09-14 19:00:00+00:00,-0.0
2022-09-14 20:00:00+00:00,-0.0
2022-09-14 21:00:00+00:00,-0.0
2022-09-14 22:00:00+00:00,-0.0
2022-09-14 23:00:00+00:00,-0.0
2022-09-15 00:00:00+00:00,-0.0
2022-09-15 01:00:00+00:00,-0.0
2022-09-15 02:00:00+00:00,-0.0
2022-09-15 03:00:00+00:00,-0.0
2022-09-15 04:00:00+00:00,-0.0
2022-09-15 05:00:00+00:00,-0.0
2022-09-15 06:00:00+00:00,-0.0
2022-09-15 07:00:00+00:00,-0.0
2022-09-15 08:00:00+00:00,-0.0
2022-09-15 09:00:00+00:00,-0.0
2022-09-15 10:00:00+00:00,-0.0
2022-09-15 11:00:00+00:00,-0.0
2022-09-15 12:00:00+00:00,-0.0
2022-09-15 13:00:00+00:00,-0.0
2022-09-15 14:00:00+00:00,-0.0
2022-09-15 15:00:00+00:00,-0.0
2022-09-15 16:00:00+00:00,-0.0
2022-09-15 17:00:00+00:00,-0.0
2022-09-15 18:00:00+00:00,-0.0
2022-09-15 19:00:00+00:00,-0.0
2022-09-15 20:00:00+00:00,-0.0
2022-09-15 21:00:00+00:00,-0.0
2022-09-15 22:00:00+00:00,-0.0
2022-09-15 23:00:00+00:00,-0.0
2022-09-16 00:00:00+00:00,-0.0
2022-09-16 01:00:00+00:00,-0.0
2022-09-16 02:00:00+00:00,-0.0
2022-09-16 03:00:00+00:00,-0.0
2022-09-16 04:00:00+00:00,-0.0
2022-09-16 05:00:00+00:00,-0.0
2022-09-16 06:00:00+00:00,-0.0
2022-09-16 07:00:00+00:00,-0.0
2022-09-16 08:00:00+00:00,-0.0
2022-09-16 09:00:00+00:00,-0.0
2022-09-16 10:00:00+00:00,-0.0
2022-09-16 11:00:00+00:00,-0.0
2022-09-16 12:00:00+00:00,-0.10898677942354705
2022-09-16 13:00:00+00:00,-0.0
2022-09-16 14:00:00+00:00,-0.0
2022-09-16 15:00:00+00:00,-0.0
2022-09-16 16:00:00+00:00,-0.0
2022-09-16 17:00:00+00:00,-0.0
2022-09-16 18:00:00+00:00,-0.0
2022-09-16 19:00:00+00:00,-0.0
2022-09-16 20:00:00+00:00,-0.0
2022-09-16 21:00:00+00:00,-0.0
2022-09-16 22:00:00+00:00,-0.0
2022-09-16 23:00:00+00:00,-0.0
2022-09-17 00:00:00+00:00,-0.0
2022-09-17 01:00:00+00:00,-0.0
2022-09-17 02:00:00+00:00,-0.0
2022-09-17 03:00:00+00:00,-0.0
2022-09-17 04:00:00+00:00,-0.0
2022-09-17 05:00:00+00:00,-0.0
2022-09-17 06:00:00+00:00,-0.0
2022-09-17 07:00:00+00:00,-0.0
2022-09-17 08:00:00+00:00,-0.0
2022-09-17 09:00:00+00:00,-0.0
2022-09-17 10:00:00+00:00,-0.0
2022-09-17 11:00:00+00:00,-0.0
2022-09-17 12:00:00+00:00,-0.0
2022-09-17 13:00:00+00:00,-0.0
2022-09-17 14:00:00+00:00,-0.0
2022-09-17 15:00:00+00:00,-0.0
2022-09-17 16:00:00+00:00,-0.0
2022-09-17 17:00:00+00:00,-0.0
2022-09-17 18:00:00+00:00,-0.0
2022-09-17 19:00:00+00:00,-0.0
2022-09-17 20:00:00+00:00,-0.0
2022-09-17 21:00:00+00:00,-0.0
2022-09-17 22:00:00+00:00,-0.0
2022-09-17 23:00:00+00:00,-0.0
2022-09-18 00:00:00+00:00,0.10019074413437401
2022-09-18 01:00:00+00:00,-0.0
2022-09-18 02:00:00+00:00,-0.0
2022-09-18 03:00:00+00:00,-0.0
2022-09-18 04:00:00+00:00,-0.0
2022-09-18 05:00:00+00:00,-0.0
2022-09-18 06:00:00+00:00,-0.0
2022-09-18 07:00:00+00:00,-0.0
2022-09-18 08:00:00+00:00,-0.0
2022-09-18 09:00:00+00:00,-0.0
2022-09-18 10:00:00+00:00,-0.0
2022-09-18 11:00:00+00:00,-0.0
2022-09-18 12:00:00+00:00,-0.0
2022-09-18 13:00:00+00:00,-0.0
2022-09-18 14:00:00+00:00,-0.0
2022-09-18 15:00:00+00:00,-0.0
2022-09-18 16:00:00+00:00,-0.0
2022-09-18 17:00:00+00:00,-0.0
2022-09-18 18:00:00+00:00,-0.0
2022-09-18 19:00:00+00:00,-0.0
2022-09-18 20:00:00+00:00,-0.0
2022-09-18 21:00:00+00:00,-0.0
2022-09-18 22:00:00+00:00,-0.0
2022-09-18 23:00:00+00:00,-0.0
2022-09-19 00:00:00+00:00,-0.0
2022-09-19 01:00:00+00:00,-0.0
2022-09-19 02:00:00+00:00,-0.0
2022-09-19 03:00:00+00:00,-0.0
2022-09-19 04:00:00+00:00,-0.0
2022-09-19 05:00:00+00:00,-0.0
2022-09-19 06:00:00+00:00,-0.0
2022-09-19 07:00:00+00:00,-0.0
2022-09-19 08:00:00+00:00,-0.0
2022-09-19 09:00:00+00:00,-0.0
2022-09-19 10:00:00+00:00,-0.0
2022-09-19 11:00:00+00:00,-0.0
2022-09-19 12:00:00+00:00,-0.0
2022-09-19 13:00:00+00:00,-0.0
2022-09-19 14:00:00+00:00,-0.0
2022-09-19 15:00:00+00:00,-0.0
2022-09-19 16:00:00+00:00,-0.0
2022-09-19 17:00:00+00:00,-0.0
2022-09-19 18:00:00+00:00,-0.0
2022-09-19 19:00:00+00:00,-0.0
2022-09-19 20:00:00+00:00,-0.0
2022-09-19 21:00:00+00:00,-0.0
2022-09-19 22:00:00+00:00,-0.0
2022-09-19 23:00:00+00:00,-0.0
2022-09-20 00:00:00+00:00,-0.0
2022-09-20 01:00:00+00:00,-0.0
2022-09-20 02:00:00+00:00,-0.0
2022-09-20 03:00:00+00:00,-0.0
2022-09-20 04:00:00+00:00,-0.0
2022-09-20 05:00:00+00:00,-0.0
2022-09-20 06:00:00+00:00,-0.0
2022-09-20 07:00:00+00:00,-0.0
2022-09-20 08:00:00+00:00,-0.0
2022-09-20 09:00:00+00:00,0.05699823210379785
2022-09-20 10:00:00+00:00,-0.0
2022-09-20 11:00:00+00:00,-0.0
2022-09-20 12:00:00+00:00,-0.0
2022-09-20 13:00:00+00:00,-0.0
2022-09-20 14:00:00+00:00,-0.0
2022-09-20 15:00:00+00:00,-0.0
2022-09-20 16:00:00+00:00,-0.0
2022-09-20 17:00:00+00:00,-0.0
2022-09-20 18:00:00+00:00,-0.0
2022-09-20 19:00:00+00:00,-0.0
2022-09-20 20:00:00+00:00,-0.0
2022-09-20 21:00:00+00:00,-0.0
2022-09-20 22:00:00+00:00,-0.0
2022-09-20 23:00:00+00:00,-0.0
2022-09-21 00:00:00+00:00,-0.0
2022-09-21 01:00:00+00:00,-0.0
2022-09-21 02:00:00+00:00,-0.0
2022-09-21 03:00:00+00:00,-0.0
2022-09-21 04:00:00+00:00,-0.0
2022-09-21 05:00:00+00:00,-0.0
2022-09-21 06:00:00+00:00,-0.0
2022-09-21 07:00:00+00:00,-0.0
2022-09-21 08:00:00+00:00,-0.0
2022-09-21 09:00:00+00:00,-0.0
2022-09-21 10:00:00+00:00,-0.0
2022-09-21 11:00:00+00:00,-0.0
2022-09-21 12:00:00+00:00,-0.0
2022-09-21 13:00:00+00:00,-0.0
2022-09-21 14:00:00+00:00,-0.0
2022-09-21 15:00:00+00:00,0.03733026809935357
2022-09-21 16:00:00+00:00,-0.0
2022-09-21 17:00:00+00:00,-0.0
2022-09-21 18:00:00+00:00,-0.0
2022-09-21 19:00:00+00:00,-0.0
2022-09-21 20:00:00+00:00,-0.0
2022-09-21 21:00:00+00:00,-0.0
2022-09-21 22:00:00+00:00,-0.0
2022-09-21 23:00:00+00:00,-0.0
2022-09-22 00:00:00+00:00,-0.0
2022-09-22 01:00:00+00:00,-0.0
2022-09-22 02:00:00+00:00,-0.0
2022-09-22 03:00:00+00:00,-0.0
2022-09-22 04:00:00+00:00,-0.0
2022-09-22 05:00:00+00:00,-0.0
2022-09-22 06:00:00+00:00,-0.0
2022-09-22 07:00:00+00:00,-0.0
2022-09-22 08:00:00+00:00,-0.0
2022-09-22 09:00:00+00:00,-0.0
2022-09-22 10:00:00+00:00,-0.0
2022-09-22 11:00:00+00:00,-0.0
2022-09-22 12:00:00+00:00,-0.0
2022-09-22 13:00:00+00:00,-0.0
2022-09-22 14:00:00+00:00,-0.0
2022-09-22 15:00:00+00:00,-0.0
2022-09-22 16:00:00+00:00,-0.0
2022-09-22 17:00:00+00:00,-0.0
2022-09-22 18:00:00+00:00,-0.0
2022-09-22 19:00:00+00:00,-0.0
2022-09-22 20:00:00+00:00,-0.0
2022-09-22 21:00:00+00:00,-0.0
2022-09-22 22:00:00+00:00,-0.0
2022-09-22 23:00:00+00:00,-0.0
2022-09-23 00:00:00+00:00,-0.0
2022-09-23 01:00:00+00:00,-0.0
2022-09-23 02:00:00+00:00,-0.0
2022-09-23 03:00:00+00:00,-0.0
2022-09-23 04:00:00+00:00,-0.0
2022-09-23 05:00:00+00:00,-0.0
2022-09-23 06:00:00+00:00,-0.0
2022-09-23 07:00:00+00:00,-0.0
2022-09-23 08:00:00+00:00,-0.0
2022-09-23 09:00:00+00:00,-0.0
2022-09-23 10:00:00+00:00,-0.0
2022-09-23 11:00:00+00:00,-0.0
2022-09-23 12:00:00+00:00,-0.0
2022-09-23 13:00:00+00:00,-0.0
2022-09-23 14:00:00+00:00,-0.0
2022-09-23 15:00:00+00:00,-0.0
2022-09-23 16:00:00+00:00,-0.0
2022-09-23 17:00:00+00:00,-0.0
2022-09-23 18:00:00+00:00,-0.0
2022-09-23 19:00:00+00:00,-0.0
2022-09-23 20:00:00+00:00,-0.0
2022-09-23 21:00:00+00:00,-0.0
2022-09-23 22:00:00+00:00,-0.0
2022-09-23 23:00:00+00:00,-0.0
2022-09-24 00:00:00+00:00,-0.0
2022-09-24 01:00:00+00:00,-0.0
2022-09-24 02:00:00+00:00,-0.0
2022-09-24 03:00:00+00:00,-0.0
2022-09-24 04:00:00+00:00,-0.0
2022-09-24 05:00:00+00:00,-0.0
2022-09-24 06:00:00+00:00,-0.0
2022-09-24 07:00:00+00:00,-0.0
2022-09-24 08:00:00+00:00,-0.0
2022-09-24 09:00:00+00:00,-0.0
2022-09-24 10:00:00+00:00,-0.0
2022-09-24 11:00:00+00:00,-0.0
2022-09-24 12:00:00+00:00,-0.0
2022-09-24 13:00:00+00:00,-0.0
2022-09-24 14:00:00+00:00,-0.0
2022-09-24 15:00:00+00:00,-0.0
2022-09-24 16:00:00+00:00,-0.0
2022-09-24 17:00:00+00:00,-0.0
2022-09-24 18:00:00+00:00,-0.0
2022-09-24 19:00:00+00:00,-0.0
2022-09-24 20:00:00+00:00,-0.0
2022-09-24 21:00:00+00:00,-0.0
2022-09-24 22:00:00+00:00,-0.0
2022-09-24 23:00:00+00:00,-0.0
2022-09-25 00:00:00+00:00,-0.0
2022-09-25 01:00:00+00:00,-0.0
2022-09-25 02:00:00+00:00,-0.0
2022-09-25 03:00:00+00:00,-0.0
2022-09-25 04:00:00+00:00,-0.0
2022-09-25 05:00:00+00:00,-0.0
2022-09-25 06:00:00+00:00,-0.0
2022-09-25 07:00:00+00:00,-0.0
2022-09-25 08:00:00+00:00,-0.0
2022-09-25 09:00:00+00:00,-0.0
2022-09-25 10:00:00+00:00,-0.0
2022-09-25 11:00:00+00:00,-0.0
2022-09-25 12:00:00+00:00,-0.0
2022-09-25 13:00:00+00:00,-0.0
2022-09-25 14:00:00+00:00,-0.0
2022-09-25 15:00:00+00:00,-0.0
2022-09-25 16:00:00+00:00,-0.0
2022-09-25 17:00:00+00:00,-0.0
2022-09-25 18:00:00+00:00,-0.0
2022-09-25 19:00:00+00:00,-0.0
2022-09-25 20:00:00+00:00,-0.0
2022-09-25 21:00:00+00:00,-0.0
2022-09-25 22:00:00+00:00,-0.0
2022-09-25 23:00:00+00:00,-0.0
2022-09-26 00:00:00+00:00,-0.0
2022-09-26 01:00:00+00:00,-0.0
2022-09-26 02:00:00+00:00,-0.0
2022-09-26 03:00:00+00:00,-0.0
2022-09-26 04:00:00+00:00,-0.0
2022-09-26 05:00:00+00:00,-0.0
2022-09-26 06:00:00+00:00,-0.0
2022-09-26 07:00:00+00:00,-0.0
2022-09-26 08:00:00+00:00,-0.0
2022-09-26 09:00:00+00:00,-0.0
2022-09-26 10:00:00+00:00,-0.0
2022-09-26 11:00:00+00:00,-0.0
2022-09-26 12:00:00+00:00,-0.0
2022-09-26 13:00:00+00:00,-0.0
2022-09-26 14:00:00+00:00,-0.0
2022-09-26 15:00:00+00:00,-0.0
2022-09-26 16:00:00+00:00,-0.0
2022-09-26 17:00:00+00:00,-0.0
2022-09-26 18:00:00+00:00,-0.0
2022-09-26 19:00:00+00:00,-0.0
2022-09-26 20:00:00+00:00,-0.0
2022-09-26 21:00:00+00:00,-0.0
2022-09-26 22:00:00+00:00,-0.0
2022-09-26 23:00:00+00:00,-0.0
2022-09-27 00:00:00+00:00,-0.0
2022-09-27 01:00:00+00:00,-0.0
2022-09-27 02:00:00+00:00,-0.0
2022-09-27 03:00:00+00:00,-0.0
2022-09-27 04:00:00+00:00,-0.0
2022-09-27 05:00:00+00:00,-0.0
2022-09-27 06:00:00+00:00,-0.0
2022-09-27 07:00:00+00:00,-0.0
2022-09-27 08:00:00+00:00,-0.0
2022-09-27 09:00:00+00:00,-0.0
2022-09-27 10:00:00+00:00,-0.0
2022-09-27 11:00:00+00:00,-0.0
2022-09-27 12:00:00+00:00,-0.0
2022-09-27 13:00:00+00:00,-0.0
2022-09-27 14:00:00+00:00,-0.0
2022-09-27 15:00:00+00:00,-0.0
2022-09-27 16:00:00+00:00,-0.0
2022-09-27 17:00:00+00:00,-0.0
2022-09-27 18:00:00+00:00,-0.0
2022-09-27 19:00:00+00:00,-0.0
2022-09-27 20:00:00+00:00,-0.0
2022-09-27 21:00:00+00:00,-0.0
2022-09-27 22:00:00+00:00,-0.0
2022-09-27 23:00:00+00:00,-0.0
2022-09-28 00:00:00+00:00,-0.0
2022-09-28 01:00:00+00:00,-0.0
2022-09-28 02:00:00+00:00,-0.0
2022-09-28 03:00:00+00:00,-0.0
2022-09-28 04:00:00+00:00,-0.0
2022-09-28 05:00:00+00:00,-0.0
2022-09-28 06:00:00+00:00,-0.0
2022-09-28 07:00:00+00:00,-0.0
2022-09-28 08:00:00+00:00,-0.0
2022-09-28 09:00:00+00:00,-0.0
2022-09-28 10:00:00+00:00,-0.0
2022-09-28 11:00:00+00:00,-0.0
2022-09-28 12:00:00+00:00,-0.0
2022-09-28 13:00:00+00:00,-0.0
2022-09-28 14:00:00+00:00,-0.0
2022-09-28 15:00:00+00:00,-0.0
2022-09-28 16:00:00+00:00,-0.0
2022-09-28 17:00:00+00:00,-0.0
2022-09-28 18:00:00+00:00,-0.0
2022-09-28 19:00:00+00:00,-0.0
2022-09-28 20:00:00+00:00,-0.0
2022-09-28 21:00:00+00:00,-0.0
2022-09-28 22:00:00+00:00,-0.0
2022-09-28 23:00:00+00:00,-0.0
2022-09-29 00:00:00+00:00,-0.0
2022-09-29 01:00:00+00:00,-0.0
2022-09-29 02:00:00+00:00,-0.0
2022-09-30 02:00:00+00:00,-0.0
2022-09-30 03:00:00+00:00,-0.0
2022-09-30 04:00:00+00:00,-0.0
2022-09-30 05:00:00+00:00,-0.0
2022-09-30 06:00:00+00:00,-0.0
2022-09-30 07:00:00+00:00,-0.0
2022-09-30 08:00:00+00:00,-0.0
2022-09-30 09:00:00+00:00,-0.0
2022-09-30 10:00:00+00:00,-0.0
2022-09-30 11:00:00+00:00,-0.0
2022-09-30 12:00:00+00:00,-0.0
2022-09-30 13:00:00+00:00,-0.0
2022-09-30 14:00:00+00:00,-0.0
2022-09-30 15:00:00+00:00,-0.0
2022-09-30 16:00:00+00:00,-0.0
2022-09-30 17:00:00+00:00,-0.0
2022-09-30 18:00:00+00:00,-0.0
2022-09-30 19:00:00+00:00,-0.0
2022-09-30 20:00:00+00:00,-0.0
2022-09-30 21:00:00+00:00,-0.0
2022-09-30 22:00:00+00:00,-0.0
2022-09-30 23:00:00+00:00,-0.0
2022-10-01 00:00:00+00:00,-0.0
2022-10-01 01:00:00+00:00,-0.0
2022-10-01 02:00:00+00:00,-0.0
2022-10-01 03:00:00+00:00,-0.0
2022-10-01 04:00:00+00:00,-0.0
2022-10-01 05:00:00+00:00,-0.0
2022-10-01 06:00:00+00:00,-0.0
2022-10-01 07:00:00+00:00,-0.0
2022-10-01 08:00:00+00:00,-0.0
2022-10-01 09:00:00+00:00,-0.0
2022-10-01 10:00:00+00:00,-0.0
2022-10-01 11:00:00+00:00,-0.0
2022-10-01 12:00:00+00:00,-0.0
2022-10-01 13:00:00+00:00,-0.0
2022-10-01 14:00:00+00:00,-0.0
2022-10-01 15:00:00+00:00,-0.0
2022-10-01 16:00:00+00:00,-0.0
2022-10-01 17:00:00+00:00,-0.0
2022-10-01 18:00:00+00:00,-0.0
2022-10-01 19:00:00+00:00,-0.0
2022-10-01 20:00:00+00:00,-0.0
2022-10-01 21:00:00+00:00,-0.0
2022-10-01 22:00:00+00:00,-0.0
2022-10-01 23:00:00+00:00,-0.0
2022-10-02 00:00:00+00:00,-0.0
2022-10-02 01:00:00+00:00,-0.0
2022-10-02 02:00:00+00:00,-0.0
2022-10-02 03:00:00+00:00,-0.0
2022-10-02 04:00:00+00:00,-0.0
2022-10-02 05:00:00+00:00,-0.0
2022-10-02 06:00:00+00:00,-0.0
2022-10-02 07:00:00+00:00,-0.0
2022-10-02 08:00:00+00:00,-0.0
2022-10-02 09:00:00+00:00,-0.0
2022-10-02 10:00:00+00:00,-0.0
2022-10-02 11:00:00+00:00,-0.0
2022-10-02 12:00:00+00:00,-0.0
2022-10-02 13:00:00+00:00,-0.0
2022-10-02 14:00:00+00:00,-0.0
2022-10-02 15:00:00+00:00,-0.0
2022-10-02 16:00:00+00:00,-0.0
2022-10-02 17:00:00+00:00,-0.0
2022-10-02 18:00:00+00:00,-0.0
2022-10-02 19:00:00+00:00,-0.0
2022-10-02 20:00:00+00:00,-0.0
2022-10-02 21:00:00+00:00,-0.0
2022-10-02 22:00:00+00:00,-0.0
2022-10-02 23:00:00+00:00,-0.0
2022-10-03 00:00:00+00:00,-0.0
2022-10-03 01:00:00+00:00,-0.0
2022-10-03 02:00:00+00:00,-0.0
2022-10-03 03:00:00+00:00,-0.0
2022-10-03 04:00:00+00:00,-0.0
2022-10-03 05:00:00+00:00,-0.0
2022-10-03 06:00:00+00:00,-0.0
2022-10-03 07:00:00+00:00,-0.0
2022-10-03 08:00:00+00:00,-0.0
2022-10-03 09:00:00+00:00,-0.0
2022-10-03 10:00:00+00:00,-0.0
2022-10-03 11:00:00+00:00,-0.0
2022-10-03 12:00:00+00:00,-0.0
2022-10-03 13:00:00+00:00,-0.0
2022-10-03 14:00:00+00:00,-0.0
2022-10-03 15:00:00+00:00,-0.0
2022-10-03 16:00:00+00:00,-0.0
2022-10-03 17:00:00+00:00,-0.0
2022-10-03 18:00:00+00:00,-0.0
2022-10-03 19:00:00+00:00,-0.0
2022-10-03 20:00:00+00:00,-0.0
2022-10-03 21:00:00+00:00,-0.0
2022-10-03 22:00:00+00:00,-0.0
2022-10-03 23:00:00+00:00,-0.0
2022-10-04 00:00:00+00:00,-0.0
2022-10-04 01:00:00+00:00,-0.0
2022-10-04 02:00:00+00:00,-0.0
2022-10-04 03:00:00+00:00,-0.0
2022-10-04 04:00:00+00:00,-0.0
2022-10-04 05:00:00+00:00,-0.05510519214497035
2022-10-04 06:00:00+00:00,-0.0
2022-10-04 07:00:00+00:00,-0.0
2022-10-04 08:00:00+00:00,-0.0
2022-10-04 09:00:00+00:00,-0.0
2022-10-04 10:00:00+00:00,-0.0
2022-10-04 11:00:00+00:00,-0.0
2022-10-04 12:00:00+00:00,-0.0
2022-10-04 13:00:00+00:00,-0.0
2022-10-04 14:00:00+00:00,-0.0
2022-10-04 15:00:00+00:00,-0.0
2022-10-04 16:00:00+00:00,-0.0
2022-10-04 17:00:00+00:00,-0.0
2022-10-04 18:00:00+00:00,-0.0
2022-10-04 19:00:00+00:00,-0.0
2022-10-04 20:00:00+00:00,-0.0
2022-10-04 21:00:00+00:00,-0.0
2022-10-04 22:00:00+00:00,-0.0
2022-10-04 23:00:00+00:00,-0.0
2022-10-05 00:00:00+00:00,-0.0
2022-10-05 01:00:00+00:00,-0.0
2022-10-05 02:00:00+00:00,-0.0
2022-10-05 03:00:00+00:00,-0.0
2022-10-05 04:00:00+00:00,-0.0
2022-10-05 05:00:00+00:00,-0.0
2022-10-05 06:00:00+00:00,-0.0
2022-10-05 07:00:00+00:00,-0.0
2022-10-05 08:00:00+00:00,-0.0
2022-10-05 09:00:00+00:00,-0.0
2022-10-05 10:00:00+00:00,-0.0
2022-10-05 11:00:00+00:00,0.024344304927003867
2022-10-05 12:00:00+00:00,-0.0
2022-10-05 13:00:00+00:00,-0.0
2022-10-05 14:00:00+00:00,-0.0
2022-10-05 15:00:00+00:00,-0.0
2022-10-05 16:00:00+00:00,-0.0
2022-10-05 17:00:00+00:00,-0.0
2022-10-05 18:00:00+00:00,-0.0
2022-10-05 19:00:00+00:00,-0.0
2022-10-05 20:00:00+00:00,-0.0
2022-10-05 21:00:00+00:00,-0.0
2022-10-05 22:00:00+00:00,-0.0
2022-10-05 23:00:00+00:00,-0.0
2022-10-06 00:00:00+00:00,-0.0
2022-10-06 01:00:00+00:00,-0.0
2022-10-06 02:00:00+00:00,-0.0
2022-10-06 03:00:00+00:00,-0.0
2022-10-06 04:00:00+00:00,-0.0
2022-10-06 05:00:00+00:00,-0.0
2022-10-06 06:00:00+00:00,-0.0
2022-10-06 07:00:00+00:00,-0.0
2022-10-06 08:00:00+00:00,-0.0
2022-10-06 09:00:00+00:00,-0.0
2022-10-06 10:00:00+00:00,-0.0
2022-10-06 11:00:00+00:00,-0.0
2022-10-06 12:00:00+00:00,-0.0
2022-10-06 13:00:00+00:00,-0.0
2022-10-06 14:00:00+00:00,-0.0
2022-10-06 15:00:00+00:00,-0.0
2022-10-06 16:00:00+00:00,-0.0
2022-10-06 17:00:00+00:00,-0.0
2022-10-06 18:00:00+00:00,-0.0
2022-10-06 19:00:00+00:00,-0.0
2022-10-06 20:00:00+00:00,-0.0
2022-10-06 21:00:00+00:00,-0.0
2022-10-06 22:00:00+00:00,-0.0
2022-10-06 23:00:00+00:00,-0.0
2022-10-07 00:00:00+00:00,-0.0
2022-10-07 01:00:00+00:00,-0.0
2022-10-07 02:00:00+00:00,-0.0
2022-10-07 03:00:00+00:00,-0.0
2022-10-07 04:00:00+00:00,-0.0
2022-10-07 05:00:00+00:00,-0.0
2022-10-07 06:00:00+00:00,-0.0
2022-10-07 07:00:00+00:00,-0.0
2022-10-07 08:00:00+00:00,-0.0
2022-10-07 09:00:00+00:00,-0.0
2022-10-07 10:00:00+00:00,-0.0
2022-10-07 11:00:00+00:00,-0.0
2022-10-07 12:00:00+00:00,-0.0
2022-10-07 13:00:00+00:00,-0.0
2022-10-07 14:00:00+00:00,-0.0
2022-10-07 15:00:00+00:00,-0.0
2022-10-07 16:00:00+00:00,-0.0
2022-10-07 17:00:00+00:00,-0.0
2022-10-07 18:00:00+00:00,-0.0
2022-10-07 19:00:00+00:00,-0.0
2022-10-07 20:00:00+00:00,-0.0
2022-10-07 21:00:00+00:00,-0.0
2022-10-07 22:00:00+00:00,-0.0
2022-10-07 23:00:00+00:00,-0.0
2022-10-08 00:00:00+00:00,-0.0
2022-10-08 01:00:00+00:00,-0.0
2022-10-08 02:00:00+00:00,-0.0
2022-10-08 03:00:00+00:00,-0.0
2022-10-08 04:00:00+00:00,-0.0
2022-10-08 05:00:00+00:00,-0.0
2022-10-08 06:00:00+00:00,-0.0
2022-10-08 07:00:00+00:00,-0.0
2022-10-08 08:00:00+00:00,-0.0
2022-10-08 09:00:00+00:00,-0.0
2022-10-08 10:00:00+00:00,-0.0
2022-10-08 11:00:00+00:00,-0.0
2022-10-08 12:00:00+00:00,-0.0
2022-10-08 13:00:00+00:00,-0.0
2022-10-08 14:00:00+00:00,-0.0
2022-10-08 15:00:00+00:00,-0.0
2022-10-08 16:00:00+00:00,-0.0
2022-10-08 17:00:00+00:00,-0.0
2022-10-08 18:00:00+00:00,-0.0
2022-10-08 19:00:00+00:00,-0.0
2022-10-08 20:00:00+00:00,-0.0
2022-10-08 21:00:00+00:00,-0.0
2022-10-08 22:00:00+00:00,-0.0
2022-10-08 23:00:00+00:00,-0.0
2022-10-09 00:00:00+00:00,-0.0
2022-10-09 01:00:00+00:00,-0.0
2022-10-09 02:00:00+00:00,-0.0
2022-10-09 03:00:00+00:00,-0.0
2022-10-09 04:00:00+00:00,-0.0
2022-10-09 05:00:00+00:00,-0.0
2022-10-09 06:00:00+00:00,-0.0
2022-10-09 07:00:00+00:00,-0.0
2022-10-09 08:00:00+00:00,-0.0
2022-10-09 09:00:00+00:00,-0.0
2022-10-09 10:00:00+00:00,-0.0
2022-10-09 11:00:00+00:00,-0.0
2022-10-09 12:00:00+00:00,-0.0
2022-10-09 13:00:00+00:00,-0.0
2022-10-09 14:00:00+00:00,-0.0
2022-10-09 15:00:00+00:00,-0.0
2022-10-09 16:00:00+00:00,-0.0
2022-10-09 17:00:00+00:00,-0.0
2022-10-09 18:00:00+00:00,-0.0
2022-10-09 19:00:00+00:00,-0.0
2022-10-09 20:00:00+00:00,-0.0
2022-10-09 21:00:00+00:00,-0.0
2022-10-09 22:00:00+00:00,-0.0
2022-10-09 23:00:00+00:00,-0.0
2022-10-10 00:00:00+00:00,-0.0
2022-10-10 01:00:00+00:00,-0.0
2022-10-10 02:00:00+00:00,-0.0
2022-10-10 03:00:00+00:00,-0.0
2022-10-10 04:00:00+00:00,-0.0
2022-10-10 05:00:00+00:00,-0.0
2022-10-10 06:00:00+00:00,-0.0
2022-10-10 07:00:00+00:00,-0.0
2022-10-10 08:00:00+00:00,-0.0
2022-10-10 09:00:00+00:00,-0.0
2022-10-10 10:00:00+00:00,-0.0
2022-10-10 11:00:00+00:00,-0.0
2022-10-10 12:00:00+00:00,-0.0
2022-10-10 13:00:00+00:00,-0.0
2022-10-10 14:00:00+00:00,-0.0
2022-10-10 15:00:00+00:00,-0.0
2022-10-10 16:00:00+00:00,-0.0
2022-10-10 17:00:00+00:00,-0.0
2022-10-10 18:00:00+00:00,-0.0
2022-10-10 19:00:00+00:00,-0.0
2022-10-10 20:00:00+00:00,-0.0
2022-10-10 21:00:00+00:00,-0.0
2022-10-10 22:00:00+00:00,-0.0
2022-10-10 23:00:00+00:00,-0.0
2022-10-11 00:00:00+00:00,-0.0
2022-10-11 01:00:00+00:00,-0.0
2022-10-11 02:00:00+00:00,-0.0
2022-10-11 03:00:00+00:00,-0.0
2022-10-11 04:00:00+00:00,-0.0
2022-10-11 05:00:00+00:00,-0.0
2022-10-11 06:00:00+00:00,-0.0
2022-10-11 07:00:00+00:00,-0.0
2022-10-11 08:00:00+00:00,-0.0
2022-10-11 09:00:00+00:00,-0.0
2022-10-11 10:00:00+00:00,-0.0
2022-10-11 11:00:00+00:00,-0.0
2022-10-11 12:00:00+00:00,-0.0
2022-10-11 13:00:00+00:00,-0.0
2022-10-11 14:00:00+00:00,-0.0
2022-10-11 15:00:00+00:00,-0.0
2022-10-11 16:00:00+00:00,-0.0
2022-10-11 17:00:00+00:00,-0.0
2022-10-11 18:00:00+00:00,-0.0
2022-10-11 19:00:00+00:00,-0.0
2022-10-11 20:00:00+00:00,-0.0
2022-10-11 21:00:00+00:00,-0.0
2022-10-11 22:00:00+00:00,-0.0
2022-10-11 23:00:00+00:00,-0.0
2022-10-12 00:00:00+00:00,-0.0
2022-10-12 01:00:00+00:00,-0.0
2022-10-12 02:00:00+00:00,-0.0
2022-10-12 03:00:00+00:00,-0.0
2022-10-12 04:00:00+00:00,-0.0
2022-10-12 05:00:00+00:00,-0.0
2022-10-12 06:00:00+00:00,-0.0
2022-10-12 07:00:00+00:00,-0.0
2022-10-12 08:00:00+00:00,-0.0
2022-10-12 09:00:00+00:00,-0.0
2022-10-12 10:00:00+00:00,-0.0
2022-10-12 11:00:00+00:00,-0.0
2022-10-12 12:00:00+00:00,-0.0
2022-10-12 13:00:00+00:00,-0.0
2022-10-12 14:00:00+00:00,-0.0
2022-10-12 15:00:00+00:00,-0.0
2022-10-12 16:00:00+00:00,-0.0
2022-10-12 17:00:00+00:00,-0.0
2022-10-12 18:00:00+00:00,-0.0
2022-10-12 19:00:00+00:00,-0.0
2022-10-12 20:00:00+00:00,-0.0
2022-10-12 21:00:00+00:00,-0.0
2022-10-12 22:00:00+00:00,-0.0
2022-10-12 23:00:00+00:00,-0.0
2022-10-13 00:00:00+00:00,-0.0
2022-10-13 01:00:00+00:00,-0.0
2022-10-13 02:00:00+00:00,-0.0
2022-10-13 03:00:00+00:00,-0.0
2022-10-13 04:00:00+00:00,-0.0
2022-10-13 05:00:00+00:00,-0.0
2022-10-13 06:00:00+00:00,-0.0
2022-10-13 07:00:00+00:00,-0.0
2022-10-13 08:00:00+00:00,-0.0
2022-10-13 09:00:00+00:00,-0.0
2022-10-13 10:00:00+00:00,-0.0
2022-10-13 11:00:00+00:00,-0.0
2022-10-13 12:00:00+00:00,-0.0
2022-10-13 13:00:00+00:00,-0.0
2022-10-13 14:00:00+00:00,-0.0
2022-10-13 15:00:00+00:00,-0.0
2022-10-13 16:00:00+00:00,-0.0
2022-10-13 17:00:00+00:00,-0.0
2022-10-13 18:00:00+00:00,-0.0
2022-10-13 19:00:00+00:00,-0.0
2022-10-13 20:00:00+00:00,-0.0
2022-10-13 21:00:00+00:00,-0.0
2022-10-13 22:00:00+00:00,-0.0
2022-10-13 23:00:00+00:00,-0.0
2022-10-14 00:00:00+00:00,-0.0
2022-10-14 01:00:00+00:00,-0.0
2022-10-14 02:00:00+00:00,-0.0
2022-10-14 03:00:00+00:00,-0.0
2022-10-14 04:00:00+00:00,-0.0
2022-10-14 05:00:00+00:00,-0.0
2022-10-14 06:00:00+00:00,-0.0
2022-10-14 07:00:00+00:00,-0.0
2022-10-14 08:00:00+00:00,-0.0
2022-10-14 09:00:00+00:00,-0.0
2022-10-14 10:00:00+00:00,-0.0
2022-10-14 11:00:00+00:00,-0.0
2022-10-14 12:00:00+00:00,-0.0
2022-10-14 13:00:00+00:00,-0.0
2022-10-14 14:00:00+00:00,-0.0
2022-10-14 15:00:00+00:00,-0.0
2022-10-14 16:00:00+00:00,-0.0
2022-10-14 17:00:00+00:00,-0.0
2022-10-14 18:00:00+00:00,-0.0
2022-10-14 19:00:00+00:00,-0.0
2022-10-14 20:00:00+00:00,-0.0
2022-10-14 21:00:00+00:00,-0.0
2022-10-14 22:00:00+00:00,-0.0
2022-10-14 23:00:00+00:00,-0.0
2022-10-15 00:00:00+00:00,-0.0
2022-10-15 01:00:00+00:00,-0.0
2022-10-15 02:00:00+00:00,-0.0
2022-10-15 03:00:00+00:00,-0.0
2022-10-15 04:00:00+00:00,-0.0
2022-10-15 05:00:00+00:00,-0.0
2022-10-15 06:00:00+00:00,-0.0
2022-10-15 07:00:00+00:00,-0.0
2022-10-15 08:00:00+00:00,-0.0
2022-10-15 09:00:00+00:00,-0.0
2022-10-15 10:00:00+00:00,-0.0
2022-10-15 11:00:00+00:00,-0.0
2022-10-15 12:00:00+00:00,-0.0
2022-10-15 13:00:00+00:00,-0.0
2022-10-15 14:00:00+00:00,-0.0
2022-10-15 15:00:00+00:00,-0.0
2022-10-15 16:00:00+00:00,-0.0
2022-10-15 17:00:00+00:00,-0.0
2022-10-15 18:00:00+00:00,-0.0
2022-10-15 19:00:00+00:00,-0.0
2022-10-15 20:00:00+00:00,-0.0
2022-10-15 21:00:00+00:00,-0.0
2022-10-15 22:00:00+00:00,-0.0
2022-10-15 23:00:00+00:00,-0.0
2022-10-16 00:00:00+00:00,-0.0
2022-10-16 01:00:00+00:00,-0.0
2022-10-16 02:00:00+00:00,-0.0
2022-10-16 03:00:00+00:00,-0.0
2022-10-16 04:00:00+00:00,-0.0
2022-10-16 05:00:00+00:00,-0.0
2022-10-16 06:00:00+00:00,-0.0
2022-10-16 07:00:00+00:00,-0.0
2022-10-16 08:00:00+00:00,-0.0
2022-10-16 09:00:00+00:00,-0.0
2022-10-16 10:00:00+00:00,-0.0
2022-10-16 11:00:00+00:00,-0.0
2022-10-16 12:00:00+00:00,-0.0
2022-10-16 13:00:00+00:00,-0.0
2022-10-16 14:00:00+00:00,-0.0
2022-10-16 15:00:00+00:00,-0.0
2022-10-16 16:00:00+00:00,-0.0
2022-10-16 17:00:00+00:00,-0.0
2022-10-16 18:00:00+00:00,-0.0
2022-10-16 19:00:00+00:00,-0.0
2022-10-16 20:00:00+00:00,-0.0
2022-10-16 21:00:00+00:00,-0.0
2022-10-16 22:00:00+00:00,-0.0
2022-10-16 23:00:00+00:00,-0.0
2022-10-17 00:00:00+00:00,-0.0
2022-10-17 01:00:00+00:00,-0.0
2022-10-17 02:00:00+00:00,-0.0
2022-10-17 03:00:00+00:00,-0.0
2022-10-17 04:00:00+00:00,-0.0
2022-10-17 05:00:00+00:00,-0.0
2022-10-17 06:00:00+00:00,-0.0
2022-10-17 07:00:00+00:00,-0.0
2022-10-17 08:00:00+00:00,-0.0
2022-10-17 09:00:00+00:00,-0.0
2022-10-17 10:00:00+00:00,-0.0
2022-10-17 11:00:00+00:00,-0.0
2022-10-17 12:00:00+00:00,-0.0
2022-10-17 13:00:00+00:00,-0.0
2022-10-17 14:00:00+00:00,-0.0
2022-10-17 15:00:00+00:00,-0.0
2022-10-17 16:00:00+00:00,-0.0
2022-10-17 17:00:00+00:00,-0.0
2022-10-17 18:00:00+00:00,-0.0
2022-10-17 19:00:00+00:00,-0.0
2022-10-17 20:00:00+00:00,-0.0
2022-10-17 21:00:00+00:00,-0.0
2022-10-17 22:00:00+00:00,-0.0
2022-10-17 23:00:00+00:00,-0.11110074440595957
2022-10-18 00:00:00+00:00,-0.0
2022-10-18 01:00:00+00:00,-0.0
2022-10-18 02:00:00+00:00,-0.0
2022-10-18 03:00:00+00:00,-0.0
2022-10-18 04:00:00+00:00,-0.0
2022-10-18 05:00:00+00:00,-0.0
2022-10-18 06:00:00+00:00,-0.0
2022-10-18 07:00:00+00:00,-0.0
2022-10-18 08:00:00+00:00,-0.0
2022-10-18 09:00:00+00:00,-0.0
2022-10-18 10:00:00+00:00,-0.0
2022-10-18 11:00:00+00:00,-0.0
2022-10-18 12:00:00+00:00,-0.0
2022-10-18 13:00:00+00:00,-0.0
2022-10-18 14:00:00+00:00,-0.0
2022-10-18 15:00:00+00:00,-0.0
2022-10-18 16:00:00+00:00,-0.0
2022-10-18 17:00:00+00:00,-0.0
2022-10-18 18:00:00+00:00,0.03575391651647918
2022-10-18 19:00:00+00:00,-0.0
2022-10-18 20:00:00+00:00,-0.0
2022-10-18 21:00:00+00:00,-0.0
2022-10-18 22:00:00+00:00,-0.0
2022-10-18 23:00:00+00:00,-0.0
2022-10-19 00:00:00+00:00,-0.0
2022-10-19 01:00:00+00:00,-0.0
2022-10-19 02:00:00+00:00,0.035752641602812656
2022-10-19 03:00:00+00:00,-0.0
2022-10-19 04:00:00+00:00,-0.0
2022-10-19 05:00:00+00:00,-0.0
2022-10-19 06:00:00+00:00,-0.0
2022-10-19 07:00:00+00:00,-0.0
2022-10-19 08:00:00+00:00,-0.0
2022-10-19 09:00:00+00:00,-0.0
2022-10-19 10:00:00+00:00,-0.0
2022-10-19 11:00:00+00:00,-0.0
2022-10-19 12:00:00+00:00,-0.0
2022-10-19 13:00:00+00:00,-0.0
2022-10-19 14:00:00+00:00,-0.0
2022-10-19 15:00:00+00:00,-0.0
2022-10-19 16:00:00+00:00,-0.0
2022-10-19 17:00:00+00:00,-0.0
2022-10-19 18:00:00+00:00,-0.0
2022-10-19 19:00:00+00:00,-0.0
2022-10-19 20:00:00+00:00,-0.0
2022-10-19 21:00:00+00:00,-0.0
2022-10-19 22:00:00+00:00,-0.0
2022-10-19 23:00:00+00:00,-0.0
2022-10-20 00:00:00+00:00,-0.0
2022-10-20 01:00:00+00:00,-0.0
2022-10-20 02:00:00+00:00,-0.0
2022-10-20 03:00:00+00:00,-0.0
2022-10-20 04:00:00+00:00,-0.0
2022-10-20 05:00:00+00:00,-0.0
2022-10-20 06:00:00+00:00,-0.0
2022-10-20 07:00:00+00:00,-0.0
2022-10-20 08:00:00+00:00,-0.0
2022-10-20 09:00:00+00:00,-0.0
2022-10-20 10:00:00+00:00,-0.0
2022-10-20 11:00:00+00:00,-0.0
2022-10-20 12:00:00+00:00,-0.0
2022-10-20 13:00:00+00:00,-0.0
2022-10-20 14:00:00+00:00,-0.0
2022-10-20 15:00:00+00:00,-0.0
2022-10-20 16:00:00+00:00,-0.0
2022-10-20 17:00:00+00:00,-0.0
2022-10-20 18:00:00+00:00,-0.0
2022-10-20 19:00:00+00:00,-0.0
2022-10-20 20:00:00+00:00,-0.0
2022-10-20 21:00:00+00:00,-0.0
2022-10-20 22:00:00+00:00,-0.0
2022-10-20 23:00:00+00:00,-0.0
2022-10-21 00:00:00+00:00,-0.0
2022-10-21 01:00:00+00:00,-0.0
2022-10-21 02:00:00+00:00,-0.0
2022-10-21 03:00:00+00:00,-0.0
2022-10-21 04:00:00+00:00,-0.0
2022-10-21 05:00:00+00:00,-0.0
2022-10-21 06:00:00+00:00,-0.0
2022-10-21 07:00:00+00:00,-0.0
2022-10-21 08:00:00+00:00,-0.0
2022-10-21 09:00:00+00:00,-0.0
2022-10-21 10:00:00+00:00,-0.0
2022-10-21 11:00:00+00:00,-0.0
2022-10-21 12:00:00+00:00,-0.0
2022-10-21 13:00:00+00:00,-0.0
2022-10-21 14:00:00+00:00,-0.0
2022-10-21 15:00:00+00:00,-0.0
2022-10-21 16:00:00+00:00,-0.0
2022-10-21 17:00:00+00:00,-0.0
2022-10-21 18:00:00+00:00,-0.0
2022-10-21 19:00:00+00:00,-0.0
2022-10-21 20:00:00+00:00,-0.0
2022-10-21 21:00:00+00:00,-0.0
2022-10-21 22:00:00+00:00,-0.0
2022-10-21 23:00:00+00:00,-0.0
2022-10-22 00:00:00+00:00,-0.0
2022-10-22 01:00:00+00:00,-0.0
2022-10-22 02:00:00+00:00,-0.0
2022-10-22 03:00:00+00:00,-0.0
2022-10-22 04:00:00+00:00,-0.0
2022-10-22 05:00:00+00:00,-0.0
2022-10-22 06:00:00+00:00,-0.0
2022-10-22 07:00:00+00:00,-0.0
2022-10-22 08:00:00+00:00,-0.0
2022-10-22 09:00:00+00:00,-0.0
2022-10-22 10:00:00+00:00,-0.0
2022-10-22 11:00:00+00:00,-0.0
2022-10-22 12:00:00+00:00,-0.0
2022-10-22 13:00:00+00:00,-0.0
2022-10-22 14:00:00+00:00,-0.0
2022-10-22 15:00:00+00:00,-0.0
2022-10-22 16:00:00+00:00,-0.0
2022-10-22 17:00:00+00:00,-0.0
2022-10-22 18:00:00+00:00,-0.0
2022-10-22 19:00:00+00:00,-0.0
2022-10-22 20:00:00+00:00,-0.0
2022-10-22 21:00:00+00:00,-0.0
2022-10-22 22:00:00+00:00,-0.0
2022-10-22 23:00:00+00:00,-0.0
2022-10-23 00:00:00+00:00,-0.0
2022-10-23 01:00:00+00:00,-0.0
2022-10-23 02:00:00+00:00,-0.0
2022-10-23 03:00:00+00:00,-0.0
2022-10-23 04:00:00+00:00,-0.0
2022-10-23 05:00:00+00:00,-0.0
2022-10-23 06:00:00+00:00,-0.0
2022-10-23 07:00:00+00:00,-0.0
2022-10-23 08:00:00+00:00,-0.0
2022-10-23 09:00:00+00:00,-0.0
2022-10-23 10:00:00+00:00,-0.0
2022-10-23 11:00:00+00:00,-0.0
2022-10-23 12:00:00+00:00,-0.0
2022-10-23 13:00:00+00:00,-0.0
2022-10-23 14:00:00+00:00,-0.0
2022-10-23 15:00:00+00:00,-0.0
2022-10-23 16:00:00+00:00,-0.0
2022-10-23 17:00:00+00:00,-0.0
2022-10-23 18:00:00+00:00,-0.0
2022-10-23 19:00:00+00:00,-0.0
2022-10-23 20:00:00+00:00,-0.0
2022-10-23 21:00:00+00:00,-0.0
2022-10-23 22:00:00+00:00,-0.0
2022-10-23 23:00:00+00:00,-0.0
2022-10-24 00:00:00+00:00,-0.06730149371549633
2022-10-24 01:00:00+00:00,-0.0
2022-10-24 02:00:00+00:00,-0.0
2022-10-24 03:00:00+00:00,-0.0
2022-10-24 04:00:00+00:00,-0.0
2022-10-24 05:00:00+00:00,-0.0
2022-10-24 06:00:00+00:00,-0.0
2022-10-24 07:00:00+00:00,-0.0
2022-10-24 08:00:00+00:00,-0.0
2022-10-24 09:00:00+00:00,-0.0
2022-10-24 10:00:00+00:00,-0.0
2022-10-24 11:00:00+00:00,-0.0
2022-10-24 12:00:00+00:00,-0.0
2022-10-24 13:00:00+00:00,-0.0
2022-10-24 14:00:00+00:00,-0.0
2022-10-24 15:00:00+00:00,-0.0
2022-10-24 16:00:00+00:00,-0.0
2022-10-24 17:00:00+00:00,-0.0
2022-10-24 18:00:00+00:00,-0.0
2022-10-24 19:00:00+00:00,-0.0
2022-10-24 20:00:00+00:00,-0.0
2022-10-24 21:00:00+00:00,-0.0
2022-10-24 22:00:00+00:00,-0.0
2022-10-24 23:00:00+00:00,-0.0
2022-10-25 00:00:00+00:00,-0.0
2022-10-25 01:00:00+00:00,-0.0
2022-10-25 02:00:00+00:00,-0.0
2022-10-25 03:00:00+00:00,-0.0
2022-10-25 04:00:00+00:00,-0.0
2022-10-25 05:00:00+00:00,-0.0
2022-10-25 06:00:00+00:00,-0.0
2022-10-25 07:00:00+00:00,-0.0
2022-10-25 08:00:00+00:00,-0.0
2022-10-25 09:00:00+00:00,-0.0
2022-10-25 10:00:00+00:00,-0.0
2022-10-25 11:00:00+00:00,-0.0
2022-10-25 12:00:00+00:00,-0.0
2022-10-25 13:00:00+00:00,-0.0
2022-10-25 14:00:00+00:00,-0.0
2022-10-25 15:00:00+00:00,-0.0
2022-10-25 16:00:00+00:00,-0.0
2022-10-25 17:00:00+00:00,-0.0
2022-10-25 18:00:00+00:00,-0.0
2022-10-25 19:00:00+00:00,-0.0
2022-10-25 20:00:00+00:00,-0.0
2022-10-25 21:00:00+00:00,-0.0
2022-10-25 22:00:00+00:00,-0.0
2022-10-25 23:00:00+00:00,-0.0
2022-10-26 00:00:00+00:00,-0.0
2022-10-26 01:00:00+00:00,-0.0
2022-10-26 02:00:00+00:00,-0.0
2022-10-26 03:00:00+00:00,-0.0
2022-10-26 04:00:00+00:00,-0.0
2022-10-26 05:00:00+00:00,-0.0
2022-10-26 06:00:00+00:00,-0.0
2022-10-26 07:00:00+00:00,-0.0
2022-10-26 08:00:00+00:00,-0.0
2022-10-26 09:00:00+00:00,-0.0
2022-10-26 10:00:00+00:00,-0.0
2022-10-26 11:00:00+00:00,-0.0
2022-10-26 12:00:00+00:00,-0.0
2022-10-26 13:00:00+00:00,-0.0
2022-10-26 14:00:00+00:00,-0.0
2022-10-26 15:00:00+00:00,-0.0
2022-10-26 16:00:00+00:00,-0.0
2022-10-26 17:00:00+00:00,-0.0
2022-10-26 18:00:00+00:00,-0.0
2022-10-26 19:00:00+00:00,-0.0
2022-10-26 20:00:00+00:00,-0.0
2022-10-26 21:00:00+00:00,-0.0
2022-10-26 22:00:00+00:00,-0.0
2022-10-26 23:00:00+00:00,-0.0
2022-10-27 00:00:00+00:00,-0.0
2022-10-27 01:00:00+00:00,-0.0
2022-10-27 02:00:00+00:00,-0.0
2022-10-27 03:00:00+00:00,-0.0
2022-10-27 04:00:00+00:00,-0.0
2022-10-27 05:00:00+00:00,-0.07240130094477724
2022-10-27 06:00:00+00:00,-0.0
2022-10-27 07:00:00+00:00,-0.0
2022-10-27 08:00:00+00:00,-0.0
2022-10-27 09:00:00+00:00,-0.0
2022-10-27 10:00:00+00:00,-0.0
2022-10-27 11:00:00+00:00,-0.0
2022-10-27 12:00:00+00:00,-0.0
2022-10-27 13:00:00+00:00,-0.0
2022-10-27 14:00:00+00:00,-0.0
2022-10-27 15:00:00+00:00,-0.0
2022-10-27 16:00:00+00:00,-0.0
2022-10-27 17:00:00+00:00,-0.0
2022-10-27 18:00:00+00:00,-0.0
2022-10-27 19:00:00+00:00,-0.0
2022-10-27 20:00:00+00:00,0.03617566503391253
2022-10-27 21:00:00+00:00,-0.0
2022-10-27 22:00:00+00:00,-0.0
2022-10-27 23:00:00+00:00,-0.0
2022-10-28 00:00:00+00:00,-0.0
2022-10-28 01:00:00+00:00,-0.0
2022-10-28 02:00:00+00:00,-0.0
2022-10-28 03:00:00+00:00,-0.0
2022-10-28 04:00:00+00:00,-0.0
2022-10-28 05:00:00+00:00,-0.0
2022-10-28 06:00:00+00:00,-0.0
2022-10-28 07:00:00+00:00,-0.0
2022-10-28 08:00:00+00:00,-0.0
2022-10-28 09:00:00+00:00,-0.0
2022-10-28 10:00:00+00:00,-0.0
2022-10-28 11:00:00+00:00,-0.0
2022-10-28 12:00:00+00:00,-0.0
2022-10-28 13:00:00+00:00,-0.0
2022-10-28 14:00:00+00:00,-0.0
2022-10-28 15:00:00+00:00,-0.0
2022-10-28 16:00:00+00:00,-0.0
2022-10-28 17:00:00+00:00,-0.0
2022-10-28 18:00:00+00:00,-0.0
2022-10-28 19:00:00+00:00,-0.0
2022-10-28 20:00:00+00:00,-0.0
2022-10-28 21:00:00+00:00,-0.0
2022-10-28 22:00:00+00:00,-0.0
2022-10-28 23:00:00+00:00,-0.0
2022-10-29 00:00:00+00:00,-0.0
2022-10-29 01:00:00+00:00,-0.0
2022-10-29 02:00:00+00:00,-0.0
2022-10-29 03:00:00+00:00,-0.0
2022-10-29 04:00:00+00:00,-0.0
2022-10-29 05:00:00+00:00,-0.0
2022-10-29 06:00:00+00:00,-0.0
2022-10-29 07:00:00+00:00,-0.0
2022-10-29 08:00:00+00:00,-0.0
2022-10-29 09:00:00+00:00,-0.0
2022-10-29 10:00:00+00:00,-0.0
2022-10-29 11:00:00+00:00,-0.0
2022-10-29 12:00:00+00:00,-0.0
2022-10-29 13:00:00+00:00,-0.0
2022-10-29 14:00:00+00:00,-0.0
2022-10-29 15:00:00+00:00,-0.0
2022-10-29 16:00:00+00:00,-0.0
2022-10-29 17:00:00+00:00,-0.0
2022-10-29 18:00:00+00:00,-0.0
2022-10-29 19:00:00+00:00,-0.0
2022-10-29 20:00:00+00:00,-0.0
2022-10-29 21:00:00+00:00,-0.0
2022-10-29 22:00:00+00:00,-0.0
2022-10-29 23:00:00+00:00,-0.0
2022-10-30 00:00:00+00:00,-0.0
2022-10-30 01:00:00+00:00,-0.0
2022-10-30 02:00:00+00:00,-0.0
2022-10-30 03:00:00+00:00,-0.0
2022-10-30 04:00:00+00:00,-0.0
2022-10-30 05:00:00+00:00,-0.0
2022-10-30 06:00:00+00:00,-0.0
2022-10-30 07:00:00+00:00,-0.0
2022-10-30 08:00:00+00:00,-0.0
2022-10-30 09:00:00+00:00,-0.0
2022-10-30 10:00:00+00:00,-0.0
2022-10-30 11:00:00+00:00,-0.0
2022-10-30 12:00:00+00:00,-0.0
2022-10-30 13:00:00+00:00,-0.0
2022-10-30 14:00:00+00:00,-0.0
2022-10-30 15:00:00+00:00,-0.0
2022-10-30 16:00:00+00:00,-0.0
2022-10-30 17:00:00+00:00,-0.0
2022-10-30 18:00:00+00:00,-0.0
2022-10-30 19:00:00+00:00,-0.0
2022-10-30 20:00:00+00:00,-0.0
2022-10-30 21:00:00+00:00,-0.0
2022-10-30 22:00:00+00:00,-0.0
2022-10-30 23:00:00+00:00,-0.0
2022-10-31 00:00:00+00:00,-0.0
2022-10-31 01:00:00+00:00,-0.0
2022-10-31 02:00:00+00:00,-0.0
2022-10-31 03:00:00+00:00,-0.0
2022-10-31 04:00:00+00:00,-0.0
2022-10-31 05:00:00+00:00,-0.0
2022-10-31 06:00:00+00:00,-0.0
2022-10-31 07:00:00+00:00,-0.0
2022-10-31 08:00:00+00:00,-0.0
2022-10-31 09:00:00+00:00,-0.0
2022-10-31 10:00:00+00:00,-0.0
2022-10-31 11:00:00+00:00,-0.0
2022-10-31 12:00:00+00:00,-0.0
2022-10-31 13:00:00+00:00,-0.0
2022-10-31 14:00:00+00:00,-0.0
2022-10-31 15:00:00+00:00,-0.0
2022-10-31 16:00:00+00:00,-0.11429409584700158
2022-10-31 17:00:00+00:00,-0.0
2022-10-31 18:00:00+00:00,-0.0
2022-10-31 19:00:00+00:00,-0.0
2022-10-31 20:00:00+00:00,-0.0
2022-10-31 21:00:00+00:00,-0.0
2022-10-31 22:00:00+00:00,-0.0
2022-10-31 23:00:00+00:00,-0.0
2022-11-01 00:00:00+00:00,-0.0
2022-11-01 01:00:00+00:00,-0.0
2022-11-01 02:00:00+00:00,-0.0
2022-11-01 03:00:00+00:00,-0.0
2022-11-01 04:00:00+00:00,-0.0
2022-11-01 05:00:00+00:00,-0.0
2022-11-01 06:00:00+00:00,-0.0
2022-11-01 07:00:00+00:00,-0.0
2022-11-01 08:00:00+00:00,-0.0
2022-11-01 09:00:00+00:00,-0.0
2022-11-01 10:00:00+00:00,-0.0
2022-11-01 11:00:00+00:00,-0.0
2022-11-01 12:00:00+00:00,-0.0
2022-11-01 13:00:00+00:00,-0.0
2022-11-01 14:00:00+00:00,-0.0
2022-11-01 15:00:00+00:00,-0.0
2022-11-01 16:00:00+00:00,-0.0
2022-11-01 17:00:00+00:00,-0.0
2022-11-01 18:00:00+00:00,-0.0
2022-11-01 19:00:00+00:00,-0.0
2022-11-01 20:00:00+00:00,-0.0
2022-11-01 21:00:00+00:00,-0.0
2022-11-01 22:00:00+00:00,-0.0
2022-11-01 23:00:00+00:00,-0.0
2022-11-02 00:00:00+00:00,-0.0
2022-11-02 01:00:00+00:00,-0.0
2022-11-02 02:00:00+00:00,-0.0
2022-11-02 03:00:00+00:00,-0.0
2022-11-02 04:00:00+00:00,-0.0
2022-11-02 05:00:00+00:00,-0.0
2022-11-02 06:00:00+00:00,-0.0
2022-11-02 07:00:00+00:00,-0.0
2022-11-02 08:00:00+00:00,-0.0
2022-11-02 09:00:00+00:00,-0.0
2022-11-02 10:00:00+00:00,-0.0
2022-11-02 11:00:00+00:00,-0.0
2022-11-02 12:00:00+00:00,-0.0
2022-11-02 13:00:00+00:00,-0.0
2022-11-02 14:00:00+00:00,-0.0
2022-11-02 15:00:00+00:00,-0.0
2022-11-02 16:00:00+00:00,-0.0
2022-11-02 17:00:00+00:00,-0.0
2022-11-02 18:00:00+00:00,-0.0
2022-11-02 19:00:00+00:00,-0.0
2022-11-02 20:00:00+00:00,-0.0
2022-11-02 21:00:00+00:00,-0.0
2022-11-02 22:00:00+00:00,-0.0
2022-11-02 23:00:00+00:00,-0.0
2022-11-03 00:00:00+00:00,-0.0
2022-11-03 01:00:00+00:00,-0.0
2022-11-03 02:00:00+00:00,-0.0
2022-11-03 03:00:00+00:00,-0.0
2022-11-03 04:00:00+00:00,-0.0
2022-11-03 05:00:00+00:00,-0.0
2022-11-03 06:00:00+00:00,-0.0
2022-11-03 07:00:00+00:00,-0.0
2022-11-03 08:00:00+00:00,-0.0
2022-11-03 09:00:00+00:00,-0.0
2022-11-03 10:00:00+00:00,-0.0
2022-11-03 11:00:00+00:00,-0.0
2022-11-03 12:00:00+00:00,-0.0
2022-11-03 13:00:00+00:00,-0.0
2022-11-03 14:00:00+00:00,-0.0
2022-11-03 15:00:00+00:00,-0.0
2022-11-03 16:00:00+00:00,-0.0
2022-11-03 17:00:00+00:00,-0.0
2022-11-03 18:00:00+00:00,-0.0
2022-11-03 19:00:00+00:00,-0.0
2022-11-03 20:00:00+00:00,-0.0
2022-11-03 21:00:00+00:00,-0.0
2022-11-03 22:00:00+00:00,-0.0
2022-11-03 23:00:00+00:00,-0.0
2022-11-04 00:00:00+00:00,-0.0
2022-11-04 01:00:00+00:00,-0.0
2022-11-04 02:00:00+00:00,-0.0
2022-11-04 03:00:00+00:00,-0.0
2022-11-04 04:00:00+00:00,-0.0
2022-11-04 05:00:00+00:00,-0.0
2022-11-04 06:00:00+00:00,-0.0
2022-11-04 07:00:00+00:00,-0.0
2022-11-04 08:00:00+00:00,-0.0
2022-11-04 09:00:00+00:00,-0.0
2022-11-04 10:00:00+00:00,-0.0
2022-11-04 11:00:00+00:00,-0.0
2022-11-04 12:00:00+00:00,-0.0
2022-11-04 13:00:00+00:00,-0.0
2022-11-04 14:00:00+00:00,-0.0
2022-11-04 15:00:00+00:00,-0.0
2022-11-04 16:00:00+00:00,-0.0
2022-11-04 17:00:00+00:00,-0.0
2022-11-04 18:00:00+00:00,-0.0
2022-11-04 19:00:00+00:00,-0.0
2022-11-04 20:00:00+00:00,-0.0
2022-11-04 21:00:00+00:00,-0.0
2022-11-04 22:00:00+00:00,-0.0
2022-11-04 23:00:00+00:00,-0.0
2022-11-05 00:00:00+00:00,-0.0
2022-11-05 01:00:00+00:00,-0.0
2022-11-05 02:00:00+00:00,-0.0
2022-11-05 03:00:00+00:00,-0.0
2022-11-05 04:00:00+00:00,-0.0
2022-11-05 05:00:00+00:00,-0.0
2022-11-05 06:00:00+00:00,-0.0
2022-11-05 07:00:00+00:00,-0.0
2022-11-05 08:00:00+00:00,-0.0
2022-11-05 09:00:00+00:00,-0.0
2022-11-05 10:00:00+00:00,-0.0
2022-11-05 11:00:00+00:00,-0.0
2022-11-05 12:00:00+00:00,-0.0
2022-11-05 13:00:00+00:00,-0.0
2022-11-05 14:00:00+00:00,-0.0
2022-11-05 15:00:00+00:00,-0.10239605290728726
2022-11-05 16:00:00+00:00,-0.0
2022-11-05 17:00:00+00:00,-0.0
2022-11-05 18:00:00+00:00,-0.0
2022-11-05 19:00:00+00:00,-0.0
2022-11-05 20:00:00+00:00,-0.0
2022-11-05 21:00:00+00:00,-0.0
2022-11-05 22:00:00+00:00,-0.0
2022-11-05 23:00:00+00:00,-0.0
2022-11-06 00:00:00+00:00,-0.0
2022-11-06 01:00:00+00:00,0.06036951935455515
2022-11-06 02:00:00+00:00,-0.0
2022-11-06 03:00:00+00:00,-0.0
2022-11-06 04:00:00+00:00,-0.0
2022-11-06 05:00:00+00:00,-0.0
2022-11-06 06:00:00+00:00,0.042948985532591966
2022-11-06 07:00:00+00:00,-0.0
2022-11-06 08:00:00+00:00,-0.0
2022-11-06 09:00:00+00:00,-0.0
2022-11-06 10:00:00+00:00,-0.0
2022-11-06 11:00:00+00:00,-0.0
2022-11-06 12:00:00+00:00,-0.0
2022-11-06 13:00:00+00:00,-0.0
2022-11-06 14:00:00+00:00,-0.0
2022-11-06 15:00:00+00:00,-0.0
2022-11-06 16:00:00+00:00,-0.0
2022-11-06 17:00:00+00:00,-0.0
2022-11-06 18:00:00+00:00,-0.0
2022-11-06 19:00:00+00:00,-0.0
2022-11-06 20:00:00+00:00,-0.0
2022-11-06 21:00:00+00:00,-0.0
2022-11-06 22:00:00+00:00,-0.0
2022-11-06 23:00:00+00:00,-0.0
2022-11-07 00:00:00+00:00,-0.0
2022-11-07 01:00:00+00:00,-0.0
2022-11-07 02:00:00+00:00,-0.0
2022-11-07 03:00:00+00:00,-0.0
2022-11-07 04:00:00+00:00,-0.0
2022-11-07 05:00:00+00:00,-0.0
2022-11-07 06:00:00+00:00,-0.0
2022-11-07 07:00:00+00:00,-0.0
2022-11-07 08:00:00+00:00,-0.0
2022-11-07 09:00:00+00:00,-0.0
2022-11-07 10:00:00+00:00,-0.0
2022-11-07 11:00:00+00:00,-0.0
2022-11-07 12:00:00+00:00,-0.0
2022-11-07 13:00:00+00:00,-0.0
2022-11-07 14:00:00+00:00,-0.0
2022-11-07 15:00:00+00:00,-0.0
2022-11-07 16:00:00+00:00,-0.0
2022-11-07 17:00:00+00:00,-0.0
2022-11-07 18:00:00+00:00,-0.0
2022-11-07 19:00:00+00:00,-0.0
2022-11-07 20:00:00+00:00,-0.0
2022-11-07 21:00:00+00:00,-0.0
2022-11-07 22:00:00+00:00,0.06577373816539148
2022-11-07 23:00:00+00:00,-0.0
2022-11-08 00:00:00+00:00,-0.0
2022-11-08 01:00:00+00:00,-0.0
2022-11-08 02:00:00+00:00,-0.0
2022-11-08 03:00:00+00:00,-0.0
2022-11-08 04:00:00+00:00,-0.0
2022-11-08 05:00:00+00:00,-0.0
2022-11-08 06:00:00+00:00,-0.0
2022-11-08 07:00:00+00:00,-0.0
2022-11-08 08:00:00+00:00,-0.0
2022-11-08 09:00:00+00:00,-0.0
2022-11-08 10:00:00+00:00,-0.0
2022-11-08 11:00:00+00:00,-0.0
2022-11-08 12:00:00+00:00,-0.0
2022-11-08 13:00:00+00:00,-0.0
2022-11-08 14:00:00+00:00,-0.0
2022-11-08 15:00:00+00:00,-0.0
2022-11-08 16:00:00+00:00,-0.0
2022-11-08 17:00:00+00:00,0.10029004536503487
2022-11-08 18:00:00+00:00,-0.0
2022-11-08 19:00:00+00:00,-0.0
2022-11-08 20:00:00+00:00,-0.0
2022-11-08 21:00:00+00:00,-0.0
2022-11-08 22:00:00+00:00,-0.0
2022-11-08 23:00:00+00:00,-0.0
2022-11-09 00:00:00+00:00,-0.0
2022-11-09 01:00:00+00:00,-0.0
2022-11-09 02:00:00+00:00,-0.0
2022-11-09 03:00:00+00:00,-0.0
2022-11-09 04:00:00+00:00,-0.0
2022-11-09 05:00:00+00:00,-0.0
2022-11-09 06:00:00+00:00,-0.0
2022-11-09 07:00:00+00:00,-0.0
2022-11-09 08:00:00+00:00,-0.0
2022-11-09 09:00:00+00:00,-0.0
2022-11-09 10:00:00+00:00,-0.0
2022-11-09 11:00:00+00:00,-0.0
2022-11-09 12:00:00+00:00,-0.0
2022-11-09 13:00:00+00:00,-0.0
2022-11-09 14:00:00+00:00,-0.0
2022-11-09 15:00:00+00:00,-0.0
2022-11-09 16:00:00+00:00,-0.0
2022-11-09 17:00:00+00:00,-0.0
2022-11-09 18:00:00+00:00,-0.0
2022-11-09 19:00:00+00:00,-0.0
2022-11-09 20:00:00+00:00,-0.0
2022-11-09 21:00:00+00:00,-0.0
2022-11-09 22:00:00+00:00,-0.0
2022-11-09 23:00:00+00:00,-0.0
2022-11-10 00:00:00+00:00,-0.0
2022-11-10 01:00:00+00:00,-0.0
2022-11-10 02:00:00+00:00,-0.0
2022-11-10 03:00:00+00:00,-0.0
2022-11-10 04:00:00+00:00,-0.0
2022-11-10 05:00:00+00:00,-0.0
2022-11-10 06:00:00+00:00,-0.0
2022-11-10 07:00:00+00:00,-0.0
2022-11-10 08:00:00+00:00,-0.0
2022-11-10 09:00:00+00:00,-0.0
2022-11-10 10:00:00+00:00,-0.0
2022-11-10 11:00:00+00:00,-0.0
2022-11-10 12:00:00+00:00,-0.0
2022-11-10 13:00:00+00:00,-0.0
2022-11-10 14:00:00+00:00,-0.0
2022-11-10 15:00:00+00:00,-0.0
2022-11-10 16:00:00+00:00,-0.0
2022-11-10 17:00:00+00:00,-0.0
2024-04-17 08:00:00+00:00,0.4046160168431597
2024-04-17 09:00:00+00:00,-0.0
2024-04-17 10:00:00+00:00,-0.0
2024-04-17 11:00:00+00:00,-0.0
2024-04-17 12:00:00+00:00,-0.0
2024-04-17 13:00:00+00:00,-0.0
2024-04-17 14:00:00+00:00,-0.0
2024-04-17 15:00:00+00:00,-0.0
2024-04-17 16:00:00+00:00,-0.0
2024-04-17 17:00:00+00:00,-0.0
2024-04-17 18:00:00+00:00,-0.0
2024-04-17 19:00:00+00:00,-0.0
2024-04-17 20:00:00+00:00,-0.0
2024-04-17 21:00:00+00:00,-0.0
2024-04-17 22:00:00+00:00,-0.0
2024-04-17 23:00:00+00:00,-0.0
2024-04-18 00:00:00+00:00,-0.0
2024-04-18 01:00:00+00:00,-0.0
2024-04-18 02:00:00+00:00,-0.0
2024-04-18 03:00:00+00:00,-0.0
2024-04-18 04:00:00+00:00,-0.0
2024-04-18 05:00:00+00:00,-0.0
2024-04-18 06:00:00+00:00,-0.0
2024-04-18 07:00:00+00:00,-0.0
2024-04-18 08:00:00+00:00,-0.0
2024-04-18 09:00:00+00:00,-0.0
2024-04-18 10:00:00+00:00,-0.0
2024-04-18 11:00:00+00:00,-0.0
2024-04-18 12:00:00+00:00,-0.0
2024-04-18 13:00:00+00:00,-0.0
2024-04-18 14:00:00+00:00,-0.0
2024-04-18 15:00:00+00:00,-0.0
2024-04-18 16:00:00+00:00,-0.0
2024-04-18 17:00:00+00:00,-0.0
2024-04-18 18:00:00+00:00,-0.0
2024-04-18 19:00:00+00:00,-0.0
2024-04-18 20:00:00+00:00,-0.0
2024-04-18 21:00:00+00:00,-0.0
2024-04-18 22:00:00+00:00,-0.0
2024-04-18 23:00:00+00:00,-0.0
2024-04-19 00:00:00+00:00,-0.0
2024-04-19 01:00:00+00:00,-0.0
2024-04-19 02:00:00+00:00,-0.0
2024-04-19 03:00:00+00:00,-0.0
2024-04-19 04:00:00+00:00,-0.0
2024-04-19 05:00:00+00:00,-0.0
2024-04-19 06:00:00+00:00,-0.0
2024-04-19 07:00:00+00:00,-0.0
2024-04-19 08:00:00+00:00,-0.0
2024-04-19 09:00:00+00:00,-0.0
2024-04-19 10:00:00+00:00,-0.0
2024-04-19 11:00:00+00:00,-0.0
2024-04-19 12:00:00+00:00,-0.0
2024-04-19 13:00:00+00:00,-0.0
2024-04-19 14:00:00+00:00,-0.0
2024-04-19 15:00:00+00:00,-0.0
2024-04-19 16:00:00+00:00,-0.0
2024-04-19 17:00:00+00:00,-0.0
2024-04-19 18:00:00+00:00,-0.0
2024-04-19 19:00:00+00:00,-0.0
2024-04-19 20:00:00+00:00,-0.0
2024-04-19 21:00:00+00:00,-0.0
2024-04-19 22:00:00+00:00,-0.0
2024-04-19 23:00:00+00:00,-0.0
2024-04-20 00:00:00+00:00,-0.0
2024-04-20 01:00:00+00:00,-0.0
2024-04-20 02:00:00+00:00,-0.0
2024-04-20 03:00:00+00:00,-0.0
2024-04-20 04:00:00+00:00,-0.0
2024-04-20 05:00:00+00:00,-0.0
2024-04-20 06:00:00+00:00,-0.0
2024-04-20 07:00:00+00:00,-0.0
2024-04-20 08:00:00+00:00,-0.0
2024-04-20 09:00:00+00:00,-0.0
2024-04-20 10:00:00+00:00,-0.0
2024-04-20 11:00:00+00:00,-0.0
2024-04-20 12:00:00+00:00,-0.0
2024-04-20 13:00:00+00:00,-0.0
2024-04-20 14:00:00+00:00,-0.0
2024-04-20 15:00:00+00:00,-0.0
2024-04-20 16:00:00+00:00,-0.0
2024-04-20 17:00:00+00:00,-0.0
2024-04-20 18:00:00+00:00,-0.0
2024-04-20 19:00:00+00:00,-0.0
2024-04-20 20:00:00+00:00,-0.0
2024-04-20 21:00:00+00:00,-0.0
2024-04-20 22:00:00+00:00,-0.0
2024-04-20 23:00:00+00:00,-0.0
2024-04-21 00:00:00+00:00,-0.0
2024-04-21 01:00:00+00:00,-0.0
2024-04-21 02:00:00+00:00,-0.0
2024-04-21 03:00:00+00:00,-0.0
2024-04-21 04:00:00+00:00,-0.0
2024-04-21 05:00:00+00:00,-0.0
2024-04-21 06:00:00+00:00,-0.0
2024-04-21 07:00:00+00:00,-0.0
2024-04-21 08:00:00+00:00,-0.0
2024-04-21 09:00:00+00:00,-0.0
2024-04-21 10:00:00+00:00,-0.0
2024-04-21 11:00:00+00:00,-0.0
2024-04-21 12:00:00+00:00,-0.0
2024-04-21 13:00:00+00:00,-0.0
2024-04-21 14:00:00+00:00,-0.0
2024-04-21 15:00:00+00:00,-0.0
2024-04-21 16:00:00+00:00,0.011318172057450619
2024-04-21 17:00:00+00:00,-0.0
2024-04-21 18:00:00+00:00,-0.0
2024-04-21 19:00:00+00:00,-0.0
2024-04-21 20:00:00+00:00,-0.0
2024-04-21 21:00:00+00:00,-0.0
2024-04-21 22:00:00+00:00,-0.0
2024-04-21 23:00:00+00:00,-0.0
2024-04-22 00:00:00+00:00,-0.0
2024-04-22 01:00:00+00:00,-0.0
2024-04-22 02:00:00+00:00,-0.0
2024-04-22 03:00:00+00:00,-0.0
2024-04-22 04:00:00+00:00,-0.0
2024-04-22 05:00:00+00:00,-0.0
2024-04-22 06:00:00+00:00,-0.0
2024-04-22 07:00:00+00:00,-0.0
2024-04-22 08:00:00+00:00,-0.0
2024-04-22 09:00:00+00:00,-0.0
2024-04-22 10:00:00+00:00,-0.0
2024-04-22 11:00:00+00:00,-0.0
2024-04-22 12:00:00+00:00,-0.0
2024-04-22 13:00:00+00:00,-0.0
2024-04-22 14:00:00+00:00,-0.0
2024-04-22 15:00:00+00:00,0.012415561584657243
2024-04-22 16:00:00+00:00,-0.0
2024-04-22 17:00:00+00:00,-0.0
2024-04-22 18:00:00+00:00,-0.0
2024-04-22 19:00:00+00:00,-0.0
2024-04-22 20:00:00+00:00,-0.0
2024-04-22 21:00:00+00:00,-0.0
2024-04-22 22:00:00+00:00,-0.0
2024-04-22 23:00:00+00:00,-0.0
2024-04-23 00:00:00+00:00,-0.0
2024-04-23 01:00:00+00:00,-0.0
2024-04-23 02:00:00+00:00,-0.0
2024-04-23 03:00:00+00:00,-0.0
2024-04-23 04:00:00+00:00,-0.0
2024-04-23 05:00:00+00:00,-0.0
2024-04-23 06:00:00+00:00,-0.0
2024-04-23 07:00:00+00:00,-0.0
2024-04-23 08:00:00+00:00,-0.0
2024-04-23 09:00:00+00:00,-0.0
2024-04-23 10:00:00+00:00,-0.0
2024-04-23 11:00:00+00:00,-0.0
2024-04-23 12:00:00+00:00,-0.0
2024-04-23 13:00:00+00:00,-0.0
2024-04-23 14:00:00+00:00,-0.0
2024-04-23 15:00:00+00:00,-0.0
2024-04-23 16:00:00+00:00,-0.0
2024-04-23 17:00:00+00:00,-0.0
2024-04-23 18:00:00+00:00,-0.0
2024-04-23 19:00:00+00:00,-0.0
2024-04-23 20:00:00+00:00,-0.0
2024-04-23 21:00:00+00:00,-0.0
2024-04-23 22:00:00+00:00,-0.0
2024-04-23 23:00:00+00:00,-0.0
2024-04-24 00:00:00+00:00,-0.0
2024-04-24 01:00:00+00:00,-0.0
2024-04-24 02:00:00+00:00,-0.0
2024-04-24 03:00:00+00:00,-0.0
2024-04-24 04:00:00+00:00,-0.0
2024-04-24 05:00:00+00:00,-0.0
2024-04-24 06:00:00+00:00,-0.0
2024-04-24 07:00:00+00:00,-0.0
2024-04-24 08:00:00+00:00,-0.0
2024-04-24 09:00:00+00:00,-0.0
2024-04-24 10:00:00+00:00,-0.0
2024-04-24 11:00:00+00:00,-0.0
2024-04-24 12:00:00+00:00,-0.0
2024-04-24 13:00:00+00:00,-0.0
2024-04-24 14:00:00+00:00,-0.0
2024-04-24 15:00:00+00:00,-0.0
2024-04-24 16:00:00+00:00,-0.0
2024-04-24 17:00:00+00:00,-0.0
2024-04-24 18:00:00+00:00,-0.0
2024-04-24 19:00:00+00:00,-0.0
2024-04-24 20:00:00+00:00,-0.0
2024-04-24 21:00:00+00:00,-0.0
2024-04-24 22:00:00+00:00,-0.0
2024-04-24 23:00:00+00:00,-0.0
2024-04-25 00:00:00+00:00,-0.0
2024-04-25 01:00:00+00:00,-0.0
2024-04-25 02:00:00+00:00,-0.0
2024-04-25 03:00:00+00:00,-0.0
2024-04-25 04:00:00+00:00,-0.0
2024-04-25 05:00:00+00:00,-0.0
2024-04-25 06:00:00+00:00,-0.0
2024-04-25 07:00:00+00:00,-0.0
2024-04-25 08:00:00+00:00,-0.0
2024-04-25 09:00:00+00:00,-0.0
2024-04-25 10:00:00+00:00,-0.0
2024-04-25 11:00:00+00:00,-0.0
2024-04-25 12:00:00+00:00,-0.0
2024-04-25 13:00:00+00:00,-0.0
2024-04-25 14:00:00+00:00,-0.0
2024-04-25 15:00:00+00:00,-0.0
2024-04-25 16:00:00+00:00,-0.0
2024-04-25 17:00:00+00:00,-0.0
2024-04-25 18:00:00+00:00,-0.0
2024-04-25 19:00:00+00:00,-0.0
2024-04-25 20:00:00+00:00,-0.0
2024-04-25 21:00:00+00:00,-0.0
2024-04-25 22:00:00+00:00,-0.0
2024-04-25 23:00:00+00:00,-0.0
2024-04-26 00:00:00+00:00,-0.0
2024-04-26 01:00:00+00:00,-0.0
2024-04-26 02:00:00+00:00,-0.0
2024-04-26 03:00:00+00:00,-0.0
2024-04-26 04:00:00+00:00,-0.0
2024-04-26 05:00:00+00:00,-0.0
2024-04-26 06:00:00+00:00,-0.0
2024-04-26 07:00:00+00:00,-0.0
2024-04-26 08:00:00+00:00,-0.0
2024-04-26 09:00:00+00:00,-0.0
2024-04-26 10:00:00+00:00,-0.0
2024-04-26 11:00:00+00:00,-0.0
2024-04-26 12:00:00+00:00,-0.0
2024-04-26 13:00:00+00:00,-0.0
2024-04-26 14:00:00+00:00,-0.0
2024-04-26 15:00:00+00:00,-0.0
2024-04-26 16:00:00+00:00,-0.0
2024-04-26 17:00:00+00:00,-0.0
2024-04-26 18:00:00+00:00,-0.0
2024-04-26 19:00:00+00:00,-0.0
2024-04-26 20:00:00+00:00,-0.0
2024-04-26 21:00:00+00:00,-0.0
2024-04-26 22:00:00+00:00,-0.0
2024-04-26 23:00:00+00:00,-0.0
2024-04-27 00:00:00+00:00,-0.0
2024-04-27 01:00:00+00:00,-0.0
2024-04-27 02:00:00+00:00,-0.0
2024-04-27 03:00:00+00:00,-0.0
2024-04-27 04:00:00+00:00,-0.0
2024-04-27 05:00:00+00:00,-0.0
2024-04-27 06:00:00+00:00,-0.0
2024-04-27 07:00:00+00:00,-0.0
2024-04-27 08:00:00+00:00,-0.0
2024-04-27 09:00:00+00:00,-0.0
2024-04-27 10:00:00+00:00,-0.0
2024-04-27 11:00:00+00:00,-0.0
2024-04-27 12:00:00+00:00,-0.0
2024-04-27 13:00:00+00:00,-0.0
2024-04-27 14:00:00+00:00,-0.0
2024-04-27 15:00:00+00:00,-0.0
2024-04-27 16:00:00+00:00,-0.0
2024-04-27 17:00:00+00:00,-0.0
2024-04-27 18:00:00+00:00,-0.0
2024-04-27 19:00:00+00:00,-0.0
2024-04-27 20:00:00+00:00,-0.0
2024-04-27 21:00:00+00:00,-0.0
2024-04-27 22:00:00+00:00,-0.0
2024-04-27 23:00:00+00:00,-0.0
2024-04-28 00:00:00+00:00,-0.0
2024-04-28 01:00:00+00:00,-0.0
2024-04-28 02:00:00+00:00,-0.0
2024-04-28 03:00:00+00:00,-0.021599998105329112
2024-04-28 04:00:00+00:00,-0.0
2024-04-28 05:00:00+00:00,-0.0
2024-04-28 06:00:00+00:00,-0.0
2024-04-28 07:00:00+00:00,-0.0
2024-04-28 08:00:00+00:00,-0.0
2024-04-28 09:00:00+00:00,-0.0
2024-04-28 10:00:00+00:00,-0.0
2024-04-28 11:00:00+00:00,-0.0
2024-04-28 12:00:00+00:00,-0.0
2024-04-28 13:00:00+00:00,-0.0
2024-04-28 14:00:00+00:00,-0.0
2024-04-28 15:00:00+00:00,-0.0
2024-04-28 16:00:00+00:00,-0.0
2024-04-28 17:00:00+00:00,-0.0
2024-04-28 18:00:00+00:00,-0.0
2024-04-28 19:00:00+00:00,-0.0
2024-04-28 20:00:00+00:00,-0.0
2024-04-28 21:00:00+00:00,-0.0
2024-04-28 22:00:00+00:00,-0.0
2024-04-28 23:00:00+00:00,-0.0
2024-04-29 00:00:00+00:00,-0.0
2024-04-29 01:00:00+00:00,-0.0
2024-04-29 02:00:00+00:00,-0.0
2024-04-29 03:00:00+00:00,-0.0
2024-04-29 04:00:00+00:00,-0.0
2024-04-29 05:00:00+00:00,-0.0
2024-04-29 06:00:00+00:00,-0.0
2024-04-29 07:00:00+00:00,-0.0
2024-04-29 08:00:00+00:00,-0.0
2024-04-29 09:00:00+00:00,-0.0
2024-04-29 10:00:00+00:00,-0.0
2024-04-29 11:00:00+00:00,-0.0
2024-04-29 12:00:00+00:00,-0.0
2024-04-29 13:00:00+00:00,-0.0
2024-04-29 14:00:00+00:00,-0.0
2024-04-29 15:00:00+00:00,-0.0
2024-04-29 16:00:00+00:00,-0.0
2024-04-29 17:00:00+00:00,-0.0
2024-04-29 18:00:00+00:00,-0.0
2024-04-29 19:00:00+00:00,-0.0
2024-04-29 20:00:00+00:00,-0.0
2024-04-29 21:00:00+00:00,-0.0
2024-04-29 22:00:00+00:00,-0.0
2024-04-29 23:00:00+00:00,-0.0
2024-04-30 00:00:00+00:00,-0.0
2024-04-30 01:00:00+00:00,-0.0
2024-04-30 02:00:00+00:00,-0.0
2024-04-30 03:00:00+00:00,-0.0
2024-04-30 04:00:00+00:00,-0.0
2024-04-30 05:00:00+00:00,-0.0
2024-04-30 06:00:00+00:00,-0.0
2024-04-30 07:00:00+00:00,-0.0
2024-04-30 08:00:00+00:00,-0.0
2024-04-30 09:00:00+00:00,-0.0
2024-04-30 10:00:00+00:00,-0.0
2024-04-30 11:00:00+00:00,-0.0
2024-04-30 12:00:00+00:00,-0.0
2024-04-30 13:00:00+00:00,-0.0
2024-04-30 14:00:00+00:00,-0.0
2024-04-30 15:00:00+00:00,-0.0
2024-04-30 16:00:00+00:00,-0.0
2024-04-30 17:00:00+00:00,-0.0
2024-04-30 18:00:00+00:00,-0.0
2024-04-30 19:00:00+00:00,-0.0
2024-04-30 20:00:00+00:00,-0.0
2024-04-30 21:00:00+00:00,-0.0
2024-04-30 22:00:00+00:00,-0.04437900360853256
2024-04-30 23:00:00+00:00,-0.0
2024-05-01 00:00:00+00:00,-0.0
2024-05-01 01:00:00+00:00,-0.0
2024-05-01 02:00:00+00:00,-0.0
2024-05-01 03:00:00+00:00,-0.0
2024-05-01 04:00:00+00:00,-0.0
2024-05-01 05:00:00+00:00,-0.0
2024-05-01 06:00:00+00:00,-0.0
2024-05-01 07:00:00+00:00,-0.0
2024-05-01 08:00:00+00:00,0.01928580864361229
2024-05-01 09:00:00+00:00,-0.0
2024-05-01 10:00:00+00:00,-0.0
2024-05-01 11:00:00+00:00,-0.0
2024-05-01 12:00:00+00:00,-0.0
2024-05-01 13:00:00+00:00,-0.0
2024-05-01 14:00:00+00:00,-0.0
2024-05-01 15:00:00+00:00,-0.0
2024-05-01 16:00:00+00:00,-0.0
2024-05-01 17:00:00+00:00,-0.0
2024-05-01 18:00:00+00:00,-0.0
2024-05-01 19:00:00+00:00,-0.0
2024-05-01 20:00:00+00:00,-0.0
2024-05-01 21:00:00+00:00,-0.0
2024-05-01 22:00:00+00:00,-0.0
2024-05-01 23:00:00+00:00,-0.0
2024-05-02 00:00:00+00:00,-0.0
2024-05-02 01:00:00+00:00,-0.0
2024-05-02 02:00:00+00:00,-0.0
2024-05-02 03:00:00+00:00,-0.0
2024-05-02 04:00:00+00:00,-0.0
2024-05-02 05:00:00+00:00,-0.0
2024-05-02 06:00:00+00:00,-0.0
2024-05-02 07:00:00+00:00,-0.0
2024-05-02 08:00:00+00:00,-0.0
2024-05-02 09:00:00+00:00,-0.0
2024-05-02 10:00:00+00:00,-0.0
2024-05-02 11:00:00+00:00,-0.0
2024-05-02 12:00:00+00:00,-0.0
2024-05-02 13:00:00+00:00,-0.0
2024-05-02 14:00:00+00:00,-0.0
2024-05-02 15:00:00+00:00,-0.0
2024-05-02 16:00:00+00:00,-0.0
2024-05-02 17:00:00+00:00,-0.0
2024-05-02 18:00:00+00:00,-0.0
2024-05-02 19:00:00+00:00,-0.0
2024-05-02 20:00:00+00:00,-0.0
2024-05-02 21:00:00+00:00,-0.0
2024-05-02 22:00:00+00:00,-0.0
2024-05-02 23:00:00+00:00,-0.0
2024-05-03 00:00:00+00:00,-0.0
2024-05-03 01:00:00+00:00,-0.0
2024-05-03 02:00:00+00:00,-0.0
2024-05-03 03:00:00+00:00,-0.0
2024-05-03 04:00:00+00:00,-0.0
2024-05-03 05:00:00+00:00,-0.0
2024-05-03 06:00:00+00:00,-0.0
2024-05-03 07:00:00+00:00,-0.0
2024-05-03 08:00:00+00:00,-0.0
2024-05-03 09:00:00+00:00,-0.0
2024-05-03 10:00:00+00:00,-0.0
2024-05-03 11:00:00+00:00,-0.0
2024-05-03 12:00:00+00:00,-0.0
2024-05-03 13:00:00+00:00,-0.0
2024-05-03 14:00:00+00:00,-0.0
2024-05-03 15:00:00+00:00,-0.0
2024-05-03 16:00:00+00:00,-0.0
2024-05-03 17:00:00+00:00,-0.0
2024-05-03 18:00:00+00:00,-0.0
2024-05-03 19:00:00+00:00,-0.0
2024-05-03 20:00:00+00:00,-0.0
2024-05-03 21:00:00+00:00,-0.0
2024-05-03 22:00:00+00:00,-0.0
2024-05-03 23:00:00+00:00,-0.0
2024-05-04 00:00:00+00:00,-0.0
2024-05-04 01:00:00+00:00,-0.0
2024-05-04 02:00:00+00:00,-0.0
2024-05-04 03:00:00+00:00,-0.0
2024-05-04 04:00:00+00:00,-0.0
2024-05-04 05:00:00+00:00,-0.0
2024-05-04 06:00:00+00:00,-0.0
2024-05-04 07:00:00+00:00,-0.0
2024-05-04 08:00:00+00:00,-0.0
2024-05-04 09:00:00+00:00,-0.0
2024-05-04 10:00:00+00:00,-0.0
2024-05-04 11:00:00+00:00,-0.0
2024-05-04 12:00:00+00:00,-0.0
2024-05-04 13:00:00+00:00,-0.0
2024-05-04 14:00:00+00:00,-0.0
2024-05-04 15:00:00+00:00,-0.0
2024-05-04 16:00:00+00:00,-0.0
2024-05-04 17:00:00+00:00,-0.0
2024-05-04 18:00:00+00:00,-0.0
2024-05-04 19:00:00+00:00,-0.0
2024-05-04 20:00:00+00:00,-0.0
2024-05-04 21:00:00+00:00,-0.0
2024-05-04 22:00:00+00:00,-0.0
2024-05-04 23:00:00+00:00,-0.0
2024-05-05 00:00:00+00:00,-0.0
2024-05-05 01:00:00+00:00,-0.0
2024-05-05 02:00:00+00:00,-0.0
2024-05-05 03:00:00+00:00,-0.0
2024-05-05 04:00:00+00:00,-0.0
2024-05-05 05:00:00+00:00,-0.0
2024-05-05 06:00:00+00:00,-0.0
2024-05-05 07:00:00+00:00,-0.0
2024-05-05 08:00:00+00:00,-0.0
2024-05-05 09:00:00+00:00,-0.0
2024-05-05 10:00:00+00:00,-0.0
2024-05-05 11:00:00+00:00,-0.0
2024-05-05 12:00:00+00:00,-0.0
2024-05-05 13:00:00+00:00,-0.0
2024-05-05 14:00:00+00:00,-0.0
2024-05-05 15:00:00+00:00,-0.0
2024-05-05 16:00:00+00:00,-0.13501912460311413
2024-05-05 17:00:00+00:00,-0.0
2024-05-05 18:00:00+00:00,-0.0
2024-05-05 19:00:00+00:00,-0.0
2024-05-05 20:00:00+00:00,-0.0
2024-05-05 21:00:00+00:00,-0.0
2024-05-05 22:00:00+00:00,-0.0
2024-05-05 23:00:00+00:00,-0.0
2024-05-06 00:00:00+00:00,-0.0
2024-05-06 01:00:00+00:00,-0.0
2024-05-06 02:00:00+00:00,-0.0
2024-05-06 03:00:00+00:00,-0.0
2024-05-06 04:00:00+00:00,-0.0
2024-05-06 05:00:00+00:00,-0.0
2024-05-06 06:00:00+00:00,-0.0
2024-05-06 07:00:00+00:00,-0.0
2024-05-06 08:00:00+00:00,-0.0
2024-05-06 09:00:00+00:00,-0.0
2024-05-06 10:00:00+00:00,-0.0
2024-05-06 11:00:00+00:00,-0.0
2024-05-06 12:00:00+00:00,-0.0
2024-05-06 13:00:00+00:00,-0.0
2024-05-06 14:00:00+00:00,-0.0
2024-05-06 15:00:00+00:00,0.0016617567392383113
2024-05-06 16:00:00+00:00,-0.0
2024-05-06 17:00:00+00:00,-0.0
2024-05-06 18:00:00+00:00,-0.0
2024-05-06 19:00:00+00:00,-0.0
2024-05-06 20:00:00+00:00,-0.0
2024-05-06 21:00:00+00:00,-0.0
2024-05-06 22:00:00+00:00,-0.0
2024-05-06 23:00:00+00:00,-0.0
2024-05-07 00:00:00+00:00,0.02229540829344189
2024-05-07 01:00:00+00:00,-0.0
2024-05-07 02:00:00+00:00,-0.0
2024-05-07 03:00:00+00:00,-0.0
2024-05-07 04:00:00+00:00,-0.0
2024-05-07 05:00:00+00:00,-0.0
2024-05-07 06:00:00+00:00,-0.0
2024-05-07 07:00:00+00:00,-0.0
2024-05-07 08:00:00+00:00,-0.0
2024-05-07 09:00:00+00:00,-0.0
2024-05-07 10:00:00+00:00,-0.0
2024-05-07 11:00:00+00:00,-0.0
2024-05-07 12:00:00+00:00,-0.0
2024-05-07 13:00:00+00:00,-0.0
2024-05-07 14:00:00+00:00,-0.0
2024-05-07 15:00:00+00:00,-0.0
2024-05-07 16:00:00+00:00,-0.0
2024-05-07 17:00:00+00:00,-0.0
2024-05-07 18:00:00+00:00,-0.0
2024-05-07 19:00:00+00:00,-0.0
2024-05-07 20:00:00+00:00,-0.0
2024-05-07 21:00:00+00:00,-0.0
2024-05-07 22:00:00+00:00,0.03112812228582823
2024-05-07 23:00:00+00:00,-0.0
2024-05-08 00:00:00+00:00,-0.0
2024-05-08 01:00:00+00:00,-0.0
2024-05-08 02:00:00+00:00,-0.0
2024-05-08 03:00:00+00:00,-0.0
2024-05-08 04:00:00+00:00,-0.0
2024-05-08 05:00:00+00:00,-0.0
2024-05-08 06:00:00+00:00,-0.0
2024-05-08 07:00:00+00:00,-0.0
2024-05-08 08:00:00+00:00,-0.0
2024-05-08 09:00:00+00:00,-0.0
2024-05-08 10:00:00+00:00,-0.0
2024-05-08 11:00:00+00:00,-0.0
2024-05-08 12:00:00+00:00,-0.0
2024-05-08 13:00:00+00:00,-0.0
2024-05-08 14:00:00+00:00,-0.0
2024-05-08 15:00:00+00:00,-0.0
2024-05-08 16:00:00+00:00,-0.0
2024-05-08 17:00:00+00:00,-0.0
2024-05-08 18:00:00+00:00,-0.0
2024-05-08 19:00:00+00:00,-0.0
2024-05-08 20:00:00+00:00,-0.0
2024-05-08 21:00:00+00:00,-0.0
2024-05-08 22:00:00+00:00,-0.0
2024-05-08 23:00:00+00:00,-0.0
2024-05-09 00:00:00+00:00,-0.0
2024-05-09 01:00:00+00:00,-0.0
2024-05-09 02:00:00+00:00,-0.0
2024-05-09 03:00:00+00:00,-0.0
2024-05-09 04:00:00+00:00,-0.0
2024-05-09 05:00:00+00:00,-0.0
2024-05-09 06:00:00+00:00,-0.0
2024-05-09 07:00:00+00:00,-0.0
2024-05-09 08:00:00+00:00,-0.0
2024-05-09 09:00:00+00:00,0.029482398736167596
2024-05-09 10:00:00+00:00,-0.0
2024-05-09 11:00:00+00:00,-0.0
2024-05-09 12:00:00+00:00,-0.0
2024-05-09 13:00:00+00:00,-0.0
2024-05-09 14:00:00+00:00,-0.0
2024-05-09 15:00:00+00:00,-0.0
2024-05-09 16:00:00+00:00,-0.0
2024-05-09 17:00:00+00:00,-0.0
2024-05-09 18:00:00+00:00,-0.0
2024-05-09 19:00:00+00:00,-0.0
2024-05-09 20:00:00+00:00,-0.0
2024-05-09 21:00:00+00:00,-0.0
2024-05-09 22:00:00+00:00,-0.0
2024-05-09 23:00:00+00:00,-0.0
2024-05-10 00:00:00+00:00,-0.0
2024-05-10 01:00:00+00:00,-0.0
2024-05-10 02:00:00+00:00,-0.0
2024-05-10 03:00:00+00:00,-0.0
2024-05-10 04:00:00+00:00,-0.0
2024-05-10 05:00:00+00:00,-0.0
2024-05-10 06:00:00+00:00,-0.0
2024-05-10 07:00:00+00:00,-0.0
2024-05-10 08:00:00+00:00,-0.0
2024-05-10 09:00:00+00:00,-0.0
2024-05-10 10:00:00+00:00,-0.0
2024-05-10 11:00:00+00:00,-0.0
2024-05-10 12:00:00+00:00,-0.0
2024-05-10 13:00:00+00:00,-0.0
2024-05-10 14:00:00+00:00,-0.0
2024-05-10 15:00:00+00:00,-0.0
2024-05-10 16:00:00+00:00,-0.0
2024-05-10 17:00:00+00:00,-0.0
2024-05-10 18:00:00+00:00,-0.0
2024-05-10 19:00:00+00:00,-0.0
2024-05-10 20:00:00+00:00,-0.0
2024-05-10 21:00:00+00:00,-0.0
2024-05-10 22:00:00+00:00,-0.0
2024-05-10 23:00:00+00:00,-0.0
2024-05-11 00:00:00+00:00,-0.0
2024-05-11 01:00:00+00:00,-0.0
2024-05-11 02:00:00+00:00,-0.0
2024-05-11 03:00:00+00:00,-0.0
2024-05-11 04:00:00+00:00,-0.0
2024-05-11 05:00:00+00:00,-0.0
2024-05-11 06:00:00+00:00,-0.0
2024-05-11 07:00:00+00:00,-0.0
2024-05-11 08:00:00+00:00,-0.0
2024-05-11 09:00:00+00:00,-0.0
2024-05-11 10:00:00+00:00,-0.0
2024-05-11 11:00:00+00:00,-0.0
2024-05-11 12:00:00+00:00,-0.0
2024-05-11 13:00:00+00:00,-0.0
2024-05-11 14:00:00+00:00,-0.0
2024-05-11 15:00:00+00:00,-0.0
2024-05-11 16:00:00+00:00,-0.0
2024-05-11 17:00:00+00:00,-0.0
2024-05-11 18:00:00+00:00,-0.0
2024-05-11 19:00:00+00:00,-0.0
2024-05-11 20:00:00+00:00,-0.0
2024-05-11 21:00:00+00:00,-0.0
2024-05-11 22:00:00+00:00,-0.0
2024-05-11 23:00:00+00:00,-0.0
2024-05-12 00:00:00+00:00,-0.0
2024-05-12 01:00:00+00:00,-0.0
2024-05-12 02:00:00+00:00,-0.0
2024-05-12 03:00:00+00:00,-0.0
2024-05-12 04:00:00+00:00,-0.0
2024-05-12 05:00:00+00:00,-0.0
2024-05-12 06:00:00+00:00,-0.0
2024-05-12 07:00:00+00:00,-0.0
2024-05-12 08:00:00+00:00,-0.0
2024-05-12 09:00:00+00:00,-0.0
2024-05-12 10:00:00+00:00,-0.0
2024-05-12 11:00:00+00:00,-0.0
2024-05-12 12:00:00+00:00,-0.0
2024-05-12 13:00:00+00:00,-0.0
2024-05-12 14:00:00+00:00,-0.0
2024-05-12 15:00:00+00:00,-0.0
2024-05-12 16:00:00+00:00,-0.0
2024-05-12 17:00:00+00:00,-0.0
2024-05-12 18:00:00+00:00,-0.0
2024-05-12 19:00:00+00:00,-0.0
2024-05-12 20:00:00+00:00,-0.0
2024-05-12 21:00:00+00:00,-0.0
2024-05-12 22:00:00+00:00,-0.0
2024-05-12 23:00:00+00:00,-0.0
2024-05-13 00:00:00+00:00,-0.0
2024-05-13 01:00:00+00:00,-0.0
2024-05-13 02:00:00+00:00,-0.0
2024-05-13 03:00:00+00:00,-0.0
2024-05-13 04:00:00+00:00,-0.0
2024-05-13 05:00:00+00:00,-0.0
2024-05-13 06:00:00+00:00,-0.0
2024-05-13 07:00:00+00:00,-0.0
2024-05-13 08:00:00+00:00,-0.0
2024-05-13 09:00:00+00:00,-0.0
2024-05-13 10:00:00+00:00,-0.0
2024-05-13 11:00:00+00:00,-0.0
2024-05-13 12:00:00+00:00,-0.0
2024-05-13 13:00:00+00:00,-0.0
2024-05-13 14:00:00+00:00,-0.0
2024-05-13 15:00:00+00:00,-0.0
2024-05-13 16:00:00+00:00,-0.0
2024-05-13 17:00:00+00:00,-0.0
2024-05-13 18:00:00+00:00,-0.0
2024-05-13 19:00:00+00:00,0.018605241276671233
2024-05-13 20:00:00+00:00,-0.0
2024-05-13 21:00:00+00:00,-0.0
2024-05-13 22:00:00+00:00,-0.0
2024-05-13 23:00:00+00:00,-0.0
2024-05-14 00:00:00+00:00,-0.0
2024-05-14 01:00:00+00:00,-0.0
2024-05-14 02:00:00+00:00,-0.0
2024-05-14 03:00:00+00:00,-0.0
2024-05-14 04:00:00+00:00,-0.0
2024-05-14 05:00:00+00:00,-0.0
2024-05-14 06:00:00+00:00,-0.0
2024-05-14 07:00:00+00:00,-0.0
2024-05-14 08:00:00+00:00,-0.0
2024-05-14 09:00:00+00:00,-0.0
2024-05-14 10:00:00+00:00,-0.0
2024-05-14 11:00:00+00:00,-0.0
2024-05-14 12:00:00+00:00,-0.0
2024-05-14 13:00:00+00:00,-0.0
2024-05-14 14:00:00+00:00,-0.0
2024-05-14 15:00:00+00:00,-0.0
2024-05-14 16:00:00+00:00,-0.0
2024-05-14 17:00:00+00:00,-0.0
2024-05-14 18:00:00+00:00,-0.0
2024-05-14 19:00:00+00:00,-0.0
2024-05-14 20:00:00+00:00,-0.0
2024-05-14 21:00:00+00:00,-0.0
2024-05-14 22:00:00+00:00,-0.0
2024-05-14 23:00:00+00:00,-0.0
2024-05-15 00:00:00+00:00,-0.0
2024-05-15 01:00:00+00:00,-0.0
2024-05-15 02:00:00+00:00,-0.0
2024-05-15 03:00:00+00:00,-0.0
2024-05-15 04:00:00+00:00,-0.0
2024-05-15 05:00:00+00:00,-0.0
2024-05-15 06:00:00+00:00,-0.0
2024-05-15 07:00:00+00:00,-0.0
2024-05-15 08:00:00+00:00,-0.0
2024-05-15 09:00:00+00:00,-0.0
2024-05-15 10:00:00+00:00,-0.0
2024-05-15 11:00:00+00:00,-0.0
2024-05-15 12:00:00+00:00,-0.0
2024-05-15 13:00:00+00:00,-0.0
2024-05-15 14:00:00+00:00,-0.0
2024-05-15 15:00:00+00:00,-0.0
2024-05-15 16:00:00+00:00,-0.0
2024-05-15 17:00:00+00:00,-0.0
2024-05-15 18:00:00+00:00,-0.0
2024-05-15 19:00:00+00:00,-0.0
2024-05-15 20:00:00+00:00,-0.0
2024-05-15 21:00:00+00:00,-0.0
2024-05-15 22:00:00+00:00,-0.0
2024-05-15 23:00:00+00:00,-0.0
2024-05-16 00:00:00+00:00,-0.0
2024-05-16 01:00:00+00:00,-0.0
2024-05-16 02:00:00+00:00,-0.02878237766682012
2024-05-16 03:00:00+00:00,-0.0
2024-05-16 04:00:00+00:00,-0.0
2024-05-16 05:00:00+00:00,-0.0
2024-05-16 06:00:00+00:00,-0.0
2024-05-16 07:00:00+00:00,-0.0
2024-05-16 08:00:00+00:00,-0.0
2024-05-16 09:00:00+00:00,-0.0
2024-05-16 10:00:00+00:00,-0.0
2024-05-16 11:00:00+00:00,-0.0
2024-05-16 12:00:00+00:00,-0.0
2024-05-16 13:00:00+00:00,-0.0
2024-05-16 14:00:00+00:00,-0.0
2024-05-16 15:00:00+00:00,-0.0
2024-05-16 16:00:00+00:00,-0.0
2024-05-16 17:00:00+00:00,-0.0
2024-05-16 18:00:00+00:00,-0.0
2024-05-16 19:00:00+00:00,-0.0
2024-05-16 20:00:00+00:00,-0.0
2024-05-16 21:00:00+00:00,-0.0
2024-05-16 22:00:00+00:00,-0.0
2024-05-16 23:00:00+00:00,-0.0
2024-05-17 00:00:00+00:00,-0.0
2024-05-17 01:00:00+00:00,-0.0
2024-05-17 02:00:00+00:00,-0.0
2024-05-17 03:00:00+00:00,-0.0
2024-05-17 04:00:00+00:00,-0.0
2024-05-17 05:00:00+00:00,-0.0
2024-05-17 06:00:00+00:00,-0.0
2024-05-17 07:00:00+00:00,-0.0
2024-05-17 08:00:00+00:00,-0.0
2024-05-17 09:00:00+00:00,-0.0
2024-05-17 10:00:00+00:00,-0.0
2024-05-17 11:00:00+00:00,-0.0
2024-05-17 12:00:00+00:00,-0.0
2024-05-17 13:00:00+00:00,-0.0
2024-05-17 14:00:00+00:00,-0.0
2024-05-17 15:00:00+00:00,-0.0
2024-05-17 16:00:00+00:00,-0.0
2024-05-17 17:00:00+00:00,-0.0
2024-05-17 18:00:00+00:00,-0.0
2024-05-17 19:00:00+00:00,-0.0
2024-05-17 20:00:00+00:00,-0.0
2024-05-17 21:00:00+00:00,-0.0
2024-05-17 22:00:00+00:00,-0.0
2024-05-17 23:00:00+00:00,-0.0
2024-05-18 00:00:00+00:00,-0.0
2024-05-18 01:00:00+00:00,-0.0
2024-05-18 02:00:00+00:00,-0.0
2024-05-18 03:00:00+00:00,-0.0
2024-05-18 04:00:00+00:00,-0.0
2024-05-18 05:00:00+00:00,-0.0
2024-05-18 06:00:00+00:00,-0.0
2024-05-18 07:00:00+00:00,-0.0
2024-05-18 08:00:00+00:00,-0.0
2024-05-18 09:00:00+00:00,-0.0
2024-05-18 10:00:00+00:00,-0.0
2024-05-18 11:00:00+00:00,-0.0
2024-05-18 12:00:00+00:00,-0.0
2024-05-18 13:00:00+00:00,-0.0
2024-05-18 14:00:00+00:00,-0.0
2024-05-18 15:00:00+00:00,-0.0
2024-05-18 16:00:00+00:00,-0.0
2024-05-18 17:00:00+00:00,-0.0
2024-05-18 18:00:00+00:00,-0.0
2024-05-18 19:00:00+00:00,-0.0
2024-05-18 20:00:00+00:00,-0.0
2024-05-18 21:00:00+00:00,-0.0
2024-05-18 22:00:00+00:00,-0.0
2024-05-18 23:00:00+00:00,-0.0
2024-05-19 00:00:00+00:00,-0.0
2024-05-19 01:00:00+00:00,-0.0
2024-05-19 02:00:00+00:00,-0.0
2024-05-19 03:00:00+00:00,-0.0
2024-05-19 04:00:00+00:00,-0.0
2024-05-19 05:00:00+00:00,-0.0
2024-05-19 06:00:00+00:00,-0.0
2024-05-19 07:00:00+00:00,-0.0
2024-05-19 08:00:00+00:00,-0.0
2024-05-19 09:00:00+00:00,-0.0
2024-05-19 10:00:00+00:00,-0.0
2024-05-19 11:00:00+00:00,-0.0
2024-05-19 12:00:00+00:00,-0.0
2024-05-19 13:00:00+00:00,-0.0
2024-05-19 14:00:00+00:00,-0.0
2024-05-19 15:00:00+00:00,-0.0
2024-05-19 16:00:00+00:00,-0.0
2024-05-19 17:00:00+00:00,-0.0
2024-05-19 18:00:00+00:00,-0.0
2024-05-19 19:00:00+00:00,-0.0
2024-05-19 20:00:00+00:00,-0.0
2024-05-19 21:00:00+00:00,-0.0
2024-05-19 22:00:00+00:00,-0.0
2024-05-19 23:00:00+00:00,-0.0
2024-05-20 00:00:00+00:00,-0.0
2024-05-20 01:00:00+00:00,-0.0
2024-05-20 02:00:00+00:00,-0.0
2024-05-20 03:00:00+00:00,-0.0
2024-05-20 04:00:00+00:00,-0.0
2024-05-20 05:00:00+00:00,-0.0
2024-05-20 06:00:00+00:00,-0.0
2024-05-20 07:00:00+00:00,-0.0
2024-05-20 08:00:00+00:00,-0.0
2024-05-20 09:00:00+00:00,-0.0
2024-05-20 10:00:00+00:00,-0.0
2024-05-20 11:00:00+00:00,0.019366193925039323
2024-05-20 12:00:00+00:00,-0.0
2024-05-20 13:00:00+00:00,-0.0
2024-05-20 14:00:00+00:00,-0.0
2024-05-20 15:00:00+00:00,-0.0
2024-05-20 16:00:00+00:00,-0.0
2024-05-20 17:00:00+00:00,-0.0
2024-05-20 18:00:00+00:00,-0.0
2024-05-20 19:00:00+00:00,-0.05165981724391614
2024-05-20 20:00:00+00:00,-0.0
2024-05-20 21:00:00+00:00,-0.0
2024-05-20 22:00:00+00:00,-0.0
2024-05-20 23:00:00+00:00,-0.0
2024-05-21 00:00:00+00:00,-0.0
2024-05-21 01:00:00+00:00,-0.0
2024-05-21 02:00:00+00:00,-0.0
2024-05-21 03:00:00+00:00,-0.0
2024-05-21 04:00:00+00:00,-0.0
2024-05-21 05:00:00+00:00,-0.0
2024-05-21 06:00:00+00:00,-0.0
2024-05-21 07:00:00+00:00,-0.0
2024-05-21 08:00:00+00:00,-0.0
2024-05-21 09:00:00+00:00,-0.0
2024-05-21 10:00:00+00:00,-0.0
2024-05-21 11:00:00+00:00,-0.0
2024-05-21 12:00:00+00:00,-0.0
2024-05-21 13:00:00+00:00,-0.0
2024-05-21 14:00:00+00:00,-0.0
2024-05-21 15:00:00+00:00,-0.0
2024-05-21 16:00:00+00:00,-0.0
2024-05-21 17:00:00+00:00,-0.0
2024-05-21 18:00:00+00:00,-0.0
2024-05-21 19:00:00+00:00,-0.0
2024-05-21 20:00:00+00:00,-0.0
2024-05-21 21:00:00+00:00,-0.0
2024-05-21 22:00:00+00:00,-0.0
2024-05-21 23:00:00+00:00,-0.0
2024-05-22 00:00:00+00:00,-0.0
2024-05-22 01:00:00+00:00,-0.0
2024-05-22 02:00:00+00:00,-0.0
2024-05-22 03:00:00+00:00,-0.0
2024-05-22 04:00:00+00:00,-0.0
2024-05-22 05:00:00+00:00,-0.0
2024-05-22 06:00:00+00:00,-0.0
2024-05-22 07:00:00+00:00,-0.0
2024-05-22 08:00:00+00:00,-0.0
2024-05-22 09:00:00+00:00,-0.0
2024-05-22 10:00:00+00:00,-0.0
2024-05-22 11:00:00+00:00,-0.0
2024-05-22 12:00:00+00:00,0.03507986116519601
2024-05-22 13:00:00+00:00,-0.0
2024-05-22 14:00:00+00:00,-0.0
2024-05-22 15:00:00+00:00,-0.0
2024-05-22 16:00:00+00:00,-0.0
2024-05-22 17:00:00+00:00,-0.0
2024-05-22 18:00:00+00:00,-0.0
2024-05-22 19:00:00+00:00,-0.0
2024-05-22 20:00:00+00:00,-0.0
2024-05-22 21:00:00+00:00,-0.0
2024-05-22 22:00:00+00:00,-0.0
2024-05-22 23:00:00+00:00,-0.0
2024-05-23 00:00:00+00:00,-0.0
2024-05-23 01:00:00+00:00,-0.0
2024-05-23 02:00:00+00:00,-0.0
2024-05-23 03:00:00+00:00,-0.0
2024-05-23 04:00:00+00:00,-0.0
2024-05-23 05:00:00+00:00,-0.0
2024-05-23 06:00:00+00:00,-0.0
2024-05-23 07:00:00+00:00,-0.0
2024-05-23 08:00:00+00:00,-0.0
2024-05-23 09:00:00+00:00,-0.0
2024-05-23 10:00:00+00:00,-0.0
2024-05-23 11:00:00+00:00,-0.0
2024-05-23 12:00:00+00:00,-0.0
2024-05-23 13:00:00+00:00,-0.0
2024-05-23 14:00:00+00:00,-0.0
2024-05-23 15:00:00+00:00,-0.0
2024-05-23 16:00:00+00:00,-0.0
2024-05-23 17:00:00+00:00,-0.0
2024-05-23 18:00:00+00:00,-0.0
2024-05-23 19:00:00+00:00,-0.0
2024-05-23 20:00:00+00:00,-0.0
2024-05-23 21:00:00+00:00,-0.0
2024-05-23 22:00:00+00:00,-0.0
2024-05-23 23:00:00+00:00,-0.0
2024-05-24 00:00:00+00:00,-0.0
2024-05-24 01:00:00+00:00,-0.0
2024-05-24 02:00:00+00:00,-0.0
2024-05-24 03:00:00+00:00,-0.0
2024-05-24 04:00:00+00:00,-0.0
2024-05-24 05:00:00+00:00,-0.0
2024-05-24 06:00:00+00:00,0.028463351252796282
2024-05-24 07:00:00+00:00,-0.0
2024-05-24 08:00:00+00:00,-0.0
2024-05-24 09:00:00+00:00,-0.0
2024-05-24 10:00:00+00:00,-0.0
2024-05-24 11:00:00+00:00,-0.0
2024-05-24 12:00:00+00:00,-0.0
2024-05-24 13:00:00+00:00,-0.0
2024-05-24 14:00:00+00:00,-0.0
2024-05-24 15:00:00+00:00,-0.0
2024-05-24 16:00:00+00:00,-0.0
2024-05-24 17:00:00+00:00,-0.0
2024-05-24 18:00:00+00:00,-0.0
2024-05-24 19:00:00+00:00,-0.0
2024-05-24 20:00:00+00:00,-0.0
2024-05-24 21:00:00+00:00,-0.0
2024-05-24 22:00:00+00:00,-0.0
2024-05-24 23:00:00+00:00,-0.0
2024-05-25 00:00:00+00:00,-0.0
2024-05-25 01:00:00+00:00,-0.0
2024-05-25 02:00:00+00:00,-0.0
2024-05-25 03:00:00+00:00,-0.0
2024-05-25 04:00:00+00:00,-0.0
2024-05-25 05:00:00+00:00,-0.0
2024-05-25 06:00:00+00:00,-0.0
2024-05-25 07:00:00+00:00,-0.0
2024-05-25 08:00:00+00:00,-0.0
2024-05-25 09:00:00+00:00,-0.0
2024-05-25 10:00:00+00:00,-0.0
2024-05-25 11:00:00+00:00,-0.0
2024-05-25 12:00:00+00:00,-0.0
2024-05-25 13:00:00+00:00,-0.0
2024-05-25 14:00:00+00:00,-0.0
2024-05-25 15:00:00+00:00,-0.0
2024-05-25 16:00:00+00:00,-0.0
2024-05-25 17:00:00+00:00,-0.0
2024-05-25 18:00:00+00:00,-0.0
2024-05-25 19:00:00+00:00,-0.0
2024-05-25 20:00:00+00:00,-0.0
2024-05-25 21:00:00+00:00,-0.0
2024-05-25 22:00:00+00:00,-0.0
2024-05-25 23:00:00+00:00,-0.0
2024-05-26 00:00:00+00:00,-0.0
2024-05-26 01:00:00+00:00,-0.0
2024-05-26 02:00:00+00:00,-0.0
2024-05-26 03:00:00+00:00,-0.0
2024-05-26 04:00:00+00:00,-0.0
2024-05-26 05:00:00+00:00,-0.0
2024-05-26 06:00:00+00:00,-0.0
2024-05-26 07:00:00+00:00,-0.0
2024-05-26 08:00:00+00:00,-0.0
2024-05-26 09:00:00+00:00,-0.0
2024-05-26 10:00:00+00:00,-0.0
2024-05-26 11:00:00+00:00,-0.0
2024-05-26 12:00:00+00:00,-0.0
2024-05-26 13:00:00+00:00,-0.0
2024-05-26 14:00:00+00:00,-0.0
2024-05-26 15:00:00+00:00,-0.0
2024-05-26 16:00:00+00:00,-0.0
2024-05-26 17:00:00+00:00,-0.0
2024-05-26 18:00:00+00:00,-0.0
2024-05-26 19:00:00+00:00,-0.0
2024-05-26 20:00:00+00:00,-0.0
2024-05-26 21:00:00+00:00,-0.0
2024-05-26 22:00:00+00:00,-0.0
2024-05-26 23:00:00+00:00,-0.0
2024-05-27 00:00:00+00:00,-0.0
2024-05-27 01:00:00+00:00,-0.0
2024-05-27 02:00:00+00:00,-0.0
2024-05-27 03:00:00+00:00,-0.0
2024-05-27 04:00:00+00:00,-0.0
2024-05-27 05:00:00+00:00,-0.0
2024-05-27 06:00:00+00:00,-0.0
2024-05-27 07:00:00+00:00,-0.0
2024-05-27 08:00:00+00:00,-0.0
2024-05-27 09:00:00+00:00,-0.0
2024-05-27 10:00:00+00:00,-0.0
2024-05-27 11:00:00+00:00,-0.0
2024-05-27 12:00:00+00:00,-0.0
2024-05-27 13:00:00+00:00,-0.0
2024-05-27 14:00:00+00:00,-0.0
2024-05-27 15:00:00+00:00,-0.0
2024-05-27 16:00:00+00:00,-0.0
2024-05-27 17:00:00+00:00,-0.0
2024-05-27 18:00:00+00:00,-0.0
2024-05-27 19:00:00+00:00,-0.0
2024-05-27 20:00:00+00:00,-0.0
2024-05-27 21:00:00+00:00,-0.0
2024-05-27 22:00:00+00:00,-0.0
2024-05-27 23:00:00+00:00,-0.0
2024-05-28 00:00:00+00:00,-0.0
2024-05-28 01:00:00+00:00,-0.0
2024-05-28 02:00:00+00:00,-0.0
2024-05-28 03:00:00+00:00,-0.0
2024-05-28 04:00:00+00:00,-0.0
2024-05-28 05:00:00+00:00,-0.0
2024-05-28 06:00:00+00:00,-0.0
2024-05-28 07:00:00+00:00,-0.0
2024-05-28 08:00:00+00:00,-0.0
2024-05-28 09:00:00+00:00,-0.0
2024-05-28 10:00:00+00:00,-0.0
2024-05-28 11:00:00+00:00,-0.0
2024-05-28 12:00:00+00:00,-0.0
2024-05-28 13:00:00+00:00,-0.0
2024-05-28 14:00:00+00:00,-0.0
2024-05-28 15:00:00+00:00,-0.0
2024-05-28 16:00:00+00:00,-0.0
2024-05-28 17:00:00+00:00,-0.0
2024-05-28 18:00:00+00:00,-0.0
2024-05-28 19:00:00+00:00,-0.058088461543530444
2024-05-28 20:00:00+00:00,-0.0
2024-05-28 21:00:00+00:00,-0.0
2024-05-28 22:00:00+00:00,-0.0
2024-05-28 23:00:00+00:00,-0.0
2024-05-29 00:00:00+00:00,-0.0
2024-05-29 01:00:00+00:00,-0.0
2024-05-29 02:00:00+00:00,-0.0
2024-05-29 03:00:00+00:00,-0.0
2024-05-29 04:00:00+00:00,-0.0
2024-05-29 05:00:00+00:00,-0.0
2024-05-29 06:00:00+00:00,-0.0
2024-05-29 07:00:00+00:00,-0.0
2024-05-29 08:00:00+00:00,-0.0
2024-05-29 09:00:00+00:00,-0.0
2024-05-29 10:00:00+00:00,-0.0
2024-05-29 11:00:00+00:00,-0.0
2024-05-29 12:00:00+00:00,-0.0
2024-05-29 13:00:00+00:00,-0.0
2024-05-29 14:00:00+00:00,-0.0
2024-05-29 15:00:00+00:00,-0.0
2024-05-29 16:00:00+00:00,-0.0
2024-05-29 17:00:00+00:00,-0.0
2024-05-29 18:00:00+00:00,-0.0
2024-05-29 19:00:00+00:00,-0.0
2024-05-29 20:00:00+00:00,-0.0
2024-05-29 21:00:00+00:00,-0.0
2024-05-29 22:00:00+00:00,-0.0
2024-05-29 23:00:00+00:00,-0.0
2024-05-30 00:00:00+00:00,-0.0
2024-05-30 01:00:00+00:00,-0.0
2024-05-30 02:00:00+00:00,-0.0
2024-05-30 03:00:00+00:00,-0.0
2024-05-30 04:00:00+00:00,-0.0
2024-05-30 05:00:00+00:00,-0.0
2024-05-30 06:00:00+00:00,-0.0
2024-05-30 07:00:00+00:00,-0.0
2024-05-30 08:00:00+00:00,-0.0
2024-05-30 09:00:00+00:00,-0.0
2024-05-30 10:00:00+00:00,-0.0
2024-05-30 11:00:00+00:00,-0.0
2024-05-30 12:00:00+00:00,-0.0
2024-05-30 13:00:00+00:00,-0.0
2024-05-30 14:00:00+00:00,-0.0
2024-05-30 15:00:00+00:00,-0.0
2024-05-30 16:00:00+00:00,-0.0
2024-05-30 17:00:00+00:00,-0.0
2024-05-30 18:00:00+00:00,-0.0
2024-05-30 19:00:00+00:00,-0.0
2024-05-30 20:00:00+00:00,-0.0
2024-05-30 21:00:00+00:00,-0.0
2024-05-30 22:00:00+00:00,-0.0
2024-05-30 23:00:00+00:00,-0.0
2024-05-31 00:00:00+00:00,-0.0
2024-05-31 01:00:00+00:00,-0.0
2024-05-31 02:00:00+00:00,-0.0
2024-05-31 03:00:00+00:00,-0.0
2024-05-31 04:00:00+00:00,-0.0
2024-05-31 05:00:00+00:00,-0.0
2024-05-31 06:00:00+00:00,-0.0
2024-05-31 07:00:00+00:00,-0.0
2024-05-31 08:00:00+00:00,-0.0
2024-05-31 09:00:00+00:00,-0.0
2024-05-31 10:00:00+00:00,-0.0
2024-05-31 11:00:00+00:00,-0.0
2024-05-31 12:00:00+00:00,-0.0
2024-05-31 13:00:00+00:00,-0.0
2024-05-31 14:00:00+00:00,-0.0
2024-05-31 15:00:00+00:00,-0.0
2024-05-31 16:00:00+00:00,-0.0
2024-05-31 17:00:00+00:00,-0.0
2024-05-31 18:00:00+00:00,-0.0
2024-05-31 19:00:00+00:00,-0.0
2024-05-31 20:00:00+00:00,-0.0
2024-05-31 21:00:00+00:00,-0.0
2024-05-31 22:00:00+00:00,-0.0
2024-05-31 23:00:00+00:00,-0.0
2024-06-01 00:00:00+00:00,-0.0
2024-06-01 01:00:00+00:00,-0.0
2024-06-01 02:00:00+00:00,-0.0
2024-06-01 03:00:00+00:00,-0.0
2024-06-01 04:00:00+00:00,-0.0
2024-06-01 05:00:00+00:00,-0.0
2024-06-01 06:00:00+00:00,-0.0
2024-06-01 07:00:00+00:00,-0.0
2024-06-01 08:00:00+00:00,-0.0
2024-06-01 09:00:00+00:00,-0.0
2024-06-01 10:00:00+00:00,-0.0
2024-06-01 11:00:00+00:00,-0.0
2024-06-01 12:00:00+00:00,-0.0
2024-06-01 13:00:00+00:00,0.017530505870611727
2024-06-01 14:00:00+00:00,-0.0
2024-06-01 15:00:00+00:00,-0.0
2024-06-01 16:00:00+00:00,-0.0
2024-06-01 17:00:00+00:00,-0.0
2024-06-01 18:00:00+00:00,-0.0
2024-06-01 19:00:00+00:00,-0.0
2024-06-01 20:00:00+00:00,-0.0
2024-06-01 21:00:00+00:00,-0.0
2024-06-01 22:00:00+00:00,-0.0
2024-06-01 23:00:00+00:00,-0.0
2024-06-02 00:00:00+00:00,-0.0
2024-06-02 01:00:00+00:00,-0.0
2024-06-02 02:00:00+00:00,-0.0
2024-06-02 03:00:00+00:00,-0.0
2024-06-02 04:00:00+00:00,-0.0
2024-06-02 05:00:00+00:00,-0.0
2024-06-02 06:00:00+00:00,-0.0
2024-06-02 07:00:00+00:00,-0.0
2024-06-02 08:00:00+00:00,-0.0
2024-06-02 09:00:00+00:00,-0.0
2024-06-02 10:00:00+00:00,-0.0
2024-06-02 11:00:00+00:00,-0.0
2024-06-02 12:00:00+00:00,-0.0
2024-06-02 13:00:00+00:00,-0.0
2024-06-02 14:00:00+00:00,-0.0
2024-06-02 15:00:00+00:00,-0.0
2024-06-02 16:00:00+00:00,-0.0
2024-06-02 17:00:00+00:00,-0.0
2024-06-02 18:00:00+00:00,0.016322691495874713
2024-06-02 19:00:00+00:00,-0.0
2024-06-02 20:00:00+00:00,-0.0
2024-06-02 21:00:00+00:00,-0.0
2024-06-02 22:00:00+00:00,-0.0
2024-06-02 23:00:00+00:00,-0.0
2024-06-03 00:00:00+00:00,-0.0
2024-06-03 01:00:00+00:00,-0.0
2024-06-03 02:00:00+00:00,-0.0
2024-06-03 03:00:00+00:00,-0.0
2024-06-03 04:00:00+00:00,-0.0
2024-06-03 05:00:00+00:00,-0.0
2024-06-03 06:00:00+00:00,-0.0
2024-06-03 07:00:00+00:00,-0.0
2024-06-03 08:00:00+00:00,-0.0
2024-06-03 09:00:00+00:00,-0.0
2024-06-03 10:00:00+00:00,-0.0
2024-06-03 11:00:00+00:00,-0.0
2024-06-03 12:00:00+00:00,-0.0
2024-06-03 13:00:00+00:00,-0.0
2024-06-03 14:00:00+00:00,-0.0
2024-06-03 15:00:00+00:00,-0.0
2024-06-03 16:00:00+00:00,-0.0
2024-06-03 17:00:00+00:00,-0.0
2024-06-03 18:00:00+00:00,-0.0
2024-06-03 19:00:00+00:00,-0.0
2024-06-03 20:00:00+00:00,-0.0
2024-06-03 21:00:00+00:00,-0.0
2024-06-03 22:00:00+00:00,-0.0
2024-06-03 23:00:00+00:00,-0.0
2024-06-04 00:00:00+00:00,-0.0
2024-06-04 01:00:00+00:00,-0.0
2024-06-04 02:00:00+00:00,-0.0
2024-06-04 03:00:00+00:00,-0.0
2024-06-04 04:00:00+00:00,-0.0
2024-06-04 05:00:00+00:00,-0.0
2024-06-04 06:00:00+00:00,-0.0
2024-06-04 07:00:00+00:00,-0.0
2024-06-04 08:00:00+00:00,-0.0
2024-06-04 09:00:00+00:00,-0.0
2024-06-04 10:00:00+00:00,-0.0
2024-06-04 11:00:00+00:00,-0.0
2024-06-04 12:00:00+00:00,-0.0
2024-06-04 13:00:00+00:00,-0.0
2024-06-04 14:00:00+00:00,-0.0
2024-06-04 15:00:00+00:00,-0.0
2024-06-04 16:00:00+00:00,-0.0
2024-06-04 17:00:00+00:00,-0.0
2024-06-04 18:00:00+00:00,-0.0
2024-06-04 19:00:00+00:00,-0.0
2024-06-04 20:00:00+00:00,-0.0
2024-06-04 21:00:00+00:00,-0.0
2024-06-04 22:00:00+00:00,-0.0
2024-06-04 23:00:00+00:00,-0.0
2024-06-05 00:00:00+00:00,-0.0
2024-06-05 01:00:00+00:00,-0.0
2024-06-05 02:00:00+00:00,-0.0
2024-06-05 03:00:00+00:00,-0.0
2024-06-05 04:00:00+00:00,-0.0
2024-06-05 05:00:00+00:00,-0.0
2024-06-05 06:00:00+00:00,-0.0
2024-06-05 07:00:00+00:00,-0.0
2024-06-05 08:00:00+00:00,-0.0
2024-06-05 09:00:00+00:00,-0.0
2024-06-05 10:00:00+00:00,-0.0
2024-06-05 11:00:00+00:00,-0.0
2024-06-05 12:00:00+00:00,0.010680251851797749
2024-06-05 13:00:00+00:00,-0.0
2024-06-05 14:00:00+00:00,-0.0
2024-06-05 15:00:00+00:00,-0.0
2024-06-05 16:00:00+00:00,-0.0
2024-06-05 17:00:00+00:00,-0.0
2024-06-05 18:00:00+00:00,-0.0
2024-06-05 19:00:00+00:00,-0.0
2024-06-05 20:00:00+00:00,-0.01941766330756715
2024-06-05 21:00:00+00:00,-0.0
2024-06-05 22:00:00+00:00,-0.0
2024-06-05 23:00:00+00:00,-0.0
2024-06-06 00:00:00+00:00,-0.0
2024-06-06 01:00:00+00:00,0.010128553585337614
2024-06-06 02:00:00+00:00,-0.0
2024-06-06 03:00:00+00:00,-0.0
2024-06-06 04:00:00+00:00,-0.0
2024-06-06 05:00:00+00:00,-0.0
2024-06-06 06:00:00+00:00,-0.0
2024-06-06 07:00:00+00:00,-0.0
2024-06-06 08:00:00+00:00,-0.0
2024-06-06 09:00:00+00:00,-0.0
2024-06-06 10:00:00+00:00,-0.0
2024-06-06 11:00:00+00:00,-0.0
2024-06-06 12:00:00+00:00,0.013919762356073617
2024-06-06 13:00:00+00:00,-0.0
2024-06-06 14:00:00+00:00,-0.0
2024-06-06 15:00:00+00:00,-0.0
2024-06-06 16:00:00+00:00,-0.0
2024-06-06 17:00:00+00:00,-0.0
2024-06-06 18:00:00+00:00,-0.0
2024-06-06 19:00:00+00:00,-0.0
2024-06-06 20:00:00+00:00,-0.0
2024-06-06 21:00:00+00:00,-0.0
2024-06-06 22:00:00+00:00,-0.0
2024-06-06 23:00:00+00:00,-0.0
2024-06-07 00:00:00+00:00,-0.0
2024-06-07 01:00:00+00:00,-0.0
2024-06-07 02:00:00+00:00,-0.0
2024-06-07 03:00:00+00:00,-0.0
2024-06-07 04:00:00+00:00,-0.0
2024-06-07 05:00:00+00:00,-0.0
2024-06-07 06:00:00+00:00,-0.0
2024-06-07 07:00:00+00:00,-0.0
2024-06-07 08:00:00+00:00,-0.0
2024-06-07 09:00:00+00:00,-0.0
2024-06-07 10:00:00+00:00,-0.0
2024-06-07 11:00:00+00:00,-0.0
2024-06-07 12:00:00+00:00,-0.0
2024-06-07 13:00:00+00:00,-0.0
2024-06-07 14:00:00+00:00,-0.0
2024-06-07 15:00:00+00:00,-0.0
2024-06-07 16:00:00+00:00,-0.0
2024-06-07 17:00:00+00:00,-0.0
2024-06-07 18:00:00+00:00,-0.0
2024-06-07 19:00:00+00:00,-0.0
2024-06-07 20:00:00+00:00,-0.0
2024-06-07 21:00:00+00:00,-0.0
2024-06-07 22:00:00+00:00,-0.0
2024-06-07 23:00:00+00:00,-0.0
2024-06-08 00:00:00+00:00,-0.0
2024-06-08 01:00:00+00:00,-0.0
2024-06-08 02:00:00+00:00,-0.0
2024-06-08 03:00:00+00:00,-0.0
2024-06-08 04:00:00+00:00,-0.0
2024-06-08 05:00:00+00:00,-0.0
2024-06-08 06:00:00+00:00,-0.0
2024-06-08 07:00:00+00:00,-0.0
2024-06-08 08:00:00+00:00,-0.0
2024-06-08 09:00:00+00:00,-0.0
2024-06-08 10:00:00+00:00,-0.0
2024-06-08 11:00:00+00:00,-0.0
2024-06-08 12:00:00+00:00,-0.0
2024-06-08 13:00:00+00:00,-0.0
2024-06-08 14:00:00+00:00,-0.0
2024-06-08 15:00:00+00:00,-0.0
2024-06-08 16:00:00+00:00,-0.0
2024-06-08 17:00:00+00:00,-0.0
2024-06-08 18:00:00+00:00,-0.0
2024-06-08 19:00:00+00:00,-0.0
2024-06-08 20:00:00+00:00,-0.0
2024-06-08 21:00:00+00:00,-0.0
2024-06-08 22:00:00+00:00,-0.0
2024-06-08 23:00:00+00:00,-0.0
2024-06-09 00:00:00+00:00,-0.0
2024-06-09 01:00:00+00:00,-0.0
2024-06-09 02:00:00+00:00,-0.0
2024-06-09 03:00:00+00:00,-0.0
2024-06-09 04:00:00+00:00,-0.0
2024-06-09 05:00:00+00:00,-0.0
2024-06-09 06:00:00+00:00,-0.0
2024-06-09 07:00:00+00:00,-0.0
2024-06-09 08:00:00+00:00,-0.0
2024-06-09 09:00:00+00:00,-0.0
2024-06-09 10:00:00+00:00,-0.0
2024-06-09 11:00:00+00:00,-0.0
2024-06-09 12:00:00+00:00,-0.0
2024-06-09 13:00:00+00:00,-0.0
2024-06-09 14:00:00+00:00,-0.0
2024-06-09 15:00:00+00:00,-0.0
2024-06-09 16:00:00+00:00,-0.0
2024-06-09 17:00:00+00:00,-0.0
2024-06-09 18:00:00+00:00,-0.0
2024-06-09 19:00:00+00:00,-0.0
2024-06-09 20:00:00+00:00,-0.0
2024-06-09 21:00:00+00:00,-0.0
2024-06-09 22:00:00+00:00,-0.0
2024-06-09 23:00:00+00:00,-0.0
2024-06-10 00:00:00+00:00,-0.0
2024-06-10 01:00:00+00:00,-0.0
2024-06-10 02:00:00+00:00,-0.0
2024-06-10 03:00:00+00:00,-0.0
2024-06-10 04:00:00+00:00,-0.0
2024-06-10 05:00:00+00:00,-0.0
2024-06-10 06:00:00+00:00,0.019351352700369234
2024-06-10 07:00:00+00:00,-0.0
2024-06-10 08:00:00+00:00,-0.0
2024-06-10 09:00:00+00:00,-0.0
2024-06-10 10:00:00+00:00,-0.0
2024-06-10 11:00:00+00:00,-0.0
2024-06-10 12:00:00+00:00,-0.0
2024-06-10 13:00:00+00:00,-0.0
2024-06-10 14:00:00+00:00,-0.0
2024-06-10 15:00:00+00:00,-0.0
2024-06-10 16:00:00+00:00,-0.0
2024-06-10 17:00:00+00:00,-0.0
2024-06-10 18:00:00+00:00,-0.0
2024-06-10 19:00:00+00:00,-0.0
2024-06-10 20:00:00+00:00,-0.0
2024-06-10 21:00:00+00:00,-0.0
2024-06-10 22:00:00+00:00,-0.0
2024-06-10 23:00:00+00:00,-0.0
2024-06-11 00:00:00+00:00,-0.0
2024-06-11 01:00:00+00:00,-0.0
2024-06-11 02:00:00+00:00,-0.0
2024-06-11 03:00:00+00:00,-0.0
2024-06-11 04:00:00+00:00,-0.0
2024-06-11 05:00:00+00:00,-0.0
2024-06-11 06:00:00+00:00,-0.0
2024-06-11 07:00:00+00:00,-0.0
2024-06-11 08:00:00+00:00,-0.0
2024-06-11 09:00:00+00:00,-0.0
2024-06-11 10:00:00+00:00,-0.0
2024-06-11 11:00:00+00:00,-0.0
2024-06-11 12:00:00+00:00,-0.0
2024-06-11 13:00:00+00:00,-0.0
2024-06-11 14:00:00+00:00,-0.0
2024-06-11 15:00:00+00:00,-0.0
2024-06-11 16:00:00+00:00,-0.0
2024-06-11 17:00:00+00:00,-0.0
2024-06-11 18:00:00+00:00,-0.0
2024-06-11 19:00:00+00:00,-0.0
2024-06-11 20:00:00+00:00,-0.0
2024-06-11 21:00:00+00:00,-0.0
2024-06-11 22:00:00+00:00,-0.0
2024-06-11 23:00:00+00:00,-0.0
2024-06-12 00:00:00+00:00,-0.0
2024-06-12 01:00:00+00:00,-0.0
2024-06-12 02:00:00+00:00,-0.0
2024-06-12 03:00:00+00:00,-0.0
2024-06-12 04:00:00+00:00,-0.0
2024-06-12 05:00:00+00:00,-0.0
2024-06-12 06:00:00+00:00,-0.0
2024-06-12 07:00:00+00:00,-0.0
2024-06-12 08:00:00+00:00,-0.0
2024-06-12 09:00:00+00:00,-0.0
2024-06-12 10:00:00+00:00,-0.0
2024-06-12 11:00:00+00:00,-0.0
2024-06-12 12:00:00+00:00,-0.0
2024-06-12 13:00:00+00:00,-0.0
2024-06-12 14:00:00+00:00,-0.0
2024-06-12 15:00:00+00:00,-0.0
2024-06-12 16:00:00+00:00,-0.0
2024-06-12 17:00:00+00:00,-0.0
2024-06-12 18:00:00+00:00,-0.0
2024-06-12 19:00:00+00:00,-0.0
2024-06-12 20:00:00+00:00,-0.0
2024-06-12 21:00:00+00:00,-0.0
2024-06-12 22:00:00+00:00,-0.0
2024-06-12 23:00:00+00:00,-0.0
2024-06-13 00:00:00+00:00,-0.0
2024-06-13 01:00:00+00:00,-0.0
2024-06-13 02:00:00+00:00,-0.0
2024-06-13 03:00:00+00:00,-0.0
2024-06-13 04:00:00+00:00,-0.0
2024-06-13 05:00:00+00:00,-0.0
2024-06-13 06:00:00+00:00,-0.0
2024-06-13 07:00:00+00:00,-0.0
2024-06-13 08:00:00+00:00,-0.0
2024-06-13 09:00:00+00:00,-0.0
2024-06-13 10:00:00+00:00,-0.0
2024-06-13 11:00:00+00:00,-0.0
2024-06-13 12:00:00+00:00,-0.0
2024-06-13 13:00:00+00:00,-0.0
2024-06-13 14:00:00+00:00,-0.0
2024-06-13 15:00:00+00:00,0.029634510882235742
2024-06-13 16:00:00+00:00,-0.0
2024-06-13 17:00:00+00:00,-0.0
2024-06-13 18:00:00+00:00,-0.0
2024-06-13 19:00:00+00:00,-0.0
2024-06-13 20:00:00+00:00,-0.0
2024-06-13 21:00:00+00:00,-0.0
2024-06-13 22:00:00+00:00,-0.0
2024-06-13 23:00:00+00:00,-0.0
2024-06-14 00:00:00+00:00,-0.0
2024-06-14 01:00:00+00:00,-0.0
2024-06-14 02:00:00+00:00,-0.0
2024-06-14 03:00:00+00:00,-0.0
2024-06-14 04:00:00+00:00,-0.0
2024-06-14 05:00:00+00:00,-0.0
2024-06-14 06:00:00+00:00,-0.0
2024-06-14 07:00:00+00:00,-0.0
2024-06-14 08:00:00+00:00,-0.0
2024-06-14 09:00:00+00:00,-0.0
2024-06-14 10:00:00+00:00,-0.0
2024-06-14 11:00:00+00:00,-0.0
2024-06-14 12:00:00+00:00,-0.0
2024-06-14 13:00:00+00:00,-0.0
2024-06-14 14:00:00+00:00,-0.0
2024-06-14 15:00:00+00:00,-0.0
2024-06-14 16:00:00+00:00,-0.0
2024-06-14 17:00:00+00:00,-0.0
2024-06-14 18:00:00+00:00,-0.0
2024-06-14 19:00:00+00:00,-0.0
2024-06-14 20:00:00+00:00,-0.0
2024-06-14 21:00:00+00:00,-0.0
2024-06-14 22:00:00+00:00,-0.0
2024-06-14 23:00:00+00:00,-0.0
2024-06-15 00:00:00+00:00,-0.0
2024-06-15 01:00:00+00:00,-0.0
2024-06-15 02:00:00+00:00,-0.0
2024-06-15 03:00:00+00:00,-0.0
2024-06-15 04:00:00+00:00,-0.0
2024-06-15 05:00:00+00:00,-0.0
2024-06-15 06:00:00+00:00,-0.0
2024-06-15 07:00:00+00:00,-0.0
2024-06-15 08:00:00+00:00,-0.0
2024-06-15 09:00:00+00:00,-0.0
2024-06-15 10:00:00+00:00,-0.0
2024-06-15 11:00:00+00:00,-0.0
2024-06-15 12:00:00+00:00,-0.0
2024-06-15 13:00:00+00:00,-0.0
2024-06-15 14:00:00+00:00,-0.0
2024-06-15 15:00:00+00:00,-0.0
2024-06-15 16:00:00+00:00,-0.0
2024-06-15 17:00:00+00:00,-0.0
2024-06-15 18:00:00+00:00,-0.0
2024-06-15 19:00:00+00:00,-0.0
2024-06-15 20:00:00+00:00,-0.0
2024-06-15 21:00:00+00:00,-0.0
2024-06-15 22:00:00+00:00,-0.0
2024-06-15 23:00:00+00:00,-0.0
2024-06-16 00:00:00+00:00,-0.0
2024-06-16 01:00:00+00:00,-0.0
2024-06-16 02:00:00+00:00,-0.0
2024-06-16 03:00:00+00:00,-0.0
2024-06-16 04:00:00+00:00,-0.0
2024-06-16 05:00:00+00:00,-0.0
2024-06-16 06:00:00+00:00,-0.0
2024-06-16 07:00:00+00:00,-0.0
2024-06-16 08:00:00+00:00,-0.0
2024-06-16 09:00:00+00:00,-0.0
2024-06-16 10:00:00+00:00,-0.0
2024-06-16 11:00:00+00:00,-0.0
2024-06-16 12:00:00+00:00,-0.0
2024-06-16 13:00:00+00:00,-0.0
2024-06-16 14:00:00+00:00,-0.0
2024-06-16 15:00:00+00:00,-0.0
2024-06-16 16:00:00+00:00,-0.0
2024-06-16 17:00:00+00:00,-0.0
2024-06-16 18:00:00+00:00,-0.0
2024-06-16 19:00:00+00:00,-0.0
2024-06-16 20:00:00+00:00,-0.0
2024-06-16 21:00:00+00:00,-0.0
2024-06-16 22:00:00+00:00,-0.0
2024-06-16 23:00:00+00:00,-0.0
2024-06-17 00:00:00+00:00,-0.0
2024-06-17 01:00:00+00:00,-0.0
2024-06-17 02:00:00+00:00,-0.0
2024-06-17 03:00:00+00:00,-0.0
2024-06-17 04:00:00+00:00,-0.0
2024-06-17 05:00:00+00:00,-0.0
2024-06-17 06:00:00+00:00,-0.0
2024-06-17 07:00:00+00:00,-0.0
2024-06-17 08:00:00+00:00,-0.0
2024-06-17 09:00:00+00:00,-0.0
2024-06-17 10:00:00+00:00,-0.0
2024-06-17 11:00:00+00:00,-0.0
2024-06-17 12:00:00+00:00,-0.0
2024-06-17 13:00:00+00:00,-0.0
2024-06-17 14:00:00+00:00,-0.0
2024-06-17 15:00:00+00:00,-0.0
2024-06-17 16:00:00+00:00,-0.0
2024-06-17 17:00:00+00:00,-0.0
2024-06-17 18:00:00+00:00,-0.0
2024-06-17 19:00:00+00:00,-0.0
2024-06-17 20:00:00+00:00,-0.0
2024-06-17 21:00:00+00:00,-0.0
2024-06-17 22:00:00+00:00,-0.0
2024-06-17 23:00:00+00:00,-0.0
2024-06-18 00:00:00+00:00,-0.0
2024-06-18 01:00:00+00:00,-0.0
2024-06-18 02:00:00+00:00,-0.0
2024-06-18 03:00:00+00:00,-0.0
2024-06-18 04:00:00+00:00,-0.0
2024-06-18 05:00:00+00:00,-0.0
2024-06-18 06:00:00+00:00,-0.0
2024-06-18 07:00:00+00:00,-0.0
2024-06-18 08:00:00+00:00,-0.0
2024-06-18 09:00:00+00:00,-0.0
2024-06-18 10:00:00+00:00,-0.0
2024-06-18 11:00:00+00:00,-0.0
2024-06-18 12:00:00+00:00,-0.0
2024-06-18 13:00:00+00:00,-0.0
2024-06-18 14:00:00+00:00,-0.0
2024-06-18 15:00:00+00:00,-0.0
2024-06-18 16:00:00+00:00,-0.0
2024-06-18 17:00:00+00:00,-0.0
2024-06-18 18:00:00+00:00,-0.0
2024-06-18 19:00:00+00:00,-0.0
2024-06-18 20:00:00+00:00,-0.0
2024-06-18 21:00:00+00:00,-0.0
2024-06-18 22:00:00+00:00,-0.0
2024-06-18 23:00:00+00:00,-0.0
2024-06-19 00:00:00+00:00,-0.0
2024-06-19 01:00:00+00:00,-0.0
2024-06-19 02:00:00+00:00,-0.0
2024-06-19 03:00:00+00:00,-0.0
2024-06-19 04:00:00+00:00,-0.0
2024-06-19 05:00:00+00:00,-0.0
2024-06-19 06:00:00+00:00,-0.0
2024-06-19 07:00:00+00:00,-0.0
2024-06-19 08:00:00+00:00,-0.0
2024-06-19 09:00:00+00:00,-0.0
2024-06-19 10:00:00+00:00,-0.0
2024-06-19 11:00:00+00:00,-0.0
2024-06-19 12:00:00+00:00,-0.0
2024-06-19 13:00:00+00:00,-0.0
2024-06-19 14:00:00+00:00,-0.0
2024-06-19 15:00:00+00:00,-0.0
2024-06-19 16:00:00+00:00,-0.0
2024-06-19 17:00:00+00:00,-0.0
2024-06-19 18:00:00+00:00,-0.0
2024-06-19 19:00:00+00:00,-0.0
2024-06-19 20:00:00+00:00,-0.0
2024-06-19 21:00:00+00:00,-0.0
2024-06-19 22:00:00+00:00,-0.0
2024-06-19 23:00:00+00:00,-0.0
2024-06-20 00:00:00+00:00,-0.0
2024-06-20 01:00:00+00:00,-0.0
2024-06-20 02:00:00+00:00,-0.0
2024-06-20 03:00:00+00:00,-0.0
2024-06-20 04:00:00+00:00,-0.0
2024-06-20 05:00:00+00:00,-0.0
2024-06-20 06:00:00+00:00,-0.0
2024-06-20 07:00:00+00:00,-0.07101774502989837
2024-06-20 08:00:00+00:00,-0.0
2024-06-20 09:00:00+00:00,-0.0
2024-06-20 10:00:00+00:00,-0.0
2024-06-20 11:00:00+00:00,-0.0
2024-06-20 12:00:00+00:00,-0.0
2024-06-20 13:00:00+00:00,-0.0
2024-06-20 14:00:00+00:00,-0.0
2024-06-20 15:00:00+00:00,-0.0
2024-06-20 16:00:00+00:00,-0.0
2024-06-20 17:00:00+00:00,-0.0
2024-06-20 18:00:00+00:00,-0.0
2024-06-20 19:00:00+00:00,-0.0
2024-06-20 20:00:00+00:00,-0.0
2024-06-20 21:00:00+00:00,-0.0
2024-06-20 22:00:00+00:00,-0.0
2024-06-20 23:00:00+00:00,-0.0
2024-06-21 00:00:00+00:00,-0.0
2024-06-21 01:00:00+00:00,-0.0
2024-06-21 02:00:00+00:00,-0.0
2024-06-21 03:00:00+00:00,-0.0
2024-06-21 04:00:00+00:00,-0.0
2024-06-21 05:00:00+00:00,-0.0
2024-06-21 06:00:00+00:00,-0.0
2024-06-21 07:00:00+00:00,-0.0
2024-06-21 08:00:00+00:00,-0.0
2024-06-21 09:00:00+00:00,-0.0
2024-06-21 10:00:00+00:00,-0.0
2024-06-21 11:00:00+00:00,-0.0
2024-06-21 12:00:00+00:00,-0.0
2024-06-21 13:00:00+00:00,-0.0
2024-06-21 14:00:00+00:00,-0.0
2024-06-21 15:00:00+00:00,-0.0
2024-06-21 16:00:00+00:00,-0.0
2024-06-21 17:00:00+00:00,-0.0
2024-06-21 18:00:00+00:00,-0.0
2024-06-21 19:00:00+00:00,-0.0
2024-06-21 20:00:00+00:00,-0.0
2024-06-21 21:00:00+00:00,-0.0
2024-06-21 22:00:00+00:00,-0.0
2024-06-21 23:00:00+00:00,-0.0
2024-06-22 00:00:00+00:00,-0.0
2024-06-22 01:00:00+00:00,-0.0
2024-06-22 02:00:00+00:00,-0.0
2024-06-22 03:00:00+00:00,-0.0
2024-06-22 04:00:00+00:00,-0.0
2024-06-22 05:00:00+00:00,-0.0
2024-06-22 06:00:00+00:00,-0.0
2024-06-22 07:00:00+00:00,-0.0
2024-06-22 08:00:00+00:00,-0.0
2024-06-22 09:00:00+00:00,-0.0
2024-06-22 10:00:00+00:00,-0.0
2024-06-22 11:00:00+00:00,-0.0
2024-06-22 12:00:00+00:00,-0.0
2024-06-22 13:00:00+00:00,-0.0
2024-06-22 14:00:00+00:00,-0.0
2024-06-22 15:00:00+00:00,-0.0
2024-06-22 16:00:00+00:00,-0.0
2024-06-22 17:00:00+00:00,-0.0
2024-06-22 18:00:00+00:00,-0.0
2024-06-22 19:00:00+00:00,-0.0
2024-06-22 20:00:00+00:00,0.013052770203057822
2024-06-22 21:00:00+00:00,-0.0
2024-06-22 22:00:00+00:00,-0.0
2024-06-22 23:00:00+00:00,-0.0
2024-06-23 00:00:00+00:00,-0.0
2024-06-23 01:00:00+00:00,-0.0
2024-06-23 02:00:00+00:00,-0.0
2024-06-23 03:00:00+00:00,-0.0
2024-06-23 04:00:00+00:00,-0.0
2024-06-23 05:00:00+00:00,-0.0
2024-06-23 06:00:00+00:00,-0.0
2024-06-23 07:00:00+00:00,-0.0
2024-06-23 08:00:00+00:00,-0.0
2024-06-23 09:00:00+00:00,-0.0
2024-06-23 10:00:00+00:00,-0.0
2024-06-23 11:00:00+00:00,-0.0
2024-06-23 12:00:00+00:00,-0.0
2024-06-23 13:00:00+00:00,-0.0
2024-06-23 14:00:00+00:00,-0.0
2024-06-23 15:00:00+00:00,-0.0
2024-06-23 16:00:00+00:00,-0.0
2024-06-23 17:00:00+00:00,-0.0
2024-06-23 18:00:00+00:00,-0.0
2024-06-23 19:00:00+00:00,-0.0
2024-06-23 20:00:00+00:00,-0.0
2024-06-23 21:00:00+00:00,-0.0
2024-06-23 22:00:00+00:00,-0.0
2024-06-23 23:00:00+00:00,-0.0
2024-06-24 00:00:00+00:00,-0.0
2024-06-24 01:00:00+00:00,-0.0
2024-06-24 02:00:00+00:00,-0.0
2024-06-24 03:00:00+00:00,-0.0
2024-06-24 04:00:00+00:00,-0.0
2024-06-24 05:00:00+00:00,-0.0
2024-06-24 06:00:00+00:00,-0.0
2024-06-24 07:00:00+00:00,-0.0
2024-06-24 08:00:00+00:00,-0.0
2024-06-24 09:00:00+00:00,-0.0
2024-06-24 10:00:00+00:00,-0.0
2024-06-24 11:00:00+00:00,-0.0
2024-06-24 12:00:00+00:00,-0.0
2024-06-24 13:00:00+00:00,-0.0
2024-06-24 14:00:00+00:00,-0.0
2024-06-24 15:00:00+00:00,0.02480206641014727
2024-06-24 16:00:00+00:00,-0.0
2024-06-24 17:00:00+00:00,-0.0
2024-06-24 18:00:00+00:00,-0.0
2024-06-24 19:00:00+00:00,-0.0
2024-06-24 20:00:00+00:00,-0.0
2024-06-24 21:00:00+00:00,-0.0
2024-06-24 22:00:00+00:00,-0.0
2024-06-24 23:00:00+00:00,-0.0
2024-06-25 00:00:00+00:00,-0.0
2024-06-25 01:00:00+00:00,-0.0
2024-06-25 02:00:00+00:00,-0.0
2024-06-25 03:00:00+00:00,-0.03819973675389158
2024-06-25 04:00:00+00:00,-0.0
2024-06-25 05:00:00+00:00,-0.0
2024-06-25 06:00:00+00:00,-0.0
2024-06-25 07:00:00+00:00,-0.0
2024-06-25 08:00:00+00:00,-0.0
2024-06-25 09:00:00+00:00,-0.0
2024-06-25 10:00:00+00:00,-0.0
2024-06-25 11:00:00+00:00,-0.0
2024-06-25 12:00:00+00:00,-0.0
2024-06-25 13:00:00+00:00,-0.0
2024-06-25 14:00:00+00:00,-0.0
2024-06-25 15:00:00+00:00,-0.0
2024-06-25 16:00:00+00:00,-0.0
2024-06-25 17:00:00+00:00,-0.0
2024-06-25 18:00:00+00:00,-0.0
2024-06-25 19:00:00+00:00,-0.0
2024-06-25 20:00:00+00:00,-0.0
2024-06-25 21:00:00+00:00,-0.0
2024-06-25 22:00:00+00:00,-0.0
2024-06-25 23:00:00+00:00,-0.0
2024-06-26 00:00:00+00:00,-0.0
2024-06-26 01:00:00+00:00,-0.0
2024-06-26 02:00:00+00:00,-0.0
2024-06-26 03:00:00+00:00,-0.0
2024-06-26 04:00:00+00:00,-0.0
2024-06-26 05:00:00+00:00,-0.0
2024-06-26 06:00:00+00:00,-0.0
2024-06-26 07:00:00+00:00,-0.0
2024-06-26 08:00:00+00:00,-0.0
2024-06-26 09:00:00+00:00,-0.0
2024-06-26 10:00:00+00:00,-0.0
2024-06-26 11:00:00+00:00,-0.0
2024-06-26 12:00:00+00:00,-0.0
2024-06-26 13:00:00+00:00,-0.0
2024-06-26 14:00:00+00:00,-0.0
2024-06-26 15:00:00+00:00,-0.0
2024-06-26 16:00:00+00:00,-0.0
2024-06-26 17:00:00+00:00,-0.0
2024-06-26 18:00:00+00:00,-0.0
2024-06-26 19:00:00+00:00,-0.0
2024-06-26 20:00:00+00:00,-0.0
2024-06-26 21:00:00+00:00,-0.0
2024-06-26 22:00:00+00:00,-0.0
2024-06-26 23:00:00+00:00,-0.0
2024-06-27 00:00:00+00:00,-0.0
2024-06-27 01:00:00+00:00,-0.0
2024-06-27 02:00:00+00:00,-0.0
2024-06-27 03:00:00+00:00,-0.0
2024-06-27 04:00:00+00:00,-0.0
2024-06-27 05:00:00+00:00,-0.0
2024-06-27 06:00:00+00:00,-0.0
2024-06-27 07:00:00+00:00,-0.0
2024-06-27 08:00:00+00:00,-0.0
2024-06-27 09:00:00+00:00,-0.0
2024-06-27 10:00:00+00:00,-0.0
2024-06-27 11:00:00+00:00,-0.0
2024-06-27 12:00:00+00:00,-0.0
2024-06-27 13:00:00+00:00,-0.0
2024-06-27 14:00:00+00:00,-0.0
2024-06-27 15:00:00+00:00,-0.0
2024-06-27 16:00:00+00:00,-0.0
2024-06-27 17:00:00+00:00,-0.0
2024-06-27 18:00:00+00:00,-0.0
2024-06-27 19:00:00+00:00,-0.0
2024-06-27 20:00:00+00:00,-0.0
2024-06-27 21:00:00+00:00,-0.0
2024-06-27 22:00:00+00:00,-0.0
2024-06-27 23:00:00+00:00,-0.0
2024-06-28 00:00:00+00:00,0.024921585805940775
2024-06-28 01:00:00+00:00,-0.0
2024-06-28 02:00:00+00:00,-0.0
2024-06-28 03:00:00+00:00,-0.0
2024-06-28 04:00:00+00:00,-0.0
2024-06-28 05:00:00+00:00,-0.0
2024-06-28 06:00:00+00:00,-0.0
2024-06-28 07:00:00+00:00,-0.0
2024-06-28 08:00:00+00:00,-0.0
2024-06-28 09:00:00+00:00,-0.0
2024-06-28 10:00:00+00:00,-0.0
2024-06-28 11:00:00+00:00,-0.0
2024-06-28 12:00:00+00:00,-0.0
2024-06-28 13:00:00+00:00,-0.0
2024-06-28 14:00:00+00:00,-0.0
2024-06-28 15:00:00+00:00,-0.0
2024-06-28 16:00:00+00:00,-0.0
2024-06-28 17:00:00+00:00,0.02311581830127489
2024-06-28 18:00:00+00:00,-0.0
2024-06-28 19:00:00+00:00,-0.0
2024-06-28 20:00:00+00:00,-0.0
2024-06-28 21:00:00+00:00,-0.0
2024-06-28 22:00:00+00:00,-0.0
2024-06-28 23:00:00+00:00,-0.0
2024-06-29 00:00:00+00:00,-0.0
2024-06-29 01:00:00+00:00,-0.0
2024-06-29 02:00:00+00:00,-0.0
2024-06-29 03:00:00+00:00,-0.0
2024-06-29 04:00:00+00:00,-0.0
2024-06-29 05:00:00+00:00,-0.0
2024-06-29 06:00:00+00:00,-0.0
2024-06-29 07:00:00+00:00,-0.0
2024-06-29 08:00:00+00:00,-0.0
2024-06-29 09:00:00+00:00,-0.0
2024-06-29 10:00:00+00:00,-0.0
2024-06-29 11:00:00+00:00,-0.0
2024-06-29 12:00:00+00:00,-0.0
2024-06-29 13:00:00+00:00,-0.0
2024-06-29 14:00:00+00:00,-0.0
2024-06-29 15:00:00+00:00,-0.0
2024-06-29 16:00:00+00:00,-0.0
2024-06-29 17:00:00+00:00,-0.0
2024-06-29 18:00:00+00:00,-0.0
2024-06-29 19:00:00+00:00,-0.0
2024-06-29 20:00:00+00:00,-0.0
2024-06-29 21:00:00+00:00,-0.0
2024-06-29 22:00:00+00:00,-0.0
2024-06-29 23:00:00+00:00,-0.0
2024-06-30 00:00:00+00:00,-0.0
2024-06-30 01:00:00+00:00,-0.0
2024-06-30 02:00:00+00:00,-0.0
2024-06-30 03:00:00+00:00,-0.0
2024-06-30 04:00:00+00:00,-0.0
2024-06-30 05:00:00+00:00,-0.0
2024-06-30 06:00:00+00:00,-0.0
2024-06-30 07:00:00+00:00,-0.0
2024-06-30 08:00:00+00:00,-0.0
2024-06-30 09:00:00+00:00,-0.0
2024-06-30 10:00:00+00:00,0.01569056895935215
2024-06-30 11:00:00+00:00,-0.0
2024-06-30 12:00:00+00:00,-0.0
2024-06-30 13:00:00+00:00,-0.0
2024-06-30 14:00:00+00:00,-0.0
2024-06-30 15:00:00+00:00,-0.0
2024-06-30 16:00:00+00:00,-0.0
2024-06-30 17:00:00+00:00,-0.0
2024-06-30 18:00:00+00:00,-0.0
2024-06-30 19:00:00+00:00,-0.0
2024-06-30 20:00:00+00:00,-0.0
2024-06-30 21:00:00+00:00,-0.0
2024-06-30 22:00:00+00:00,-0.0
2024-06-30 23:00:00+00:00,-0.0
2024-07-01 00:00:00+00:00,-0.0
2024-07-01 01:00:00+00:00,-0.0
2024-07-01 02:00:00+00:00,-0.0
2024-07-01 03:00:00+00:00,-0.0
2024-07-01 04:00:00+00:00,-0.0
2024-07-01 05:00:00+00:00,-0.0
2024-07-01 06:00:00+00:00,-0.0
2024-07-01 07:00:00+00:00,-0.0
2024-07-01 08:00:00+00:00,-0.0
2024-07-01 09:00:00+00:00,-0.0
2024-07-01 10:00:00+00:00,-0.0
2024-07-01 11:00:00+00:00,-0.0
2024-07-01 12:00:00+00:00,-0.0
2024-07-01 13:00:00+00:00,-0.0
2024-07-01 14:00:00+00:00,-0.0
2024-07-01 15:00:00+00:00,-0.0
2024-07-01 16:00:00+00:00,-0.0
2024-07-01 17:00:00+00:00,-0.0
2024-07-01 18:00:00+00:00,-0.0
2024-07-01 19:00:00+00:00,-0.0
2024-07-01 20:00:00+00:00,-0.0
2024-07-01 21:00:00+00:00,-0.0
2024-07-01 22:00:00+00:00,-0.0
2024-07-01 23:00:00+00:00,-0.0
2024-07-02 00:00:00+00:00,-0.0
2024-07-02 01:00:00+00:00,-0.0
2024-07-02 02:00:00+00:00,-0.0
2024-07-02 03:00:00+00:00,-0.0
2024-07-02 04:00:00+00:00,-0.0
2024-07-02 05:00:00+00:00,-0.0
2024-07-02 06:00:00+00:00,-0.0
2024-07-02 07:00:00+00:00,-0.0
2024-07-02 08:00:00+00:00,-0.0
2024-07-02 09:00:00+00:00,-0.0
2024-07-02 10:00:00+00:00,-0.0
2024-07-02 11:00:00+00:00,-0.0
2024-07-02 12:00:00+00:00,-0.0
2024-07-02 13:00:00+00:00,-0.0
2024-07-02 14:00:00+00:00,-0.0
2024-07-02 15:00:00+00:00,-0.0
2024-07-02 16:00:00+00:00,-0.0
2024-07-02 17:00:00+00:00,-0.0
2024-07-02 18:00:00+00:00,-0.0
2024-07-02 19:00:00+00:00,-0.0
2024-07-02 20:00:00+00:00,-0.0
2024-07-02 21:00:00+00:00,0.01331142005750346
2024-07-02 22:00:00+00:00,-0.0
2024-07-02 23:00:00+00:00,-0.0
2024-07-03 00:00:00+00:00,-0.0
2024-07-03 01:00:00+00:00,-0.0
2024-07-03 02:00:00+00:00,-0.0
2024-07-03 03:00:00+00:00,-0.0
2024-07-03 04:00:00+00:00,-0.0
2024-07-03 05:00:00+00:00,-0.0
2024-07-03 06:00:00+00:00,-0.0
2024-07-03 07:00:00+00:00,-0.0
2024-07-03 08:00:00+00:00,-0.0
2024-07-03 09:00:00+00:00,-0.0
2024-07-03 10:00:00+00:00,-0.0
2024-07-03 11:00:00+00:00,-0.0
2024-07-03 12:00:00+00:00,-0.0
2024-07-03 13:00:00+00:00,-0.0
2024-07-03 14:00:00+00:00,-0.0
2024-07-03 15:00:00+00:00,-0.0
2024-07-03 16:00:00+00:00,-0.0
2024-07-03 17:00:00+00:00,-0.0
2024-07-03 18:00:00+00:00,-0.0
2024-07-03 19:00:00+00:00,-0.0
2024-07-03 20:00:00+00:00,-0.0
2024-07-03 21:00:00+00:00,-0.0
2024-07-03 22:00:00+00:00,-0.0
2024-07-03 23:00:00+00:00,-0.0
2024-07-04 00:00:00+00:00,-0.0
2024-07-04 01:00:00+00:00,-0.0
2024-07-04 02:00:00+00:00,-0.0
2024-07-04 03:00:00+00:00,-0.0
2024-07-04 04:00:00+00:00,-0.0
2024-07-04 05:00:00+00:00,-0.0
2024-07-04 06:00:00+00:00,-0.0
2024-07-04 07:00:00+00:00,-0.0
2024-07-04 08:00:00+00:00,-0.0
2024-07-04 09:00:00+00:00,-0.0
2024-07-04 10:00:00+00:00,-0.0
2024-07-04 11:00:00+00:00,-0.0
2024-07-04 12:00:00+00:00,-0.0
2024-07-04 13:00:00+00:00,-0.0
2024-07-04 14:00:00+00:00,-0.0
2024-07-04 15:00:00+00:00,-0.0
2024-07-04 16:00:00+00:00,-0.0
2024-07-04 17:00:00+00:00,-0.0
2024-07-04 18:00:00+00:00,-0.0
2024-07-04 19:00:00+00:00,-0.0
2024-07-04 20:00:00+00:00,-0.0
2024-07-04 21:00:00+00:00,-0.0
2024-07-04 22:00:00+00:00,-0.0
2024-07-04 23:00:00+00:00,-0.0
2024-07-05 00:00:00+00:00,-0.0
2024-07-05 01:00:00+00:00,-0.0
2024-07-05 02:00:00+00:00,-0.0
2024-07-05 03:00:00+00:00,-0.0
2024-07-05 04:00:00+00:00,-0.0
2024-07-05 05:00:00+00:00,-0.0
2024-07-05 06:00:00+00:00,-0.0
2024-07-05 07:00:00+00:00,-0.0
2024-07-05 08:00:00+00:00,-0.0
2024-07-05 09:00:00+00:00,-0.0
2024-07-05 10:00:00+00:00,-0.0
2024-07-05 11:00:00+00:00,-0.0
2024-07-05 12:00:00+00:00,-0.0
2024-07-05 13:00:00+00:00,-0.0
2024-07-05 14:00:00+00:00,-0.0
2024-07-05 15:00:00+00:00,-0.0
2024-07-05 16:00:00+00:00,-0.0
2024-07-05 17:00:00+00:00,-0.0
2024-07-05 18:00:00+00:00,-0.0
2024-07-05 19:00:00+00:00,-0.0
2024-07-05 20:00:00+00:00,-0.0
2024-07-05 21:00:00+00:00,-0.0
2024-07-05 22:00:00+00:00,-0.0
2024-07-05 23:00:00+00:00,-0.0
2024-07-06 00:00:00+00:00,-0.0
2024-07-06 01:00:00+00:00,-0.0
2024-07-06 02:00:00+00:00,-0.0
2024-07-06 03:00:00+00:00,-0.0
2024-07-06 04:00:00+00:00,-0.0
2024-07-06 05:00:00+00:00,-0.0
2024-07-06 06:00:00+00:00,-0.0
2024-07-06 07:00:00+00:00,-0.0
2024-07-06 08:00:00+00:00,-0.0
2024-07-06 09:00:00+00:00,-0.0
2024-07-06 10:00:00+00:00,-0.0
2024-07-06 11:00:00+00:00,-0.0
2024-07-06 12:00:00+00:00,-0.0
2024-07-06 13:00:00+00:00,-0.0
2024-07-06 14:00:00+00:00,-0.0
2024-07-06 15:00:00+00:00,-0.0
2024-07-06 16:00:00+00:00,-0.0
2024-07-06 17:00:00+00:00,-0.0
2024-07-06 18:00:00+00:00,-0.0
2024-07-06 19:00:00+00:00,-0.0
2024-07-06 20:00:00+00:00,-0.0
2024-07-06 21:00:00+00:00,-0.0
2024-07-06 22:00:00+00:00,-0.0
2024-07-06 23:00:00+00:00,-0.0
2024-07-07 00:00:00+00:00,-0.0
2024-07-07 01:00:00+00:00,-0.0
2024-07-07 02:00:00+00:00,-0.0
2024-07-07 03:00:00+00:00,-0.0
2024-07-07 04:00:00+00:00,-0.0
2024-07-07 05:00:00+00:00,-0.0
2024-07-07 06:00:00+00:00,-0.0
2024-07-07 07:00:00+00:00,-0.0
2024-07-07 08:00:00+00:00,-0.0
2024-07-07 09:00:00+00:00,-0.0
2024-07-07 10:00:00+00:00,-0.0
2024-07-07 11:00:00+00:00,-0.0
2024-07-07 12:00:00+00:00,-0.0
2024-07-07 13:00:00+00:00,-0.0
2024-07-07 14:00:00+00:00,-0.0
2024-07-07 15:00:00+00:00,-0.0
2024-07-07 16:00:00+00:00,-0.0
2024-07-07 17:00:00+00:00,-0.0
2024-07-07 18:00:00+00:00,-0.0
2024-07-07 19:00:00+00:00,-0.0
2024-07-07 20:00:00+00:00,-0.0
2024-07-07 21:00:00+00:00,-0.0
2024-07-07 22:00:00+00:00,-0.0
2024-07-07 23:00:00+00:00,-0.0
2024-07-08 00:00:00+00:00,-0.0
2024-07-08 01:00:00+00:00,-0.0
2024-07-08 02:00:00+00:00,-0.0
2024-07-08 03:00:00+00:00,-0.0
2024-07-08 04:00:00+00:00,-0.0
2024-07-08 05:00:00+00:00,-0.0
2024-07-08 06:00:00+00:00,-0.0
2024-07-08 07:00:00+00:00,-0.0
2024-07-08 08:00:00+00:00,-0.0
2024-07-08 09:00:00+00:00,-0.0
2024-07-08 10:00:00+00:00,-0.0
2024-07-08 11:00:00+00:00,-0.0
2024-07-08 12:00:00+00:00,-0.0
2024-07-08 13:00:00+00:00,-0.0
2024-07-08 14:00:00+00:00,-0.0
2024-07-08 15:00:00+00:00,-0.0
2024-07-08 16:00:00+00:00,-0.0
2024-07-08 17:00:00+00:00,-0.0
2024-07-08 18:00:00+00:00,-0.0
2024-07-08 19:00:00+00:00,-0.0
2024-07-08 20:00:00+00:00,-0.0
2024-07-08 21:00:00+00:00,-0.0
2024-07-08 22:00:00+00:00,-0.0
2024-07-08 23:00:00+00:00,-0.0
2024-07-09 00:00:00+00:00,-0.0
2024-07-09 01:00:00+00:00,-0.0
2024-07-09 02:00:00+00:00,-0.0
2024-07-09 03:00:00+00:00,-0.0
2024-07-09 04:00:00+00:00,-0.0
2024-07-09 05:00:00+00:00,-0.0
2024-07-09 06:00:00+00:00,-0.0
2024-07-09 07:00:00+00:00,-0.0
2024-07-09 08:00:00+00:00,-0.0
2024-07-09 09:00:00+00:00,-0.0
2024-07-09 10:00:00+00:00,-0.0
2024-07-09 11:00:00+00:00,-0.0
2024-07-09 12:00:00+00:00,-0.0
2024-07-09 13:00:00+00:00,-0.0
2024-07-09 14:00:00+00:00,-0.0
2024-07-09 15:00:00+00:00,-0.0
2024-07-09 16:00:00+00:00,-0.0
2024-07-09 17:00:00+00:00,-0.0
2024-07-09 18:00:00+00:00,-0.0
2024-07-09 19:00:00+00:00,-0.0
2024-07-09 20:00:00+00:00,-0.0
2024-07-09 21:00:00+00:00,-0.0
2024-07-09 22:00:00+00:00,-0.0
2024-07-09 23:00:00+00:00,-0.0
2024-07-10 00:00:00+00:00,-0.0
2024-07-10 01:00:00+00:00,-0.0
2024-07-10 02:00:00+00:00,-0.0
2024-07-10 03:00:00+00:00,-0.0
2024-07-10 04:00:00+00:00,-0.0
2024-07-10 05:00:00+00:00,-0.0
2024-07-10 06:00:00+00:00,-0.0
2024-07-10 07:00:00+00:00,-0.0
2024-07-10 08:00:00+00:00,-0.0
2024-07-10 09:00:00+00:00,-0.0
2024-07-10 10:00:00+00:00,-0.0
2024-07-10 11:00:00+00:00,-0.0
2024-07-10 12:00:00+00:00,-0.0
2024-07-10 13:00:00+00:00,-0.0
2024-07-10 14:00:00+00:00,-0.0
2024-07-10 15:00:00+00:00,-0.0
2024-07-10 16:00:00+00:00,-0.0
2024-07-10 17:00:00+00:00,-0.0
2024-07-10 18:00:00+00:00,-0.0
2024-07-10 19:00:00+00:00,-0.0
2024-07-10 20:00:00+00:00,-0.0
2024-07-10 21:00:00+00:00,-0.0
2024-07-10 22:00:00+00:00,-0.0
2024-07-10 23:00:00+00:00,-0.0
2024-07-11 00:00:00+00:00,-0.0
2024-07-11 01:00:00+00:00,-0.0
2024-07-11 02:00:00+00:00,-0.0
2024-07-11 03:00:00+00:00,-0.0
2024-07-11 04:00:00+00:00,-0.0
2024-07-11 05:00:00+00:00,-0.0
2024-07-11 06:00:00+00:00,-0.0
2024-07-11 07:00:00+00:00,-0.0
2024-07-11 08:00:00+00:00,-0.0
2024-07-11 09:00:00+00:00,-0.0
2024-07-11 10:00:00+00:00,-0.0
2024-07-11 11:00:00+00:00,-0.0
2024-07-11 12:00:00+00:00,-0.0
2024-07-11 13:00:00+00:00,-0.0
2024-07-11 14:00:00+00:00,-0.0
2024-07-11 15:00:00+00:00,-0.0
2024-07-11 16:00:00+00:00,-0.0
2024-07-11 17:00:00+00:00,-0.0
2024-07-11 18:00:00+00:00,-0.0
2024-07-11 19:00:00+00:00,-0.0
2024-07-11 20:00:00+00:00,-0.0
2024-07-11 21:00:00+00:00,-0.0
2024-07-11 22:00:00+00:00,-0.0
2024-07-11 23:00:00+00:00,-0.0
2024-07-12 00:00:00+00:00,-0.0
2024-07-12 01:00:00+00:00,-0.0
2024-07-12 02:00:00+00:00,-0.0
2024-07-12 03:00:00+00:00,-0.0
2024-07-12 04:00:00+00:00,-0.0
2024-07-12 05:00:00+00:00,-0.0
2024-07-12 06:00:00+00:00,-0.0
2024-07-12 07:00:00+00:00,-0.0
2024-07-12 08:00:00+00:00,-0.0
2024-07-12 09:00:00+00:00,-0.0
2024-07-12 10:00:00+00:00,-0.0
2024-07-12 11:00:00+00:00,-0.0
2024-07-12 12:00:00+00:00,-0.0
2024-07-12 13:00:00+00:00,-0.0
2024-07-12 14:00:00+00:00,-0.0
2024-07-12 15:00:00+00:00,-0.0
2024-07-12 16:00:00+00:00,-0.0
2024-07-12 17:00:00+00:00,-0.0
2024-07-12 18:00:00+00:00,-0.0
2024-07-12 19:00:00+00:00,-0.0
2024-07-12 20:00:00+00:00,-0.0
2024-07-12 21:00:00+00:00,-0.0
2024-07-12 22:00:00+00:00,-0.0
2024-07-12 23:00:00+00:00,-0.0
2024-07-13 00:00:00+00:00,-0.0
2024-07-13 01:00:00+00:00,-0.0
2024-07-13 02:00:00+00:00,-0.0
2024-07-13 03:00:00+00:00,-0.0
2024-07-13 04:00:00+00:00,-0.0
2024-07-13 05:00:00+00:00,-0.0
2024-07-13 06:00:00+00:00,-0.0
2024-07-13 07:00:00+00:00,-0.0
2024-07-13 08:00:00+00:00,-0.0
2024-07-13 09:00:00+00:00,-0.0
2024-07-13 10:00:00+00:00,-0.0
2024-07-13 11:00:00+00:00,-0.0
2024-07-13 12:00:00+00:00,-0.0
2024-07-13 13:00:00+00:00,-0.0
2024-07-13 14:00:00+00:00,-0.0
2024-07-13 15:00:00+00:00,-0.0
2024-07-13 16:00:00+00:00,-0.0
2024-07-13 17:00:00+00:00,-0.0
2024-07-13 18:00:00+00:00,-0.0
2024-07-13 19:00:00+00:00,-0.0
2024-07-13 20:00:00+00:00,-0.0
2024-07-13 21:00:00+00:00,-0.0
2024-07-13 22:00:00+00:00,-0.0
2024-07-13 23:00:00+00:00,-0.0
2024-07-14 00:00:00+00:00,-0.0
2024-07-14 01:00:00+00:00,-0.0
2024-07-14 02:00:00+00:00,-0.0
2024-07-14 03:00:00+00:00,-0.0
2024-07-14 04:00:00+00:00,-0.0
2024-07-14 05:00:00+00:00,-0.0
2024-07-14 06:00:00+00:00,-0.0
2024-07-14 07:00:00+00:00,-0.0
2024-07-14 08:00:00+00:00,-0.0
2024-07-14 09:00:00+00:00,-0.0
2024-07-14 10:00:00+00:00,-0.0
2024-07-14 11:00:00+00:00,-0.0
2024-07-14 12:00:00+00:00,-0.0
2024-07-14 13:00:00+00:00,-0.0
2024-07-14 14:00:00+00:00,-0.0
2024-07-14 15:00:00+00:00,-0.0
2024-07-14 16:00:00+00:00,-0.0
2024-07-14 17:00:00+00:00,-0.0
2024-07-14 18:00:00+00:00,-0.0
2024-07-14 19:00:00+00:00,-0.0
2024-07-14 20:00:00+00:00,-0.0
2024-07-14 21:00:00+00:00,-0.0
2024-07-14 22:00:00+00:00,-0.0
2024-07-14 23:00:00+00:00,-0.0
2024-07-15 00:00:00+00:00,-0.0
2024-07-15 01:00:00+00:00,-0.0
2024-07-15 02:00:00+00:00,-0.10587543605417588
2024-07-15 03:00:00+00:00,-0.0
2024-07-15 04:00:00+00:00,-0.0
2024-07-15 05:00:00+00:00,-0.0
2024-07-15 06:00:00+00:00,-0.0
2024-07-15 07:00:00+00:00,-0.0
2024-07-15 08:00:00+00:00,-0.0
2024-07-15 09:00:00+00:00,-0.0
2024-07-15 10:00:00+00:00,-0.0
2024-07-15 11:00:00+00:00,-0.0
2024-07-15 12:00:00+00:00,-0.0
2024-07-15 13:00:00+00:00,-0.0
2024-07-15 14:00:00+00:00,-0.0
2024-07-15 15:00:00+00:00,-0.0
2024-07-15 16:00:00+00:00,-0.0
2024-07-15 17:00:00+00:00,-0.0
2024-07-15 18:00:00+00:00,-0.0
2024-07-15 19:00:00+00:00,-0.0
2024-07-15 20:00:00+00:00,-0.0
2024-07-15 21:00:00+00:00,-0.0
2024-07-15 22:00:00+00:00,-0.0
2024-07-15 23:00:00+00:00,-0.0
2024-07-16 00:00:00+00:00,-0.0
2024-07-16 01:00:00+00:00,-0.0
2024-07-16 02:00:00+00:00,-0.0
2024-07-16 03:00:00+00:00,-0.0
2024-07-16 04:00:00+00:00,-0.0
2024-07-16 05:00:00+00:00,-0.0
2024-07-16 06:00:00+00:00,0.017838245405783403
2024-07-16 07:00:00+00:00,-0.0
2024-07-16 08:00:00+00:00,-0.0
2024-07-16 09:00:00+00:00,-0.0
2024-07-16 10:00:00+00:00,-0.0
2024-07-16 11:00:00+00:00,-0.0
2024-07-16 12:00:00+00:00,-0.0
2024-07-16 13:00:00+00:00,-0.0
2024-07-16 14:00:00+00:00,-0.0
2024-07-16 15:00:00+00:00,-0.0
2024-07-16 16:00:00+00:00,-0.0
2024-07-16 17:00:00+00:00,-0.0
2024-07-16 18:00:00+00:00,-0.0
2024-07-16 19:00:00+00:00,-0.0
2024-07-16 20:00:00+00:00,-0.0
2024-07-16 21:00:00+00:00,-0.0
2024-07-16 22:00:00+00:00,-0.0
2024-07-16 23:00:00+00:00,-0.0
2024-07-17 00:00:00+00:00,-0.0
2024-07-17 01:00:00+00:00,-0.0
2024-07-17 02:00:00+00:00,-0.0
2024-07-17 03:00:00+00:00,-0.0
2024-07-17 04:00:00+00:00,-0.0
2024-07-17 05:00:00+00:00,-0.0
2024-07-17 06:00:00+00:00,-0.0
2024-07-17 07:00:00+00:00,-0.0
2024-07-17 08:00:00+00:00,-0.0
2024-07-17 09:00:00+00:00,-0.0
2024-07-17 10:00:00+00:00,-0.0
2024-07-17 11:00:00+00:00,-0.0
2024-07-17 12:00:00+00:00,-0.0
2024-07-17 13:00:00+00:00,-0.0
2024-07-17 14:00:00+00:00,-0.0
2024-07-17 15:00:00+00:00,-0.0
2024-07-17 16:00:00+00:00,-0.0
2024-07-17 17:00:00+00:00,-0.0
2024-07-17 18:00:00+00:00,-0.0
2024-07-17 19:00:00+00:00,-0.0
2024-07-17 20:00:00+00:00,-0.0
2024-07-17 21:00:00+00:00,-0.0
2024-07-17 22:00:00+00:00,0.026006254478411858
2024-07-17 23:00:00+00:00,-0.0
2024-07-18 00:00:00+00:00,-0.0
2024-07-18 01:00:00+00:00,-0.0
2024-07-18 02:00:00+00:00,-0.0
2024-07-18 03:00:00+00:00,-0.0
2024-07-18 04:00:00+00:00,-0.0
2024-07-18 05:00:00+00:00,-0.0
2024-07-18 06:00:00+00:00,-0.0
2024-07-18 07:00:00+00:00,-0.0
2024-07-18 08:00:00+00:00,-0.0
2024-07-18 09:00:00+00:00,-0.0
2024-07-18 10:00:00+00:00,-0.0
2024-07-18 11:00:00+00:00,-0.0
2024-07-18 12:00:00+00:00,-0.0
2024-07-18 13:00:00+00:00,-0.0
2024-07-18 14:00:00+00:00,-0.0
2024-07-18 15:00:00+00:00,-0.0
2024-07-18 16:00:00+00:00,-0.0
2024-07-18 17:00:00+00:00,-0.0
2024-07-18 18:00:00+00:00,-0.0
2024-07-18 19:00:00+00:00,-0.0
2024-07-18 20:00:00+00:00,-0.0
2024-07-18 21:00:00+00:00,-0.0
2024-07-18 22:00:00+00:00,-0.0
2024-07-18 23:00:00+00:00,-0.0
2024-07-19 00:00:00+00:00,-0.0
2024-07-19 01:00:00+00:00,-0.0
2024-07-19 02:00:00+00:00,-0.0
2024-07-19 03:00:00+00:00,-0.0
2024-07-19 04:00:00+00:00,-0.0
2024-07-19 05:00:00+00:00,-0.0
2024-07-19 06:00:00+00:00,-0.0
2024-07-19 07:00:00+00:00,-0.0
2024-07-19 08:00:00+00:00,-0.0
2024-07-19 09:00:00+00:00,-0.0
2024-07-19 10:00:00+00:00,-0.0
2024-07-19 11:00:00+00:00,-0.0
2024-07-19 12:00:00+00:00,-0.0
2024-07-19 13:00:00+00:00,-0.0
2024-07-19 14:00:00+00:00,-0.0
2024-07-19 15:00:00+00:00,-0.0
2024-07-19 16:00:00+00:00,-0.0
2024-07-19 17:00:00+00:00,-0.0
2024-07-19 18:00:00+00:00,-0.0
2024-07-19 19:00:00+00:00,-0.0
2024-07-19 20:00:00+00:00,-0.0
2024-07-19 21:00:00+00:00,-0.0
2024-07-19 22:00:00+00:00,-0.0
2024-07-19 23:00:00+00:00,-0.0
2024-07-20 00:00:00+00:00,-0.0
2024-07-20 01:00:00+00:00,-0.0
2024-07-20 02:00:00+00:00,-0.0
2024-07-20 03:00:00+00:00,-0.0
2024-07-20 04:00:00+00:00,-0.0
2024-07-20 05:00:00+00:00,-0.0
2024-07-20 06:00:00+00:00,-0.0
2024-07-20 07:00:00+00:00,-0.0
2024-07-20 08:00:00+00:00,-0.0
2024-07-20 09:00:00+00:00,-0.0
2024-07-20 10:00:00+00:00,-0.0
2024-07-20 11:00:00+00:00,-0.0
2024-07-20 12:00:00+00:00,-0.0
2024-07-20 13:00:00+00:00,-0.0
2024-07-20 14:00:00+00:00,-0.0
2024-07-20 15:00:00+00:00,-0.0
2024-07-20 16:00:00+00:00,-0.0
2024-07-20 17:00:00+00:00,-0.0
2024-07-20 18:00:00+00:00,-0.0
2024-07-20 19:00:00+00:00,-0.0
2024-07-20 20:00:00+00:00,-0.0
2024-07-20 21:00:00+00:00,-0.0
2024-07-20 22:00:00+00:00,-0.0
2024-07-20 23:00:00+00:00,-0.0
2024-07-21 00:00:00+00:00,-0.0
2024-07-21 01:00:00+00:00,-0.0
2024-07-21 02:00:00+00:00,-0.0
2024-07-21 03:00:00+00:00,-0.0
2024-07-21 04:00:00+00:00,-0.0
2024-07-21 05:00:00+00:00,-0.0
2024-07-21 06:00:00+00:00,-0.0
2024-07-21 07:00:00+00:00,-0.0
2024-07-21 08:00:00+00:00,-0.0
2024-07-21 09:00:00+00:00,-0.0
2024-07-21 10:00:00+00:00,-0.0
2024-07-21 11:00:00+00:00,-0.0
2024-07-21 12:00:00+00:00,-0.0
2024-07-21 13:00:00+00:00,-0.0
2024-07-21 14:00:00+00:00,-0.0
2024-07-21 15:00:00+00:00,-0.0
2024-07-21 16:00:00+00:00,-0.0
2024-07-21 17:00:00+00:00,-0.0
2024-07-21 18:00:00+00:00,-0.0
2024-07-21 19:00:00+00:00,-0.0
2024-07-21 20:00:00+00:00,-0.0
2024-07-21 21:00:00+00:00,-0.0
2024-07-21 22:00:00+00:00,-0.0
2024-07-21 23:00:00+00:00,-0.0
2024-07-22 00:00:00+00:00,-0.0
2024-07-22 01:00:00+00:00,-0.0
2024-07-22 02:00:00+00:00,-0.0
2024-07-22 03:00:00+00:00,-0.0
2024-07-22 04:00:00+00:00,-0.0
2024-07-22 05:00:00+00:00,-0.0
2024-07-22 06:00:00+00:00,-0.0
2024-07-22 07:00:00+00:00,-0.0
2024-07-22 08:00:00+00:00,-0.0
2024-07-22 09:00:00+00:00,-0.0
2024-07-22 10:00:00+00:00,-0.0
2024-07-22 11:00:00+00:00,-0.0
2024-07-22 12:00:00+00:00,-0.0
2024-07-22 13:00:00+00:00,-0.0
2024-07-22 14:00:00+00:00,-0.0
2024-07-22 15:00:00+00:00,-0.0
2024-07-22 16:00:00+00:00,-0.0
2024-07-22 17:00:00+00:00,-0.0
2024-07-22 18:00:00+00:00,-0.0
2024-07-22 19:00:00+00:00,-0.0
2024-07-22 20:00:00+00:00,-0.0
2024-07-22 21:00:00+00:00,-0.0
2024-07-22 22:00:00+00:00,-0.0
2024-07-22 23:00:00+00:00,-0.0
2024-07-23 00:00:00+00:00,-0.0
2024-07-23 01:00:00+00:00,-0.0
2024-07-23 02:00:00+00:00,-0.0
2024-07-23 03:00:00+00:00,-0.0
2024-07-23 04:00:00+00:00,-0.0
2024-07-23 05:00:00+00:00,-0.0
2024-07-23 06:00:00+00:00,-0.0
2024-07-23 07:00:00+00:00,-0.0
2024-07-23 08:00:00+00:00,-0.0
2024-07-23 09:00:00+00:00,-0.0
2024-07-23 10:00:00+00:00,-0.0
2024-07-23 11:00:00+00:00,-0.0
2024-07-23 12:00:00+00:00,-0.0
2024-07-23 13:00:00+00:00,-0.0
2024-07-23 14:00:00+00:00,-0.0
2024-07-23 15:00:00+00:00,-0.0
2024-07-23 16:00:00+00:00,-0.0
2024-07-23 17:00:00+00:00,-0.0
2024-07-23 18:00:00+00:00,-0.0
2024-07-23 19:00:00+00:00,-0.0
2024-07-23 20:00:00+00:00,-0.0
2024-07-23 21:00:00+00:00,-0.0
2024-07-23 22:00:00+00:00,-0.0
2024-07-23 23:00:00+00:00,-0.0
2024-07-24 00:00:00+00:00,-0.0
2024-07-24 01:00:00+00:00,-0.0
2024-07-24 02:00:00+00:00,-0.0
2024-07-24 03:00:00+00:00,-0.0
2024-07-24 04:00:00+00:00,-0.0
2024-07-24 05:00:00+00:00,-0.0
2024-07-24 06:00:00+00:00,-0.0
2024-07-24 07:00:00+00:00,-0.0
2024-07-24 08:00:00+00:00,-0.0
2024-07-24 09:00:00+00:00,-0.0
2024-07-24 10:00:00+00:00,-0.0
2024-07-24 11:00:00+00:00,-0.0
2024-07-24 12:00:00+00:00,-0.0
2024-07-24 13:00:00+00:00,-0.0
2024-07-24 14:00:00+00:00,-0.0
2024-07-24 15:00:00+00:00,-0.0
2024-07-24 16:00:00+00:00,-0.0
2024-07-24 17:00:00+00:00,-0.0
2024-07-24 18:00:00+00:00,-0.0
2024-07-24 19:00:00+00:00,-0.0
2024-07-24 20:00:00+00:00,-0.0
2024-07-24 21:00:00+00:00,-0.0
2024-07-24 22:00:00+00:00,-0.0
2024-07-24 23:00:00+00:00,-0.0
2024-07-25 00:00:00+00:00,-0.0
2024-07-25 01:00:00+00:00,-0.0
2024-07-25 02:00:00+00:00,-0.0
2024-07-25 03:00:00+00:00,-0.0
2024-07-25 04:00:00+00:00,-0.0
2024-07-25 05:00:00+00:00,-0.0
2024-07-25 06:00:00+00:00,-0.0
2024-07-25 07:00:00+00:00,-0.0
2024-07-25 08:00:00+00:00,-0.0
2024-07-25 09:00:00+00:00,-0.0
2024-07-25 10:00:00+00:00,-0.0
2024-07-25 11:00:00+00:00,-0.0
2024-07-25 12:00:00+00:00,-0.0
2024-07-25 13:00:00+00:00,-0.0
2024-07-25 14:00:00+00:00,-0.0
2024-07-25 15:00:00+00:00,-0.0
2024-07-25 16:00:00+00:00,-0.0
2024-07-25 17:00:00+00:00,-0.0
2024-07-25 18:00:00+00:00,-0.0
2024-07-25 19:00:00+00:00,-0.0
2024-07-25 20:00:00+00:00,-0.0
2024-07-25 21:00:00+00:00,-0.0
2024-07-25 22:00:00+00:00,-0.0
2024-07-25 23:00:00+00:00,-0.0
2024-07-26 00:00:00+00:00,-0.0
2024-07-26 01:00:00+00:00,-0.0
2024-07-26 02:00:00+00:00,-0.0
2024-07-26 03:00:00+00:00,-0.0
2024-07-26 04:00:00+00:00,-0.0
2024-07-26 05:00:00+00:00,-0.0
2024-07-26 06:00:00+00:00,-0.0
2024-07-26 07:00:00+00:00,-0.0
2024-07-26 08:00:00+00:00,-0.0
2024-07-26 09:00:00+00:00,-0.0
2024-07-26 10:00:00+00:00,-0.0
2024-07-26 11:00:00+00:00,-0.0
2024-07-26 12:00:00+00:00,-0.0
2024-07-26 13:00:00+00:00,-0.0
2024-07-26 14:00:00+00:00,-0.0
2024-07-26 15:00:00+00:00,-0.0
2024-07-26 16:00:00+00:00,-0.0
2024-07-26 17:00:00+00:00,-0.0
2024-07-26 18:00:00+00:00,-0.0
2024-07-26 19:00:00+00:00,-0.0
2024-07-26 20:00:00+00:00,-0.0
2024-07-26 21:00:00+00:00,-0.0
2024-07-26 22:00:00+00:00,-0.0
2024-07-26 23:00:00+00:00,-0.0
2024-07-27 00:00:00+00:00,-0.0
2024-07-27 01:00:00+00:00,-0.0
2024-07-27 02:00:00+00:00,-0.0
2024-07-27 03:00:00+00:00,-0.0
2024-07-27 04:00:00+00:00,-0.0
2024-07-27 05:00:00+00:00,-0.0
2024-07-27 06:00:00+00:00,-0.0
2024-07-27 07:00:00+00:00,-0.0
2024-07-27 08:00:00+00:00,-0.0
2024-07-27 09:00:00+00:00,-0.0
2024-07-27 10:00:00+00:00,-0.0
2024-07-27 11:00:00+00:00,-0.0
2024-07-27 12:00:00+00:00,-0.0
2024-07-27 13:00:00+00:00,-0.0
2024-07-27 14:00:00+00:00,-0.0
2024-07-27 15:00:00+00:00,-0.0
2024-07-27 16:00:00+00:00,-0.0
2024-07-27 17:00:00+00:00,-0.0
2024-07-27 18:00:00+00:00,-0.0
2024-07-27 19:00:00+00:00,-0.0
2024-07-27 20:00:00+00:00,-0.0
2024-07-27 21:00:00+00:00,-0.0
2024-07-27 22:00:00+00:00,-0.0
2024-07-27 23:00:00+00:00,-0.08543330593997907
2024-07-28 00:00:00+00:00,-0.0
2024-07-28 01:00:00+00:00,-0.0
2024-07-28 02:00:00+00:00,-0.0
2024-07-28 03:00:00+00:00,-0.0
2024-07-28 04:00:00+00:00,0.02933612648656677
2024-07-28 05:00:00+00:00,-0.0
2024-07-28 06:00:00+00:00,-0.0
2024-07-28 07:00:00+00:00,-0.0
2024-07-28 08:00:00+00:00,-0.0
2024-07-28 09:00:00+00:00,-0.0
2024-07-28 10:00:00+00:00,-0.0
2024-07-28 11:00:00+00:00,-0.0
2024-07-28 12:00:00+00:00,-0.0
2024-07-28 13:00:00+00:00,-0.0
2024-07-28 14:00:00+00:00,-0.0
2024-07-28 15:00:00+00:00,-0.0
2024-07-28 16:00:00+00:00,-0.0
2024-07-28 17:00:00+00:00,-0.0
2024-07-28 18:00:00+00:00,-0.0
2024-07-28 19:00:00+00:00,-0.0
2024-07-28 20:00:00+00:00,-0.0
2024-07-28 21:00:00+00:00,-0.0
2024-07-28 22:00:00+00:00,0.020059153368968675
2024-07-28 23:00:00+00:00,-0.0
2024-07-29 00:00:00+00:00,-0.0
2024-07-29 01:00:00+00:00,-0.0
2024-07-29 02:00:00+00:00,-0.0
2024-07-29 03:00:00+00:00,-0.0
2024-07-29 04:00:00+00:00,-0.0
2024-07-29 05:00:00+00:00,-0.0
2024-07-29 06:00:00+00:00,-0.0
2024-07-29 07:00:00+00:00,-0.0
2024-07-29 08:00:00+00:00,-0.0
2024-07-29 09:00:00+00:00,-0.0
2024-07-29 10:00:00+00:00,-0.0
2024-07-29 11:00:00+00:00,-0.0
2024-07-29 12:00:00+00:00,-0.0
2024-07-29 13:00:00+00:00,-0.0
2024-07-29 14:00:00+00:00,-0.0
2024-07-29 15:00:00+00:00,-0.0
2024-07-29 16:00:00+00:00,-0.0
2024-07-29 17:00:00+00:00,-0.0
2024-07-29 18:00:00+00:00,-0.0
2024-07-29 19:00:00+00:00,-0.0
2024-07-29 20:00:00+00:00,-0.0
2024-07-29 21:00:00+00:00,-0.0
2024-07-29 22:00:00+00:00,-0.0
2024-07-29 23:00:00+00:00,-0.0
2024-07-30 00:00:00+00:00,-0.0
2024-07-30 01:00:00+00:00,-0.0
2024-07-30 02:00:00+00:00,-0.0
2024-07-30 03:00:00+00:00,-0.0
2024-07-30 04:00:00+00:00,-0.0
2024-07-30 05:00:00+00:00,-0.0
2024-07-30 06:00:00+00:00,-0.0
2024-07-30 07:00:00+00:00,-0.0
2024-07-30 08:00:00+00:00,-0.0
2024-07-30 09:00:00+00:00,-0.0
2024-07-30 10:00:00+00:00,-0.0
2024-07-30 11:00:00+00:00,-0.0
2024-07-30 12:00:00+00:00,-0.0
2024-07-30 13:00:00+00:00,-0.0
2024-07-30 14:00:00+00:00,-0.0
2024-07-30 15:00:00+00:00,-0.0
2024-07-30 16:00:00+00:00,-0.0
2024-07-30 17:00:00+00:00,-0.0
2024-07-30 18:00:00+00:00,-0.0
2024-07-30 19:00:00+00:00,-0.0
2024-07-30 20:00:00+00:00,-0.0
2024-07-30 21:00:00+00:00,-0.0
2024-07-30 22:00:00+00:00,-0.0
2024-07-30 23:00:00+00:00,-0.0
2024-07-31 00:00:00+00:00,-0.0
2024-07-31 01:00:00+00:00,-0.0
2024-07-31 02:00:00+00:00,-0.0
2024-07-31 03:00:00+00:00,-0.0
2024-07-31 04:00:00+00:00,-0.0
2024-07-31 05:00:00+00:00,-0.0
2024-07-31 06:00:00+00:00,-0.0
2024-07-31 07:00:00+00:00,-0.0
2024-07-31 08:00:00+00:00,-0.0
2024-07-31 09:00:00+00:00,-0.0
2024-07-31 10:00:00+00:00,-0.0
2024-07-31 11:00:00+00:00,-0.0
2024-07-31 12:00:00+00:00,-0.0
2024-07-31 13:00:00+00:00,-0.0
2024-07-31 14:00:00+00:00,-0.0
2024-07-31 15:00:00+00:00,-0.0
2024-07-31 16:00:00+00:00,-0.0
2024-07-31 17:00:00+00:00,-0.0
2024-07-31 18:00:00+00:00,-0.0
2024-07-31 19:00:00+00:00,-0.0
2024-07-31 20:00:00+00:00,-0.0
2024-07-31 21:00:00+00:00,-0.0
2024-07-31 22:00:00+00:00,-0.0
2024-07-31 23:00:00+00:00,-0.0
2024-08-01 00:00:00+00:00,-0.0
2024-08-01 01:00:00+00:00,-0.0
2024-08-01 02:00:00+00:00,-0.0
2024-08-01 03:00:00+00:00,-0.0
2024-08-01 04:00:00+00:00,-0.0
2024-08-01 05:00:00+00:00,-0.0
2024-08-01 06:00:00+00:00,-0.0
2024-08-01 07:00:00+00:00,-0.0
2024-08-01 08:00:00+00:00,-0.0
2024-08-01 09:00:00+00:00,-0.0
2024-08-01 10:00:00+00:00,-0.0
2024-08-01 11:00:00+00:00,-0.0
2024-08-01 12:00:00+00:00,-0.0
2024-08-01 13:00:00+00:00,-0.0
2024-08-01 14:00:00+00:00,-0.0
2024-08-01 15:00:00+00:00,-0.0
2024-08-01 16:00:00+00:00,-0.0
2024-08-01 17:00:00+00:00,-0.0
2024-08-01 18:00:00+00:00,-0.0
2024-08-01 19:00:00+00:00,-0.0
2024-08-01 20:00:00+00:00,-0.0
2024-08-01 21:00:00+00:00,-0.0
2024-08-01 22:00:00+00:00,-0.0
2024-08-01 23:00:00+00:00,-0.0
2024-08-02 00:00:00+00:00,-0.0
2024-08-02 01:00:00+00:00,-0.0
2024-08-02 02:00:00+00:00,-0.0
2024-08-02 03:00:00+00:00,-0.0
2024-08-02 04:00:00+00:00,-0.0
2024-08-02 05:00:00+00:00,0.03190582848130848
2024-08-02 06:00:00+00:00,-0.0
2024-08-02 07:00:00+00:00,-0.0
2024-08-02 08:00:00+00:00,-0.0
2024-08-02 09:00:00+00:00,-0.0
2024-08-02 10:00:00+00:00,-0.0
2024-08-02 11:00:00+00:00,-0.0
2024-08-02 12:00:00+00:00,-0.0
2024-08-02 13:00:00+00:00,-0.0
2024-08-02 14:00:00+00:00,-0.0
2024-08-02 15:00:00+00:00,-0.0
2024-08-02 16:00:00+00:00,-0.0
2024-08-02 17:00:00+00:00,-0.0
2024-08-02 18:00:00+00:00,-0.0
2024-08-02 19:00:00+00:00,-0.0
2024-08-02 20:00:00+00:00,-0.0
2024-08-02 21:00:00+00:00,-0.0
2024-08-02 22:00:00+00:00,-0.0
2024-08-02 23:00:00+00:00,-0.0
2024-08-03 00:00:00+00:00,-0.0
2024-08-03 01:00:00+00:00,-0.0
2024-08-03 02:00:00+00:00,-0.0
2024-08-03 03:00:00+00:00,-0.0
2024-08-03 04:00:00+00:00,-0.0
2024-08-03 05:00:00+00:00,-0.0
2024-08-03 06:00:00+00:00,-0.0
2024-08-03 07:00:00+00:00,-0.0
2024-08-03 08:00:00+00:00,-0.0
2024-08-03 09:00:00+00:00,-0.0
2024-08-03 10:00:00+00:00,-0.0
2024-08-03 11:00:00+00:00,-0.0
2024-08-03 12:00:00+00:00,-0.0
2024-08-03 13:00:00+00:00,-0.0
2024-08-03 14:00:00+00:00,-0.0
2024-08-03 15:00:00+00:00,-0.0
2024-08-03 16:00:00+00:00,-0.0
2024-08-03 17:00:00+00:00,-0.0
2024-08-03 18:00:00+00:00,-0.0
2024-08-03 19:00:00+00:00,-0.0
2024-08-03 20:00:00+00:00,-0.0
2024-08-03 21:00:00+00:00,-0.0
2024-08-03 22:00:00+00:00,-0.0
2024-08-03 23:00:00+00:00,-0.0
2024-08-04 00:00:00+00:00,-0.0
2024-08-04 01:00:00+00:00,-0.0
2024-08-04 02:00:00+00:00,-0.0
2024-08-04 03:00:00+00:00,-0.0
2024-08-04 04:00:00+00:00,-0.0
2024-08-04 05:00:00+00:00,-0.0
2024-08-04 06:00:00+00:00,-0.0
2024-08-04 07:00:00+00:00,-0.0
2024-08-04 08:00:00+00:00,-0.0
2024-08-04 09:00:00+00:00,-0.0
2024-08-04 10:00:00+00:00,-0.0
2024-08-04 11:00:00+00:00,-0.0
2024-08-04 12:00:00+00:00,-0.0
2024-08-04 13:00:00+00:00,-0.0
2024-08-04 14:00:00+00:00,-0.0
2024-08-04 15:00:00+00:00,-0.0
2024-08-04 16:00:00+00:00,-0.0
2024-08-04 17:00:00+00:00,-0.0
2024-08-04 18:00:00+00:00,-0.0
2024-08-04 19:00:00+00:00,-0.0
2024-08-04 20:00:00+00:00,-0.0
2024-08-04 21:00:00+00:00,-0.0
2024-08-04 22:00:00+00:00,-0.0
2024-08-04 23:00:00+00:00,-0.0
2024-08-05 00:00:00+00:00,0.06382055011030632
2024-08-05 01:00:00+00:00,-0.0
2024-08-05 02:00:00+00:00,-0.0
2024-08-05 03:00:00+00:00,-0.0
2024-08-05 04:00:00+00:00,-0.0
2024-08-05 05:00:00+00:00,-0.0
2024-08-05 06:00:00+00:00,-0.0
2024-08-05 07:00:00+00:00,-0.0
2024-08-05 08:00:00+00:00,-0.0
2024-08-05 09:00:00+00:00,-0.0
2024-08-05 10:00:00+00:00,-0.0
2024-08-05 11:00:00+00:00,-0.0
2024-08-05 12:00:00+00:00,-0.0
2024-08-05 13:00:00+00:00,-0.0
2024-08-05 14:00:00+00:00,-0.0
2024-08-05 15:00:00+00:00,-0.0
2024-08-05 16:00:00+00:00,-0.0
2024-08-05 17:00:00+00:00,-0.0
2024-08-05 18:00:00+00:00,-0.0
2024-08-05 19:00:00+00:00,-0.0
2024-08-05 20:00:00+00:00,-0.0
2024-08-05 21:00:00+00:00,-0.0
2024-08-05 22:00:00+00:00,-0.0
2024-08-05 23:00:00+00:00,-0.0
2024-08-06 00:00:00+00:00,-0.0
2024-08-06 01:00:00+00:00,-0.0
2024-08-06 02:00:00+00:00,-0.0
2024-08-06 03:00:00+00:00,-0.0
2024-08-06 04:00:00+00:00,-0.0
2024-08-06 05:00:00+00:00,-0.0
2024-08-06 06:00:00+00:00,-0.0
2024-08-06 07:00:00+00:00,-0.0
2024-08-06 08:00:00+00:00,-0.0
2024-08-06 09:00:00+00:00,-0.0
2024-08-06 10:00:00+00:00,-0.0
2024-08-06 11:00:00+00:00,-0.0
2024-08-06 12:00:00+00:00,-0.0
2024-08-06 13:00:00+00:00,-0.0
2024-08-06 14:00:00+00:00,-0.0
2024-08-06 15:00:00+00:00,-0.0
2024-08-06 16:00:00+00:00,-0.0
2024-08-06 17:00:00+00:00,-0.0
2024-08-06 18:00:00+00:00,-0.0
2024-08-06 19:00:00+00:00,-0.0
2024-08-06 20:00:00+00:00,-0.0
2024-08-06 21:00:00+00:00,-0.0
2024-08-06 22:00:00+00:00,-0.0
2024-08-06 23:00:00+00:00,-0.0
2024-08-07 00:00:00+00:00,-0.0
2024-08-07 01:00:00+00:00,-0.0
2024-08-07 02:00:00+00:00,-0.0
2024-08-07 03:00:00+00:00,-0.0
2024-08-07 04:00:00+00:00,-0.0
2024-08-07 05:00:00+00:00,-0.0
2024-08-07 06:00:00+00:00,-0.0
2024-08-07 07:00:00+00:00,-0.0
2024-08-07 08:00:00+00:00,-0.0
2024-08-07 09:00:00+00:00,-0.0
2024-08-07 10:00:00+00:00,-0.0
2024-08-07 11:00:00+00:00,-0.0
2024-08-07 12:00:00+00:00,-0.0
2024-08-07 13:00:00+00:00,-0.0
2024-08-07 14:00:00+00:00,-0.0
2024-08-07 15:00:00+00:00,-0.0
2024-08-07 16:00:00+00:00,-0.0
2024-08-07 17:00:00+00:00,-0.0
2024-08-07 18:00:00+00:00,-0.0
2024-08-07 19:00:00+00:00,-0.0
2024-08-07 20:00:00+00:00,-0.0
2024-08-07 21:00:00+00:00,-0.0
2024-08-07 22:00:00+00:00,-0.0
2024-08-07 23:00:00+00:00,-0.0
2024-08-08 00:00:00+00:00,-0.0
2024-08-08 01:00:00+00:00,-0.0
2024-08-08 02:00:00+00:00,-0.0
2024-08-08 03:00:00+00:00,-0.0
2024-08-08 04:00:00+00:00,-0.0
2024-08-08 05:00:00+00:00,-0.0
2024-08-08 06:00:00+00:00,-0.0
2024-08-08 07:00:00+00:00,-0.0
2024-08-08 08:00:00+00:00,-0.0
2024-08-08 09:00:00+00:00,-0.0
2024-08-08 10:00:00+00:00,-0.0
2024-08-08 11:00:00+00:00,-0.0
2024-08-08 12:00:00+00:00,-0.0
2024-08-08 13:00:00+00:00,-0.0
2024-08-08 14:00:00+00:00,-0.0
2024-08-08 15:00:00+00:00,-0.0
2024-08-08 16:00:00+00:00,-0.0
2024-08-08 17:00:00+00:00,-0.0
2024-08-08 18:00:00+00:00,-0.0
2024-08-08 19:00:00+00:00,-0.0
2024-08-08 20:00:00+00:00,-0.0
2024-08-08 21:00:00+00:00,-0.0
2024-08-08 22:00:00+00:00,-0.0
2024-08-08 23:00:00+00:00,-0.0
2024-08-09 00:00:00+00:00,-0.0
2024-08-09 01:00:00+00:00,-0.0
2024-08-09 02:00:00+00:00,-0.0
2024-08-09 03:00:00+00:00,-0.0
2024-08-09 04:00:00+00:00,-0.0
2024-08-09 05:00:00+00:00,-0.0
2024-08-09 06:00:00+00:00,-0.0
2024-08-09 07:00:00+00:00,-0.0
2024-08-09 08:00:00+00:00,-0.0
2024-08-09 09:00:00+00:00,-0.0
2024-08-09 10:00:00+00:00,-0.0
2024-08-09 11:00:00+00:00,-0.0
2024-08-09 12:00:00+00:00,-0.0
2024-08-09 13:00:00+00:00,-0.0
2024-08-09 14:00:00+00:00,-0.0
2024-08-09 15:00:00+00:00,-0.0
2024-08-09 16:00:00+00:00,-0.0
2024-08-09 17:00:00+00:00,-0.0
2024-08-09 18:00:00+00:00,-0.0
2024-08-09 19:00:00+00:00,-0.0
2024-08-09 20:00:00+00:00,-0.0
2024-08-09 21:00:00+00:00,-0.0
2024-08-09 22:00:00+00:00,-0.0
2024-08-09 23:00:00+00:00,-0.0
2024-08-10 00:00:00+00:00,-0.0
2024-08-10 01:00:00+00:00,-0.0
2024-08-10 02:00:00+00:00,-0.0
2024-08-10 03:00:00+00:00,-0.0
2024-08-10 04:00:00+00:00,-0.0
2024-08-10 05:00:00+00:00,-0.0
2024-08-10 06:00:00+00:00,-0.0
2024-08-10 07:00:00+00:00,-0.0
2024-08-10 08:00:00+00:00,-0.0
2024-08-10 09:00:00+00:00,-0.0
2024-08-10 10:00:00+00:00,-0.0
2024-08-10 11:00:00+00:00,-0.0
2024-08-10 12:00:00+00:00,-0.0
2024-08-10 13:00:00+00:00,-0.0
2024-08-10 14:00:00+00:00,-0.0
2024-08-10 15:00:00+00:00,-0.0
2024-08-10 16:00:00+00:00,-0.0
2024-08-10 17:00:00+00:00,-0.0
2024-08-10 18:00:00+00:00,-0.0
2024-08-10 19:00:00+00:00,-0.0
2024-08-10 20:00:00+00:00,-0.0
2024-08-10 21:00:00+00:00,-0.0
2024-08-10 22:00:00+00:00,-0.0
2024-08-10 23:00:00+00:00,-0.0
2024-08-11 00:00:00+00:00,-0.0
2024-08-11 01:00:00+00:00,-0.0
2024-08-11 02:00:00+00:00,-0.0
2024-08-11 03:00:00+00:00,-0.0
2024-08-11 04:00:00+00:00,-0.0
2024-08-11 05:00:00+00:00,-0.0
2024-08-11 06:00:00+00:00,-0.0
2024-08-11 07:00:00+00:00,-0.0
2024-08-11 08:00:00+00:00,-0.0
2024-08-11 09:00:00+00:00,-0.0
2024-08-11 10:00:00+00:00,-0.0
2024-08-11 11:00:00+00:00,-0.0
2024-08-11 12:00:00+00:00,-0.0
2024-08-11 13:00:00+00:00,-0.0
2024-08-11 14:00:00+00:00,-0.0
2024-08-11 15:00:00+00:00,-0.0
2024-08-11 16:00:00+00:00,-0.0
2024-08-11 17:00:00+00:00,-0.0
2024-08-11 18:00:00+00:00,-0.0
2024-08-11 19:00:00+00:00,-0.0
2024-08-11 20:00:00+00:00,-0.0
2024-08-11 21:00:00+00:00,-0.0
2024-08-11 22:00:00+00:00,-0.0
2024-08-11 23:00:00+00:00,-0.0
2024-08-12 00:00:00+00:00,-0.0
2024-08-12 01:00:00+00:00,-0.0
2024-08-12 02:00:00+00:00,-0.0
2024-08-12 03:00:00+00:00,-0.0
2024-08-12 04:00:00+00:00,-0.0
2024-08-12 05:00:00+00:00,-0.0
2024-08-12 06:00:00+00:00,-0.0
2024-08-12 07:00:00+00:00,-0.0
2024-08-12 08:00:00+00:00,-0.0
2024-08-12 09:00:00+00:00,-0.0
2024-08-12 10:00:00+00:00,-0.0
2024-08-12 11:00:00+00:00,-0.0
2024-08-12 12:00:00+00:00,-0.0
2024-08-12 13:00:00+00:00,-0.0
2024-08-12 14:00:00+00:00,-0.0
2024-08-12 15:00:00+00:00,-0.0
2024-08-12 16:00:00+00:00,-0.0
2024-08-12 17:00:00+00:00,-0.0
2024-08-12 18:00:00+00:00,-0.0
2024-08-12 19:00:00+00:00,-0.0
2024-08-12 20:00:00+00:00,-0.0
2024-08-12 21:00:00+00:00,-0.0
2024-08-12 22:00:00+00:00,-0.0
2024-08-12 23:00:00+00:00,-0.0
2024-08-13 00:00:00+00:00,-0.0
2024-08-13 01:00:00+00:00,-0.0
2024-08-13 02:00:00+00:00,-0.0
2024-08-13 03:00:00+00:00,-0.0
2024-08-13 04:00:00+00:00,-0.0
2024-08-13 05:00:00+00:00,-0.0
2024-08-13 06:00:00+00:00,-0.0
2024-08-13 07:00:00+00:00,-0.0
2024-08-13 08:00:00+00:00,-0.0
2024-08-13 09:00:00+00:00,-0.0
2024-08-13 10:00:00+00:00,-0.0
2024-08-13 11:00:00+00:00,-0.0
2024-08-13 12:00:00+00:00,-0.0
2024-08-13 13:00:00+00:00,-0.0
2024-08-13 14:00:00+00:00,-0.0
2024-08-13 15:00:00+00:00,-0.0
2024-08-13 16:00:00+00:00,-0.0
2024-08-13 17:00:00+00:00,-0.0
2024-08-13 18:00:00+00:00,-0.0
2024-08-13 19:00:00+00:00,-0.0
2024-08-13 20:00:00+00:00,-0.0
2024-08-13 21:00:00+00:00,-0.0
2024-08-13 22:00:00+00:00,-0.0
2024-08-13 23:00:00+00:00,-0.0
2024-08-14 00:00:00+00:00,-0.0
2024-08-14 01:00:00+00:00,-0.0
2024-08-14 02:00:00+00:00,-0.0
2024-08-14 03:00:00+00:00,-0.0
2024-08-14 04:00:00+00:00,-0.0
2024-08-14 05:00:00+00:00,-0.0
2024-08-14 06:00:00+00:00,-0.0
2024-08-14 07:00:00+00:00,-0.0
2024-08-14 08:00:00+00:00,-0.0
2024-08-14 09:00:00+00:00,-0.0
2024-08-14 10:00:00+00:00,-0.0
2024-08-14 11:00:00+00:00,-0.0
2024-08-14 12:00:00+00:00,-0.0
2024-08-14 13:00:00+00:00,-0.0
2024-08-14 14:00:00+00:00,-0.0
2024-08-14 15:00:00+00:00,-0.0
2024-08-14 16:00:00+00:00,-0.0
2024-08-14 17:00:00+00:00,-0.0
2024-08-14 18:00:00+00:00,-0.0
2024-08-14 19:00:00+00:00,-0.0
2024-08-14 20:00:00+00:00,-0.0
2024-08-14 21:00:00+00:00,-0.0
2024-08-14 22:00:00+00:00,-0.0
2024-08-14 23:00:00+00:00,-0.0
2024-08-15 00:00:00+00:00,-0.0
2024-08-15 01:00:00+00:00,-0.0
2024-08-15 02:00:00+00:00,-0.0
2024-08-15 03:00:00+00:00,-0.0
2024-08-15 04:00:00+00:00,-0.0
2024-08-15 05:00:00+00:00,-0.0
2024-08-15 06:00:00+00:00,-0.0
2024-08-15 07:00:00+00:00,-0.0
2024-08-15 08:00:00+00:00,-0.0
2024-08-15 09:00:00+00:00,-0.0
2024-08-15 10:00:00+00:00,-0.0
2024-08-15 11:00:00+00:00,-0.0
2024-08-15 12:00:00+00:00,-0.0
2024-08-15 13:00:00+00:00,-0.0
2024-08-15 14:00:00+00:00,-0.0
2024-08-15 15:00:00+00:00,-0.0
2024-08-15 16:00:00+00:00,-0.0
2024-08-15 17:00:00+00:00,-0.0
2024-08-15 18:00:00+00:00,-0.0
2024-08-15 19:00:00+00:00,-0.0
2024-08-15 20:00:00+00:00,-0.0
2024-08-15 21:00:00+00:00,-0.0
2024-08-15 22:00:00+00:00,-0.0
2024-08-15 23:00:00+00:00,-0.0
2024-08-16 00:00:00+00:00,-0.0
2024-08-16 01:00:00+00:00,-0.0
2024-08-16 02:00:00+00:00,-0.0
2024-08-16 03:00:00+00:00,-0.0
2024-08-16 04:00:00+00:00,-0.0
2024-08-16 05:00:00+00:00,-0.0
2024-08-16 06:00:00+00:00,-0.0
2024-08-16 07:00:00+00:00,-0.0
2024-08-16 08:00:00+00:00,-0.0
2024-08-16 09:00:00+00:00,-0.0
2024-08-16 10:00:00+00:00,-0.0
2024-08-16 11:00:00+00:00,-0.0
2024-08-16 12:00:00+00:00,-0.0
2024-08-16 13:00:00+00:00,-0.0
2024-08-16 14:00:00+00:00,-0.0
2024-08-16 15:00:00+00:00,-0.0
2024-08-16 16:00:00+00:00,-0.0
2024-08-16 17:00:00+00:00,-0.0
2024-08-16 18:00:00+00:00,-0.0
2024-08-16 19:00:00+00:00,-0.0
2024-08-16 20:00:00+00:00,-0.0
2024-08-16 21:00:00+00:00,-0.0
2024-08-16 22:00:00+00:00,-0.0
2024-08-16 23:00:00+00:00,-0.0
2024-08-17 00:00:00+00:00,-0.0
2024-08-17 01:00:00+00:00,-0.0
2024-08-17 02:00:00+00:00,-0.0
2024-08-17 03:00:00+00:00,-0.0
2024-08-17 04:00:00+00:00,-0.0
2024-08-17 05:00:00+00:00,-0.0
2024-08-17 06:00:00+00:00,-0.0
2024-08-17 07:00:00+00:00,-0.0
2024-08-17 08:00:00+00:00,-0.0
2024-08-17 09:00:00+00:00,-0.0
2024-08-17 10:00:00+00:00,-0.0
2024-08-17 11:00:00+00:00,-0.0
2024-08-17 12:00:00+00:00,-0.0
2024-08-17 13:00:00+00:00,-0.0
2024-08-17 14:00:00+00:00,-0.0
2024-08-17 15:00:00+00:00,-0.0
2024-08-17 16:00:00+00:00,-0.0
2024-08-17 17:00:00+00:00,-0.0
2024-08-17 18:00:00+00:00,-0.0
2024-08-17 19:00:00+00:00,-0.0
2024-08-17 20:00:00+00:00,-0.0
2024-08-17 21:00:00+00:00,-0.0
2024-08-17 22:00:00+00:00,-0.0
2024-08-17 23:00:00+00:00,-0.0
2024-08-18 00:00:00+00:00,-0.0
2024-08-18 01:00:00+00:00,-0.0
2024-08-18 02:00:00+00:00,-0.0
2024-08-18 03:00:00+00:00,-0.0
2024-08-18 04:00:00+00:00,-0.0
2024-08-18 05:00:00+00:00,-0.0
2024-08-18 06:00:00+00:00,-0.0
2024-08-18 07:00:00+00:00,-0.0
2024-08-18 08:00:00+00:00,-0.0
2024-08-18 09:00:00+00:00,-0.0
2024-08-18 10:00:00+00:00,-0.0
2024-08-18 11:00:00+00:00,-0.0
2024-08-18 12:00:00+00:00,-0.0
2024-08-18 13:00:00+00:00,-0.0
2024-08-18 14:00:00+00:00,-0.0
2024-08-18 15:00:00+00:00,-0.0
2024-08-18 16:00:00+00:00,-0.0
2024-08-18 17:00:00+00:00,-0.0
2024-08-18 18:00:00+00:00,-0.0
2024-08-18 19:00:00+00:00,-0.0
2024-08-18 20:00:00+00:00,-0.0
2024-08-18 21:00:00+00:00,-0.0
2024-08-18 22:00:00+00:00,-0.0
2024-08-18 23:00:00+00:00,-0.0
2024-08-19 00:00:00+00:00,-0.0
2024-08-19 01:00:00+00:00,-0.0
2024-08-19 02:00:00+00:00,-0.0
2024-08-19 03:00:00+00:00,-0.0
2024-08-19 04:00:00+00:00,-0.0
2024-08-19 05:00:00+00:00,-0.0
2024-08-19 06:00:00+00:00,-0.0
2024-08-19 07:00:00+00:00,-0.0
2024-08-19 08:00:00+00:00,-0.0
2024-08-19 09:00:00+00:00,-0.0
2024-08-19 10:00:00+00:00,-0.0
2024-08-19 11:00:00+00:00,-0.0
2024-08-19 12:00:00+00:00,-0.0
2024-08-19 13:00:00+00:00,-0.0
2024-08-19 14:00:00+00:00,-0.0
2024-08-19 15:00:00+00:00,-0.0
2024-08-19 16:00:00+00:00,-0.0
2024-08-19 17:00:00+00:00,-0.0
2024-08-19 18:00:00+00:00,-0.0
2024-08-19 19:00:00+00:00,-0.0
2024-08-19 20:00:00+00:00,-0.0
2024-08-19 21:00:00+00:00,-0.0
2024-08-19 22:00:00+00:00,-0.0
2024-08-19 23:00:00+00:00,-0.0
2024-08-20 00:00:00+00:00,-0.0
2024-08-20 01:00:00+00:00,-0.0
2024-08-20 02:00:00+00:00,-0.0
2024-08-20 03:00:00+00:00,-0.0
2024-08-20 04:00:00+00:00,-0.0
2024-08-20 05:00:00+00:00,-0.0
2024-08-20 06:00:00+00:00,-0.0
2024-08-20 07:00:00+00:00,-0.0
2024-08-20 08:00:00+00:00,-0.0
2024-08-20 09:00:00+00:00,-0.0
2024-08-20 10:00:00+00:00,-0.0
2024-08-20 11:00:00+00:00,-0.0
2024-08-20 12:00:00+00:00,-0.0
2024-08-20 13:00:00+00:00,-0.0
2024-08-20 14:00:00+00:00,-0.0
2024-08-20 15:00:00+00:00,-0.0
2024-08-20 16:00:00+00:00,-0.0
2024-08-20 17:00:00+00:00,-0.0
2024-08-20 18:00:00+00:00,-0.0
2024-08-20 19:00:00+00:00,-0.0
2024-08-20 20:00:00+00:00,-0.0
2024-08-20 21:00:00+00:00,-0.0
2024-08-20 22:00:00+00:00,-0.0
2024-08-20 23:00:00+00:00,-0.0
2024-08-21 00:00:00+00:00,-0.0
2024-08-21 01:00:00+00:00,-0.0
2024-08-21 02:00:00+00:00,-0.0
2024-08-21 03:00:00+00:00,-0.0
2024-08-21 04:00:00+00:00,-0.0
2024-08-21 05:00:00+00:00,-0.0
2024-08-21 06:00:00+00:00,-0.0
2024-08-21 07:00:00+00:00,-0.0
2024-08-21 08:00:00+00:00,-0.0
2024-08-21 09:00:00+00:00,-0.0
2024-08-21 10:00:00+00:00,-0.0
2024-08-21 11:00:00+00:00,-0.0
2024-08-21 12:00:00+00:00,-0.0
2024-08-21 13:00:00+00:00,-0.0
2024-08-21 14:00:00+00:00,-0.0
2024-08-21 15:00:00+00:00,-0.0
2024-08-21 16:00:00+00:00,-0.0
2024-08-21 17:00:00+00:00,-0.0
2024-08-21 18:00:00+00:00,-0.0
2024-08-21 19:00:00+00:00,-0.0
2024-08-21 20:00:00+00:00,-0.0
2024-08-21 21:00:00+00:00,-0.0
2024-08-21 22:00:00+00:00,-0.0
2024-08-21 23:00:00+00:00,-0.0
2024-08-22 00:00:00+00:00,-0.0
2024-08-22 01:00:00+00:00,-0.0
2024-08-22 02:00:00+00:00,-0.0
2024-08-22 03:00:00+00:00,-0.0
2024-08-22 04:00:00+00:00,-0.0
2024-08-22 05:00:00+00:00,-0.0
2024-08-22 06:00:00+00:00,-0.0
2024-08-22 07:00:00+00:00,-0.0
2024-08-22 08:00:00+00:00,-0.0
2024-08-22 09:00:00+00:00,-0.0
2024-08-22 10:00:00+00:00,-0.0
2024-08-22 11:00:00+00:00,-0.0
2024-08-22 12:00:00+00:00,-0.0
2024-08-22 13:00:00+00:00,-0.0
2024-08-22 14:00:00+00:00,-0.0
2024-08-22 15:00:00+00:00,-0.0
2024-08-22 16:00:00+00:00,-0.0
2024-08-22 17:00:00+00:00,-0.0
2024-08-22 18:00:00+00:00,-0.0
2024-08-22 19:00:00+00:00,-0.0
2024-08-22 20:00:00+00:00,-0.0
2024-08-22 21:00:00+00:00,-0.0
2024-08-22 22:00:00+00:00,-0.0
2024-08-22 23:00:00+00:00,-0.0
2024-08-23 00:00:00+00:00,-0.0
2024-08-23 01:00:00+00:00,-0.0
2024-08-23 02:00:00+00:00,-0.0
2024-08-23 03:00:00+00:00,-0.0
2024-08-23 04:00:00+00:00,-0.0
2024-08-23 05:00:00+00:00,-0.0
2024-08-23 06:00:00+00:00,-0.0
2024-08-23 07:00:00+00:00,-0.0
2024-08-23 08:00:00+00:00,-0.0
2024-08-23 09:00:00+00:00,-0.0
2024-08-23 10:00:00+00:00,-0.0
2024-08-23 11:00:00+00:00,-0.0
2024-08-23 12:00:00+00:00,-0.0
2024-08-23 13:00:00+00:00,-0.0
2024-08-23 14:00:00+00:00,-0.0
2024-08-23 15:00:00+00:00,-0.0
2024-08-23 16:00:00+00:00,-0.0
2024-08-23 17:00:00+00:00,-0.0
2024-08-23 18:00:00+00:00,-0.0
2024-08-23 19:00:00+00:00,-0.0
2024-08-23 20:00:00+00:00,-0.0
2024-08-23 21:00:00+00:00,-0.0
2024-08-23 22:00:00+00:00,-0.0
2024-08-23 23:00:00+00:00,-0.0
2024-08-24 00:00:00+00:00,-0.0
2024-08-24 01:00:00+00:00,-0.0
2024-08-24 02:00:00+00:00,-0.0
2024-08-24 03:00:00+00:00,-0.0
2024-08-24 04:00:00+00:00,-0.0
2024-08-24 05:00:00+00:00,-0.0
2024-08-24 06:00:00+00:00,-0.0
2024-08-24 07:00:00+00:00,-0.0
2024-08-24 08:00:00+00:00,-0.0
2024-08-24 09:00:00+00:00,-0.0
2024-08-24 10:00:00+00:00,-0.0
2024-08-24 11:00:00+00:00,-0.0
2024-08-24 12:00:00+00:00,-0.0
2024-08-24 13:00:00+00:00,-0.0
2024-08-24 14:00:00+00:00,-0.0
2024-08-24 15:00:00+00:00,-0.0
2024-08-24 16:00:00+00:00,-0.0
2024-08-24 17:00:00+00:00,-0.0
2024-08-24 18:00:00+00:00,-0.0
2024-08-24 19:00:00+00:00,-0.0
2024-08-24 20:00:00+00:00,-0.0
2024-08-24 21:00:00+00:00,-0.0
2024-08-24 22:00:00+00:00,-0.0
2024-08-24 23:00:00+00:00,-0.0
2024-08-25 00:00:00+00:00,-0.0
2024-08-25 01:00:00+00:00,-0.0
2024-08-25 02:00:00+00:00,-0.0
2024-08-25 03:00:00+00:00,-0.0
2024-08-25 04:00:00+00:00,-0.0
2024-08-25 05:00:00+00:00,-0.0
2024-08-25 06:00:00+00:00,-0.0
2024-08-25 07:00:00+00:00,-0.0
2024-08-25 08:00:00+00:00,-0.0
2024-08-25 09:00:00+00:00,-0.0
2024-08-25 10:00:00+00:00,-0.0
2024-08-25 11:00:00+00:00,-0.0
2024-08-25 12:00:00+00:00,-0.0
2024-08-25 13:00:00+00:00,-0.0
2024-08-25 14:00:00+00:00,-0.0
2024-08-25 15:00:00+00:00,-0.0
2024-08-25 16:00:00+00:00,-0.0
2024-08-25 17:00:00+00:00,-0.0
2024-08-25 18:00:00+00:00,-0.0
2024-08-25 19:00:00+00:00,-0.0
2024-08-25 20:00:00+00:00,-0.0
2024-08-25 21:00:00+00:00,-0.0
2024-08-25 22:00:00+00:00,-0.0
2024-08-25 23:00:00+00:00,-0.0
2024-08-26 00:00:00+00:00,-0.0
2024-08-26 01:00:00+00:00,-0.0
2024-08-26 02:00:00+00:00,-0.0
2024-08-26 03:00:00+00:00,-0.0
2024-08-26 04:00:00+00:00,-0.0
2024-08-26 05:00:00+00:00,-0.0
2024-08-26 06:00:00+00:00,-0.0
2024-08-26 07:00:00+00:00,-0.0
2024-08-26 08:00:00+00:00,-0.0
2024-08-26 09:00:00+00:00,-0.0
2024-08-26 10:00:00+00:00,-0.0
2024-08-26 11:00:00+00:00,-0.0
2024-08-26 12:00:00+00:00,-0.0
2024-08-26 13:00:00+00:00,-0.0
2024-08-26 14:00:00+00:00,-0.0
2024-08-26 15:00:00+00:00,-0.0
2024-08-26 16:00:00+00:00,-0.0
2024-08-26 17:00:00+00:00,-0.0
2024-08-26 18:00:00+00:00,-0.0
2024-08-26 19:00:00+00:00,-0.0
2024-08-26 20:00:00+00:00,-0.0
2024-08-26 21:00:00+00:00,-0.0
2024-08-26 22:00:00+00:00,-0.0
2024-08-26 23:00:00+00:00,-0.0
2024-08-27 00:00:00+00:00,-0.0
2024-08-27 01:00:00+00:00,-0.0
2024-08-27 02:00:00+00:00,-0.0
2024-08-27 03:00:00+00:00,-0.0
2024-08-27 04:00:00+00:00,-0.0
2024-08-27 05:00:00+00:00,-0.0
2024-08-27 06:00:00+00:00,-0.0
2024-08-27 07:00:00+00:00,-0.0
2024-08-27 08:00:00+00:00,-0.0
2024-08-27 09:00:00+00:00,-0.0
2024-08-27 10:00:00+00:00,-0.0
2024-08-27 11:00:00+00:00,-0.0
2024-08-27 12:00:00+00:00,-0.0
2024-08-27 13:00:00+00:00,-0.0
2024-08-27 14:00:00+00:00,-0.0
2024-08-27 15:00:00+00:00,-0.0
2024-08-27 16:00:00+00:00,-0.0
2024-08-27 17:00:00+00:00,-0.0
2024-08-27 18:00:00+00:00,-0.0
2024-08-27 19:00:00+00:00,-0.0
2024-08-27 20:00:00+00:00,-0.0
2024-08-27 21:00:00+00:00,-0.0
2024-08-27 22:00:00+00:00,-0.0
2024-08-27 23:00:00+00:00,-0.0
2024-08-28 00:00:00+00:00,-0.0
2024-08-28 01:00:00+00:00,-0.0
2024-08-28 02:00:00+00:00,-0.0
2024-08-28 03:00:00+00:00,-0.0
2024-08-28 04:00:00+00:00,-0.0
2024-08-28 05:00:00+00:00,-0.0
2024-08-28 06:00:00+00:00,-0.0
2024-08-28 07:00:00+00:00,-0.0
2024-08-28 08:00:00+00:00,-0.0
2024-08-28 09:00:00+00:00,-0.0
2024-08-28 10:00:00+00:00,-0.0
2024-08-28 11:00:00+00:00,-0.0
2024-08-28 12:00:00+00:00,-0.0
2024-08-28 13:00:00+00:00,-0.0
2024-08-28 14:00:00+00:00,-0.0
2024-08-28 15:00:00+00:00,-0.0
2024-08-28 16:00:00+00:00,-0.0
2024-08-28 17:00:00+00:00,-0.0
2024-08-28 18:00:00+00:00,-0.0
2024-08-28 19:00:00+00:00,-0.0
2024-08-28 20:00:00+00:00,-0.0
2024-08-28 21:00:00+00:00,-0.0
2024-08-28 22:00:00+00:00,-0.0
2024-08-28 23:00:00+00:00,-0.0
2024-08-29 00:00:00+00:00,-0.0
2024-08-29 01:00:00+00:00,-0.0
2024-08-29 02:00:00+00:00,-0.0
2024-08-29 03:00:00+00:00,-0.0
2024-08-29 04:00:00+00:00,-0.0
2024-08-29 05:00:00+00:00,-0.0
2024-08-29 06:00:00+00:00,-0.0
2024-08-29 07:00:00+00:00,-0.0
2024-08-29 08:00:00+00:00,-0.0
2024-08-29 09:00:00+00:00,-0.0
2024-08-29 10:00:00+00:00,-0.0
2024-08-29 11:00:00+00:00,-0.0
2024-08-29 12:00:00+00:00,-0.0
2024-08-29 13:00:00+00:00,-0.0
2024-08-29 14:00:00+00:00,-0.0
2024-08-29 15:00:00+00:00,-0.0
2024-08-29 16:00:00+00:00,-0.0
2024-08-29 17:00:00+00:00,-0.0
2024-08-29 18:00:00+00:00,-0.0
2024-08-29 19:00:00+00:00,-0.0
2024-08-29 20:00:00+00:00,-0.0
2024-08-29 21:00:00+00:00,-0.0
2024-08-29 22:00:00+00:00,-0.0
2024-08-29 23:00:00+00:00,-0.0
2024-08-30 00:00:00+00:00,-0.0
2024-08-30 01:00:00+00:00,-0.0
2024-08-30 02:00:00+00:00,-0.0
2024-08-30 03:00:00+00:00,-0.0
2024-08-30 04:00:00+00:00,-0.0
2024-08-30 05:00:00+00:00,-0.0
2024-08-30 06:00:00+00:00,-0.0
2024-08-30 07:00:00+00:00,-0.0
2024-08-30 08:00:00+00:00,-0.0
2024-08-30 09:00:00+00:00,-0.0
2024-08-30 10:00:00+00:00,-0.0
2024-08-30 11:00:00+00:00,-0.0
2024-08-30 12:00:00+00:00,-0.0
2024-08-30 13:00:00+00:00,-0.0
2024-08-30 14:00:00+00:00,-0.0
2024-08-30 15:00:00+00:00,-0.0
2024-08-30 16:00:00+00:00,-0.0
2024-08-30 17:00:00+00:00,-0.0
2024-08-30 18:00:00+00:00,-0.0
2024-08-30 19:00:00+00:00,-0.0
2024-08-30 20:00:00+00:00,-0.0
2024-08-30 21:00:00+00:00,-0.0
2024-08-30 22:00:00+00:00,-0.0
2024-08-30 23:00:00+00:00,-0.0
2024-08-31 00:00:00+00:00,-0.0
2024-08-31 01:00:00+00:00,-0.0
2024-08-31 02:00:00+00:00,-0.0
2024-08-31 03:00:00+00:00,-0.0
2024-08-31 04:00:00+00:00,-0.0
2024-08-31 05:00:00+00:00,-0.0
2024-08-31 06:00:00+00:00,-0.0
2024-08-31 07:00:00+00:00,-0.0
2024-08-31 08:00:00+00:00,-0.0
2024-08-31 09:00:00+00:00,-0.0
2024-08-31 10:00:00+00:00,-0.0
2024-08-31 11:00:00+00:00,-0.0
2024-08-31 12:00:00+00:00,-0.0
2024-08-31 13:00:00+00:00,-0.0
2024-08-31 14:00:00+00:00,-0.0
2024-08-31 15:00:00+00:00,-0.0
2024-08-31 16:00:00+00:00,-0.0
2024-08-31 17:00:00+00:00,-0.0
2024-08-31 18:00:00+00:00,-0.0
2024-08-31 19:00:00+00:00,-0.0
2024-08-31 20:00:00+00:00,-0.0
2024-08-31 21:00:00+00:00,-0.0
2024-08-31 22:00:00+00:00,-0.0
2024-08-31 23:00:00+00:00,-0.0
2024-09-01 00:00:00+00:00,-0.0
2024-09-01 01:00:00+00:00,-0.0
2024-09-01 02:00:00+00:00,-0.0
2024-09-01 03:00:00+00:00,-0.0
2024-09-01 04:00:00+00:00,-0.0
2024-09-01 05:00:00+00:00,-0.0
2024-09-01 06:00:00+00:00,-0.0
2024-09-01 07:00:00+00:00,-0.0
2024-09-01 08:00:00+00:00,-0.0
2024-09-01 09:00:00+00:00,-0.0
2024-09-01 10:00:00+00:00,-0.0
2024-09-01 11:00:00+00:00,-0.0
2024-09-01 12:00:00+00:00,-0.0
2024-09-01 13:00:00+00:00,-0.0
2024-09-01 14:00:00+00:00,0.06568876463650715
2024-09-01 15:00:00+00:00,-0.0
2024-09-01 16:00:00+00:00,-0.0
2024-09-01 17:00:00+00:00,-0.0
2024-09-01 18:00:00+00:00,-0.0
2024-09-01 19:00:00+00:00,-0.0
2024-09-01 20:00:00+00:00,-0.0
2024-09-01 21:00:00+00:00,-0.0
2024-09-01 22:00:00+00:00,-0.0
2024-09-01 23:00:00+00:00,-0.0
2024-09-02 00:00:00+00:00,-0.0
2024-09-02 01:00:00+00:00,-0.0
2024-09-02 02:00:00+00:00,-0.0
2024-09-02 03:00:00+00:00,-0.0
2024-09-02 04:00:00+00:00,-0.0
2024-09-02 05:00:00+00:00,-0.0
2024-09-02 06:00:00+00:00,-0.0
2024-09-02 07:00:00+00:00,-0.0
2024-09-02 08:00:00+00:00,-0.0
2024-09-02 09:00:00+00:00,-0.0
2024-09-02 10:00:00+00:00,-0.0
2024-09-02 11:00:00+00:00,-0.0
2024-09-02 12:00:00+00:00,-0.0
2024-09-02 13:00:00+00:00,-0.0
2024-09-02 14:00:00+00:00,0.014792411393343587
2024-09-02 15:00:00+00:00,-0.0
2024-09-02 16:00:00+00:00,-0.0
2024-09-02 17:00:00+00:00,-0.0
2024-09-02 18:00:00+00:00,-0.0
2024-09-02 19:00:00+00:00,-0.0
2024-09-02 20:00:00+00:00,-0.0
2024-09-02 21:00:00+00:00,-0.0
2024-09-02 22:00:00+00:00,-0.0
2024-09-02 23:00:00+00:00,-0.0
2024-09-03 00:00:00+00:00,-0.0
2024-09-03 01:00:00+00:00,-0.0
2024-09-03 02:00:00+00:00,-0.0
2024-09-03 03:00:00+00:00,-0.0
2024-09-03 04:00:00+00:00,-0.0
2024-09-03 05:00:00+00:00,-0.0
2024-09-03 06:00:00+00:00,-0.0
2024-09-03 07:00:00+00:00,-0.0
2024-09-03 08:00:00+00:00,-0.0
2024-09-03 09:00:00+00:00,-0.0
2024-09-03 10:00:00+00:00,-0.0
2024-09-03 11:00:00+00:00,-0.0
2024-09-03 12:00:00+00:00,-0.0
2024-09-03 13:00:00+00:00,-0.0
2024-09-03 14:00:00+00:00,-0.0
2024-09-03 15:00:00+00:00,-0.0
2024-09-03 16:00:00+00:00,-0.0
2024-09-03 17:00:00+00:00,-0.0
2024-09-03 18:00:00+00:00,-0.0
2024-09-03 19:00:00+00:00,-0.0
2024-09-03 20:00:00+00:00,-0.0
2024-09-03 21:00:00+00:00,-0.0
2024-09-03 22:00:00+00:00,-0.0
2024-09-03 23:00:00+00:00,-0.0
2024-09-04 00:00:00+00:00,-0.0
2024-09-04 01:00:00+00:00,-0.0
2024-09-04 02:00:00+00:00,-0.0
2024-09-04 03:00:00+00:00,-0.0
2024-09-04 04:00:00+00:00,-0.0
2024-09-04 05:00:00+00:00,-0.0
2024-09-04 06:00:00+00:00,-0.0
2024-09-04 07:00:00+00:00,-0.0
2024-09-04 08:00:00+00:00,-0.0
2024-09-04 09:00:00+00:00,-0.0
2024-09-04 10:00:00+00:00,-0.0
2024-09-04 11:00:00+00:00,-0.0
2024-09-04 12:00:00+00:00,-0.0
2024-09-04 13:00:00+00:00,-0.0
2024-09-04 14:00:00+00:00,-0.0
2024-09-04 15:00:00+00:00,-0.0
2024-09-04 16:00:00+00:00,-0.0
2024-09-04 17:00:00+00:00,-0.0
2024-09-04 18:00:00+00:00,-0.0
2024-09-04 19:00:00+00:00,-0.0
2024-09-04 20:00:00+00:00,-0.0
2024-09-04 21:00:00+00:00,-0.0
2024-09-04 22:00:00+00:00,-0.0
2024-09-04 23:00:00+00:00,-0.0
2024-09-05 00:00:00+00:00,-0.0
2024-09-05 01:00:00+00:00,-0.0
2024-09-05 02:00:00+00:00,0.02999765576466004
2024-09-05 03:00:00+00:00,-0.0
2024-09-05 04:00:00+00:00,-0.0
2024-09-05 05:00:00+00:00,-0.0
2024-09-05 06:00:00+00:00,-0.0
2024-09-05 07:00:00+00:00,-0.0
2024-09-05 08:00:00+00:00,-0.0
2024-09-05 09:00:00+00:00,-0.0
2024-09-05 10:00:00+00:00,-0.0
2024-09-05 11:00:00+00:00,-0.0
2024-09-05 12:00:00+00:00,-0.0
2024-09-05 13:00:00+00:00,-0.0
2024-09-05 14:00:00+00:00,-0.0
2024-09-05 15:00:00+00:00,-0.0
2024-09-05 16:00:00+00:00,-0.0
2024-09-05 17:00:00+00:00,-0.0
2024-09-05 18:00:00+00:00,-0.0
2024-09-05 19:00:00+00:00,-0.0
2024-09-05 20:00:00+00:00,-0.0
2024-09-05 21:00:00+00:00,-0.0
2024-09-05 22:00:00+00:00,-0.0
2024-09-05 23:00:00+00:00,-0.0
2024-09-06 00:00:00+00:00,-0.0
2024-09-06 01:00:00+00:00,-0.0
2024-09-06 02:00:00+00:00,-0.0
2024-09-06 03:00:00+00:00,-0.0
2024-09-06 04:00:00+00:00,-0.0
2024-09-06 05:00:00+00:00,-0.0
2024-09-06 06:00:00+00:00,-0.0
2024-09-06 07:00:00+00:00,-0.0
2024-09-06 08:00:00+00:00,-0.0
2024-09-06 09:00:00+00:00,-0.0
2024-09-06 10:00:00+00:00,-0.0
2024-09-06 11:00:00+00:00,-0.0
2024-09-06 12:00:00+00:00,-0.0
2024-09-06 13:00:00+00:00,0.02289803638425623
2024-09-06 14:00:00+00:00,-0.0
2024-09-06 15:00:00+00:00,-0.0
2024-09-06 16:00:00+00:00,-0.0
2024-09-06 17:00:00+00:00,-0.0
2024-09-06 18:00:00+00:00,-0.0
2024-09-06 19:00:00+00:00,-0.0
2024-09-06 20:00:00+00:00,-0.0
2024-09-06 21:00:00+00:00,-0.0
2024-09-06 22:00:00+00:00,-0.0
2024-09-06 23:00:00+00:00,-0.0
2024-09-07 00:00:00+00:00,-0.0
2024-09-07 01:00:00+00:00,-0.0
2024-09-07 02:00:00+00:00,-0.0
2024-09-07 03:00:00+00:00,-0.0
2024-09-07 04:00:00+00:00,-0.0
2024-09-07 05:00:00+00:00,-0.0
2024-09-07 06:00:00+00:00,-0.0
2024-09-07 07:00:00+00:00,-0.0
2024-09-07 08:00:00+00:00,-0.0
2024-09-07 09:00:00+00:00,-0.0
2024-09-07 10:00:00+00:00,-0.0
2024-09-07 11:00:00+00:00,-0.0
2024-09-07 12:00:00+00:00,-0.0
2024-09-07 13:00:00+00:00,-0.0
2024-09-07 14:00:00+00:00,-0.0
2024-09-07 15:00:00+00:00,-0.0
2024-09-07 16:00:00+00:00,-0.0
2024-09-07 17:00:00+00:00,-0.0
2024-09-07 18:00:00+00:00,-0.0
2024-09-07 19:00:00+00:00,-0.0
2024-09-07 20:00:00+00:00,-0.0
2024-09-07 21:00:00+00:00,-0.0
2024-09-07 22:00:00+00:00,-0.0
2024-09-07 23:00:00+00:00,-0.0
2024-09-08 00:00:00+00:00,-0.0
2024-09-08 01:00:00+00:00,-0.0
2024-09-08 02:00:00+00:00,-0.0
2024-09-08 03:00:00+00:00,-0.0
2024-09-08 04:00:00+00:00,-0.0
2024-09-08 05:00:00+00:00,-0.0
2024-09-08 06:00:00+00:00,-0.0
2024-09-08 07:00:00+00:00,-0.0
2024-09-08 08:00:00+00:00,-0.0
2024-09-08 09:00:00+00:00,-0.0
2024-09-08 10:00:00+00:00,-0.0
2024-09-08 11:00:00+00:00,-0.0
2024-09-08 12:00:00+00:00,-0.0
2024-09-08 13:00:00+00:00,-0.0
2024-09-08 14:00:00+00:00,-0.0
2024-09-08 15:00:00+00:00,-0.0
2024-09-08 16:00:00+00:00,-0.0
2024-09-08 17:00:00+00:00,-0.0
2024-09-08 18:00:00+00:00,-0.0
2024-09-08 19:00:00+00:00,-0.0
2024-09-08 20:00:00+00:00,-0.0
2024-09-08 21:00:00+00:00,-0.0
2024-09-08 22:00:00+00:00,-0.0
2024-09-08 23:00:00+00:00,-0.0
2024-09-09 00:00:00+00:00,-0.0
2024-09-09 01:00:00+00:00,-0.0
2024-09-09 02:00:00+00:00,-0.0
2024-09-09 03:00:00+00:00,-0.0
2024-09-09 04:00:00+00:00,-0.0
2024-09-09 05:00:00+00:00,-0.0
2024-09-09 06:00:00+00:00,-0.0
2024-09-09 07:00:00+00:00,-0.0
2024-09-09 08:00:00+00:00,-0.0
2024-09-09 09:00:00+00:00,-0.0
2024-09-09 10:00:00+00:00,-0.0
2024-09-09 11:00:00+00:00,-0.0
2024-09-09 12:00:00+00:00,-0.0
2024-09-09 13:00:00+00:00,-0.0
2024-09-09 14:00:00+00:00,-0.0
2024-09-09 15:00:00+00:00,-0.028043841341581895
2024-09-09 16:00:00+00:00,-0.0
2024-09-09 17:00:00+00:00,-0.0
2024-09-09 18:00:00+00:00,-0.0
2024-09-09 19:00:00+00:00,-0.0
2024-09-09 20:00:00+00:00,-0.0
2024-09-09 21:00:00+00:00,-0.0
2024-09-09 22:00:00+00:00,-0.0
2024-09-09 23:00:00+00:00,-0.0
2024-09-10 00:00:00+00:00,-0.0
2024-09-10 01:00:00+00:00,-0.0
2024-09-10 02:00:00+00:00,-0.0
2024-09-10 03:00:00+00:00,-0.0
2024-09-10 04:00:00+00:00,-0.0
2024-09-10 05:00:00+00:00,-0.0
2024-09-10 06:00:00+00:00,-0.0
2024-09-10 07:00:00+00:00,-0.0384753976734469
2024-09-10 08:00:00+00:00,-0.0
2024-09-10 09:00:00+00:00,-0.0
2024-09-10 10:00:00+00:00,-0.0
2024-09-10 11:00:00+00:00,-0.0
2024-09-10 12:00:00+00:00,-0.0
2024-09-10 13:00:00+00:00,-0.0
2024-09-10 14:00:00+00:00,-0.0
2024-09-10 15:00:00+00:00,-0.0
2024-09-10 16:00:00+00:00,-0.0
2024-09-10 17:00:00+00:00,-0.0
2024-09-10 18:00:00+00:00,-0.0
2024-09-10 19:00:00+00:00,-0.0
2024-09-10 20:00:00+00:00,-0.0
2024-09-10 21:00:00+00:00,-0.0
2024-09-10 22:00:00+00:00,-0.0
2024-09-10 23:00:00+00:00,-0.0
2024-09-11 00:00:00+00:00,-0.0
2024-09-11 01:00:00+00:00,0.010953444076459715
2024-09-11 02:00:00+00:00,-0.0
2024-09-11 03:00:00+00:00,-0.0
2024-09-11 04:00:00+00:00,-0.0
2024-09-11 05:00:00+00:00,0.01783296441839823
2024-09-11 06:00:00+00:00,-0.0
2024-09-11 07:00:00+00:00,-0.0
2024-09-11 08:00:00+00:00,-0.0
2024-09-11 09:00:00+00:00,-0.0
2024-09-11 10:00:00+00:00,-0.0
2024-09-11 11:00:00+00:00,-0.0
2024-09-11 12:00:00+00:00,-0.0
2024-09-11 13:00:00+00:00,-0.0
2024-09-11 14:00:00+00:00,-0.0
2024-09-11 15:00:00+00:00,-0.0
2024-09-11 16:00:00+00:00,-0.0
2024-09-11 17:00:00+00:00,-0.0
2024-09-11 18:00:00+00:00,-0.0
2024-09-11 19:00:00+00:00,-0.0
2024-09-11 20:00:00+00:00,-0.0
2024-09-11 21:00:00+00:00,-0.0
2024-09-11 22:00:00+00:00,-0.0
2024-09-11 23:00:00+00:00,-0.0
2024-09-12 00:00:00+00:00,-0.0
2024-09-12 01:00:00+00:00,-0.0
2024-09-12 02:00:00+00:00,-0.0
2024-09-12 03:00:00+00:00,-0.0
2024-09-12 04:00:00+00:00,-0.0
2024-09-12 05:00:00+00:00,-0.0
2024-09-12 06:00:00+00:00,-0.0
2024-09-12 07:00:00+00:00,-0.0
2024-09-12 08:00:00+00:00,-0.0
2024-09-12 09:00:00+00:00,-0.0
2024-09-12 10:00:00+00:00,-0.0
2024-09-12 11:00:00+00:00,-0.0
2024-09-12 12:00:00+00:00,-0.0
2024-09-12 13:00:00+00:00,-0.0
2024-09-12 14:00:00+00:00,-0.0
2024-09-12 15:00:00+00:00,-0.0
2024-09-12 16:00:00+00:00,-0.0
2024-09-12 17:00:00+00:00,-0.0
2024-09-12 18:00:00+00:00,-0.0
2024-09-12 19:00:00+00:00,-0.0
2024-09-12 20:00:00+00:00,-0.0
2024-09-12 21:00:00+00:00,-0.0
2024-09-12 22:00:00+00:00,-0.0
2024-09-12 23:00:00+00:00,-0.0
2024-09-13 00:00:00+00:00,-0.0
2024-09-13 01:00:00+00:00,-0.0
2024-09-13 02:00:00+00:00,-0.0
2024-09-13 03:00:00+00:00,-0.0
2024-09-13 04:00:00+00:00,-0.0
2024-09-13 05:00:00+00:00,-0.0
2024-09-13 06:00:00+00:00,-0.0
2024-09-13 07:00:00+00:00,-0.0
2024-09-13 08:00:00+00:00,-0.0
2024-09-13 09:00:00+00:00,-0.0
2024-09-13 10:00:00+00:00,-0.0
2024-09-13 11:00:00+00:00,-0.0
2024-09-13 12:00:00+00:00,-0.0
2024-09-13 13:00:00+00:00,-0.0
2024-09-13 14:00:00+00:00,-0.0
2024-09-13 15:00:00+00:00,-0.0
2024-09-13 16:00:00+00:00,-0.0
2024-09-13 17:00:00+00:00,-0.0
2024-09-13 18:00:00+00:00,-0.0
2024-09-13 19:00:00+00:00,-0.0
2024-09-13 20:00:00+00:00,-0.0
2024-09-13 21:00:00+00:00,-0.0
2024-09-13 22:00:00+00:00,-0.0
2024-09-13 23:00:00+00:00,-0.0
2024-09-14 00:00:00+00:00,-0.0
2024-09-14 01:00:00+00:00,-0.0
2024-09-14 02:00:00+00:00,-0.0
2024-09-14 03:00:00+00:00,-0.0
2024-09-14 04:00:00+00:00,-0.0
2024-09-14 05:00:00+00:00,-0.0
2024-09-14 06:00:00+00:00,0.017866306157486852
2024-09-14 07:00:00+00:00,-0.0
2024-09-14 08:00:00+00:00,-0.0
2024-09-14 09:00:00+00:00,-0.0
2024-09-14 10:00:00+00:00,-0.0
2024-09-14 11:00:00+00:00,-0.0
2024-09-14 12:00:00+00:00,-0.0
2024-09-14 13:00:00+00:00,-0.0
2024-09-14 14:00:00+00:00,-0.0
2024-09-14 15:00:00+00:00,-0.0
2024-09-14 16:00:00+00:00,-0.0
2024-09-14 17:00:00+00:00,-0.0
2024-09-14 18:00:00+00:00,-0.0
2024-09-14 19:00:00+00:00,-0.0
2024-09-14 20:00:00+00:00,-0.0
2024-09-14 21:00:00+00:00,-0.0
2024-09-14 22:00:00+00:00,-0.0
2024-09-14 23:00:00+00:00,-0.0
2024-09-15 00:00:00+00:00,-0.0
2024-09-15 01:00:00+00:00,-0.0
2024-09-15 02:00:00+00:00,-0.0
2024-09-15 03:00:00+00:00,-0.0
2024-09-15 04:00:00+00:00,-0.0
2024-09-15 05:00:00+00:00,-0.0
2024-09-15 06:00:00+00:00,-0.0
2024-09-15 07:00:00+00:00,-0.0
2024-09-15 08:00:00+00:00,-0.0
2024-09-15 09:00:00+00:00,-0.0
2024-09-15 10:00:00+00:00,-0.0
2024-09-15 11:00:00+00:00,-0.0
2024-09-15 12:00:00+00:00,-0.0
2024-09-15 13:00:00+00:00,-0.0
2024-09-15 14:00:00+00:00,-0.0
2024-09-15 15:00:00+00:00,-0.0
2024-09-15 16:00:00+00:00,-0.0
2024-09-15 17:00:00+00:00,-0.0
2024-09-15 18:00:00+00:00,-0.0
2024-09-15 19:00:00+00:00,-0.0
2024-09-15 20:00:00+00:00,-0.0
2024-09-15 21:00:00+00:00,-0.0
2024-09-15 22:00:00+00:00,-0.0
2024-09-15 23:00:00+00:00,-0.0
2024-09-16 00:00:00+00:00,-0.0
2024-09-16 01:00:00+00:00,-0.0
2024-09-16 02:00:00+00:00,-0.0
2024-09-16 03:00:00+00:00,-0.0
2024-09-16 04:00:00+00:00,-0.0
2024-09-16 05:00:00+00:00,-0.0
2024-09-16 06:00:00+00:00,-0.0
2024-09-16 07:00:00+00:00,-0.0
2024-09-16 08:00:00+00:00,-0.0
2024-09-16 09:00:00+00:00,-0.0
2024-09-16 10:00:00+00:00,-0.0
2024-09-16 11:00:00+00:00,-0.0
2024-09-16 12:00:00+00:00,-0.0
2024-09-16 13:00:00+00:00,-0.0
2024-09-16 14:00:00+00:00,-0.0
2024-09-16 15:00:00+00:00,-0.0
2024-09-16 16:00:00+00:00,-0.0
2024-09-16 17:00:00+00:00,-0.0
2024-09-16 18:00:00+00:00,-0.0
2024-09-16 19:00:00+00:00,-0.0
2024-09-16 20:00:00+00:00,-0.0
2024-09-16 21:00:00+00:00,-0.0
2024-09-16 22:00:00+00:00,-0.0
2024-09-16 23:00:00+00:00,-0.0
2024-09-17 00:00:00+00:00,-0.0
2024-09-17 01:00:00+00:00,-0.0
2024-09-17 02:00:00+00:00,-0.0
2024-09-17 03:00:00+00:00,-0.0
2024-09-17 04:00:00+00:00,-0.0
2024-09-17 05:00:00+00:00,-0.0
2024-09-17 06:00:00+00:00,-0.0
2024-09-17 07:00:00+00:00,-0.0
2024-09-17 08:00:00+00:00,-0.0
2024-09-17 09:00:00+00:00,-0.0
2024-09-17 10:00:00+00:00,-0.0
2024-09-17 11:00:00+00:00,-0.0
2024-09-17 12:00:00+00:00,-0.0
2024-09-17 13:00:00+00:00,-0.0
2024-09-17 14:00:00+00:00,-0.041802785275024214
2024-09-17 15:00:00+00:00,-0.0
2024-09-17 16:00:00+00:00,-0.0
2024-09-17 17:00:00+00:00,-0.0
2024-09-17 18:00:00+00:00,-0.0
2024-09-17 19:00:00+00:00,0.015387003741103042
2024-09-17 20:00:00+00:00,-0.0
2024-09-17 21:00:00+00:00,-0.0
2024-09-17 22:00:00+00:00,-0.0
2024-09-17 23:00:00+00:00,-0.0
2024-09-18 00:00:00+00:00,-0.0
2024-09-18 01:00:00+00:00,-0.0
2024-09-18 02:00:00+00:00,-0.0
2024-09-18 03:00:00+00:00,-0.0
2024-09-18 04:00:00+00:00,-0.0
2024-09-18 05:00:00+00:00,-0.0
2024-09-18 06:00:00+00:00,-0.0
2024-09-18 07:00:00+00:00,-0.0
2024-09-18 08:00:00+00:00,-0.0
2024-09-18 09:00:00+00:00,-0.0
2024-09-18 10:00:00+00:00,-0.0
2024-09-18 11:00:00+00:00,-0.0
2024-09-18 12:00:00+00:00,-0.0
2024-09-18 13:00:00+00:00,-0.0
2024-09-18 14:00:00+00:00,-0.0
2024-09-18 15:00:00+00:00,-0.0
2024-09-18 16:00:00+00:00,-0.0
2024-09-18 17:00:00+00:00,-0.0
2024-09-18 18:00:00+00:00,-0.0
2024-09-18 19:00:00+00:00,-0.0
2024-09-18 20:00:00+00:00,-0.0
2024-09-18 21:00:00+00:00,-0.0
2024-09-18 22:00:00+00:00,-0.0
2024-09-18 23:00:00+00:00,-0.05198852201199672
2024-09-19 00:00:00+00:00,-0.0
2024-09-19 01:00:00+00:00,-0.0
2024-09-19 02:00:00+00:00,-0.0
2024-09-19 03:00:00+00:00,-0.0
2024-09-19 04:00:00+00:00,-0.0
2024-09-19 05:00:00+00:00,-0.0
2024-09-19 06:00:00+00:00,-0.0
2024-09-19 07:00:00+00:00,-0.0
2024-09-19 08:00:00+00:00,-0.0
2024-09-19 09:00:00+00:00,-0.0
2024-09-19 10:00:00+00:00,-0.0
2024-09-19 11:00:00+00:00,-0.0
2024-09-19 12:00:00+00:00,-0.0
2024-09-19 13:00:00+00:00,-0.0
2024-09-19 14:00:00+00:00,-0.0
2024-09-19 15:00:00+00:00,-0.0
2024-09-19 16:00:00+00:00,-0.0
2024-09-19 17:00:00+00:00,-0.0
2024-09-19 18:00:00+00:00,-0.0
2024-09-19 19:00:00+00:00,-0.0
2024-09-19 20:00:00+00:00,-0.0
2024-09-19 21:00:00+00:00,-0.0
2024-09-19 22:00:00+00:00,-0.0
2024-09-19 23:00:00+00:00,-0.0
2024-09-20 00:00:00+00:00,-0.0
2024-09-20 01:00:00+00:00,-0.0
2024-09-20 02:00:00+00:00,-0.0
2024-09-20 03:00:00+00:00,-0.0
2024-09-20 04:00:00+00:00,-0.0
2024-09-20 05:00:00+00:00,-0.0
2024-09-20 06:00:00+00:00,-0.0
2024-09-20 07:00:00+00:00,-0.0
2024-09-20 08:00:00+00:00,-0.0
2024-09-20 09:00:00+00:00,-0.0
2024-09-20 10:00:00+00:00,-0.0
2024-09-20 11:00:00+00:00,-0.0
2024-09-20 12:00:00+00:00,-0.0
2024-09-20 13:00:00+00:00,-0.0
2024-09-20 14:00:00+00:00,-0.0
2024-09-20 15:00:00+00:00,-0.0
2024-09-20 16:00:00+00:00,-0.0
2024-09-20 17:00:00+00:00,-0.0
2024-09-20 18:00:00+00:00,-0.0
2024-09-20 19:00:00+00:00,-0.0
2024-09-20 20:00:00+00:00,-0.0
2024-09-20 21:00:00+00:00,-0.0
2024-09-20 22:00:00+00:00,-0.0
2024-09-20 23:00:00+00:00,-0.0
2024-09-21 00:00:00+00:00,-0.0
2024-09-21 01:00:00+00:00,-0.0
2024-09-21 02:00:00+00:00,-0.0
2024-09-21 03:00:00+00:00,-0.0
2024-09-21 04:00:00+00:00,-0.0
2024-09-21 05:00:00+00:00,-0.0
2024-09-21 06:00:00+00:00,-0.0
2024-09-21 07:00:00+00:00,-0.0
2024-09-21 08:00:00+00:00,-0.0
2024-09-21 09:00:00+00:00,-0.0
2024-09-21 10:00:00+00:00,-0.0
2024-09-21 11:00:00+00:00,-0.0
2024-09-21 12:00:00+00:00,-0.0
2024-09-21 13:00:00+00:00,-0.0
2024-09-21 14:00:00+00:00,-0.05273570692133251
2024-09-21 15:00:00+00:00,-0.0
2024-09-21 16:00:00+00:00,-0.0
2024-09-21 17:00:00+00:00,-0.0
2024-09-21 18:00:00+00:00,-0.0
2024-09-21 19:00:00+00:00,-0.0
2024-09-21 20:00:00+00:00,-0.0
2024-09-21 21:00:00+00:00,-0.0
2024-09-21 22:00:00+00:00,-0.0
2024-09-21 23:00:00+00:00,-0.0
2024-09-22 00:00:00+00:00,-0.0
2024-09-22 01:00:00+00:00,-0.0
2024-09-22 02:00:00+00:00,0.020439279827687347
2024-09-22 03:00:00+00:00,-0.0
2024-09-22 04:00:00+00:00,-0.0
2024-09-22 05:00:00+00:00,-0.0
2024-09-22 06:00:00+00:00,-0.0
2024-09-22 07:00:00+00:00,-0.0
2024-09-22 08:00:00+00:00,-0.0
2024-09-22 09:00:00+00:00,-0.0
2024-09-22 10:00:00+00:00,-0.0
2024-09-22 11:00:00+00:00,-0.0
2024-09-22 12:00:00+00:00,-0.0
2024-09-22 13:00:00+00:00,-0.0
2024-09-22 14:00:00+00:00,-0.0
2024-09-22 15:00:00+00:00,-0.0
2024-09-22 16:00:00+00:00,-0.0
2024-09-22 17:00:00+00:00,-0.0
2024-09-22 18:00:00+00:00,-0.0
2024-09-22 19:00:00+00:00,-0.0
2024-09-22 20:00:00+00:00,-0.0
2024-09-22 21:00:00+00:00,-0.0
2024-09-22 22:00:00+00:00,-0.0
2024-09-22 23:00:00+00:00,-0.0
2024-09-23 00:00:00+00:00,-0.0
2024-09-23 01:00:00+00:00,-0.0
2024-09-23 02:00:00+00:00,-0.0
2024-09-23 03:00:00+00:00,-0.0
2024-09-23 04:00:00+00:00,-0.0
2024-09-23 05:00:00+00:00,-0.0
2024-09-23 06:00:00+00:00,-0.0
2024-09-23 07:00:00+00:00,-0.0
2024-09-23 08:00:00+00:00,-0.0
2024-09-23 09:00:00+00:00,-0.0
2024-09-23 10:00:00+00:00,-0.0
2024-09-23 11:00:00+00:00,-0.0
2024-09-23 12:00:00+00:00,-0.0
2024-09-23 13:00:00+00:00,-0.0
2024-09-23 14:00:00+00:00,-0.0
2024-09-23 15:00:00+00:00,-0.0
2024-09-23 16:00:00+00:00,-0.0
2024-09-23 17:00:00+00:00,-0.0
2024-09-23 18:00:00+00:00,-0.0
2024-09-23 19:00:00+00:00,-0.0
2024-09-23 20:00:00+00:00,-0.0
2024-09-23 21:00:00+00:00,-0.0
2024-09-23 22:00:00+00:00,-0.0
2024-09-23 23:00:00+00:00,-0.0
2024-09-24 00:00:00+00:00,-0.0
2024-09-24 01:00:00+00:00,-0.0
2024-09-24 02:00:00+00:00,-0.0
2024-09-24 03:00:00+00:00,-0.0
2024-09-24 04:00:00+00:00,-0.0
2024-09-24 05:00:00+00:00,-0.0
2024-09-24 06:00:00+00:00,-0.0
2024-09-24 07:00:00+00:00,-0.0
2024-09-24 08:00:00+00:00,-0.0
2024-09-24 09:00:00+00:00,-0.0
2024-09-24 10:00:00+00:00,-0.0
2024-09-24 11:00:00+00:00,-0.0
2024-09-24 12:00:00+00:00,-0.0
2024-09-24 13:00:00+00:00,-0.0
2024-09-24 14:00:00+00:00,-0.0
2024-09-24 15:00:00+00:00,-0.0
2024-09-24 16:00:00+00:00,-0.0
2024-09-24 17:00:00+00:00,-0.0
2024-09-24 18:00:00+00:00,-0.0
2024-09-24 19:00:00+00:00,-0.0
2024-09-24 20:00:00+00:00,-0.0
2024-09-24 21:00:00+00:00,-0.0
2024-09-24 22:00:00+00:00,-0.0
2024-09-24 23:00:00+00:00,-0.0
2024-09-25 00:00:00+00:00,-0.0
2024-09-25 01:00:00+00:00,-0.0
2024-09-25 02:00:00+00:00,-0.0
2024-09-25 03:00:00+00:00,-0.0
2024-09-25 04:00:00+00:00,-0.0
2024-09-25 05:00:00+00:00,-0.0
2024-09-25 06:00:00+00:00,0.033815439196581705
2024-09-25 07:00:00+00:00,-0.0
2024-09-25 08:00:00+00:00,-0.0
2024-09-25 09:00:00+00:00,-0.0
2024-09-25 10:00:00+00:00,-0.0
2024-09-25 11:00:00+00:00,-0.0
2024-09-25 12:00:00+00:00,-0.0
2024-09-25 13:00:00+00:00,-0.0
2024-09-25 14:00:00+00:00,-0.0
2024-09-25 15:00:00+00:00,-0.0
2024-09-25 16:00:00+00:00,-0.0
2024-09-25 17:00:00+00:00,-0.0
2024-09-25 18:00:00+00:00,-0.0
2024-09-25 19:00:00+00:00,-0.0
2024-09-25 20:00:00+00:00,-0.0
2024-09-25 21:00:00+00:00,-0.0
2024-09-25 22:00:00+00:00,-0.0
2024-09-25 23:00:00+00:00,-0.0
2024-09-26 00:00:00+00:00,0.02521520638045216
2024-09-26 01:00:00+00:00,-0.0
2024-09-26 02:00:00+00:00,-0.0
2024-09-26 03:00:00+00:00,-0.0
2024-09-26 04:00:00+00:00,-0.0
2024-09-26 05:00:00+00:00,-0.0
2024-09-26 06:00:00+00:00,-0.0
2024-09-26 07:00:00+00:00,-0.0
2024-09-26 08:00:00+00:00,-0.0
2024-09-26 09:00:00+00:00,-0.0
2024-09-26 10:00:00+00:00,-0.0
2024-09-26 11:00:00+00:00,-0.0
2024-09-26 12:00:00+00:00,-0.0
2024-09-26 13:00:00+00:00,-0.0
2024-09-26 14:00:00+00:00,-0.0
2024-09-26 15:00:00+00:00,-0.0
2024-09-26 16:00:00+00:00,-0.0
2024-09-26 17:00:00+00:00,-0.0
2024-09-26 18:00:00+00:00,-0.0
2024-09-26 19:00:00+00:00,-0.0
2024-09-26 20:00:00+00:00,-0.0
2024-09-26 21:00:00+00:00,-0.0
2024-09-26 22:00:00+00:00,-0.0
2024-09-26 23:00:00+00:00,-0.0
2024-09-27 00:00:00+00:00,-0.0
2024-09-27 01:00:00+00:00,-0.0
2024-09-27 02:00:00+00:00,-0.0
2024-09-27 03:00:00+00:00,-0.0
2024-09-27 04:00:00+00:00,-0.0
2024-09-27 05:00:00+00:00,-0.0
2024-09-27 06:00:00+00:00,-0.0
2024-09-27 07:00:00+00:00,-0.0
2024-09-27 08:00:00+00:00,-0.0
2024-09-27 09:00:00+00:00,-0.0
2024-09-27 10:00:00+00:00,-0.0
2024-09-27 11:00:00+00:00,-0.0
2024-09-27 12:00:00+00:00,-0.0
2024-09-27 13:00:00+00:00,-0.0
2024-09-27 14:00:00+00:00,-0.0
2024-09-27 15:00:00+00:00,-0.0
2024-09-27 16:00:00+00:00,-0.0
2024-09-27 17:00:00+00:00,-0.0
2024-09-27 18:00:00+00:00,-0.0
2024-09-27 19:00:00+00:00,-0.0
2024-09-27 20:00:00+00:00,-0.0
2024-09-27 21:00:00+00:00,-0.0
2024-09-27 22:00:00+00:00,-0.0
2024-09-27 23:00:00+00:00,-0.0
2024-09-28 00:00:00+00:00,-0.0
2024-09-28 01:00:00+00:00,-0.0
2024-09-28 02:00:00+00:00,-0.0
2024-09-28 03:00:00+00:00,-0.0
2024-09-28 04:00:00+00:00,-0.0
2024-09-28 05:00:00+00:00,-0.0
2024-09-28 06:00:00+00:00,-0.0
2024-09-28 07:00:00+00:00,-0.0
2024-09-28 08:00:00+00:00,-0.0
2024-09-28 09:00:00+00:00,-0.0
2024-09-28 10:00:00+00:00,-0.0
2024-09-28 11:00:00+00:00,-0.0
2024-09-28 12:00:00+00:00,-0.0
2024-09-28 13:00:00+00:00,-0.0
2024-09-28 14:00:00+00:00,-0.0
2024-09-28 15:00:00+00:00,-0.0
2024-09-28 16:00:00+00:00,-0.0
2024-09-28 17:00:00+00:00,-0.0
2024-09-28 18:00:00+00:00,-0.0
2024-09-28 19:00:00+00:00,-0.0
2024-09-28 20:00:00+00:00,-0.0
2024-09-28 21:00:00+00:00,-0.0
2024-09-28 22:00:00+00:00,-0.0
2024-09-28 23:00:00+00:00,-0.0
2024-09-29 00:00:00+00:00,-0.0
2024-09-29 01:00:00+00:00,-0.0
2024-09-29 02:00:00+00:00,-0.0
2024-09-29 03:00:00+00:00,-0.0
2024-09-29 04:00:00+00:00,-0.0
2024-09-29 05:00:00+00:00,-0.0
2024-09-29 06:00:00+00:00,-0.0
2024-09-29 07:00:00+00:00,-0.0
2024-09-29 08:00:00+00:00,-0.0
2024-09-29 09:00:00+00:00,-0.0
2024-09-29 10:00:00+00:00,-0.0
2024-09-29 11:00:00+00:00,-0.0
2024-09-29 12:00:00+00:00,-0.0
2024-09-29 13:00:00+00:00,-0.0
2024-09-29 14:00:00+00:00,-0.0
2024-09-29 15:00:00+00:00,-0.0
2024-09-29 16:00:00+00:00,-0.0
2024-09-29 17:00:00+00:00,-0.0
2024-09-29 18:00:00+00:00,-0.0
2024-09-29 19:00:00+00:00,-0.0
2024-09-29 20:00:00+00:00,-0.0
2024-09-29 21:00:00+00:00,-0.0
2024-09-29 22:00:00+00:00,-0.0
2024-09-29 23:00:00+00:00,-0.0
2024-09-30 00:00:00+00:00,-0.0
2024-09-30 01:00:00+00:00,-0.0
2024-09-30 02:00:00+00:00,-0.0
2024-09-30 03:00:00+00:00,0.02011837375230688
2024-09-30 04:00:00+00:00,-0.0
2024-09-30 05:00:00+00:00,-0.0
2024-09-30 06:00:00+00:00,-0.0
2024-09-30 07:00:00+00:00,-0.0
2024-09-30 08:00:00+00:00,-0.0
2024-09-30 09:00:00+00:00,-0.0
2024-09-30 10:00:00+00:00,-0.0
2024-09-30 11:00:00+00:00,-0.0
2024-09-30 12:00:00+00:00,-0.0
2024-09-30 13:00:00+00:00,-0.0
2024-09-30 14:00:00+00:00,-0.0
2024-09-30 15:00:00+00:00,-0.0
2024-09-30 16:00:00+00:00,-0.0
2024-09-30 17:00:00+00:00,-0.0
2024-09-30 18:00:00+00:00,-0.0
2024-09-30 19:00:00+00:00,-0.0
2024-09-30 20:00:00+00:00,-0.0
2024-09-30 21:00:00+00:00,-0.0
2024-09-30 22:00:00+00:00,-0.0
2024-09-30 23:00:00+00:00,-0.0
2024-10-01 00:00:00+00:00,-0.0
2024-10-01 01:00:00+00:00,-0.0
2024-10-01 02:00:00+00:00,-0.0
2024-10-01 03:00:00+00:00,-0.0
2024-10-01 04:00:00+00:00,-0.0
2024-10-01 05:00:00+00:00,-0.0
2024-10-01 06:00:00+00:00,-0.0
2024-10-01 07:00:00+00:00,-0.0
2024-10-01 08:00:00+00:00,-0.0
2024-10-01 09:00:00+00:00,-0.0
2024-10-01 10:00:00+00:00,-0.0
2024-10-01 11:00:00+00:00,-0.0
2024-10-01 12:00:00+00:00,-0.0
2024-10-01 13:00:00+00:00,-0.0
2024-10-01 14:00:00+00:00,-0.0
2024-10-01 15:00:00+00:00,-0.0
2024-10-01 16:00:00+00:00,-0.0
2024-10-01 17:00:00+00:00,-0.0
2024-10-01 18:00:00+00:00,-0.0
2024-10-01 19:00:00+00:00,-0.0
2024-10-01 20:00:00+00:00,-0.0
2024-10-01 21:00:00+00:00,-0.0
2024-10-01 22:00:00+00:00,-0.0
2024-10-01 23:00:00+00:00,-0.0
2024-10-02 00:00:00+00:00,-0.0
2024-10-02 01:00:00+00:00,-0.0
2024-10-02 02:00:00+00:00,-0.0
2024-10-02 03:00:00+00:00,-0.0
2024-10-02 04:00:00+00:00,-0.0
2024-10-02 05:00:00+00:00,-0.0
2024-10-02 06:00:00+00:00,-0.0
2024-10-02 07:00:00+00:00,-0.0
2024-10-02 08:00:00+00:00,-0.0
2024-10-02 09:00:00+00:00,-0.0
2024-10-02 10:00:00+00:00,-0.0
2024-10-02 11:00:00+00:00,-0.0
2024-10-02 12:00:00+00:00,-0.0
2024-10-02 13:00:00+00:00,-0.0
2024-10-02 14:00:00+00:00,-0.0
2024-10-02 15:00:00+00:00,-0.0
2024-10-02 16:00:00+00:00,-0.0
2024-10-02 17:00:00+00:00,-0.0
2024-10-02 18:00:00+00:00,-0.0
2024-10-02 19:00:00+00:00,-0.0
2024-10-02 20:00:00+00:00,-0.0
2024-10-02 21:00:00+00:00,-0.0
2024-10-02 22:00:00+00:00,-0.0
2024-10-02 23:00:00+00:00,-0.0
2024-10-03 00:00:00+00:00,-0.0
2024-10-03 01:00:00+00:00,-0.0
2024-10-03 02:00:00+00:00,-0.0
2024-10-03 03:00:00+00:00,-0.0
2024-10-03 04:00:00+00:00,-0.0
2024-10-03 05:00:00+00:00,-0.0
2024-10-03 06:00:00+00:00,-0.0
2024-10-03 07:00:00+00:00,-0.0
2024-10-03 08:00:00+00:00,-0.0
2024-10-03 09:00:00+00:00,-0.0
2024-10-03 10:00:00+00:00,-0.0
2024-10-03 11:00:00+00:00,-0.0
2024-10-03 12:00:00+00:00,-0.0
2024-10-03 13:00:00+00:00,-0.0
2024-10-03 14:00:00+00:00,-0.0
2024-10-03 15:00:00+00:00,-0.0
2024-10-03 16:00:00+00:00,-0.0
2024-10-03 17:00:00+00:00,-0.0
2024-10-03 18:00:00+00:00,-0.0
2024-10-03 19:00:00+00:00,-0.0
2024-10-03 20:00:00+00:00,-0.0
2024-10-03 21:00:00+00:00,-0.0
2024-10-03 22:00:00+00:00,-0.0
2024-10-03 23:00:00+00:00,-0.0
2024-10-04 00:00:00+00:00,-0.0
2024-10-04 01:00:00+00:00,-0.0
2024-10-04 02:00:00+00:00,-0.0
2024-10-04 03:00:00+00:00,-0.0
2024-10-04 04:00:00+00:00,-0.0
2024-10-04 05:00:00+00:00,-0.0
2024-10-04 06:00:00+00:00,-0.0
2024-10-04 07:00:00+00:00,-0.0
2024-10-04 08:00:00+00:00,-0.0
2024-10-04 09:00:00+00:00,-0.0
2024-10-04 10:00:00+00:00,-0.0
2024-10-04 11:00:00+00:00,-0.0
2024-10-04 12:00:00+00:00,-0.0
2024-10-04 13:00:00+00:00,-0.0
2024-10-04 14:00:00+00:00,-0.0
2024-10-04 15:00:00+00:00,-0.0
2024-10-04 16:00:00+00:00,-0.0
2024-10-04 17:00:00+00:00,-0.0
2024-10-04 18:00:00+00:00,-0.0
2024-10-04 19:00:00+00:00,-0.0
2024-10-04 20:00:00+00:00,-0.0
2024-10-04 21:00:00+00:00,-0.0
2024-10-04 22:00:00+00:00,-0.0
2024-10-04 23:00:00+00:00,-0.0
2024-10-05 00:00:00+00:00,-0.0
2024-10-05 01:00:00+00:00,-0.0
2024-10-05 02:00:00+00:00,-0.0
2024-10-05 03:00:00+00:00,-0.0
2024-10-05 04:00:00+00:00,-0.0
2024-10-05 05:00:00+00:00,-0.0
2024-10-05 06:00:00+00:00,-0.0
2024-10-05 07:00:00+00:00,-0.0
2024-10-05 08:00:00+00:00,-0.0
2024-10-05 09:00:00+00:00,-0.06003756263845565
2024-10-05 10:00:00+00:00,-0.0
2024-10-05 11:00:00+00:00,-0.0
2024-10-05 12:00:00+00:00,-0.0
2024-10-05 13:00:00+00:00,-0.0
2024-10-05 14:00:00+00:00,0.013443436924627572
2024-10-05 15:00:00+00:00,-0.0
2024-10-05 16:00:00+00:00,-0.0
2024-10-05 17:00:00+00:00,-0.0
2024-10-05 18:00:00+00:00,-0.0
2024-10-05 19:00:00+00:00,0.01597752386556862
2024-10-05 20:00:00+00:00,-0.0
2024-10-05 21:00:00+00:00,-0.0
2024-10-05 22:00:00+00:00,-0.0
2024-10-05 23:00:00+00:00,-0.0
2024-10-06 00:00:00+00:00,-0.0
2024-10-06 01:00:00+00:00,-0.0
2024-10-06 02:00:00+00:00,-0.0
2024-10-06 03:00:00+00:00,-0.0
2024-10-06 04:00:00+00:00,-0.0
2024-10-06 05:00:00+00:00,-0.0
2024-10-06 06:00:00+00:00,-0.0
2024-10-06 07:00:00+00:00,-0.0
2024-10-06 08:00:00+00:00,-0.0
2024-10-06 09:00:00+00:00,-0.0
2024-10-06 10:00:00+00:00,-0.0
2024-10-06 11:00:00+00:00,-0.0
2024-10-06 12:00:00+00:00,-0.0
2024-10-06 13:00:00+00:00,-0.0
2024-10-06 14:00:00+00:00,-0.0
2024-10-06 15:00:00+00:00,-0.0
2024-10-06 16:00:00+00:00,-0.0
2024-10-06 17:00:00+00:00,-0.0
2024-10-06 18:00:00+00:00,-0.0
2024-10-06 19:00:00+00:00,-0.0
2024-10-06 20:00:00+00:00,-0.0
2024-10-06 21:00:00+00:00,-0.0
2024-10-06 22:00:00+00:00,-0.0
2024-10-06 23:00:00+00:00,-0.0
2024-10-07 00:00:00+00:00,-0.0
2024-10-07 01:00:00+00:00,-0.0
2024-10-07 02:00:00+00:00,-0.0
2024-10-07 03:00:00+00:00,-0.0
2024-10-07 04:00:00+00:00,-0.0
2024-10-07 05:00:00+00:00,-0.0
2024-10-07 06:00:00+00:00,-0.0
2024-10-07 07:00:00+00:00,-0.0
2024-10-07 08:00:00+00:00,-0.0
2024-10-07 09:00:00+00:00,0.025986338411699884
2024-10-07 10:00:00+00:00,-0.0
2024-10-07 11:00:00+00:00,-0.0
2024-10-07 12:00:00+00:00,-0.0
2024-10-07 13:00:00+00:00,-0.0
2024-10-07 14:00:00+00:00,-0.0
2024-10-07 15:00:00+00:00,-0.0
2024-10-07 16:00:00+00:00,-0.0
2024-10-07 17:00:00+00:00,-0.0
2024-10-07 18:00:00+00:00,-0.0
2024-10-07 19:00:00+00:00,-0.0
2024-10-07 20:00:00+00:00,-0.0
2024-10-07 21:00:00+00:00,-0.0
2024-10-07 22:00:00+00:00,-0.0
2024-10-07 23:00:00+00:00,-0.0
2024-10-08 00:00:00+00:00,-0.0
2024-10-08 01:00:00+00:00,-0.0
2024-10-08 02:00:00+00:00,-0.0
2024-10-08 03:00:00+00:00,-0.0
2024-10-08 04:00:00+00:00,-0.0
2024-10-08 05:00:00+00:00,-0.0
2024-10-08 06:00:00+00:00,-0.0
2024-10-08 07:00:00+00:00,-0.0
2024-10-08 08:00:00+00:00,-0.0
2024-10-08 09:00:00+00:00,-0.0
2024-10-08 10:00:00+00:00,-0.0
2024-10-08 11:00:00+00:00,-0.0
2024-10-08 12:00:00+00:00,-0.0
2024-10-08 13:00:00+00:00,-0.0
2024-10-08 14:00:00+00:00,-0.0
2024-10-08 15:00:00+00:00,-0.0
2024-10-08 16:00:00+00:00,-0.0
2024-10-08 17:00:00+00:00,-0.0
2024-10-08 18:00:00+00:00,-0.0
2024-10-08 19:00:00+00:00,-0.0
2024-10-08 20:00:00+00:00,-0.0
2024-10-08 21:00:00+00:00,-0.0
2024-10-08 22:00:00+00:00,-0.0
2024-10-08 23:00:00+00:00,-0.0
2024-10-09 00:00:00+00:00,-0.0
2024-10-09 01:00:00+00:00,-0.0
2024-10-09 02:00:00+00:00,-0.0
2024-10-09 03:00:00+00:00,-0.0
2024-10-09 04:00:00+00:00,-0.0
2024-10-09 05:00:00+00:00,-0.0
2024-10-09 06:00:00+00:00,-0.0
2024-10-09 07:00:00+00:00,-0.0
2024-10-09 08:00:00+00:00,-0.0
2024-10-09 09:00:00+00:00,-0.0
2024-10-09 10:00:00+00:00,-0.0
2024-10-09 11:00:00+00:00,-0.0
2024-10-09 12:00:00+00:00,-0.0
2024-10-09 13:00:00+00:00,-0.0
2024-10-09 14:00:00+00:00,-0.0
2024-10-09 15:00:00+00:00,-0.0
2024-10-09 16:00:00+00:00,-0.0
2024-10-09 17:00:00+00:00,-0.0
2024-10-09 18:00:00+00:00,-0.0
2024-10-09 19:00:00+00:00,-0.0
2024-10-09 20:00:00+00:00,-0.0
2024-10-09 21:00:00+00:00,-0.0
2024-10-09 22:00:00+00:00,-0.0
2024-10-09 23:00:00+00:00,-0.0
2024-10-10 00:00:00+00:00,-0.0
2024-10-10 01:00:00+00:00,-0.0
2024-10-10 02:00:00+00:00,-0.0
2024-10-10 03:00:00+00:00,-0.0
2024-10-10 04:00:00+00:00,-0.0
2024-10-10 05:00:00+00:00,-0.0
2024-10-10 06:00:00+00:00,-0.0
2024-10-10 07:00:00+00:00,-0.0
2024-10-10 08:00:00+00:00,-0.0
2024-10-10 09:00:00+00:00,-0.0
2024-10-10 10:00:00+00:00,-0.0
2024-10-10 11:00:00+00:00,-0.0
2024-10-10 12:00:00+00:00,-0.0
2024-10-10 13:00:00+00:00,-0.0
2024-10-10 14:00:00+00:00,-0.0
2024-10-10 15:00:00+00:00,-0.0
2024-10-10 16:00:00+00:00,-0.0
2024-10-10 17:00:00+00:00,-0.0
2024-10-10 18:00:00+00:00,-0.0
2024-10-10 19:00:00+00:00,-0.0
2024-10-10 20:00:00+00:00,-0.0
2024-10-10 21:00:00+00:00,-0.0
2024-10-10 22:00:00+00:00,-0.0
2024-10-10 23:00:00+00:00,-0.0
2024-10-11 00:00:00+00:00,-0.0
2024-10-11 01:00:00+00:00,-0.0
2024-10-11 02:00:00+00:00,-0.0
2024-10-11 03:00:00+00:00,-0.0
2024-10-11 04:00:00+00:00,-0.0
2024-10-11 05:00:00+00:00,-0.0
2024-10-11 06:00:00+00:00,-0.0
2024-10-11 07:00:00+00:00,-0.0
2024-10-11 08:00:00+00:00,-0.0
2024-10-11 09:00:00+00:00,-0.0
2024-10-11 10:00:00+00:00,-0.0
2024-10-11 11:00:00+00:00,-0.0
2024-10-11 12:00:00+00:00,-0.0
2024-10-11 13:00:00+00:00,-0.0
2024-10-11 14:00:00+00:00,-0.0
2024-10-11 15:00:00+00:00,-0.0
2024-10-11 16:00:00+00:00,-0.0
2024-10-11 17:00:00+00:00,-0.0
2024-10-11 18:00:00+00:00,-0.0
2024-10-11 19:00:00+00:00,-0.0
2024-10-11 20:00:00+00:00,-0.0
2024-10-11 21:00:00+00:00,-0.0
2024-10-11 22:00:00+00:00,-0.0
2024-10-11 23:00:00+00:00,-0.0
2024-10-12 00:00:00+00:00,-0.0
2024-10-12 01:00:00+00:00,-0.0
2024-10-12 02:00:00+00:00,-0.0
2024-10-12 03:00:00+00:00,-0.0
2024-10-12 04:00:00+00:00,-0.0
2024-10-12 05:00:00+00:00,-0.0
2024-10-12 06:00:00+00:00,-0.03634147109282217
2024-10-12 07:00:00+00:00,-0.0
2024-10-12 08:00:00+00:00,-0.0
2024-10-12 09:00:00+00:00,-0.0
2024-10-12 10:00:00+00:00,-0.0
2024-10-12 11:00:00+00:00,-0.0
2024-10-12 12:00:00+00:00,-0.0
2024-10-12 13:00:00+00:00,-0.0
2024-10-12 14:00:00+00:00,-0.0
2024-10-12 15:00:00+00:00,-0.0
2024-10-12 16:00:00+00:00,-0.0
2024-10-12 17:00:00+00:00,-0.0
2024-10-12 18:00:00+00:00,-0.0
2024-10-12 19:00:00+00:00,-0.0
2024-10-12 20:00:00+00:00,-0.0
2024-10-12 21:00:00+00:00,-0.0
2024-10-12 22:00:00+00:00,-0.0
2024-10-12 23:00:00+00:00,-0.0
2024-10-13 00:00:00+00:00,-0.0
2024-10-13 01:00:00+00:00,-0.0
2024-10-13 02:00:00+00:00,-0.0
2024-10-13 03:00:00+00:00,-0.0
2024-10-13 04:00:00+00:00,-0.0
2024-10-13 05:00:00+00:00,-0.0
2024-10-13 06:00:00+00:00,-0.0
2024-10-13 07:00:00+00:00,-0.0
2024-10-13 08:00:00+00:00,-0.0
2024-10-13 09:00:00+00:00,-0.0
2024-10-13 10:00:00+00:00,-0.0
2024-10-13 11:00:00+00:00,0.01685461585490343
2024-10-13 12:00:00+00:00,-0.0
2024-10-13 13:00:00+00:00,-0.0
2024-10-13 14:00:00+00:00,-0.0
2024-10-13 15:00:00+00:00,-0.0
2024-10-13 16:00:00+00:00,-0.0
2024-10-13 17:00:00+00:00,-0.0
2024-10-13 18:00:00+00:00,-0.0
2024-10-13 19:00:00+00:00,-0.0
2024-10-13 20:00:00+00:00,-0.0
2024-10-13 21:00:00+00:00,-0.0
2024-10-13 22:00:00+00:00,-0.0
2024-10-13 23:00:00+00:00,-0.0
2024-10-14 00:00:00+00:00,-0.0
2024-10-14 01:00:00+00:00,-0.0
2024-10-14 02:00:00+00:00,-0.0
2024-10-14 03:00:00+00:00,-0.0
2024-10-14 04:00:00+00:00,-0.0
2024-10-14 05:00:00+00:00,-0.0
2024-10-14 06:00:00+00:00,-0.0
2024-10-14 07:00:00+00:00,-0.0
2024-10-14 08:00:00+00:00,-0.0
2024-10-14 09:00:00+00:00,-0.0
2024-10-14 10:00:00+00:00,-0.0
2024-10-14 11:00:00+00:00,-0.0
2024-10-14 12:00:00+00:00,-0.0
2024-10-14 13:00:00+00:00,-0.0
2024-10-14 14:00:00+00:00,-0.0
2024-10-14 15:00:00+00:00,-0.0
2024-10-14 16:00:00+00:00,-0.0
2024-10-14 17:00:00+00:00,-0.0
2024-10-14 18:00:00+00:00,-0.0
2024-10-14 19:00:00+00:00,-0.0
2024-10-14 20:00:00+00:00,-0.0
2024-10-14 21:00:00+00:00,-0.0
2024-10-14 22:00:00+00:00,-0.0
2024-10-14 23:00:00+00:00,-0.0
2024-10-15 00:00:00+00:00,-0.0
2024-10-15 01:00:00+00:00,-0.0
2024-10-15 02:00:00+00:00,-0.0
2024-10-15 03:00:00+00:00,-0.0
2024-10-15 04:00:00+00:00,-0.0
2024-10-15 05:00:00+00:00,-0.0
2024-10-15 06:00:00+00:00,-0.0
2024-10-15 07:00:00+00:00,-0.0
2024-10-15 08:00:00+00:00,-0.0
2024-10-15 09:00:00+00:00,-0.0
2024-10-15 10:00:00+00:00,-0.0
2024-10-15 11:00:00+00:00,-0.0
2024-10-15 12:00:00+00:00,-0.0
2024-10-15 13:00:00+00:00,-0.0
2024-10-15 14:00:00+00:00,-0.0
2024-10-15 15:00:00+00:00,0.008618567550157349
2024-10-15 16:00:00+00:00,-0.0
2024-10-15 17:00:00+00:00,-0.0
2024-10-15 18:00:00+00:00,-0.0
2024-10-15 19:00:00+00:00,-0.0
2024-10-15 20:00:00+00:00,-0.0
2024-10-15 21:00:00+00:00,-0.0
2024-10-15 22:00:00+00:00,-0.0
2024-10-15 23:00:00+00:00,-0.0
2024-10-16 00:00:00+00:00,-0.0
2024-10-16 01:00:00+00:00,-0.0
2024-10-16 02:00:00+00:00,-0.0
2024-10-16 03:00:00+00:00,-0.0
2024-10-16 04:00:00+00:00,-0.0
2024-10-16 05:00:00+00:00,-0.0
2024-10-16 06:00:00+00:00,-0.0
2024-10-16 07:00:00+00:00,-0.0
2024-10-16 08:00:00+00:00,-0.0
2024-10-16 09:00:00+00:00,-0.0
2024-10-16 10:00:00+00:00,-0.0
2024-10-16 11:00:00+00:00,-0.0
2024-10-16 12:00:00+00:00,-0.0
2024-10-16 13:00:00+00:00,-0.0
2024-10-16 14:00:00+00:00,-0.0
2024-10-16 15:00:00+00:00,-0.0
2024-10-16 16:00:00+00:00,-0.0
2024-10-16 17:00:00+00:00,-0.0
2024-10-16 18:00:00+00:00,-0.0
2024-10-16 19:00:00+00:00,-0.0
2024-10-16 20:00:00+00:00,-0.0
2024-10-16 21:00:00+00:00,-0.0
2024-10-16 22:00:00+00:00,-0.0
2024-10-16 23:00:00+00:00,-0.0
2024-10-17 00:00:00+00:00,-0.0
2024-10-17 01:00:00+00:00,-0.0
2024-10-17 02:00:00+00:00,-0.0
2024-10-17 03:00:00+00:00,-0.0
2024-10-17 04:00:00+00:00,-0.0
2024-10-17 05:00:00+00:00,-0.0
2024-10-17 06:00:00+00:00,-0.0
2024-10-17 07:00:00+00:00,-0.0
2024-10-17 08:00:00+00:00,-0.0
2024-10-17 09:00:00+00:00,-0.0
2024-10-17 10:00:00+00:00,-0.0
2024-10-17 11:00:00+00:00,-0.0
2024-10-17 12:00:00+00:00,-0.0
2024-10-17 13:00:00+00:00,-0.0
2024-10-17 14:00:00+00:00,-0.0
2024-10-17 15:00:00+00:00,-0.0
2024-10-17 16:00:00+00:00,-0.0
2024-10-17 17:00:00+00:00,-0.0
2024-10-17 18:00:00+00:00,-0.0
2024-10-17 19:00:00+00:00,-0.0
2024-10-17 20:00:00+00:00,-0.0
2024-10-17 21:00:00+00:00,-0.0
2024-10-17 22:00:00+00:00,-0.0
2024-10-17 23:00:00+00:00,-0.0
2024-10-18 00:00:00+00:00,-0.0
2024-10-18 01:00:00+00:00,-0.0
2024-10-18 02:00:00+00:00,-0.0
2024-10-18 03:00:00+00:00,-0.0
2024-10-18 04:00:00+00:00,-0.0
2024-10-18 05:00:00+00:00,-0.0
2024-10-18 06:00:00+00:00,-0.0
2024-10-18 07:00:00+00:00,-0.0
2024-10-18 08:00:00+00:00,-0.0
2024-10-18 09:00:00+00:00,-0.0
2024-10-18 10:00:00+00:00,-0.0
2024-10-18 11:00:00+00:00,-0.0
2024-10-18 12:00:00+00:00,-0.0
2024-10-18 13:00:00+00:00,-0.0
2024-10-18 14:00:00+00:00,-0.0
2024-10-18 15:00:00+00:00,-0.0
2024-10-18 16:00:00+00:00,-0.0
2024-10-18 17:00:00+00:00,-0.0
2024-10-18 18:00:00+00:00,-0.0
2024-10-18 19:00:00+00:00,-0.0
2024-10-18 20:00:00+00:00,-0.0
2024-10-18 21:00:00+00:00,-0.0
2024-10-18 22:00:00+00:00,-0.0
2024-10-18 23:00:00+00:00,-0.0
2024-10-19 00:00:00+00:00,-0.0
2024-10-19 01:00:00+00:00,-0.0
2024-10-19 02:00:00+00:00,-0.0
2024-10-19 03:00:00+00:00,-0.0
2024-10-19 04:00:00+00:00,-0.0
2024-10-19 05:00:00+00:00,-0.0
2024-10-19 06:00:00+00:00,-0.0
2024-10-19 07:00:00+00:00,-0.0
2024-10-19 08:00:00+00:00,-0.0
2024-10-19 09:00:00+00:00,-0.0
2024-10-19 10:00:00+00:00,-0.0
2024-10-19 11:00:00+00:00,-0.0
2024-10-19 12:00:00+00:00,-0.0
2024-10-19 13:00:00+00:00,-0.0
2024-10-19 14:00:00+00:00,-0.0
2024-10-19 15:00:00+00:00,-0.0
2024-10-19 16:00:00+00:00,-0.0
2024-10-19 17:00:00+00:00,-0.0
2024-10-19 18:00:00+00:00,-0.0
2024-10-19 19:00:00+00:00,-0.0
2024-10-19 20:00:00+00:00,-0.0
2024-10-19 21:00:00+00:00,-0.0
2024-10-19 22:00:00+00:00,-0.0
2024-10-19 23:00:00+00:00,-0.0
2024-10-20 00:00:00+00:00,-0.0
2024-10-20 01:00:00+00:00,-0.0
2024-10-20 02:00:00+00:00,-0.0
2024-10-20 03:00:00+00:00,-0.0
2024-10-20 04:00:00+00:00,-0.0
2024-10-20 05:00:00+00:00,-0.0
2024-10-20 06:00:00+00:00,-0.0
2024-10-20 07:00:00+00:00,-0.0
2024-10-20 08:00:00+00:00,-0.0
2024-10-20 09:00:00+00:00,-0.0
2024-10-20 10:00:00+00:00,-0.0
2024-10-20 11:00:00+00:00,-0.0
2024-10-20 12:00:00+00:00,-0.0
2024-10-20 13:00:00+00:00,-0.0
2024-10-20 14:00:00+00:00,-0.0
2024-10-20 15:00:00+00:00,-0.0
2024-10-20 16:00:00+00:00,-0.0
2024-10-20 17:00:00+00:00,-0.0
2024-10-20 18:00:00+00:00,-0.0
2024-10-20 19:00:00+00:00,-0.0
2024-10-20 20:00:00+00:00,-0.0
2024-10-20 21:00:00+00:00,-0.0
2024-10-20 22:00:00+00:00,-0.0
2024-10-20 23:00:00+00:00,-0.0
2024-10-21 00:00:00+00:00,-0.0
2024-10-21 01:00:00+00:00,-0.0
2024-10-21 02:00:00+00:00,-0.0
2024-10-21 03:00:00+00:00,-0.036073218301527
2024-10-21 04:00:00+00:00,-0.0
2024-10-21 05:00:00+00:00,-0.0
2024-10-21 06:00:00+00:00,-0.0
2024-10-21 07:00:00+00:00,-0.0
2024-10-21 08:00:00+00:00,-0.03552707045397356
2024-10-21 09:00:00+00:00,-0.0
2024-10-21 10:00:00+00:00,-0.0
2024-10-21 11:00:00+00:00,0.030857528580007634
2024-10-21 12:00:00+00:00,-0.0
2024-10-21 13:00:00+00:00,-0.0
2024-10-21 14:00:00+00:00,-0.0
2024-10-21 15:00:00+00:00,-0.0
2024-10-21 16:00:00+00:00,-0.0
2024-10-21 17:00:00+00:00,-0.0
2024-10-21 18:00:00+00:00,-0.0
2024-10-21 19:00:00+00:00,-0.0
2024-10-21 20:00:00+00:00,-0.0
2024-10-21 21:00:00+00:00,-0.0
2024-10-21 22:00:00+00:00,-0.0
2024-10-21 23:00:00+00:00,-0.0
2024-10-22 00:00:00+00:00,-0.0
2024-10-22 01:00:00+00:00,-0.0
2024-10-22 02:00:00+00:00,-0.0
2024-10-22 03:00:00+00:00,-0.0
2024-10-22 04:00:00+00:00,-0.0
2024-10-22 05:00:00+00:00,-0.0
2024-10-22 06:00:00+00:00,-0.0
2024-10-22 07:00:00+00:00,-0.0
2024-10-22 08:00:00+00:00,-0.0
2024-10-22 09:00:00+00:00,-0.0
2024-10-22 10:00:00+00:00,-0.0
2024-10-22 11:00:00+00:00,-0.0
2024-10-22 12:00:00+00:00,0.03702733631854372
2024-10-22 13:00:00+00:00,-0.0
2024-10-22 14:00:00+00:00,-0.0
2024-10-22 15:00:00+00:00,-0.0
2024-10-22 16:00:00+00:00,-0.0
2024-10-22 17:00:00+00:00,-0.0
2024-10-22 18:00:00+00:00,-0.0
2024-10-22 19:00:00+00:00,-0.0
2024-10-22 20:00:00+00:00,-0.0
2024-10-22 21:00:00+00:00,-0.0
2024-10-22 22:00:00+00:00,-0.0
2024-10-22 23:00:00+00:00,-0.0
2024-10-23 00:00:00+00:00,-0.0
2024-10-23 01:00:00+00:00,-0.0
2024-10-23 02:00:00+00:00,-0.0
2024-10-23 03:00:00+00:00,-0.0
2024-10-23 04:00:00+00:00,-0.0
2024-10-23 05:00:00+00:00,-0.0
2024-10-23 06:00:00+00:00,-0.0
2024-10-23 07:00:00+00:00,-0.0
2024-10-23 08:00:00+00:00,-0.0
2024-10-23 09:00:00+00:00,-0.0
2024-10-23 10:00:00+00:00,-0.0
2024-10-23 11:00:00+00:00,-0.0
2024-10-23 12:00:00+00:00,-0.0
2024-10-23 13:00:00+00:00,-0.0
2024-10-23 14:00:00+00:00,-0.0
2024-10-23 15:00:00+00:00,-0.0
2024-10-23 16:00:00+00:00,-0.0
2024-10-23 17:00:00+00:00,-0.0
2024-10-23 18:00:00+00:00,-0.0
2024-10-23 19:00:00+00:00,-0.0
2024-10-23 20:00:00+00:00,-0.0
2024-10-23 21:00:00+00:00,-0.0
2024-10-23 22:00:00+00:00,-0.0
2024-10-23 23:00:00+00:00,-0.0
2024-10-24 00:00:00+00:00,-0.0
2024-10-24 01:00:00+00:00,-0.0
2024-10-24 02:00:00+00:00,-0.0
2024-10-24 03:00:00+00:00,-0.0
2024-10-24 04:00:00+00:00,-0.0
2024-10-24 05:00:00+00:00,-0.0
2024-10-24 06:00:00+00:00,-0.0
2024-10-24 07:00:00+00:00,-0.0
2024-10-24 08:00:00+00:00,-0.0
2024-10-24 09:00:00+00:00,-0.0
2024-10-24 10:00:00+00:00,-0.0
2024-10-24 11:00:00+00:00,-0.0
2024-10-24 12:00:00+00:00,-0.0
2024-10-24 13:00:00+00:00,-0.0
2024-10-24 14:00:00+00:00,-0.0
2024-10-24 15:00:00+00:00,-0.0
2024-10-24 16:00:00+00:00,-0.0
2024-10-24 17:00:00+00:00,-0.0
2024-10-24 18:00:00+00:00,-0.0
2024-10-24 19:00:00+00:00,-0.0
2024-10-24 20:00:00+00:00,-0.0
2024-10-24 21:00:00+00:00,-0.0
2024-10-24 22:00:00+00:00,-0.0
2024-10-24 23:00:00+00:00,-0.0
2024-10-25 00:00:00+00:00,-0.0
2024-10-25 01:00:00+00:00,-0.0
2024-10-25 02:00:00+00:00,-0.0
2024-10-25 03:00:00+00:00,-0.0
2024-10-25 04:00:00+00:00,-0.0
2024-10-25 05:00:00+00:00,-0.0
2024-10-25 06:00:00+00:00,-0.0
2024-10-25 07:00:00+00:00,-0.0
2024-10-25 08:00:00+00:00,-0.0
2024-10-25 09:00:00+00:00,-0.0
2024-10-25 10:00:00+00:00,-0.0
2024-10-25 11:00:00+00:00,-0.0
2024-10-25 12:00:00+00:00,-0.0
2024-10-25 13:00:00+00:00,-0.0
2024-10-25 14:00:00+00:00,-0.0
2024-10-25 15:00:00+00:00,-0.0
2024-10-25 16:00:00+00:00,-0.0
2024-10-25 17:00:00+00:00,-0.0
2024-10-25 18:00:00+00:00,-0.0
2024-10-25 19:00:00+00:00,-0.0
2024-10-25 20:00:00+00:00,-0.0
2024-10-25 21:00:00+00:00,-0.0
2024-10-25 22:00:00+00:00,-0.0
2024-10-25 23:00:00+00:00,-0.0
2024-10-26 00:00:00+00:00,-0.0
2024-10-26 01:00:00+00:00,-0.0
2024-10-26 02:00:00+00:00,-0.0
2024-10-26 03:00:00+00:00,-0.0
2024-10-26 04:00:00+00:00,-0.0
2024-10-26 05:00:00+00:00,-0.0
2024-10-26 06:00:00+00:00,-0.0
2024-10-26 07:00:00+00:00,-0.0
2024-10-26 08:00:00+00:00,-0.0
2024-10-26 09:00:00+00:00,-0.0
2024-10-26 10:00:00+00:00,-0.0
2024-10-26 11:00:00+00:00,-0.0
2024-10-26 12:00:00+00:00,-0.0
2024-10-26 13:00:00+00:00,-0.0
2024-10-26 14:00:00+00:00,-0.0
2024-10-26 15:00:00+00:00,-0.0
2024-10-26 16:00:00+00:00,-0.0
2024-10-26 17:00:00+00:00,-0.0
2024-10-26 18:00:00+00:00,-0.0
2024-10-26 19:00:00+00:00,-0.0
2024-10-26 20:00:00+00:00,-0.0
2024-10-26 21:00:00+00:00,-0.0
2024-10-26 22:00:00+00:00,-0.0
2024-10-26 23:00:00+00:00,-0.0
2024-10-27 00:00:00+00:00,-0.0
2024-10-27 01:00:00+00:00,-0.0
2024-10-27 02:00:00+00:00,-0.0
2024-10-27 03:00:00+00:00,-0.0
2024-10-27 04:00:00+00:00,-0.0
2024-10-27 05:00:00+00:00,-0.0
2024-10-27 06:00:00+00:00,-0.0
2024-10-27 07:00:00+00:00,-0.0
2024-10-27 08:00:00+00:00,-0.0
2024-10-27 09:00:00+00:00,-0.0
2024-10-27 10:00:00+00:00,-0.0
2024-10-27 11:00:00+00:00,-0.0
2024-10-27 12:00:00+00:00,-0.0
2024-10-27 13:00:00+00:00,-0.0
2024-10-27 14:00:00+00:00,-0.0
2024-10-27 15:00:00+00:00,-0.0
2024-10-27 16:00:00+00:00,-0.0
2024-10-27 17:00:00+00:00,-0.0
2024-10-27 18:00:00+00:00,-0.0
2024-10-27 19:00:00+00:00,-0.0
2024-10-27 20:00:00+00:00,-0.0
2024-10-27 21:00:00+00:00,-0.0
2024-10-27 22:00:00+00:00,-0.0
2024-10-27 23:00:00+00:00,-0.0
2024-10-28 00:00:00+00:00,-0.0
2024-10-28 01:00:00+00:00,-0.0
2024-10-28 02:00:00+00:00,-0.0
2024-10-28 03:00:00+00:00,-0.0
2024-10-28 04:00:00+00:00,-0.0
2024-10-28 05:00:00+00:00,0.011689212994281231
2024-10-28 06:00:00+00:00,-0.0
2024-10-28 07:00:00+00:00,-0.0
2024-10-28 08:00:00+00:00,-0.0
2024-10-28 09:00:00+00:00,-0.0
2024-10-28 10:00:00+00:00,-0.0
2024-10-28 11:00:00+00:00,-0.0
2024-10-28 12:00:00+00:00,-0.0
2024-10-28 13:00:00+00:00,-0.0
2024-10-28 14:00:00+00:00,-0.0
2024-10-28 15:00:00+00:00,-0.0
2024-10-28 16:00:00+00:00,-0.0
2024-10-28 17:00:00+00:00,-0.0
2024-10-28 18:00:00+00:00,-0.0
2024-10-28 19:00:00+00:00,-0.0
2024-10-28 20:00:00+00:00,-0.0
2024-10-28 21:00:00+00:00,-0.0
2024-10-28 22:00:00+00:00,-0.0
2024-10-28 23:00:00+00:00,-0.0
2024-10-29 00:00:00+00:00,-0.0
2024-10-29 01:00:00+00:00,-0.0
2024-10-29 02:00:00+00:00,-0.0
2024-10-29 03:00:00+00:00,-0.0
2024-10-29 04:00:00+00:00,-0.0
2024-10-29 05:00:00+00:00,-0.0
2024-10-29 06:00:00+00:00,-0.0
2024-10-29 07:00:00+00:00,-0.0
2024-10-29 08:00:00+00:00,-0.0
2024-10-29 09:00:00+00:00,-0.0
2024-10-29 10:00:00+00:00,-0.0
2024-10-29 11:00:00+00:00,-0.0
2024-10-29 12:00:00+00:00,-0.0
2024-10-29 13:00:00+00:00,-0.0
2024-10-29 14:00:00+00:00,-0.0
2024-10-29 15:00:00+00:00,-0.0
2024-10-29 16:00:00+00:00,-0.0
2024-10-29 17:00:00+00:00,-0.0
2024-10-29 18:00:00+00:00,-0.0
2024-10-29 19:00:00+00:00,-0.0
2024-10-29 20:00:00+00:00,-0.0
2024-10-29 21:00:00+00:00,-0.0
2024-10-29 22:00:00+00:00,-0.0
2024-10-29 23:00:00+00:00,-0.0
2024-10-30 00:00:00+00:00,-0.0
2024-10-30 01:00:00+00:00,-0.0
2024-10-30 02:00:00+00:00,-0.0
2024-10-30 03:00:00+00:00,-0.0
2024-10-30 04:00:00+00:00,-0.0
2024-10-30 05:00:00+00:00,-0.0
2024-10-30 06:00:00+00:00,-0.0
2024-10-30 07:00:00+00:00,-0.0
2024-10-30 08:00:00+00:00,-0.0
2024-10-30 09:00:00+00:00,-0.0
2024-10-30 10:00:00+00:00,-0.0
2024-10-30 11:00:00+00:00,-0.0
2024-10-30 12:00:00+00:00,-0.0
2024-10-30 13:00:00+00:00,-0.0
2024-10-30 14:00:00+00:00,-0.0
2024-10-30 15:00:00+00:00,-0.0
2024-10-30 16:00:00+00:00,-0.0
2024-10-30 17:00:00+00:00,-0.0
2024-10-30 18:00:00+00:00,-0.0
2024-10-30 19:00:00+00:00,-0.0
2024-10-30 20:00:00+00:00,-0.0
2024-10-30 21:00:00+00:00,-0.0
2024-10-30 22:00:00+00:00,-0.0
2024-10-30 23:00:00+00:00,-0.0
2024-10-31 00:00:00+00:00,-0.0
2024-10-31 01:00:00+00:00,-0.0
2024-10-31 02:00:00+00:00,-0.0
2024-10-31 03:00:00+00:00,-0.0
2024-10-31 04:00:00+00:00,-0.0
2024-10-31 05:00:00+00:00,-0.0
2024-10-31 06:00:00+00:00,-0.0
2024-10-31 07:00:00+00:00,-0.0
2024-10-31 08:00:00+00:00,-0.0
2024-10-31 09:00:00+00:00,-0.0
2024-10-31 10:00:00+00:00,-0.0
2024-10-31 11:00:00+00:00,-0.0
2024-10-31 12:00:00+00:00,-0.0
2024-10-31 13:00:00+00:00,-0.0
2024-10-31 14:00:00+00:00,-0.0
2024-10-31 15:00:00+00:00,-0.0
2024-10-31 16:00:00+00:00,-0.0
2024-10-31 17:00:00+00:00,-0.0
2024-10-31 18:00:00+00:00,-0.0
2024-10-31 19:00:00+00:00,-0.0
2024-10-31 20:00:00+00:00,-0.0
2024-10-31 21:00:00+00:00,-0.0
2024-10-31 22:00:00+00:00,-0.0
2024-10-31 23:00:00+00:00,-0.0
2024-11-01 00:00:00+00:00,-0.0
2024-11-01 01:00:00+00:00,-0.0
2024-11-01 02:00:00+00:00,-0.0
2024-11-01 03:00:00+00:00,-0.0
2024-11-01 04:00:00+00:00,-0.0
2024-11-01 05:00:00+00:00,-0.0
2024-11-01 06:00:00+00:00,-0.0
2024-11-01 07:00:00+00:00,-0.0
2024-11-01 08:00:00+00:00,-0.0
2024-11-01 09:00:00+00:00,-0.0
2024-11-01 10:00:00+00:00,-0.0
2024-11-01 11:00:00+00:00,-0.0
2024-11-01 12:00:00+00:00,-0.0
2024-11-01 13:00:00+00:00,-0.0
2024-11-01 14:00:00+00:00,-0.0
2024-11-01 15:00:00+00:00,0.03387796831580347
2024-11-01 16:00:00+00:00,-0.0
2024-11-01 17:00:00+00:00,-0.0
2024-11-01 18:00:00+00:00,-0.0
2024-11-01 19:00:00+00:00,-0.0
2024-11-01 20:00:00+00:00,-0.0
2024-11-01 21:00:00+00:00,-0.0
2024-11-01 22:00:00+00:00,-0.0
2024-11-01 23:00:00+00:00,-0.0
2024-11-02 00:00:00+00:00,-0.0
2024-11-02 01:00:00+00:00,-0.0
2024-11-02 02:00:00+00:00,-0.0
2024-11-02 03:00:00+00:00,-0.0
2024-11-02 04:00:00+00:00,-0.0
2024-11-02 05:00:00+00:00,-0.0
2024-11-02 06:00:00+00:00,-0.0
2024-11-02 07:00:00+00:00,-0.0
2024-11-02 08:00:00+00:00,-0.0
2024-11-02 09:00:00+00:00,-0.0
2024-11-02 10:00:00+00:00,-0.0
2024-11-02 11:00:00+00:00,-0.0
2024-11-02 12:00:00+00:00,-0.0
2024-11-02 13:00:00+00:00,-0.0
2024-11-02 14:00:00+00:00,-0.0
2024-11-02 15:00:00+00:00,-0.0
2024-11-02 16:00:00+00:00,-0.0
2024-11-02 17:00:00+00:00,-0.0
2024-11-02 18:00:00+00:00,-0.0
2024-11-02 19:00:00+00:00,-0.0
2024-11-02 20:00:00+00:00,-0.0
2024-11-02 21:00:00+00:00,-0.0
2024-11-02 22:00:00+00:00,-0.0
2024-11-02 23:00:00+00:00,-0.0
2024-11-03 00:00:00+00:00,-0.0
2024-11-03 01:00:00+00:00,-0.0
2024-11-03 02:00:00+00:00,-0.0
2024-11-03 03:00:00+00:00,-0.0
2024-11-03 04:00:00+00:00,-0.0
2024-11-03 05:00:00+00:00,-0.0
2024-11-03 06:00:00+00:00,-0.0
2024-11-03 07:00:00+00:00,-0.0
2024-11-03 08:00:00+00:00,-0.0
2024-11-03 09:00:00+00:00,-0.0
2024-11-03 10:00:00+00:00,-0.0
2024-11-03 11:00:00+00:00,-0.0
2024-11-03 12:00:00+00:00,-0.0
2024-11-03 13:00:00+00:00,-0.0
2024-11-03 14:00:00+00:00,-0.0
2024-11-03 15:00:00+00:00,-0.0
2024-11-03 16:00:00+00:00,-0.0
2024-11-03 17:00:00+00:00,-0.0
2024-11-03 18:00:00+00:00,-0.0
2024-11-03 19:00:00+00:00,-0.0
2024-11-03 20:00:00+00:00,-0.0
2024-11-03 21:00:00+00:00,-0.0
2024-11-03 22:00:00+00:00,-0.0
2024-11-03 23:00:00+00:00,-0.0
2024-11-04 00:00:00+00:00,-0.0
2024-11-04 01:00:00+00:00,-0.0
2024-11-04 02:00:00+00:00,-0.0
2024-11-04 03:00:00+00:00,-0.0
2024-11-04 04:00:00+00:00,-0.0
2024-11-04 05:00:00+00:00,-0.0
2024-11-04 06:00:00+00:00,-0.0
2024-11-04 07:00:00+00:00,-0.0
2024-11-04 08:00:00+00:00,0.02618944754036647
2024-11-04 09:00:00+00:00,-0.0
2024-11-04 10:00:00+00:00,-0.0
2024-11-04 11:00:00+00:00,-0.0
2024-11-04 12:00:00+00:00,-0.0
2024-11-04 13:00:00+00:00,-0.0
2024-11-04 14:00:00+00:00,-0.0
2024-11-04 15:00:00+00:00,-0.0
2024-11-04 16:00:00+00:00,-0.0
2024-11-04 17:00:00+00:00,-0.0
2024-11-04 18:00:00+00:00,-0.0
2024-11-04 19:00:00+00:00,-0.0
2024-11-04 20:00:00+00:00,-0.0
2024-11-04 21:00:00+00:00,-0.0
2024-11-04 22:00:00+00:00,-0.0
2024-11-04 23:00:00+00:00,-0.0
2024-11-05 00:00:00+00:00,-0.0
2024-11-05 01:00:00+00:00,-0.0
2024-11-05 02:00:00+00:00,-0.0
2024-11-05 03:00:00+00:00,-0.0
2024-11-05 04:00:00+00:00,-0.0
2024-11-05 05:00:00+00:00,-0.0
2024-11-05 06:00:00+00:00,-0.0
2024-11-05 07:00:00+00:00,-0.0
2024-11-05 08:00:00+00:00,-0.0
2024-11-05 09:00:00+00:00,-0.0
2024-11-05 10:00:00+00:00,-0.0
2024-11-05 11:00:00+00:00,-0.0
2024-11-05 12:00:00+00:00,-0.0
2024-11-05 13:00:00+00:00,-0.0
2024-11-05 14:00:00+00:00,-0.03991533695851153
2024-11-05 15:00:00+00:00,-0.0
2024-11-05 16:00:00+00:00,-0.0
2024-11-05 17:00:00+00:00,-0.0
2024-11-05 18:00:00+00:00,-0.0
2024-11-05 19:00:00+00:00,-0.0
2024-11-05 20:00:00+00:00,-0.0
2024-11-05 21:00:00+00:00,-0.0
2024-11-05 22:00:00+00:00,-0.0
2024-11-05 23:00:00+00:00,-0.0
2024-11-06 00:00:00+00:00,-0.0
2024-11-06 01:00:00+00:00,-0.0
2024-11-06 02:00:00+00:00,-0.049967507039416374
2024-11-06 03:00:00+00:00,-0.0
2024-11-06 04:00:00+00:00,-0.0
2024-11-06 05:00:00+00:00,-0.0
2024-11-06 06:00:00+00:00,-0.0
2024-11-06 07:00:00+00:00,-0.0
2024-11-06 08:00:00+00:00,-0.0
2024-11-06 09:00:00+00:00,-0.0
2024-11-06 10:00:00+00:00,-0.0
2024-11-06 11:00:00+00:00,-0.0
2024-11-06 12:00:00+00:00,-0.0
2024-11-06 13:00:00+00:00,-0.0
2024-11-06 14:00:00+00:00,-0.0
2024-11-06 15:00:00+00:00,-0.0
2024-11-06 16:00:00+00:00,-0.0
2024-11-06 17:00:00+00:00,-0.0
2024-11-06 18:00:00+00:00,-0.0
2024-11-06 19:00:00+00:00,-0.0
2024-11-06 20:00:00+00:00,-0.0
2024-11-06 21:00:00+00:00,-0.0
2024-11-06 22:00:00+00:00,-0.0
2024-11-06 23:00:00+00:00,-0.0
2024-11-07 00:00:00+00:00,-0.0
2024-11-07 01:00:00+00:00,-0.05523599643691982
2024-11-07 02:00:00+00:00,-0.0
2024-11-07 03:00:00+00:00,-0.0
2024-11-07 04:00:00+00:00,-0.0
2024-11-07 05:00:00+00:00,-0.0
2024-11-07 06:00:00+00:00,0.029271384367271915
2024-11-07 07:00:00+00:00,-0.0
2024-11-07 08:00:00+00:00,-0.0
2024-11-07 09:00:00+00:00,-0.0
2024-11-07 10:00:00+00:00,-0.0
2024-11-07 11:00:00+00:00,-0.0
2024-11-07 12:00:00+00:00,-0.0
2024-11-07 13:00:00+00:00,-0.0
2024-11-07 14:00:00+00:00,-0.0
2024-11-07 15:00:00+00:00,-0.0
2024-11-07 16:00:00+00:00,-0.0
2024-11-07 17:00:00+00:00,-0.0
2024-11-07 18:00:00+00:00,-0.0
2024-11-07 19:00:00+00:00,-0.0
2024-11-07 20:00:00+00:00,-0.0
2024-11-07 21:00:00+00:00,-0.0
2024-11-07 22:00:00+00:00,-0.0
2024-11-07 23:00:00+00:00,-0.0
2024-11-08 00:00:00+00:00,-0.0
2024-11-08 01:00:00+00:00,-0.0
2024-11-08 02:00:00+00:00,-0.0
2024-11-08 03:00:00+00:00,-0.0
2024-11-08 04:00:00+00:00,-0.0
2024-11-08 05:00:00+00:00,-0.0
2024-11-08 06:00:00+00:00,-0.0
2024-11-08 07:00:00+00:00,-0.0
2024-11-08 08:00:00+00:00,-0.0
2024-11-08 09:00:00+00:00,-0.0
2024-11-08 10:00:00+00:00,-0.0
2024-11-08 11:00:00+00:00,-0.0
2024-11-08 12:00:00+00:00,-0.0
2024-11-08 13:00:00+00:00,-0.0
2024-11-08 14:00:00+00:00,-0.0
2024-11-08 15:00:00+00:00,-0.0
2024-11-08 16:00:00+00:00,-0.0
2024-11-08 17:00:00+00:00,-0.0
2024-11-08 18:00:00+00:00,-0.0
2024-11-08 19:00:00+00:00,-0.0
2024-11-08 20:00:00+00:00,-0.0
2024-11-08 21:00:00+00:00,-0.0
2024-11-08 22:00:00+00:00,-0.0
2024-11-08 23:00:00+00:00,-0.0
2024-11-09 00:00:00+00:00,-0.05759715087067683
2024-11-09 01:00:00+00:00,-0.0
2024-11-09 02:00:00+00:00,-0.0
2024-11-09 03:00:00+00:00,-0.0
2024-11-09 04:00:00+00:00,-0.0
2024-11-09 05:00:00+00:00,-0.0
2024-11-09 06:00:00+00:00,-0.0
2024-11-09 07:00:00+00:00,-0.0
2024-11-09 08:00:00+00:00,-0.0
2024-11-09 09:00:00+00:00,-0.0
2024-11-09 10:00:00+00:00,-0.0
2024-11-09 11:00:00+00:00,-0.0
2024-11-09 12:00:00+00:00,-0.0
2024-11-09 13:00:00+00:00,-0.0
2024-11-09 14:00:00+00:00,-0.0
2024-11-09 15:00:00+00:00,-0.0
2024-11-09 16:00:00+00:00,-0.0
2024-11-09 17:00:00+00:00,-0.0
2024-11-09 18:00:00+00:00,-0.0
2024-11-09 19:00:00+00:00,-0.0
2024-11-09 20:00:00+00:00,-0.0
2024-11-09 21:00:00+00:00,-0.0
2024-11-09 22:00:00+00:00,-0.0
2024-11-09 23:00:00+00:00,-0.0
2024-11-10 00:00:00+00:00,-0.0
2024-11-10 01:00:00+00:00,-0.0
2024-11-10 02:00:00+00:00,-0.0
2024-11-10 03:00:00+00:00,-0.0
2024-11-10 04:00:00+00:00,-0.0
2024-11-10 05:00:00+00:00,-0.05580542254966116
2024-11-10 06:00:00+00:00,-0.0
2024-11-10 07:00:00+00:00,-0.0
2024-11-10 08:00:00+00:00,-0.0
2024-11-10 09:00:00+00:00,-0.0
2024-11-10 10:00:00+00:00,-0.07165162191855035
2024-11-10 11:00:00+00:00,-0.0016199637028315186
2024-11-10 12:00:00+00:00,-0.0
2024-11-10 13:00:00+00:00,-0.0
2024-11-10 14:00:00+00:00,-0.0
2024-11-10 15:00:00+00:00,-0.0
2024-11-10 16:00:00+00:00,-0.0
2024-11-10 17:00:00+00:00,-0.0
2024-11-10 18:00:00+00:00,-0.0
2024-11-10 19:00:00+00:00,-0.0
2024-11-10 20:00:00+00:00,-0.0
2024-11-10 21:00:00+00:00,0.015397057240879693
2024-11-10 22:00:00+00:00,-0.0
2024-11-10 23:00:00+00:00,-0.0
2024-11-11 00:00:00+00:00,-0.0
2024-11-11 01:00:00+00:00,-0.0
2024-11-11 02:00:00+00:00,-0.0
2024-11-11 03:00:00+00:00,-0.0
2024-11-11 04:00:00+00:00,-0.0
2024-11-11 05:00:00+00:00,-0.0
2024-11-11 06:00:00+00:00,-0.0
2024-11-11 07:00:00+00:00,-0.0
2024-11-11 08:00:00+00:00,-0.0
2024-11-11 09:00:00+00:00,-0.0
2024-11-11 10:00:00+00:00,-0.0
2024-11-11 11:00:00+00:00,-0.0
2024-11-11 12:00:00+00:00,-0.0
2024-11-11 13:00:00+00:00,-0.0
2024-11-11 14:00:00+00:00,-0.0
2024-11-11 15:00:00+00:00,-0.0
2024-11-11 16:00:00+00:00,-0.0
2024-11-11 17:00:00+00:00,-0.0
2024-11-11 18:00:00+00:00,-0.0
2024-11-11 19:00:00+00:00,-0.0
2024-11-11 20:00:00+00:00,-0.0
2024-11-11 21:00:00+00:00,-0.0
2024-11-11 22:00:00+00:00,-0.0
2024-11-11 23:00:00+00:00,-0.0
2024-11-12 00:00:00+00:00,-0.0
2024-11-12 01:00:00+00:00,-0.0
2024-11-12 02:00:00+00:00,-0.0
2024-11-12 03:00:00+00:00,-0.0
2024-11-12 04:00:00+00:00,-0.0
2024-11-12 05:00:00+00:00,-0.0
2024-11-12 06:00:00+00:00,-0.0
2024-11-12 07:00:00+00:00,-0.0
2024-11-12 08:00:00+00:00,-0.0
2024-11-12 09:00:00+00:00,-0.0
2024-11-12 10:00:00+00:00,-0.0
2024-11-12 11:00:00+00:00,-0.0
2024-11-12 12:00:00+00:00,-0.0
2024-11-12 13:00:00+00:00,-0.0
2024-11-12 14:00:00+00:00,-0.0
2024-11-12 15:00:00+00:00,-0.0
2024-11-12 16:00:00+00:00,-0.0
2024-11-12 17:00:00+00:00,-0.0
2024-11-12 18:00:00+00:00,-0.0
2024-11-12 19:00:00+00:00,-0.0
2024-11-12 20:00:00+00:00,-0.0
2024-11-12 21:00:00+00:00,-0.0
2024-11-12 22:00:00+00:00,-0.0
2024-11-12 23:00:00+00:00,-0.0
2024-11-13 00:00:00+00:00,-0.0
2024-11-13 01:00:00+00:00,-0.0
2024-11-13 02:00:00+00:00,-0.0
2024-11-13 03:00:00+00:00,-0.0
2024-11-13 04:00:00+00:00,-0.0
2024-11-13 05:00:00+00:00,-0.0
2024-11-13 06:00:00+00:00,-0.0
2024-11-13 07:00:00+00:00,-0.0
2024-11-13 08:00:00+00:00,-0.0
2024-11-13 09:00:00+00:00,-0.0
2024-11-13 10:00:00+00:00,-0.0
2024-11-13 11:00:00+00:00,-0.0
2024-11-13 12:00:00+00:00,-0.0
2024-11-13 13:00:00+00:00,-0.0
2024-11-13 14:00:00+00:00,-0.0
2024-11-13 15:00:00+00:00,-0.0
2024-11-13 16:00:00+00:00,-0.0
2024-11-13 17:00:00+00:00,-0.0
2024-11-13 18:00:00+00:00,-0.0
2024-11-13 19:00:00+00:00,-0.0
2024-11-13 20:00:00+00:00,0.04732316327060453
2024-11-13 21:00:00+00:00,-0.0
2024-11-13 22:00:00+00:00,-0.0
2024-11-13 23:00:00+00:00,-0.0
2024-11-14 00:00:00+00:00,-0.0
2024-11-14 01:00:00+00:00,-0.0
2024-11-14 02:00:00+00:00,-0.0
2024-11-14 03:00:00+00:00,-0.0
2024-11-14 04:00:00+00:00,-0.0
2024-11-14 05:00:00+00:00,-0.0
2024-11-14 06:00:00+00:00,-0.0
2024-11-14 07:00:00+00:00,-0.0
2024-11-14 08:00:00+00:00,-0.0
2024-11-14 09:00:00+00:00,-0.0
2024-11-14 10:00:00+00:00,-0.0
2024-11-14 11:00:00+00:00,-0.0
2024-11-14 12:00:00+00:00,-0.0
2024-11-14 13:00:00+00:00,-0.0
2024-11-14 14:00:00+00:00,-0.0
2024-11-14 15:00:00+00:00,-0.0
2024-11-14 16:00:00+00:00,-0.0
2024-11-14 17:00:00+00:00,-0.0
2024-11-14 18:00:00+00:00,-0.0
2024-11-14 19:00:00+00:00,-0.0
2024-11-14 20:00:00+00:00,-0.0
2024-11-14 21:00:00+00:00,-0.0
2024-11-14 22:00:00+00:00,-0.0
2024-11-14 23:00:00+00:00,-0.0
2024-11-15 00:00:00+00:00,-0.0
2024-11-15 01:00:00+00:00,-0.0
2024-11-15 02:00:00+00:00,-0.0
2024-11-15 03:00:00+00:00,-0.0
2024-11-15 04:00:00+00:00,-0.0
2024-11-15 05:00:00+00:00,-0.0
2024-11-15 06:00:00+00:00,-0.0
2024-11-15 07:00:00+00:00,-0.0
2024-11-15 08:00:00+00:00,-0.0
2024-11-15 09:00:00+00:00,-0.0
2024-11-15 10:00:00+00:00,-0.0
2024-11-15 11:00:00+00:00,-0.0
2024-11-15 12:00:00+00:00,-0.0
2024-11-15 13:00:00+00:00,-0.0
2024-11-15 14:00:00+00:00,-0.0
2024-11-15 15:00:00+00:00,-0.0
2024-11-15 16:00:00+00:00,-0.0
2024-11-15 17:00:00+00:00,-0.0
2024-11-15 18:00:00+00:00,-0.0
2024-11-15 19:00:00+00:00,-0.0
2024-11-15 20:00:00+00:00,-0.0
2024-11-15 21:00:00+00:00,-0.0
2024-11-15 22:00:00+00:00,-0.0
2024-11-15 23:00:00+00:00,-0.0
2024-11-16 00:00:00+00:00,-0.0
2024-11-16 01:00:00+00:00,-0.0
2024-11-16 02:00:00+00:00,-0.0
2024-11-16 03:00:00+00:00,-0.0
2024-11-16 04:00:00+00:00,-0.0
2024-11-16 05:00:00+00:00,-0.0
2024-11-16 06:00:00+00:00,-0.0
2024-11-16 07:00:00+00:00,-0.0
2024-11-16 08:00:00+00:00,-0.0
2024-11-16 09:00:00+00:00,-0.0
2024-11-16 10:00:00+00:00,-0.0
2024-11-16 11:00:00+00:00,-0.0
2024-11-16 12:00:00+00:00,-0.0
2024-11-16 13:00:00+00:00,-0.0
2024-11-16 14:00:00+00:00,-0.0
2024-11-16 15:00:00+00:00,-0.0
2024-11-16 16:00:00+00:00,-0.0
2024-11-16 17:00:00+00:00,-0.0
2024-11-16 18:00:00+00:00,-0.0
2024-11-16 19:00:00+00:00,-0.0
2024-11-16 20:00:00+00:00,-0.0
2024-11-16 21:00:00+00:00,-0.09877232638465233
2024-11-16 22:00:00+00:00,-0.0
2024-11-16 23:00:00+00:00,-0.0
2024-11-17 00:00:00+00:00,-0.11112505653440326
2024-11-17 01:00:00+00:00,0.06375967086460164
2024-11-17 02:00:00+00:00,-0.0
2024-11-17 03:00:00+00:00,-0.0
2024-11-17 04:00:00+00:00,-0.0
2024-11-17 05:00:00+00:00,-0.0
2024-11-17 06:00:00+00:00,-0.0
2024-11-17 07:00:00+00:00,-0.0
2024-11-17 08:00:00+00:00,0.08597317987153577
2024-11-17 09:00:00+00:00,-0.0
2024-11-17 10:00:00+00:00,-0.0
2024-11-17 11:00:00+00:00,-0.0
2024-11-17 12:00:00+00:00,-0.0
2024-11-17 13:00:00+00:00,-0.0
2024-11-17 14:00:00+00:00,-0.0
2024-11-17 15:00:00+00:00,-0.0
2024-11-17 16:00:00+00:00,-0.0
2024-11-17 17:00:00+00:00,-0.0
2024-11-17 18:00:00+00:00,-0.0
2024-11-17 19:00:00+00:00,-0.0
2024-11-17 20:00:00+00:00,-0.0
2024-11-17 21:00:00+00:00,-0.0
2024-11-17 22:00:00+00:00,0.0724516912188992
2024-11-17 23:00:00+00:00,-0.0
2024-11-18 00:00:00+00:00,-0.0
2024-11-18 01:00:00+00:00,-0.0
2024-11-18 02:00:00+00:00,-0.0
2024-11-18 03:00:00+00:00,-0.0
2024-11-18 04:00:00+00:00,-0.0
2024-11-18 05:00:00+00:00,-0.0
2024-11-18 06:00:00+00:00,-0.0
2024-11-18 07:00:00+00:00,-0.0
2024-11-18 08:00:00+00:00,-0.0
2024-11-18 09:00:00+00:00,-0.0
2024-11-18 10:00:00+00:00,-0.0
2024-11-18 11:00:00+00:00,-0.0
2024-11-18 12:00:00+00:00,-0.0
2024-11-18 13:00:00+00:00,-0.0
2024-11-18 14:00:00+00:00,-0.0
2024-11-18 15:00:00+00:00,-0.0
2024-11-18 16:00:00+00:00,-0.0
2024-11-18 17:00:00+00:00,-0.0
2024-11-18 18:00:00+00:00,-0.0
2024-11-18 19:00:00+00:00,-0.0
2024-11-18 20:00:00+00:00,-0.0
2024-11-18 21:00:00+00:00,-0.0
2024-11-18 22:00:00+00:00,-0.0
2024-11-18 23:00:00+00:00,-0.0
2024-11-19 00:00:00+00:00,-0.0
2024-11-19 01:00:00+00:00,-0.0
2024-11-19 02:00:00+00:00,-0.0
2024-11-19 03:00:00+00:00,-0.0
2024-11-19 04:00:00+00:00,-0.0
2024-11-19 05:00:00+00:00,-0.14566418774983403
2024-11-19 06:00:00+00:00,-0.0
2024-11-19 07:00:00+00:00,-0.0
2024-11-19 08:00:00+00:00,0.06549565875876728
2024-11-19 09:00:00+00:00,-0.0
2024-11-19 10:00:00+00:00,-0.0
2024-11-19 11:00:00+00:00,-0.0
2024-11-19 12:00:00+00:00,-0.0
2024-11-19 13:00:00+00:00,-0.0
2024-11-19 14:00:00+00:00,-0.0
2024-11-19 15:00:00+00:00,-0.0
2024-11-19 16:00:00+00:00,-0.0
2024-11-19 17:00:00+00:00,-0.0
2024-11-19 18:00:00+00:00,-0.0
2024-11-19 19:00:00+00:00,-0.0
2024-11-19 20:00:00+00:00,-0.0
2024-11-19 21:00:00+00:00,0.05894632347459368
2024-11-19 22:00:00+00:00,-0.0
2024-11-19 23:00:00+00:00,-0.0
2024-11-20 00:00:00+00:00,-0.0
2024-11-20 01:00:00+00:00,-0.0
2024-11-20 02:00:00+00:00,-0.0
2024-11-20 03:00:00+00:00,-0.0
2024-11-20 04:00:00+00:00,-0.0
2024-11-20 05:00:00+00:00,-0.0
2024-11-20 06:00:00+00:00,-0.0
2024-11-20 07:00:00+00:00,-0.0
2024-11-20 08:00:00+00:00,-0.0
2024-11-20 09:00:00+00:00,-0.0
2024-11-20 10:00:00+00:00,-0.0
2024-11-20 11:00:00+00:00,-0.0
2024-11-20 12:00:00+00:00,-0.0
2024-11-20 13:00:00+00:00,-0.0
2024-11-20 14:00:00+00:00,-0.0
2024-11-20 15:00:00+00:00,-0.0
2024-11-20 16:00:00+00:00,-0.0
2024-11-20 17:00:00+00:00,-0.0
2024-11-20 18:00:00+00:00,-0.0
2024-11-20 19:00:00+00:00,-0.0
2024-11-20 20:00:00+00:00,-0.0
2024-11-20 21:00:00+00:00,-0.0
2024-11-20 22:00:00+00:00,-0.0
2024-11-20 23:00:00+00:00,-0.0
2024-11-21 00:00:00+00:00,-0.0
2024-11-21 01:00:00+00:00,-0.0
2024-11-21 02:00:00+00:00,-0.0
2024-11-21 03:00:00+00:00,-0.0
2024-11-21 04:00:00+00:00,-0.0
2024-11-21 05:00:00+00:00,-0.0
2024-11-21 06:00:00+00:00,-0.0
2024-11-21 07:00:00+00:00,-0.0
2024-11-21 08:00:00+00:00,-0.0
2024-11-21 09:00:00+00:00,-0.0
2024-11-21 10:00:00+00:00,-0.0
2024-11-21 11:00:00+00:00,-0.0
2024-11-21 12:00:00+00:00,-0.0
2024-11-21 13:00:00+00:00,-0.0
2024-11-21 14:00:00+00:00,-0.0
2024-11-21 15:00:00+00:00,-0.0
2024-11-21 16:00:00+00:00,-0.0
2024-11-21 17:00:00+00:00,-0.0
2024-11-21 18:00:00+00:00,-0.0
2024-11-21 19:00:00+00:00,-0.0
2024-11-21 20:00:00+00:00,-0.0
2024-11-21 21:00:00+00:00,-0.0
2024-11-21 22:00:00+00:00,-0.0
2024-11-21 23:00:00+00:00,-0.0
2024-11-22 00:00:00+00:00,-0.0
2024-11-22 01:00:00+00:00,-0.0
2024-11-22 02:00:00+00:00,-0.0
2024-11-22 03:00:00+00:00,-0.0
2024-11-22 04:00:00+00:00,-0.0
2024-11-22 05:00:00+00:00,-0.0
2024-11-22 06:00:00+00:00,-0.0
2024-11-22 07:00:00+00:00,-0.0
2024-11-22 08:00:00+00:00,-0.0
2024-11-22 09:00:00+00:00,-0.0
2024-11-22 10:00:00+00:00,-0.0
2024-11-22 11:00:00+00:00,-0.0
2024-11-22 12:00:00+00:00,-0.0
2024-11-22 13:00:00+00:00,-0.0
2024-11-22 14:00:00+00:00,-0.0
2024-11-22 15:00:00+00:00,-0.0
2024-11-22 16:00:00+00:00,-0.0
2024-11-22 17:00:00+00:00,-0.0
2024-11-22 18:00:00+00:00,-0.0
2024-11-22 19:00:00+00:00,-0.0
2024-11-22 20:00:00+00:00,-0.0
2024-11-22 21:00:00+00:00,-0.0
2024-11-22 22:00:00+00:00,-0.0
2024-11-22 23:00:00+00:00,-0.0
2024-11-23 00:00:00+00:00,-0.0
2024-11-23 01:00:00+00:00,-0.0
2024-11-23 02:00:00+00:00,-0.0
2024-11-23 03:00:00+00:00,-0.0
2024-11-23 04:00:00+00:00,-0.0
2024-11-23 05:00:00+00:00,-0.0
2024-11-23 06:00:00+00:00,-0.0
2024-11-23 07:00:00+00:00,-0.0
2024-11-23 08:00:00+00:00,-0.0
2024-11-23 09:00:00+00:00,-0.0
2024-11-23 10:00:00+00:00,-0.0
2024-11-23 11:00:00+00:00,-0.0
2024-11-23 12:00:00+00:00,-0.0
2024-11-23 13:00:00+00:00,-0.0
2024-11-23 14:00:00+00:00,-0.14583086344587934
2024-11-23 15:00:00+00:00,-0.0
2024-11-23 16:00:00+00:00,-0.0
2024-11-23 17:00:00+00:00,-0.0
2024-11-23 18:00:00+00:00,-0.0
2024-11-23 19:00:00+00:00,-0.0
2024-11-23 20:00:00+00:00,-0.0
2024-11-23 21:00:00+00:00,-0.0
2024-11-23 22:00:00+00:00,-0.0
2024-11-23 23:00:00+00:00,-0.0
2024-11-24 00:00:00+00:00,-0.0
2024-11-24 01:00:00+00:00,-0.0
2024-11-24 02:00:00+00:00,-0.17464708839975865
2024-11-24 03:00:00+00:00,-0.0
2024-11-24 04:00:00+00:00,-0.0
2024-11-24 05:00:00+00:00,-0.0
2024-11-24 06:00:00+00:00,-0.0
2024-11-24 07:00:00+00:00,-0.0
2024-11-24 08:00:00+00:00,-0.0
2024-11-24 09:00:00+00:00,-0.0
2024-11-24 10:00:00+00:00,-0.0
2024-11-24 11:00:00+00:00,-0.0
2024-11-24 12:00:00+00:00,0.14755779031088936
2024-11-24 13:00:00+00:00,-0.0
2024-11-24 14:00:00+00:00,-0.0
2024-11-24 15:00:00+00:00,-0.0
2024-11-24 16:00:00+00:00,-0.0
2024-11-24 17:00:00+00:00,-0.0
2024-11-24 18:00:00+00:00,-0.0
2024-11-24 19:00:00+00:00,-0.0
2024-11-24 20:00:00+00:00,-0.0
2024-11-24 21:00:00+00:00,-0.0
2024-11-24 22:00:00+00:00,-0.0
2024-11-24 23:00:00+00:00,-0.0
2024-11-25 00:00:00+00:00,-0.0
2024-11-25 01:00:00+00:00,-0.0
2024-11-25 02:00:00+00:00,-0.0
2024-11-25 03:00:00+00:00,-0.0
2024-11-25 04:00:00+00:00,-0.0
2024-11-25 05:00:00+00:00,-0.0
2024-11-25 06:00:00+00:00,-0.0
2024-11-25 07:00:00+00:00,-0.0
2024-11-25 08:00:00+00:00,-0.0
2024-11-25 09:00:00+00:00,-0.0
2024-11-25 10:00:00+00:00,-0.0
2024-11-25 11:00:00+00:00,-0.0
2024-11-25 12:00:00+00:00,-0.0
2024-11-25 13:00:00+00:00,-0.0
2024-11-25 14:00:00+00:00,-0.0
2024-11-25 15:00:00+00:00,-0.0
2024-11-25 16:00:00+00:00,-0.0
2024-11-25 17:00:00+00:00,-0.0
2024-11-25 18:00:00+00:00,-0.0
2024-11-25 19:00:00+00:00,-0.0
2024-11-25 20:00:00+00:00,-0.0
2024-11-25 21:00:00+00:00,-0.0
2024-11-25 22:00:00+00:00,-0.0
2024-11-25 23:00:00+00:00,-0.0
2024-11-26 00:00:00+00:00,-0.0
2024-11-26 01:00:00+00:00,-0.0
2024-11-26 02:00:00+00:00,-0.0
2024-11-26 03:00:00+00:00,-0.0
2024-11-26 04:00:00+00:00,-0.0
2024-11-26 05:00:00+00:00,-0.0
2024-11-26 06:00:00+00:00,-0.0
2024-11-26 07:00:00+00:00,-0.0
2024-11-26 08:00:00+00:00,-0.0
2024-11-26 09:00:00+00:00,-0.0
2024-11-26 10:00:00+00:00,-0.0
2024-11-26 11:00:00+00:00,-0.0
2024-11-26 12:00:00+00:00,-0.0
2024-11-26 13:00:00+00:00,-0.0
2024-11-26 14:00:00+00:00,-0.0
2024-11-26 15:00:00+00:00,-0.0
2024-11-26 16:00:00+00:00,-0.0
2024-11-26 17:00:00+00:00,-0.0
2024-11-26 18:00:00+00:00,-0.0
2024-11-26 19:00:00+00:00,-0.0
2024-11-26 20:00:00+00:00,-0.0
2024-11-26 21:00:00+00:00,-0.0
2024-11-26 22:00:00+00:00,-0.0
2024-11-26 23:00:00+00:00,-0.0
2024-11-27 00:00:00+00:00,-0.0
2024-11-27 01:00:00+00:00,-0.0
2024-11-27 02:00:00+00:00,-0.0
2024-11-27 03:00:00+00:00,-0.0
2024-11-27 04:00:00+00:00,-0.0
2024-11-27 05:00:00+00:00,-0.0
2024-11-27 06:00:00+00:00,-0.0
2024-11-27 07:00:00+00:00,-0.0
2024-11-27 08:00:00+00:00,-0.0
2024-11-27 09:00:00+00:00,-0.0
2024-11-27 10:00:00+00:00,-0.0
2024-11-27 11:00:00+00:00,-0.0
2024-11-27 12:00:00+00:00,-0.0
2024-11-27 13:00:00+00:00,-0.0
2024-11-27 14:00:00+00:00,-0.0
2024-11-27 15:00:00+00:00,-0.0
2024-11-27 16:00:00+00:00,-0.0
2024-11-27 17:00:00+00:00,-0.0
2024-11-27 18:00:00+00:00,-0.0
2024-11-27 19:00:00+00:00,-0.0
2024-11-27 20:00:00+00:00,-0.0
2024-11-27 21:00:00+00:00,-0.0
2024-11-27 22:00:00+00:00,-0.0
2024-11-27 23:00:00+00:00,-0.0
2024-11-28 00:00:00+00:00,-0.0
2024-11-28 01:00:00+00:00,-0.0
2024-11-28 02:00:00+00:00,-0.0
2024-11-28 03:00:00+00:00,-0.0
2024-11-28 04:00:00+00:00,-0.0
2024-11-28 05:00:00+00:00,-0.0
2024-11-28 06:00:00+00:00,-0.0
2024-11-28 07:00:00+00:00,-0.0
2024-11-28 08:00:00+00:00,-0.0
2024-11-28 09:00:00+00:00,-0.0
2024-11-28 10:00:00+00:00,-0.0
2024-11-28 11:00:00+00:00,-0.0
2024-11-28 12:00:00+00:00,-0.0
2024-11-28 13:00:00+00:00,-0.0
2024-11-28 14:00:00+00:00,-0.0
2024-11-28 15:00:00+00:00,-0.0
2024-11-28 16:00:00+00:00,-0.0
2024-11-28 17:00:00+00:00,-0.0
2024-11-28 18:00:00+00:00,-0.0
2024-11-28 19:00:00+00:00,-0.0
2024-11-28 20:00:00+00:00,-0.0
2024-11-28 21:00:00+00:00,-0.0
2024-11-28 22:00:00+00:00,-0.0
2024-11-28 23:00:00+00:00,-0.0
2024-11-29 00:00:00+00:00,-0.0
2024-11-29 01:00:00+00:00,-0.0
2024-11-29 02:00:00+00:00,-0.0
2024-11-29 03:00:00+00:00,-0.0
2024-11-29 04:00:00+00:00,-0.0
2024-11-29 05:00:00+00:00,-0.0
2024-11-29 06:00:00+00:00,-0.0
2024-11-29 07:00:00+00:00,-0.0
2024-11-29 08:00:00+00:00,-0.0
2024-11-29 09:00:00+00:00,-0.0
2024-11-29 10:00:00+00:00,-0.0
2024-11-29 11:00:00+00:00,-0.0
2024-11-29 12:00:00+00:00,-0.0
2024-11-29 13:00:00+00:00,-0.0
2024-11-29 14:00:00+00:00,-0.0
2024-11-29 15:00:00+00:00,-0.0
2024-11-29 16:00:00+00:00,-0.0
2024-11-29 17:00:00+00:00,-0.0
2024-11-29 18:00:00+00:00,-0.0
2024-11-29 19:00:00+00:00,-0.0
2024-11-29 20:00:00+00:00,-0.0
2024-11-29 21:00:00+00:00,-0.0
2024-11-29 22:00:00+00:00,-0.0
2024-11-29 23:00:00+00:00,-0.0
2024-11-30 00:00:00+00:00,-0.0
2024-11-30 01:00:00+00:00,-0.0
2024-11-30 02:00:00+00:00,-0.0
2024-11-30 03:00:00+00:00,-0.0
2024-11-30 04:00:00+00:00,-0.0
2024-11-30 05:00:00+00:00,-0.0
2024-11-30 06:00:00+00:00,-0.0
2024-11-30 07:00:00+00:00,-0.0
2024-11-30 08:00:00+00:00,-0.0
2024-11-30 09:00:00+00:00,-0.0
2024-11-30 10:00:00+00:00,-0.0
2024-11-30 11:00:00+00:00,-0.0
2024-11-30 12:00:00+00:00,-0.0
2024-11-30 13:00:00+00:00,-0.0
2024-11-30 14:00:00+00:00,-0.0
2024-11-30 15:00:00+00:00,-0.0
2024-11-30 16:00:00+00:00,-0.0
2024-11-30 17:00:00+00:00,-0.0
2024-11-30 18:00:00+00:00,-0.0
2024-11-30 19:00:00+00:00,-0.0
2024-11-30 20:00:00+00:00,-0.0
2024-11-30 21:00:00+00:00,-0.0
2024-11-30 22:00:00+00:00,-0.0
2024-11-30 23:00:00+00:00,-0.0
2024-12-01 00:00:00+00:00,-0.0
2024-12-01 01:00:00+00:00,-0.0
2024-12-01 02:00:00+00:00,-0.0
2024-12-01 03:00:00+00:00,-0.0
2024-12-01 04:00:00+00:00,-0.0
2024-12-01 05:00:00+00:00,-0.0
2024-12-01 06:00:00+00:00,-0.0
2024-12-01 07:00:00+00:00,-0.0
2024-12-01 08:00:00+00:00,-0.0
2024-12-01 09:00:00+00:00,-0.0
2024-12-01 10:00:00+00:00,-0.0
2024-12-01 11:00:00+00:00,-0.0
2024-12-01 12:00:00+00:00,-0.0
2024-12-01 13:00:00+00:00,-0.0
2024-12-01 14:00:00+00:00,-0.0
2024-12-01 15:00:00+00:00,-0.0
2024-12-01 16:00:00+00:00,-0.0
2024-12-01 17:00:00+00:00,-0.0
2024-12-01 18:00:00+00:00,-0.0
2024-12-01 19:00:00+00:00,-0.0
2024-12-01 20:00:00+00:00,-0.0
2024-12-01 21:00:00+00:00,-0.0
2024-12-01 22:00:00+00:00,-0.0
2024-12-01 23:00:00+00:00,-0.18070886738229378
2024-12-02 00:00:00+00:00,-0.0
2024-12-02 01:00:00+00:00,-0.0
2024-12-02 02:00:00+00:00,-0.0
2024-12-02 03:00:00+00:00,-0.0
2024-12-02 04:00:00+00:00,-0.0
2024-12-02 05:00:00+00:00,-0.0
2024-12-02 06:00:00+00:00,-0.0
2024-12-02 07:00:00+00:00,-0.0
2024-12-02 08:00:00+00:00,-0.0
2024-12-02 09:00:00+00:00,-0.0
2024-12-02 10:00:00+00:00,-0.0
2024-12-02 11:00:00+00:00,-0.0
2024-12-02 12:00:00+00:00,-0.0
2024-12-02 13:00:00+00:00,-0.0
2024-12-02 14:00:00+00:00,-0.0
2024-12-02 15:00:00+00:00,-0.0
2024-12-02 16:00:00+00:00,-0.0
2024-12-02 17:00:00+00:00,-0.0
2024-12-02 18:00:00+00:00,-0.0
2024-12-02 19:00:00+00:00,-0.0
2024-12-02 20:00:00+00:00,-0.0
2024-12-02 21:00:00+00:00,-0.0
2024-12-02 22:00:00+00:00,-0.0
2024-12-02 23:00:00+00:00,-0.0
2024-12-03 00:00:00+00:00,-0.0
2024-12-03 01:00:00+00:00,-0.0
2024-12-03 02:00:00+00:00,-0.0
2024-12-03 03:00:00+00:00,-0.0
2024-12-03 04:00:00+00:00,-0.0
2024-12-03 05:00:00+00:00,-0.0
2024-12-03 06:00:00+00:00,-0.0
2024-12-03 07:00:00+00:00,-0.0
2024-12-03 08:00:00+00:00,-0.0
2024-12-03 09:00:00+00:00,-0.0
2024-12-03 10:00:00+00:00,-0.0
2024-12-03 11:00:00+00:00,-0.0
2024-12-03 12:00:00+00:00,-0.0
2024-12-03 13:00:00+00:00,0.12204668997748348
2024-12-03 14:00:00+00:00,-0.0
2024-12-03 15:00:00+00:00,-0.0
2024-12-03 16:00:00+00:00,-0.0
2024-12-03 17:00:00+00:00,-0.0
2024-12-03 18:00:00+00:00,-0.0
2024-12-03 19:00:00+00:00,-0.0
2024-12-03 20:00:00+00:00,-0.0
2024-12-03 21:00:00+00:00,-0.0
2024-12-03 22:00:00+00:00,-0.0
2024-12-03 23:00:00+00:00,-0.0
2024-12-04 00:00:00+00:00,-0.0
2024-12-04 01:00:00+00:00,-0.0
2024-12-04 02:00:00+00:00,-0.0
2024-12-04 03:00:00+00:00,-0.0
2024-12-04 04:00:00+00:00,-0.0
2024-12-04 05:00:00+00:00,-0.0
2024-12-04 06:00:00+00:00,-0.0
2024-12-04 07:00:00+00:00,-0.0
2024-12-04 08:00:00+00:00,-0.0
2024-12-04 09:00:00+00:00,-0.0
2024-12-04 10:00:00+00:00,-0.0
2024-12-04 11:00:00+00:00,-0.0
2024-12-04 12:00:00+00:00,-0.0
2024-12-04 13:00:00+00:00,-0.0
2024-12-04 14:00:00+00:00,-0.0
2024-12-04 15:00:00+00:00,-0.0
2024-12-04 16:00:00+00:00,-0.0
2024-12-04 17:00:00+00:00,-0.0
2024-12-04 18:00:00+00:00,-0.0
2024-12-04 19:00:00+00:00,-0.0
2024-12-04 20:00:00+00:00,-0.0
2024-12-04 21:00:00+00:00,-0.0
2024-12-04 22:00:00+00:00,-0.0
2024-12-04 23:00:00+00:00,-0.0
2024-12-05 00:00:00+00:00,-0.0
2024-12-05 01:00:00+00:00,-0.0
2024-12-05 02:00:00+00:00,-0.0
2024-12-05 03:00:00+00:00,-0.0
2024-12-05 04:00:00+00:00,-0.0
2024-12-05 05:00:00+00:00,-0.0
2024-12-05 06:00:00+00:00,-0.0
2024-12-05 07:00:00+00:00,-0.0
2024-12-05 08:00:00+00:00,-0.0
2024-12-05 09:00:00+00:00,-0.0
2024-12-05 10:00:00+00:00,-0.0
2024-12-05 11:00:00+00:00,-0.0
2024-12-05 12:00:00+00:00,-0.0
2024-12-05 13:00:00+00:00,-0.0
2024-12-05 14:00:00+00:00,-0.0
2024-12-05 15:00:00+00:00,-0.0
2024-12-05 16:00:00+00:00,-0.0
2024-12-05 17:00:00+00:00,-0.0
2024-12-05 18:00:00+00:00,-0.0
2024-12-05 19:00:00+00:00,-0.0
2024-12-05 20:00:00+00:00,-0.0
2024-12-05 21:00:00+00:00,-0.0
2024-12-05 22:00:00+00:00,-0.0
2024-12-05 23:00:00+00:00,-0.0
2024-12-06 00:00:00+00:00,-0.0
2024-12-06 01:00:00+00:00,-0.0
2024-12-06 02:00:00+00:00,-0.0
2024-12-06 03:00:00+00:00,-0.0
2024-12-06 04:00:00+00:00,-0.0
2024-12-06 05:00:00+00:00,-0.0
2024-12-06 06:00:00+00:00,-0.0
2024-12-06 07:00:00+00:00,-0.0
2024-12-06 08:00:00+00:00,-0.0
2024-12-06 09:00:00+00:00,-0.0
2024-12-06 10:00:00+00:00,-0.0
2024-12-06 11:00:00+00:00,-0.0
2024-12-06 12:00:00+00:00,-0.0
2024-12-06 13:00:00+00:00,-0.0
2024-12-06 14:00:00+00:00,-0.0
2024-12-06 15:00:00+00:00,-0.0
2024-12-06 16:00:00+00:00,-0.0
2024-12-06 17:00:00+00:00,-0.0
2024-12-06 18:00:00+00:00,-0.0
2024-12-06 19:00:00+00:00,-0.0
2024-12-06 20:00:00+00:00,-0.0
2024-12-06 21:00:00+00:00,-0.0
2024-12-06 22:00:00+00:00,-0.0
2024-12-06 23:00:00+00:00,-0.0
2024-12-07 00:00:00+00:00,-0.0
2024-12-07 01:00:00+00:00,-0.0
2024-12-07 02:00:00+00:00,-0.0
2024-12-07 03:00:00+00:00,-0.0
2024-12-07 04:00:00+00:00,-0.0
2024-12-07 05:00:00+00:00,-0.0
2024-12-07 06:00:00+00:00,-0.0
2024-12-07 07:00:00+00:00,-0.0
2024-12-07 08:00:00+00:00,-0.0
2024-12-07 09:00:00+00:00,-0.0
2024-12-07 10:00:00+00:00,-0.0
2024-12-07 11:00:00+00:00,-0.0
2024-12-07 12:00:00+00:00,-0.0
2024-12-07 13:00:00+00:00,-0.0
2024-12-07 14:00:00+00:00,-0.0
2024-12-07 15:00:00+00:00,-0.0
2024-12-07 16:00:00+00:00,-0.0
2024-12-07 17:00:00+00:00,-0.0
2024-12-07 18:00:00+00:00,-0.0
2024-12-07 19:00:00+00:00,-0.0
2024-12-07 20:00:00+00:00,-0.0
2024-12-07 21:00:00+00:00,-0.0
2024-12-07 22:00:00+00:00,-0.0
2024-12-07 23:00:00+00:00,-0.0
2024-12-08 00:00:00+00:00,-0.0
2024-12-08 01:00:00+00:00,-0.0
2024-12-08 02:00:00+00:00,-0.0
2024-12-08 03:00:00+00:00,-0.0
2024-12-08 04:00:00+00:00,-0.0
2024-12-08 05:00:00+00:00,-0.0
2024-12-08 06:00:00+00:00,-0.0
2024-12-08 07:00:00+00:00,-0.0
2024-12-08 08:00:00+00:00,-0.0
2024-12-08 09:00:00+00:00,-0.0
2024-12-08 10:00:00+00:00,-0.0
2024-12-08 11:00:00+00:00,-0.0
2024-12-08 12:00:00+00:00,-0.0
2024-12-08 13:00:00+00:00,-0.0
2024-12-08 14:00:00+00:00,-0.0
2024-12-08 15:00:00+00:00,-0.0
2024-12-08 16:00:00+00:00,-0.0
2024-12-08 17:00:00+00:00,-0.0
2024-12-08 18:00:00+00:00,-0.0
2024-12-08 19:00:00+00:00,-0.0
2024-12-08 20:00:00+00:00,-0.0
2024-12-08 21:00:00+00:00,-0.0
2024-12-08 22:00:00+00:00,-0.0
2024-12-08 23:00:00+00:00,-0.0
2024-12-09 00:00:00+00:00,-0.0
2024-12-09 01:00:00+00:00,-0.0
2024-12-09 02:00:00+00:00,-0.0
2024-12-09 03:00:00+00:00,-0.0
2024-12-09 04:00:00+00:00,-0.0
2024-12-09 05:00:00+00:00,-0.0
2024-12-09 06:00:00+00:00,-0.0
2024-12-09 07:00:00+00:00,-0.0
2024-12-09 08:00:00+00:00,-0.0
2024-12-09 09:00:00+00:00,-0.0
2024-12-09 10:00:00+00:00,-0.0
2024-12-09 11:00:00+00:00,-0.0
2024-12-09 12:00:00+00:00,-0.0
2024-12-09 13:00:00+00:00,-0.0
2024-12-09 14:00:00+00:00,-0.0
2024-12-09 15:00:00+00:00,-0.0
2024-12-09 16:00:00+00:00,-0.0
2024-12-09 17:00:00+00:00,-0.0
2024-12-09 18:00:00+00:00,-0.0
2024-12-09 19:00:00+00:00,-0.0
2024-12-09 20:00:00+00:00,-0.0
2024-12-09 21:00:00+00:00,-0.0
2024-12-09 22:00:00+00:00,-0.0
2024-12-09 23:00:00+00:00,-0.0
2024-12-10 00:00:00+00:00,-0.0
2024-12-10 01:00:00+00:00,-0.0
2024-12-10 02:00:00+00:00,-0.0
2024-12-10 03:00:00+00:00,-0.0
2024-12-10 04:00:00+00:00,-0.0
2024-12-10 05:00:00+00:00,-0.0
2024-12-10 06:00:00+00:00,-0.0
2024-12-10 07:00:00+00:00,-0.0
2024-12-10 08:00:00+00:00,-0.0
2024-12-10 09:00:00+00:00,-0.0
2024-12-10 10:00:00+00:00,-0.0
2024-12-10 11:00:00+00:00,-0.0
2024-12-10 12:00:00+00:00,-0.0
2024-12-10 13:00:00+00:00,-0.0
2024-12-10 14:00:00+00:00,-0.0
2024-12-10 15:00:00+00:00,-0.0
2024-12-10 16:00:00+00:00,-0.0
2024-12-10 17:00:00+00:00,-0.0
2024-12-10 18:00:00+00:00,-0.0
2024-12-10 19:00:00+00:00,-0.0
2024-12-10 20:00:00+00:00,-0.0
2024-12-10 21:00:00+00:00,-0.0
2024-12-10 22:00:00+00:00,-0.0
2024-12-10 23:00:00+00:00,-0.0
2024-12-11 00:00:00+00:00,-0.0
2024-12-11 01:00:00+00:00,-0.0
2024-12-11 02:00:00+00:00,-0.0
2024-12-11 03:00:00+00:00,-0.0
2024-12-11 04:00:00+00:00,-0.0
2024-12-11 05:00:00+00:00,-0.0
2024-12-11 06:00:00+00:00,-0.0
2024-12-11 07:00:00+00:00,-0.0
2024-12-11 08:00:00+00:00,-0.0
2024-12-11 09:00:00+00:00,-0.0
2024-12-11 10:00:00+00:00,-0.0
2024-12-11 11:00:00+00:00,-0.0
2024-12-11 12:00:00+00:00,-0.0
2024-12-11 13:00:00+00:00,-0.0
2024-12-11 14:00:00+00:00,-0.0
2024-12-11 15:00:00+00:00,-0.0
2024-12-11 16:00:00+00:00,-0.0
2024-12-11 17:00:00+00:00,-0.0
2024-12-11 18:00:00+00:00,-0.0
2024-12-11 19:00:00+00:00,-0.0
2024-12-11 20:00:00+00:00,-0.0
2024-12-11 21:00:00+00:00,-0.0
2024-12-11 22:00:00+00:00,-0.0
2024-12-11 23:00:00+00:00,-0.0
2024-12-12 00:00:00+00:00,-0.0
2024-12-12 01:00:00+00:00,-0.0
2024-12-12 02:00:00+00:00,-0.0
2024-12-12 03:00:00+00:00,-0.1997765782287982
2024-12-12 04:00:00+00:00,-0.0
2024-12-12 05:00:00+00:00,-0.0
2024-12-12 06:00:00+00:00,-0.0
2024-12-12 07:00:00+00:00,-0.0
2024-12-12 08:00:00+00:00,-0.0
2024-12-12 09:00:00+00:00,-0.0
2024-12-12 10:00:00+00:00,-0.0
2024-12-12 11:00:00+00:00,-0.0
2024-12-12 12:00:00+00:00,-0.0
2024-12-12 13:00:00+00:00,-0.0
2024-12-12 14:00:00+00:00,-0.0
2024-12-12 15:00:00+00:00,-0.0
2024-12-12 16:00:00+00:00,-0.0
2024-12-12 17:00:00+00:00,-0.0
2024-12-12 18:00:00+00:00,-0.0
2024-12-12 19:00:00+00:00,-0.0
2024-12-12 20:00:00+00:00,-0.0
2024-12-12 21:00:00+00:00,-0.0
2024-12-12 22:00:00+00:00,-0.0
2024-12-12 23:00:00+00:00,-0.0
2024-12-13 00:00:00+00:00,-0.0
2024-12-13 01:00:00+00:00,-0.0
2024-12-13 02:00:00+00:00,-0.0
2024-12-13 03:00:00+00:00,-0.0
2024-12-13 04:00:00+00:00,-0.0
2024-12-13 05:00:00+00:00,-0.0
2024-12-13 06:00:00+00:00,-0.0
2024-12-13 07:00:00+00:00,-0.0
2024-12-13 08:00:00+00:00,-0.0
2024-12-13 09:00:00+00:00,-0.0
2024-12-13 10:00:00+00:00,-0.0
2024-12-13 11:00:00+00:00,-0.0
2024-12-13 12:00:00+00:00,-0.0
2024-12-13 13:00:00+00:00,-0.0
2024-12-13 14:00:00+00:00,-0.0
2024-12-13 15:00:00+00:00,-0.0
2024-12-13 16:00:00+00:00,-0.0
2024-12-13 17:00:00+00:00,-0.0
2024-12-13 18:00:00+00:00,-0.0
2024-12-13 19:00:00+00:00,-0.0
2024-12-13 20:00:00+00:00,-0.0
2024-12-13 21:00:00+00:00,-0.0
2024-12-13 22:00:00+00:00,-0.0
2024-12-13 23:00:00+00:00,-0.0
2024-12-14 00:00:00+00:00,-0.0
2024-12-14 01:00:00+00:00,-0.0
2024-12-14 02:00:00+00:00,-0.0
2024-12-14 03:00:00+00:00,-0.0
2024-12-14 04:00:00+00:00,-0.0
2024-12-14 05:00:00+00:00,-0.0
2024-12-14 06:00:00+00:00,-0.0
2024-12-14 07:00:00+00:00,-0.0
2024-12-14 08:00:00+00:00,-0.0
2024-12-14 09:00:00+00:00,-0.0
2024-12-14 10:00:00+00:00,-0.0
2024-12-14 11:00:00+00:00,-0.0
2024-12-14 12:00:00+00:00,-0.0
2024-12-14 13:00:00+00:00,-0.0
2024-12-14 14:00:00+00:00,-0.0
2024-12-14 15:00:00+00:00,-0.0
2024-12-14 16:00:00+00:00,-0.0
2024-12-14 17:00:00+00:00,-0.0
2024-12-14 18:00:00+00:00,-0.0
2024-12-14 19:00:00+00:00,-0.0
2024-12-14 20:00:00+00:00,0.08593734631932888
2024-12-14 21:00:00+00:00,-0.0
2024-12-14 22:00:00+00:00,-0.0
2024-12-14 23:00:00+00:00,-0.0
2024-12-15 00:00:00+00:00,-0.0
2024-12-15 01:00:00+00:00,-0.0
2024-12-15 02:00:00+00:00,-0.0
2024-12-15 03:00:00+00:00,-0.0
2024-12-15 04:00:00+00:00,-0.0
2024-12-15 05:00:00+00:00,-0.0
2024-12-15 06:00:00+00:00,-0.0
2024-12-15 07:00:00+00:00,-0.0
2024-12-15 08:00:00+00:00,-0.0
2024-12-15 09:00:00+00:00,-0.0
2024-12-15 10:00:00+00:00,-0.0
2024-12-15 11:00:00+00:00,-0.0
2024-12-15 12:00:00+00:00,-0.0
2024-12-15 13:00:00+00:00,-0.0
2024-12-15 14:00:00+00:00,-0.0
2024-12-15 15:00:00+00:00,-0.0
2024-12-15 16:00:00+00:00,-0.0
2024-12-15 17:00:00+00:00,-0.0
2024-12-15 18:00:00+00:00,-0.0
2024-12-15 19:00:00+00:00,-0.0
2024-12-15 20:00:00+00:00,-0.0
2024-12-15 21:00:00+00:00,-0.0
2024-12-15 22:00:00+00:00,-0.0
2024-12-15 23:00:00+00:00,-0.0
2024-12-16 00:00:00+00:00,-0.0
2024-12-16 01:00:00+00:00,-0.0
2024-12-16 02:00:00+00:00,-0.0
2024-12-16 03:00:00+00:00,-0.0
2024-12-16 04:00:00+00:00,-0.0
2024-12-16 05:00:00+00:00,-0.0
2024-12-16 06:00:00+00:00,-0.0
2024-12-16 07:00:00+00:00,-0.0
2024-12-16 08:00:00+00:00,-0.0
2024-12-16 09:00:00+00:00,-0.0
2024-12-16 10:00:00+00:00,-0.0
2024-12-16 11:00:00+00:00,-0.0
2024-12-16 12:00:00+00:00,-0.0
2024-12-16 13:00:00+00:00,-0.0
2024-12-16 14:00:00+00:00,-0.0
2024-12-16 15:00:00+00:00,-0.0
2024-12-16 16:00:00+00:00,-0.0
2024-12-16 17:00:00+00:00,-0.0
2024-12-16 18:00:00+00:00,-0.0
2024-12-16 19:00:00+00:00,-0.0
2024-12-16 20:00:00+00:00,-0.0
2024-12-16 21:00:00+00:00,-0.0
2024-12-16 22:00:00+00:00,-0.0
2024-12-16 23:00:00+00:00,-0.0
2024-12-17 00:00:00+00:00,-0.0
2024-12-17 01:00:00+00:00,-0.0
2024-12-17 02:00:00+00:00,-0.0
2024-12-17 03:00:00+00:00,-0.0
2024-12-17 04:00:00+00:00,-0.0
2024-12-17 05:00:00+00:00,-0.0
2024-12-17 06:00:00+00:00,-0.0
2024-12-17 07:00:00+00:00,-0.0
2024-12-17 08:00:00+00:00,-0.0
2024-12-17 09:00:00+00:00,-0.0
2024-12-17 10:00:00+00:00,-0.0
2024-12-17 11:00:00+00:00,-0.0
2024-12-17 12:00:00+00:00,-0.0
2024-12-17 13:00:00+00:00,-0.0
2024-12-17 14:00:00+00:00,-0.0
2024-12-17 15:00:00+00:00,-0.0
2024-12-17 16:00:00+00:00,-0.0
2024-12-17 17:00:00+00:00,-0.0
2024-12-17 18:00:00+00:00,-0.0
2024-12-17 19:00:00+00:00,-0.0
2024-12-17 20:00:00+00:00,-0.0
2024-12-17 21:00:00+00:00,-0.0
2024-12-17 22:00:00+00:00,-0.0
2024-12-17 23:00:00+00:00,-0.0
2024-12-18 00:00:00+00:00,-0.0
2024-12-18 01:00:00+00:00,-0.0
2024-12-18 02:00:00+00:00,-0.0
2024-12-18 03:00:00+00:00,-0.0
2024-12-18 04:00:00+00:00,-0.0
2024-12-18 05:00:00+00:00,-0.0
2024-12-18 06:00:00+00:00,-0.0
2024-12-18 07:00:00+00:00,-0.0
2024-12-18 08:00:00+00:00,-0.0
2024-12-18 09:00:00+00:00,-0.0
2024-12-18 10:00:00+00:00,-0.0
2024-12-18 11:00:00+00:00,-0.0
2024-12-18 12:00:00+00:00,-0.0
2024-12-18 13:00:00+00:00,-0.0
2024-12-18 14:00:00+00:00,-0.0
2024-12-18 15:00:00+00:00,-0.0
2024-12-18 16:00:00+00:00,-0.0
2024-12-18 17:00:00+00:00,-0.0
2024-12-18 18:00:00+00:00,-0.0
2024-12-18 19:00:00+00:00,-0.0
2024-12-18 20:00:00+00:00,-0.0
2024-12-18 21:00:00+00:00,-0.0
2024-12-18 22:00:00+00:00,-0.0
2024-12-18 23:00:00+00:00,-0.0
2024-12-19 00:00:00+00:00,-0.0
2024-12-19 01:00:00+00:00,-0.0
2024-12-19 02:00:00+00:00,-0.0
2024-12-19 03:00:00+00:00,-0.0
2024-12-19 04:00:00+00:00,-0.0
2024-12-19 05:00:00+00:00,-0.0
2024-12-19 06:00:00+00:00,-0.0
2024-12-19 07:00:00+00:00,-0.0
2024-12-19 08:00:00+00:00,-0.0
2024-12-19 09:00:00+00:00,-0.0
2024-12-19 10:00:00+00:00,-0.0
2024-12-19 11:00:00+00:00,-0.0
2024-12-19 12:00:00+00:00,-0.0
2024-12-19 13:00:00+00:00,-0.0
2024-12-19 14:00:00+00:00,-0.0
2024-12-19 15:00:00+00:00,-0.0
2024-12-19 16:00:00+00:00,-0.0
2024-12-19 17:00:00+00:00,-0.0
2024-12-19 18:00:00+00:00,-0.0
2024-12-19 19:00:00+00:00,-0.0
2024-12-19 20:00:00+00:00,-0.0
2024-12-19 21:00:00+00:00,-0.0
2024-12-19 22:00:00+00:00,-0.0
2024-12-19 23:00:00+00:00,-0.0
2024-12-20 00:00:00+00:00,-0.0
2024-12-20 01:00:00+00:00,-0.0
2024-12-20 02:00:00+00:00,-0.0
2024-12-20 03:00:00+00:00,-0.0
2024-12-20 04:00:00+00:00,-0.0
2024-12-20 05:00:00+00:00,-0.0
2024-12-20 06:00:00+00:00,-0.0
2024-12-20 07:00:00+00:00,-0.0
2024-12-20 08:00:00+00:00,-0.0
2024-12-20 09:00:00+00:00,-0.0
2024-12-20 10:00:00+00:00,-0.0
2024-12-20 11:00:00+00:00,-0.0
2024-12-20 12:00:00+00:00,-0.0
2024-12-20 13:00:00+00:00,-0.0
2024-12-20 14:00:00+00:00,-0.0
2024-12-20 15:00:00+00:00,-0.0
2024-12-20 16:00:00+00:00,-0.0
2024-12-20 17:00:00+00:00,-0.0
2024-12-20 18:00:00+00:00,-0.0
2024-12-20 19:00:00+00:00,-0.0
2024-12-20 20:00:00+00:00,-0.0
2024-12-20 21:00:00+00:00,-0.0
2024-12-20 22:00:00+00:00,-0.0
2024-12-20 23:00:00+00:00,-0.0
2024-12-21 00:00:00+00:00,-0.0
2024-12-21 01:00:00+00:00,-0.0
2024-12-21 02:00:00+00:00,-0.0
2024-12-21 03:00:00+00:00,-0.0
2024-12-21 04:00:00+00:00,-0.0
2024-12-21 05:00:00+00:00,-0.0
2024-12-21 06:00:00+00:00,-0.0
2024-12-21 07:00:00+00:00,-0.0
2024-12-21 08:00:00+00:00,-0.0
2024-12-21 09:00:00+00:00,-0.0
2024-12-21 10:00:00+00:00,-0.0
2024-12-21 11:00:00+00:00,-0.0
2024-12-21 12:00:00+00:00,-0.0
2024-12-21 13:00:00+00:00,-0.0
2024-12-21 14:00:00+00:00,-0.0
2024-12-21 15:00:00+00:00,-0.0
2024-12-21 16:00:00+00:00,-0.0
2024-12-21 17:00:00+00:00,-0.0
2024-12-21 18:00:00+00:00,-0.0
2024-12-21 19:00:00+00:00,-0.0
2024-12-21 20:00:00+00:00,-0.0
2024-12-21 21:00:00+00:00,-0.0
2024-12-21 22:00:00+00:00,-0.0
2024-12-21 23:00:00+00:00,-0.0
2024-12-22 00:00:00+00:00,-0.0
2024-12-22 01:00:00+00:00,-0.0
2024-12-22 02:00:00+00:00,-0.0
2024-12-22 03:00:00+00:00,-0.0
2024-12-22 04:00:00+00:00,0.12767386765191757
2024-12-22 05:00:00+00:00,-0.0
2024-12-22 06:00:00+00:00,-0.0
2024-12-22 07:00:00+00:00,-0.0
2024-12-22 08:00:00+00:00,-0.0
2024-12-22 09:00:00+00:00,-0.0
2024-12-22 10:00:00+00:00,-0.0
2024-12-22 11:00:00+00:00,-0.0
2024-12-22 12:00:00+00:00,-0.0
2024-12-22 13:00:00+00:00,-0.0
2024-12-22 14:00:00+00:00,-0.0
2024-12-22 15:00:00+00:00,-0.0
2024-12-22 16:00:00+00:00,-0.0
2024-12-22 17:00:00+00:00,-0.0
2024-12-22 18:00:00+00:00,-0.0
2024-12-22 19:00:00+00:00,-0.0
2024-12-22 20:00:00+00:00,-0.0
2024-12-22 21:00:00+00:00,-0.0
2024-12-22 22:00:00+00:00,-0.0
2024-12-22 23:00:00+00:00,-0.0
2024-12-23 00:00:00+00:00,-0.0
2024-12-23 01:00:00+00:00,-0.0
2024-12-23 02:00:00+00:00,-0.0
2024-12-23 03:00:00+00:00,-0.0
2024-12-23 04:00:00+00:00,-0.0
2024-12-23 05:00:00+00:00,-0.0
2024-12-23 06:00:00+00:00,-0.0
2024-12-23 07:00:00+00:00,-0.0
2024-12-23 08:00:00+00:00,-0.0
2024-12-23 09:00:00+00:00,-0.0
2024-12-23 10:00:00+00:00,-0.0
2024-12-23 11:00:00+00:00,-0.0
2024-12-23 12:00:00+00:00,-0.0
2024-12-23 13:00:00+00:00,-0.0
2024-12-23 14:00:00+00:00,-0.0
2024-12-23 15:00:00+00:00,-0.0
2024-12-23 16:00:00+00:00,-0.0
2024-12-23 17:00:00+00:00,-0.0
2024-12-23 18:00:00+00:00,-0.0
2024-12-23 19:00:00+00:00,-0.0
2024-12-23 20:00:00+00:00,-0.0
2024-12-23 21:00:00+00:00,-0.0
2024-12-23 22:00:00+00:00,-0.0
2024-12-23 23:00:00+00:00,-0.0
2024-12-24 00:00:00+00:00,-0.0
2024-12-24 01:00:00+00:00,-0.0
2024-12-24 02:00:00+00:00,-0.0
2024-12-24 03:00:00+00:00,-0.0
2024-12-24 04:00:00+00:00,-0.0
2024-12-24 05:00:00+00:00,-0.0
2024-12-24 06:00:00+00:00,-0.0
2024-12-24 07:00:00+00:00,-0.0
2024-12-24 08:00:00+00:00,-0.0
2024-12-24 09:00:00+00:00,-0.0
2024-12-24 10:00:00+00:00,-0.0
2024-12-24 11:00:00+00:00,-0.0
2024-12-24 12:00:00+00:00,-0.0
2024-12-24 13:00:00+00:00,-0.0
2024-12-24 14:00:00+00:00,-0.0
2024-12-24 15:00:00+00:00,-0.0
2024-12-24 16:00:00+00:00,-0.0
2024-12-24 17:00:00+00:00,-0.0
2024-12-24 18:00:00+00:00,-0.0
2024-12-24 19:00:00+00:00,-0.0
2024-12-24 20:00:00+00:00,-0.0
2024-12-24 21:00:00+00:00,-0.0
2024-12-24 22:00:00+00:00,-0.0
2024-12-24 23:00:00+00:00,-0.0
2024-12-25 00:00:00+00:00,-0.0
2024-12-25 01:00:00+00:00,-0.0
2024-12-25 02:00:00+00:00,-0.0
2024-12-25 03:00:00+00:00,-0.0
2024-12-25 04:00:00+00:00,-0.0
2024-12-25 05:00:00+00:00,-0.0
2024-12-25 06:00:00+00:00,-0.0
2024-12-25 07:00:00+00:00,-0.0
2024-12-25 08:00:00+00:00,-0.0
2024-12-25 09:00:00+00:00,-0.0
2024-12-25 10:00:00+00:00,-0.0
2024-12-25 11:00:00+00:00,-0.0
2024-12-25 12:00:00+00:00,-0.0
2024-12-25 13:00:00+00:00,-0.0
2024-12-25 14:00:00+00:00,-0.0
2024-12-25 15:00:00+00:00,-0.0
2024-12-25 16:00:00+00:00,-0.0
2024-12-25 17:00:00+00:00,-0.0
2024-12-25 18:00:00+00:00,-0.0
2024-12-25 19:00:00+00:00,-0.0
2024-12-25 20:00:00+00:00,-0.0
2024-12-25 21:00:00+00:00,-0.0
2024-12-25 22:00:00+00:00,-0.0
2024-12-25 23:00:00+00:00,-0.0
2024-12-26 00:00:00+00:00,-0.0
2024-12-26 01:00:00+00:00,-0.0
2024-12-26 02:00:00+00:00,-0.0
2024-12-26 03:00:00+00:00,-0.0
2024-12-26 04:00:00+00:00,-0.0
2024-12-26 05:00:00+00:00,-0.0
2024-12-26 06:00:00+00:00,-0.0
2024-12-26 07:00:00+00:00,-0.0
2024-12-26 08:00:00+00:00,-0.0
2024-12-26 09:00:00+00:00,-0.0
2024-12-26 10:00:00+00:00,-0.0
2024-12-26 11:00:00+00:00,-0.0
2024-12-26 12:00:00+00:00,-0.0
2024-12-26 13:00:00+00:00,-0.0
2024-12-26 14:00:00+00:00,-0.0
2024-12-26 15:00:00+00:00,-0.0
2024-12-26 16:00:00+00:00,-0.0
2024-12-26 17:00:00+00:00,-0.0
2024-12-26 18:00:00+00:00,-0.0
2024-12-26 19:00:00+00:00,-0.0
2024-12-26 20:00:00+00:00,-0.0
2024-12-26 21:00:00+00:00,-0.0
2024-12-26 22:00:00+00:00,-0.0
2024-12-26 23:00:00+00:00,-0.0
2024-12-27 00:00:00+00:00,-0.0
2024-12-27 01:00:00+00:00,-0.0
2024-12-27 02:00:00+00:00,-0.0
2024-12-27 03:00:00+00:00,-0.0
2024-12-27 04:00:00+00:00,-0.0
2024-12-27 05:00:00+00:00,-0.0
2024-12-27 06:00:00+00:00,-0.0
2024-12-27 07:00:00+00:00,0.04607774777807537
2024-12-27 08:00:00+00:00,-0.0
2024-12-27 09:00:00+00:00,-0.0
2024-12-27 10:00:00+00:00,-0.0
2024-12-27 11:00:00+00:00,-0.0
2024-12-27 12:00:00+00:00,-0.0
2024-12-27 13:00:00+00:00,-0.0
2024-12-27 14:00:00+00:00,-0.0
2024-12-27 15:00:00+00:00,-0.0
2024-12-27 16:00:00+00:00,-0.0
2024-12-27 17:00:00+00:00,-0.0
2024-12-27 18:00:00+00:00,-0.0
2024-12-27 19:00:00+00:00,-0.0
2024-12-27 20:00:00+00:00,-0.0
2024-12-27 21:00:00+00:00,-0.0
2024-12-27 22:00:00+00:00,-0.0
2024-12-27 23:00:00+00:00,-0.0
2024-12-28 00:00:00+00:00,-0.0
2024-12-28 01:00:00+00:00,-0.0
2024-12-28 02:00:00+00:00,-0.0
2024-12-28 03:00:00+00:00,-0.0
2024-12-28 04:00:00+00:00,-0.0
2024-12-28 05:00:00+00:00,-0.0
2024-12-28 06:00:00+00:00,-0.0
2024-12-28 07:00:00+00:00,-0.0
2024-12-28 08:00:00+00:00,-0.0
2024-12-28 09:00:00+00:00,-0.0
2024-12-28 10:00:00+00:00,-0.0
2024-12-28 11:00:00+00:00,-0.0
2024-12-28 12:00:00+00:00,-0.0
2024-12-28 13:00:00+00:00,-0.0
2024-12-28 14:00:00+00:00,-0.0
2024-12-28 15:00:00+00:00,-0.0
2024-12-28 16:00:00+00:00,-0.0
2024-12-28 17:00:00+00:00,-0.0
2024-12-28 18:00:00+00:00,-0.0
2024-12-28 19:00:00+00:00,-0.0
2024-12-28 20:00:00+00:00,-0.0
2024-12-28 21:00:00+00:00,-0.0
2024-12-28 22:00:00+00:00,-0.0
2024-12-28 23:00:00+00:00,-0.0
2024-12-29 00:00:00+00:00,-0.0
2024-12-29 01:00:00+00:00,-0.0
2024-12-29 02:00:00+00:00,-0.0
2024-12-29 03:00:00+00:00,-0.0
2024-12-29 04:00:00+00:00,-0.0
2024-12-29 05:00:00+00:00,-0.0
2024-12-29 06:00:00+00:00,-0.0
2024-12-29 07:00:00+00:00,-0.0
2024-12-29 08:00:00+00:00,-0.0
2024-12-29 09:00:00+00:00,-0.0
2024-12-29 10:00:00+00:00,-0.0
2024-12-29 11:00:00+00:00,-0.0
2024-12-29 12:00:00+00:00,-0.0
2024-12-29 13:00:00+00:00,-0.0
2024-12-29 14:00:00+00:00,-0.0
2024-12-29 15:00:00+00:00,-0.0
2024-12-29 16:00:00+00:00,-0.0
2024-12-29 17:00:00+00:00,-0.0
2024-12-29 18:00:00+00:00,-0.0
2024-12-29 19:00:00+00:00,-0.0
2024-12-29 20:00:00+00:00,-0.0
2024-12-29 21:00:00+00:00,-0.0
2024-12-29 22:00:00+00:00,-0.0
2024-12-29 23:00:00+00:00,-0.0
2024-12-30 00:00:00+00:00,-0.0
2024-12-30 01:00:00+00:00,-0.0
2024-12-30 02:00:00+00:00,-0.0
2024-12-30 03:00:00+00:00,-0.0
2024-12-30 04:00:00+00:00,-0.0
2024-12-30 05:00:00+00:00,-0.0
2024-12-30 06:00:00+00:00,-0.0
2024-12-30 07:00:00+00:00,-0.0
2024-12-30 08:00:00+00:00,-0.0
2024-12-30 09:00:00+00:00,-0.0
2024-12-30 10:00:00+00:00,-0.0
2024-12-30 11:00:00+00:00,-0.0
2024-12-30 12:00:00+00:00,-0.0
2024-12-30 13:00:00+00:00,-0.0
2024-12-30 14:00:00+00:00,-0.0
2024-12-30 15:00:00+00:00,-0.0
2024-12-30 16:00:00+00:00,-0.0
2024-12-30 17:00:00+00:00,-0.0
2024-12-30 18:00:00+00:00,-0.0
2024-12-30 19:00:00+00:00,-0.0
2024-12-30 20:00:00+00:00,-0.0
2024-12-30 21:00:00+00:00,-0.0
2024-12-30 22:00:00+00:00,-0.0
2024-12-30 23:00:00+00:00,-0.0
2024-12-31 00:00:00+00:00,-0.0
2024-12-31 01:00:00+00:00,-0.0
2024-12-31 02:00:00+00:00,-0.0
2024-12-31 03:00:00+00:00,-0.0
2024-12-31 04:00:00+00:00,-0.0
2024-12-31 05:00:00+00:00,-0.0
2024-12-31 06:00:00+00:00,-0.0
2024-12-31 07:00:00+00:00,-0.0
2024-12-31 08:00:00+00:00,-0.0
2024-12-31 09:00:00+00:00,-0.0
2024-12-31 10:00:00+00:00,-0.0
2024-12-31 11:00:00+00:00,-0.0
2024-12-31 12:00:00+00:00,-0.0
2024-12-31 13:00:00+00:00,-0.0
2024-12-31 14:00:00+00:00,-0.0
2024-12-31 15:00:00+00:00,-0.0
2024-12-31 16:00:00+00:00,-0.0
2024-12-31 17:00:00+00:00,-0.0
2024-12-31 18:00:00+00:00,-0.0
2024-12-31 19:00:00+00:00,-0.0
2024-12-31 20:00:00+00:00,-0.0
2024-12-31 21:00:00+00:00,-0.0
2024-12-31 22:00:00+00:00,-0.0
2024-12-31 23:00:00+00:00,-0.0
2025-01-01 00:00:00+00:00,-0.0
2025-01-01 01:00:00+00:00,-0.0
2025-01-01 02:00:00+00:00,-0.0
2025-01-01 03:00:00+00:00,-0.0
2025-01-01 04:00:00+00:00,-0.0
2025-01-01 05:00:00+00:00,-0.0
2025-01-01 06:00:00+00:00,-0.0
2025-01-01 07:00:00+00:00,-0.0
2025-01-01 08:00:00+00:00,-0.0
2025-01-01 09:00:00+00:00,-0.0
2025-01-01 10:00:00+00:00,-0.0
2025-01-01 11:00:00+00:00,-0.0
2025-01-01 12:00:00+00:00,-0.0
2025-01-01 13:00:00+00:00,-0.0
2025-01-01 14:00:00+00:00,-0.0
2025-01-01 15:00:00+00:00,-0.0
2025-01-01 16:00:00+00:00,-0.0
2025-01-01 17:00:00+00:00,-0.0
2025-01-01 18:00:00+00:00,-0.0
2025-01-01 19:00:00+00:00,-0.0
2025-01-01 20:00:00+00:00,-0.0
2025-01-01 21:00:00+00:00,-0.0
2025-01-01 22:00:00+00:00,-0.0
2025-01-01 23:00:00+00:00,-0.0
2025-01-02 00:00:00+00:00,-0.0
2025-01-02 01:00:00+00:00,-0.0
2025-01-02 02:00:00+00:00,-0.0
2025-01-02 03:00:00+00:00,-0.0
2025-01-02 04:00:00+00:00,-0.0
2025-01-02 05:00:00+00:00,-0.0
2025-01-02 06:00:00+00:00,-0.0
2025-01-02 07:00:00+00:00,-0.0
2025-01-02 08:00:00+00:00,-0.0
2025-01-02 09:00:00+00:00,-0.0
2025-01-02 10:00:00+00:00,-0.0
2025-01-02 11:00:00+00:00,-0.0
2025-01-02 12:00:00+00:00,-0.0
2025-01-02 13:00:00+00:00,-0.0
2025-01-02 14:00:00+00:00,-0.0
2025-01-02 15:00:00+00:00,-0.0
2025-01-02 16:00:00+00:00,-0.0
2025-01-02 17:00:00+00:00,-0.0
2025-01-02 18:00:00+00:00,-0.0
2025-01-02 19:00:00+00:00,-0.0
2025-01-02 20:00:00+00:00,-0.0
2025-01-02 21:00:00+00:00,-0.0
2025-01-02 22:00:00+00:00,-0.0
2025-01-02 23:00:00+00:00,-0.0
2025-01-03 00:00:00+00:00,-0.0
2025-01-03 01:00:00+00:00,-0.0
2025-01-03 02:00:00+00:00,-0.0
2025-01-03 03:00:00+00:00,-0.0
2025-01-03 04:00:00+00:00,-0.0
2025-01-03 05:00:00+00:00,-0.0
2025-01-03 06:00:00+00:00,-0.0
2025-01-03 07:00:00+00:00,-0.0
2025-01-03 08:00:00+00:00,-0.0
2025-01-03 09:00:00+00:00,-0.0
2025-01-03 10:00:00+00:00,-0.0
2025-01-03 11:00:00+00:00,-0.09111528680491537
2025-01-03 12:00:00+00:00,-0.0
2025-01-03 13:00:00+00:00,-0.0
2025-01-03 14:00:00+00:00,-0.0
2025-01-03 15:00:00+00:00,-0.0
2025-01-03 16:00:00+00:00,-0.09986616661244788
2025-01-03 17:00:00+00:00,-0.0
2025-01-03 18:00:00+00:00,-0.0
2025-01-03 19:00:00+00:00,-0.0
2025-01-03 20:00:00+00:00,-0.0
2025-01-03 21:00:00+00:00,-0.0
2025-01-03 22:00:00+00:00,-0.0
2025-01-03 23:00:00+00:00,-0.0
2025-01-04 00:00:00+00:00,-0.0
2025-01-04 01:00:00+00:00,-0.0
2025-01-04 02:00:00+00:00,-0.0
2025-01-04 03:00:00+00:00,-0.0
2025-01-04 04:00:00+00:00,-0.0
2025-01-04 05:00:00+00:00,-0.0
2025-01-04 06:00:00+00:00,-0.0
2025-01-04 07:00:00+00:00,-0.0
2025-01-04 08:00:00+00:00,-0.0
2025-01-04 09:00:00+00:00,-0.0
2025-01-04 10:00:00+00:00,-0.0
2025-01-04 11:00:00+00:00,-0.0
2025-01-04 12:00:00+00:00,-0.0
2025-01-04 13:00:00+00:00,-0.0
2025-01-04 14:00:00+00:00,-0.0
2025-01-04 15:00:00+00:00,-0.0
2025-01-04 16:00:00+00:00,-0.0
2025-01-04 17:00:00+00:00,-0.0
2025-01-04 18:00:00+00:00,-0.0
2025-01-04 19:00:00+00:00,-0.0
2025-01-04 20:00:00+00:00,-0.0
2025-01-04 21:00:00+00:00,-0.0
2025-01-04 22:00:00+00:00,-0.0
2025-01-04 23:00:00+00:00,-0.0
2025-01-05 00:00:00+00:00,-0.0
2025-01-05 01:00:00+00:00,-0.0
2025-01-05 02:00:00+00:00,-0.0
2025-01-05 03:00:00+00:00,-0.0
2025-01-05 04:00:00+00:00,-0.0
2025-01-05 05:00:00+00:00,-0.0
2025-01-05 06:00:00+00:00,-0.0
2025-01-05 07:00:00+00:00,-0.0
2025-01-05 08:00:00+00:00,-0.0
2025-01-05 09:00:00+00:00,-0.0
2025-01-05 10:00:00+00:00,-0.0
2025-01-05 11:00:00+00:00,-0.0
2025-01-05 12:00:00+00:00,-0.0
2025-01-05 13:00:00+00:00,-0.0
2025-01-05 14:00:00+00:00,0.039753886380085875
2025-01-05 15:00:00+00:00,-0.0
2025-01-05 16:00:00+00:00,-0.0
2025-01-05 17:00:00+00:00,-0.0
2025-01-05 18:00:00+00:00,-0.0
2025-01-05 19:00:00+00:00,-0.0
2025-01-05 20:00:00+00:00,-0.0
2025-01-05 21:00:00+00:00,-0.0
2025-01-05 22:00:00+00:00,-0.0
2025-01-05 23:00:00+00:00,-0.0
2025-01-06 00:00:00+00:00,-0.0
2025-01-06 01:00:00+00:00,-0.0
2025-01-06 02:00:00+00:00,-0.0
2025-01-06 03:00:00+00:00,-0.0
2025-01-06 04:00:00+00:00,-0.0
2025-01-06 05:00:00+00:00,-0.0
2025-01-06 06:00:00+00:00,-0.0
2025-01-06 07:00:00+00:00,-0.0
2025-01-06 08:00:00+00:00,-0.0
2025-01-06 09:00:00+00:00,-0.0
2025-01-06 10:00:00+00:00,-0.0
2025-01-06 11:00:00+00:00,-0.0
2025-01-06 12:00:00+00:00,-0.0
2025-01-06 13:00:00+00:00,-0.0
2025-01-06 14:00:00+00:00,-0.0
2025-01-06 15:00:00+00:00,-0.0
2025-01-06 16:00:00+00:00,-0.0
2025-01-06 17:00:00+00:00,-0.0
2025-01-06 18:00:00+00:00,-0.0
2025-01-06 19:00:00+00:00,-0.0
2025-01-06 20:00:00+00:00,-0.0
2025-01-06 21:00:00+00:00,-0.0
2025-01-06 22:00:00+00:00,-0.0
2025-01-06 23:00:00+00:00,-0.0
2025-01-07 00:00:00+00:00,-0.0
2025-01-07 01:00:00+00:00,-0.0
2025-01-07 02:00:00+00:00,-0.0
2025-01-07 03:00:00+00:00,-0.0
2025-01-07 04:00:00+00:00,-0.0
2025-01-07 05:00:00+00:00,-0.0
2025-01-07 06:00:00+00:00,-0.0
2025-01-07 07:00:00+00:00,-0.0
2025-01-07 08:00:00+00:00,-0.0
2025-01-07 09:00:00+00:00,-0.0
2025-01-07 10:00:00+00:00,-0.0
2025-01-07 11:00:00+00:00,-0.0
2025-01-07 12:00:00+00:00,-0.0
2025-01-07 13:00:00+00:00,-0.0
2025-01-07 14:00:00+00:00,-0.0
2025-01-07 15:00:00+00:00,-0.0
2025-01-07 16:00:00+00:00,-0.0
2025-01-07 17:00:00+00:00,-0.0
2025-01-07 18:00:00+00:00,-0.0
2025-01-07 19:00:00+00:00,-0.0
2025-01-07 20:00:00+00:00,-0.0
2025-01-07 21:00:00+00:00,-0.0
2025-01-07 22:00:00+00:00,-0.0
2025-01-07 23:00:00+00:00,-0.0
2025-01-08 00:00:00+00:00,-0.0
2025-01-08 01:00:00+00:00,-0.0
2025-01-08 02:00:00+00:00,-0.0
2025-01-08 03:00:00+00:00,-0.0
2025-01-08 04:00:00+00:00,-0.0
2025-01-08 05:00:00+00:00,-0.0
2025-01-08 06:00:00+00:00,-0.0
2025-01-08 07:00:00+00:00,-0.0
2025-01-08 08:00:00+00:00,-0.0
2025-01-08 09:00:00+00:00,-0.0
2025-01-08 10:00:00+00:00,-0.0
2025-01-08 11:00:00+00:00,-0.0
2025-01-08 12:00:00+00:00,-0.0
2025-01-08 13:00:00+00:00,-0.0
2025-01-08 14:00:00+00:00,-0.0
2025-01-08 15:00:00+00:00,-0.0
2025-01-08 16:00:00+00:00,-0.0
2025-01-08 17:00:00+00:00,-0.0
2025-01-08 18:00:00+00:00,-0.0
2025-01-08 19:00:00+00:00,-0.0
2025-01-08 20:00:00+00:00,-0.0
2025-01-08 21:00:00+00:00,-0.0
2025-01-08 22:00:00+00:00,-0.0
2025-01-08 23:00:00+00:00,-0.0
2025-01-09 00:00:00+00:00,-0.0
2025-01-09 01:00:00+00:00,-0.0
2025-01-09 02:00:00+00:00,-0.0
2025-01-09 03:00:00+00:00,-0.0
2025-01-09 04:00:00+00:00,-0.0
2025-01-09 05:00:00+00:00,-0.0
2025-01-09 06:00:00+00:00,-0.0
2025-01-09 07:00:00+00:00,-0.0
2025-01-09 08:00:00+00:00,-0.0
2025-01-09 09:00:00+00:00,-0.0
2025-01-09 10:00:00+00:00,-0.0
2025-01-09 11:00:00+00:00,-0.0
2025-01-09 12:00:00+00:00,-0.0
2025-01-09 13:00:00+00:00,-0.0
2025-01-09 14:00:00+00:00,-0.0
2025-01-09 15:00:00+00:00,-0.0
2025-01-09 16:00:00+00:00,-0.0
2025-01-09 17:00:00+00:00,-0.0
2025-01-09 18:00:00+00:00,-0.0
2025-01-09 19:00:00+00:00,0.06926084883042724
2025-01-09 20:00:00+00:00,-0.0
2025-01-09 21:00:00+00:00,-0.0
2025-01-09 22:00:00+00:00,-0.0
2025-01-09 23:00:00+00:00,-0.0
2025-01-10 00:00:00+00:00,-0.0
2025-01-10 01:00:00+00:00,-0.0
2025-01-10 02:00:00+00:00,-0.0
2025-01-10 03:00:00+00:00,-0.0
2025-01-10 04:00:00+00:00,-0.0
2025-01-10 05:00:00+00:00,-0.0
2025-01-10 06:00:00+00:00,-0.0
2025-01-10 07:00:00+00:00,-0.0
2025-01-10 08:00:00+00:00,-0.0
2025-01-10 09:00:00+00:00,-0.0
2025-01-10 10:00:00+00:00,-0.0
2025-01-10 11:00:00+00:00,-0.0
2025-01-10 12:00:00+00:00,-0.0
2025-01-10 13:00:00+00:00,-0.0
2025-01-10 14:00:00+00:00,-0.0
2025-01-10 15:00:00+00:00,-0.0
2025-01-10 16:00:00+00:00,-0.0
2025-01-10 17:00:00+00:00,-0.0
2025-01-10 18:00:00+00:00,-0.0
2025-01-10 19:00:00+00:00,-0.0
2025-01-10 20:00:00+00:00,-0.0
2025-01-10 21:00:00+00:00,-0.0
2025-01-10 22:00:00+00:00,-0.0
2025-01-10 23:00:00+00:00,-0.0
2025-01-11 00:00:00+00:00,-0.0
2025-01-11 01:00:00+00:00,-0.0
2025-01-11 02:00:00+00:00,-0.0
2025-01-11 03:00:00+00:00,-0.0
2025-01-11 04:00:00+00:00,-0.0
2025-01-11 05:00:00+00:00,-0.0
2025-01-11 06:00:00+00:00,-0.0
2025-01-11 07:00:00+00:00,-0.0
2025-01-11 08:00:00+00:00,-0.0
2025-01-11 09:00:00+00:00,-0.0
2025-01-11 10:00:00+00:00,-0.0
2025-01-11 11:00:00+00:00,-0.0
2025-01-11 12:00:00+00:00,-0.0
2025-01-11 13:00:00+00:00,-0.0
2025-01-11 14:00:00+00:00,-0.0
2025-01-11 15:00:00+00:00,-0.0
2025-01-11 16:00:00+00:00,-0.0
2025-01-11 17:00:00+00:00,-0.0
2025-01-11 18:00:00+00:00,-0.0
2025-01-11 19:00:00+00:00,-0.0
2025-01-11 20:00:00+00:00,-0.0
2025-01-11 21:00:00+00:00,-0.0
2025-01-11 22:00:00+00:00,-0.0
2025-01-11 23:00:00+00:00,-0.0
2025-01-12 00:00:00+00:00,-0.0
2025-01-12 01:00:00+00:00,-0.0
2025-01-12 02:00:00+00:00,-0.0
2025-01-12 03:00:00+00:00,-0.0
2025-01-12 04:00:00+00:00,-0.0
2025-01-12 05:00:00+00:00,-0.0
2025-01-12 06:00:00+00:00,-0.0
2025-01-12 07:00:00+00:00,-0.0
2025-01-12 08:00:00+00:00,-0.0
2025-01-12 09:00:00+00:00,-0.0
2025-01-12 10:00:00+00:00,-0.0
2025-01-12 11:00:00+00:00,-0.0
2025-01-12 12:00:00+00:00,-0.0
2025-01-12 13:00:00+00:00,-0.0
2025-01-12 14:00:00+00:00,-0.0
2025-01-12 15:00:00+00:00,-0.0
2025-01-12 16:00:00+00:00,-0.0
2025-01-12 17:00:00+00:00,-0.0
2025-01-12 18:00:00+00:00,-0.0
2025-01-12 19:00:00+00:00,-0.0
2025-01-12 20:00:00+00:00,-0.0
2025-01-12 21:00:00+00:00,-0.0
2025-01-12 22:00:00+00:00,-0.0
2025-01-12 23:00:00+00:00,-0.0
2025-01-13 00:00:00+00:00,-0.0
2025-01-13 01:00:00+00:00,-0.0
2025-01-13 02:00:00+00:00,-0.0
2025-01-13 03:00:00+00:00,-0.0
2025-01-13 04:00:00+00:00,-0.0
2025-01-13 05:00:00+00:00,-0.0
2025-01-13 06:00:00+00:00,0.06420713357407562
2025-01-13 07:00:00+00:00,-0.0
2025-01-13 08:00:00+00:00,-0.0
2025-01-13 09:00:00+00:00,-0.0
2025-01-13 10:00:00+00:00,-0.0
2025-01-13 11:00:00+00:00,-0.0
2025-01-13 12:00:00+00:00,-0.0
2025-01-13 13:00:00+00:00,-0.0
2025-01-13 14:00:00+00:00,-0.0
2025-01-13 15:00:00+00:00,-0.0
2025-01-13 16:00:00+00:00,-0.0
2025-01-13 17:00:00+00:00,-0.0
2025-01-13 18:00:00+00:00,-0.0
2025-01-13 19:00:00+00:00,-0.0
2025-01-13 20:00:00+00:00,-0.0
2025-01-13 21:00:00+00:00,-0.0
2025-01-13 22:00:00+00:00,-0.0
2025-01-13 23:00:00+00:00,-0.0
2025-01-14 00:00:00+00:00,-0.0
2025-01-14 01:00:00+00:00,-0.0
2025-01-14 02:00:00+00:00,-0.0
2025-01-14 03:00:00+00:00,-0.0
2025-01-14 04:00:00+00:00,-0.0
2025-01-14 05:00:00+00:00,-0.0
2025-01-14 06:00:00+00:00,-0.0
2025-01-14 07:00:00+00:00,-0.0
2025-01-14 08:00:00+00:00,-0.0
2025-01-14 09:00:00+00:00,-0.0
2025-01-14 10:00:00+00:00,-0.0
2025-01-14 11:00:00+00:00,-0.0
2025-01-14 12:00:00+00:00,-0.0
2025-01-14 13:00:00+00:00,-0.0
2025-01-14 14:00:00+00:00,-0.0
2025-01-14 15:00:00+00:00,-0.0
2025-01-14 16:00:00+00:00,-0.0
2025-01-14 17:00:00+00:00,-0.0
2025-01-14 18:00:00+00:00,-0.0
2025-01-14 19:00:00+00:00,-0.0
2025-01-14 20:00:00+00:00,-0.0
2025-01-14 21:00:00+00:00,-0.0
2025-01-14 22:00:00+00:00,-0.0
2025-01-14 23:00:00+00:00,-0.0
2025-01-15 00:00:00+00:00,-0.0
2025-01-15 01:00:00+00:00,-0.0
2025-01-15 02:00:00+00:00,-0.0
2025-01-15 03:00:00+00:00,-0.0
2025-01-15 04:00:00+00:00,-0.0
2025-01-15 05:00:00+00:00,-0.0
2025-01-15 06:00:00+00:00,-0.0
2025-01-15 07:00:00+00:00,-0.0
2025-01-15 08:00:00+00:00,-0.0
2025-01-15 09:00:00+00:00,-0.0
2025-01-15 10:00:00+00:00,-0.0
2025-01-15 11:00:00+00:00,-0.0
2025-01-15 12:00:00+00:00,-0.0
2025-01-15 13:00:00+00:00,-0.0
2025-01-15 14:00:00+00:00,-0.0
2025-01-15 15:00:00+00:00,-0.0
2025-01-15 16:00:00+00:00,-0.0
2025-01-15 17:00:00+00:00,-0.0
2025-01-15 18:00:00+00:00,-0.0
2025-01-15 19:00:00+00:00,-0.0
2025-01-15 20:00:00+00:00,-0.0
2025-01-15 21:00:00+00:00,-0.0
2025-01-15 22:00:00+00:00,-0.0
2025-01-15 23:00:00+00:00,-0.0
2025-01-16 00:00:00+00:00,-0.0
2025-01-16 01:00:00+00:00,-0.0
2025-01-16 02:00:00+00:00,-0.0
2025-01-16 03:00:00+00:00,-0.0
2025-01-16 04:00:00+00:00,-0.0
2025-01-16 05:00:00+00:00,-0.0
2025-01-16 06:00:00+00:00,-0.0
2025-01-16 07:00:00+00:00,-0.0
2025-01-16 08:00:00+00:00,-0.0
2025-01-16 09:00:00+00:00,-0.0
2025-01-16 10:00:00+00:00,-0.0
2025-01-16 11:00:00+00:00,-0.0
2025-01-16 12:00:00+00:00,-0.0
2025-01-16 13:00:00+00:00,-0.0
2025-01-16 14:00:00+00:00,-0.0
2025-01-16 15:00:00+00:00,-0.0
2025-01-16 16:00:00+00:00,-0.0
2025-01-16 17:00:00+00:00,-0.0
2025-01-16 18:00:00+00:00,-0.0
2025-01-16 19:00:00+00:00,-0.0
2025-01-16 20:00:00+00:00,-0.0
2025-01-16 21:00:00+00:00,-0.0
2025-01-16 22:00:00+00:00,-0.0
2025-01-16 23:00:00+00:00,-0.0
2025-01-17 00:00:00+00:00,-0.0
2025-01-17 01:00:00+00:00,-0.0
2025-01-17 02:00:00+00:00,-0.0
2025-01-17 03:00:00+00:00,-0.0
2025-01-17 04:00:00+00:00,-0.0
2025-01-17 05:00:00+00:00,-0.0
2025-01-17 06:00:00+00:00,-0.0
2025-01-17 07:00:00+00:00,-0.0
2025-01-17 08:00:00+00:00,-0.0
2025-01-17 09:00:00+00:00,-0.0
2025-01-17 10:00:00+00:00,-0.0
2025-01-17 11:00:00+00:00,-0.0
2025-01-17 12:00:00+00:00,-0.0
2025-01-17 13:00:00+00:00,-0.0
2025-01-17 14:00:00+00:00,-0.0
2025-01-17 15:00:00+00:00,-0.0
2025-01-17 16:00:00+00:00,-0.0
2025-01-17 17:00:00+00:00,-0.0
2025-01-17 18:00:00+00:00,-0.0
2025-01-17 19:00:00+00:00,-0.0
2025-01-17 20:00:00+00:00,-0.0
2025-01-17 21:00:00+00:00,-0.0
2025-01-17 22:00:00+00:00,-0.0
2025-01-17 23:00:00+00:00,-0.0
2025-01-18 00:00:00+00:00,-0.0
2025-01-18 01:00:00+00:00,-0.0
2025-01-18 02:00:00+00:00,-0.0
2025-01-18 03:00:00+00:00,0.04959824229681132
2025-01-18 04:00:00+00:00,-0.0
2025-01-18 05:00:00+00:00,-0.0
2025-01-18 06:00:00+00:00,-0.0
2025-01-18 07:00:00+00:00,-0.0
2025-01-18 08:00:00+00:00,-0.0
2025-01-18 09:00:00+00:00,-0.0
2025-01-18 10:00:00+00:00,-0.0
2025-01-18 11:00:00+00:00,-0.0
2025-01-18 12:00:00+00:00,-0.0
2025-01-18 13:00:00+00:00,-0.0
2025-01-18 14:00:00+00:00,-0.0
2025-01-18 15:00:00+00:00,-0.0
2025-01-18 16:00:00+00:00,-0.0
2025-01-18 17:00:00+00:00,-0.0
2025-01-18 18:00:00+00:00,-0.0
2025-01-18 19:00:00+00:00,-0.0
2025-01-18 20:00:00+00:00,-0.0
2025-01-18 21:00:00+00:00,-0.0
2025-01-18 22:00:00+00:00,-0.0
2025-01-18 23:00:00+00:00,-0.0
2025-01-19 00:00:00+00:00,-0.0
2025-01-19 01:00:00+00:00,-0.0
2025-01-19 02:00:00+00:00,-0.0
2025-01-19 03:00:00+00:00,-0.0
2025-01-19 04:00:00+00:00,-0.0
2025-01-19 05:00:00+00:00,-0.0
2025-01-19 06:00:00+00:00,-0.0
2025-01-19 07:00:00+00:00,-0.0
2025-01-19 08:00:00+00:00,-0.0
2025-01-19 09:00:00+00:00,-0.0
2025-01-19 10:00:00+00:00,-0.0
2025-01-19 11:00:00+00:00,-0.0
2025-01-19 12:00:00+00:00,-0.0
2025-01-19 13:00:00+00:00,-0.0
2025-01-19 14:00:00+00:00,-0.0
2025-01-19 15:00:00+00:00,-0.0
2025-01-19 16:00:00+00:00,-0.0
2025-01-19 17:00:00+00:00,-0.0
2025-01-19 18:00:00+00:00,-0.0
2025-01-19 19:00:00+00:00,-0.0
2025-01-19 20:00:00+00:00,-0.0
2025-01-19 21:00:00+00:00,-0.0
2025-01-19 22:00:00+00:00,-0.0
2025-01-19 23:00:00+00:00,-0.0
2025-01-20 00:00:00+00:00,-0.0
2025-01-20 01:00:00+00:00,-0.0
2025-01-20 02:00:00+00:00,-0.0
2025-01-20 03:00:00+00:00,-0.0
2025-01-20 04:00:00+00:00,-0.0
2025-01-20 05:00:00+00:00,-0.0
2025-01-20 06:00:00+00:00,-0.0
2025-01-20 07:00:00+00:00,-0.0
2025-01-20 08:00:00+00:00,-0.0
2025-01-20 09:00:00+00:00,-0.0
2025-01-20 10:00:00+00:00,-0.0
2025-01-20 11:00:00+00:00,-0.0
2025-01-20 12:00:00+00:00,-0.0
2025-01-20 13:00:00+00:00,-0.0
2025-01-20 14:00:00+00:00,-0.0
2025-01-20 15:00:00+00:00,-0.0
2025-01-20 16:00:00+00:00,-0.0
2025-01-20 17:00:00+00:00,0.08338456515939745
2025-01-20 18:00:00+00:00,-0.0
2025-01-20 19:00:00+00:00,-0.0
2025-01-20 20:00:00+00:00,-0.0
2025-01-20 21:00:00+00:00,-0.0
2025-01-20 22:00:00+00:00,-0.0
2025-01-20 23:00:00+00:00,-0.0
2025-01-21 00:00:00+00:00,-0.0
2025-01-21 01:00:00+00:00,-0.0
2025-01-21 02:00:00+00:00,-0.0
2025-01-21 03:00:00+00:00,-0.0
2025-01-21 04:00:00+00:00,-0.0
2025-01-21 05:00:00+00:00,-0.0
2025-01-21 06:00:00+00:00,-0.0
2025-01-21 07:00:00+00:00,-0.0
2025-01-21 08:00:00+00:00,-0.0
2025-01-21 09:00:00+00:00,-0.0
2025-01-21 10:00:00+00:00,-0.0
2025-01-21 11:00:00+00:00,-0.0
2025-01-21 12:00:00+00:00,-0.0
2025-01-21 13:00:00+00:00,-0.0
2025-01-21 14:00:00+00:00,-0.0
2025-01-21 15:00:00+00:00,-0.0
2025-01-21 16:00:00+00:00,-0.0
2025-01-21 17:00:00+00:00,-0.0
2025-01-21 18:00:00+00:00,-0.0
2025-01-21 19:00:00+00:00,-0.0
2025-01-21 20:00:00+00:00,-0.0
2025-01-21 21:00:00+00:00,-0.0
2025-01-21 22:00:00+00:00,-0.0
2025-01-21 23:00:00+00:00,-0.0
2025-01-22 00:00:00+00:00,-0.0
2025-01-22 01:00:00+00:00,-0.0
2025-01-22 02:00:00+00:00,-0.0
2025-01-22 03:00:00+00:00,-0.0
2025-01-22 04:00:00+00:00,-0.0
2025-01-22 05:00:00+00:00,-0.0
2025-01-22 06:00:00+00:00,-0.0
2025-01-22 07:00:00+00:00,-0.0
2025-01-22 08:00:00+00:00,-0.0
2025-01-22 09:00:00+00:00,-0.0
2025-01-22 10:00:00+00:00,-0.0
2025-01-22 11:00:00+00:00,-0.0
2025-01-22 12:00:00+00:00,-0.0
2025-01-22 13:00:00+00:00,-0.0
2025-01-22 14:00:00+00:00,-0.0
2025-01-22 15:00:00+00:00,-0.0
2025-01-22 16:00:00+00:00,-0.0
2025-01-22 17:00:00+00:00,-0.0
2025-01-22 18:00:00+00:00,-0.0
2025-01-22 19:00:00+00:00,-0.0
2025-01-22 20:00:00+00:00,-0.0
2025-01-22 21:00:00+00:00,-0.0
2025-01-22 22:00:00+00:00,-0.0
2025-01-22 23:00:00+00:00,-0.0
2025-01-23 00:00:00+00:00,-0.0
2025-01-23 01:00:00+00:00,-0.0
2025-01-23 02:00:00+00:00,-0.0
2025-01-23 03:00:00+00:00,-0.0
2025-01-23 04:00:00+00:00,-0.0
2025-01-23 05:00:00+00:00,-0.0
2025-01-23 06:00:00+00:00,-0.0
2025-01-23 07:00:00+00:00,-0.0
2025-01-23 08:00:00+00:00,-0.0
2025-01-23 09:00:00+00:00,-0.0
2025-01-23 10:00:00+00:00,-0.0
2025-01-23 11:00:00+00:00,-0.0
2025-01-23 12:00:00+00:00,-0.0
2025-01-23 13:00:00+00:00,-0.0
2025-01-23 14:00:00+00:00,-0.0
2025-01-23 15:00:00+00:00,-0.0
2025-01-23 16:00:00+00:00,-0.0
2025-01-23 17:00:00+00:00,-0.0
2025-01-23 18:00:00+00:00,-0.0
2025-01-23 19:00:00+00:00,-0.0
2025-01-23 20:00:00+00:00,-0.0
2025-01-23 21:00:00+00:00,-0.0
2025-01-23 22:00:00+00:00,-0.0
2025-01-23 23:00:00+00:00,-0.0
2025-01-24 00:00:00+00:00,-0.0
2025-01-24 01:00:00+00:00,-0.0
2025-01-24 02:00:00+00:00,-0.0
2025-01-24 03:00:00+00:00,-0.0
2025-01-24 04:00:00+00:00,-0.0
2025-01-24 05:00:00+00:00,-0.0
2025-01-24 06:00:00+00:00,-0.0
2025-01-24 07:00:00+00:00,-0.0
2025-01-24 08:00:00+00:00,-0.0
2025-01-24 09:00:00+00:00,-0.0
2025-01-24 10:00:00+00:00,-0.0
2025-01-24 11:00:00+00:00,-0.0
2025-01-24 12:00:00+00:00,-0.0
2025-01-24 13:00:00+00:00,-0.0
2025-01-24 14:00:00+00:00,-0.0
2025-01-24 15:00:00+00:00,-0.0
2025-01-24 16:00:00+00:00,-0.0
2025-01-24 17:00:00+00:00,-0.0
2025-01-24 18:00:00+00:00,-0.0
2025-01-24 19:00:00+00:00,-0.0
2025-01-24 20:00:00+00:00,-0.0
2025-01-24 21:00:00+00:00,-0.0
2025-01-24 22:00:00+00:00,-0.0
2025-01-24 23:00:00+00:00,-0.0
2025-01-25 00:00:00+00:00,-0.0
2025-01-25 01:00:00+00:00,-0.0
2025-01-25 02:00:00+00:00,-0.0
2025-01-25 03:00:00+00:00,-0.0
2025-01-25 04:00:00+00:00,-0.0
2025-01-25 05:00:00+00:00,-0.0
2025-01-25 06:00:00+00:00,-0.0
2025-01-25 07:00:00+00:00,-0.0
2025-01-25 08:00:00+00:00,-0.0
2025-01-25 09:00:00+00:00,-0.0
2025-01-25 10:00:00+00:00,-0.0
2025-01-25 11:00:00+00:00,-0.0
2025-01-25 12:00:00+00:00,-0.0
2025-01-25 13:00:00+00:00,-0.0
2025-01-25 14:00:00+00:00,-0.0
2025-01-25 15:00:00+00:00,-0.0
2025-01-25 16:00:00+00:00,-0.0
2025-01-25 17:00:00+00:00,-0.0
2025-01-25 18:00:00+00:00,-0.0
2025-01-25 19:00:00+00:00,-0.0
2025-01-25 20:00:00+00:00,-0.0
2025-01-25 21:00:00+00:00,-0.0
2025-01-25 22:00:00+00:00,-0.0
2025-01-25 23:00:00+00:00,-0.0
2025-01-26 00:00:00+00:00,-0.0
2025-01-26 01:00:00+00:00,-0.0
2025-01-26 02:00:00+00:00,-0.0
2025-01-26 03:00:00+00:00,-0.0
2025-01-26 04:00:00+00:00,-0.0
2025-01-26 05:00:00+00:00,-0.0
2025-01-26 06:00:00+00:00,-0.0
2025-01-26 07:00:00+00:00,-0.0
2025-01-26 08:00:00+00:00,-0.0
2025-01-26 09:00:00+00:00,-0.0
2025-01-26 10:00:00+00:00,-0.0
2025-01-26 11:00:00+00:00,-0.0
2025-01-26 12:00:00+00:00,-0.0
2025-01-26 13:00:00+00:00,-0.0
2025-01-26 14:00:00+00:00,-0.0
2025-01-26 15:00:00+00:00,-0.0
2025-01-26 16:00:00+00:00,-0.0
2025-01-26 17:00:00+00:00,-0.0
2025-01-26 18:00:00+00:00,-0.0
2025-01-26 19:00:00+00:00,-0.0
2025-01-26 20:00:00+00:00,-0.0
2025-01-26 21:00:00+00:00,-0.0
2025-01-26 22:00:00+00:00,-0.0
2025-01-26 23:00:00+00:00,-0.0
2025-01-27 00:00:00+00:00,-0.0
2025-01-27 01:00:00+00:00,-0.0
2025-01-27 02:00:00+00:00,-0.0
2025-01-27 03:00:00+00:00,-0.0
2025-01-27 04:00:00+00:00,-0.0
2025-01-27 05:00:00+00:00,0.0734528014879537
2025-01-27 06:00:00+00:00,-0.0
2025-01-27 07:00:00+00:00,-0.0
2025-01-27 08:00:00+00:00,-0.0
2025-01-27 09:00:00+00:00,-0.0
2025-01-27 10:00:00+00:00,-0.0
2025-01-27 11:00:00+00:00,-0.0
2025-01-27 12:00:00+00:00,-0.0
2025-01-27 13:00:00+00:00,-0.0
2025-01-27 14:00:00+00:00,-0.0
2025-01-27 15:00:00+00:00,-0.0
2025-01-27 16:00:00+00:00,-0.0
2025-01-27 17:00:00+00:00,-0.0
2025-01-27 18:00:00+00:00,-0.0
2025-01-27 19:00:00+00:00,-0.0
2025-01-27 20:00:00+00:00,-0.0
2025-01-27 21:00:00+00:00,-0.0
2025-01-27 22:00:00+00:00,-0.0
2025-01-27 23:00:00+00:00,-0.0
2025-01-28 00:00:00+00:00,-0.0
2025-01-28 01:00:00+00:00,-0.0
2025-01-28 02:00:00+00:00,-0.0
2025-01-28 03:00:00+00:00,-0.0
2025-01-28 04:00:00+00:00,-0.0
2025-01-28 05:00:00+00:00,-0.0
2025-01-28 06:00:00+00:00,-0.0
2025-01-28 07:00:00+00:00,-0.0
2025-01-28 08:00:00+00:00,-0.0
2025-01-28 09:00:00+00:00,-0.0
2025-01-28 10:00:00+00:00,-0.0
2025-01-28 11:00:00+00:00,-0.0
2025-01-28 12:00:00+00:00,-0.0
2025-01-28 13:00:00+00:00,-0.0
2025-01-28 14:00:00+00:00,-0.0
2025-01-28 15:00:00+00:00,-0.0
2025-01-28 16:00:00+00:00,-0.0
2025-01-28 17:00:00+00:00,-0.0
2025-01-28 18:00:00+00:00,-0.0
2025-01-28 19:00:00+00:00,-0.0
2025-01-28 20:00:00+00:00,0.05223859587804829
2025-01-28 21:00:00+00:00,-0.0
2025-01-28 22:00:00+00:00,-0.0
2025-01-28 23:00:00+00:00,-0.0
2025-01-29 00:00:00+00:00,-0.0
2025-01-29 01:00:00+00:00,-0.0
2025-01-29 02:00:00+00:00,-0.0
2025-01-29 03:00:00+00:00,-0.0
2025-01-29 04:00:00+00:00,-0.0
2025-01-29 05:00:00+00:00,-0.0
2025-01-29 06:00:00+00:00,-0.0
2025-01-29 07:00:00+00:00,-0.0
2025-01-29 08:00:00+00:00,-0.0
2025-01-29 09:00:00+00:00,-0.0
2025-01-29 10:00:00+00:00,-0.0
2025-01-29 11:00:00+00:00,-0.0
2025-01-29 12:00:00+00:00,-0.0
2025-01-29 13:00:00+00:00,-0.0
2025-01-29 14:00:00+00:00,-0.0
2025-01-29 15:00:00+00:00,-0.0
2025-01-29 16:00:00+00:00,-0.0
2025-01-29 17:00:00+00:00,-0.0
2025-01-29 18:00:00+00:00,-0.0
2025-01-29 19:00:00+00:00,-0.0
2025-01-29 20:00:00+00:00,-0.0
2025-01-29 21:00:00+00:00,-0.0
2025-01-29 22:00:00+00:00,-0.0
2025-01-29 23:00:00+00:00,-0.0
2025-01-30 00:00:00+00:00,-0.0
2025-01-30 01:00:00+00:00,-0.0
2025-01-30 02:00:00+00:00,-0.0
2025-01-30 03:00:00+00:00,-0.0
2025-01-30 04:00:00+00:00,-0.0
2025-01-30 05:00:00+00:00,-0.0
2025-01-30 06:00:00+00:00,-0.0
2025-01-30 07:00:00+00:00,-0.0
2025-01-30 08:00:00+00:00,-0.0
2025-01-30 09:00:00+00:00,-0.0
2025-01-30 10:00:00+00:00,-0.0
2025-01-30 11:00:00+00:00,-0.0
2025-01-30 12:00:00+00:00,-0.0
2025-01-30 13:00:00+00:00,-0.0
2025-01-30 14:00:00+00:00,-0.0
2025-01-30 15:00:00+00:00,-0.0
2025-01-30 16:00:00+00:00,-0.0
2025-01-30 17:00:00+00:00,-0.0
2025-01-30 18:00:00+00:00,-0.0
2025-01-30 19:00:00+00:00,-0.0
2025-01-30 20:00:00+00:00,-0.0
2025-01-30 21:00:00+00:00,-0.0
2025-01-30 22:00:00+00:00,-0.0
2025-01-30 23:00:00+00:00,-0.0
2025-01-31 00:00:00+00:00,-0.0
2025-01-31 01:00:00+00:00,-0.0
2025-01-31 02:00:00+00:00,-0.0
2025-01-31 03:00:00+00:00,-0.0
2025-01-31 04:00:00+00:00,-0.0
2025-01-31 05:00:00+00:00,-0.0
2025-01-31 06:00:00+00:00,-0.0
2025-01-31 07:00:00+00:00,-0.0
2025-01-31 08:00:00+00:00,-0.0
2025-01-31 09:00:00+00:00,-0.0
2025-01-31 10:00:00+00:00,-0.0
2025-01-31 11:00:00+00:00,-0.0
2025-01-31 12:00:00+00:00,-0.0
2025-01-31 13:00:00+00:00,-0.0
2025-01-31 14:00:00+00:00,-0.0
2025-01-31 15:00:00+00:00,-0.0
2025-01-31 16:00:00+00:00,-0.0
2025-01-31 17:00:00+00:00,-0.0
2025-01-31 18:00:00+00:00,-0.0
2025-01-31 19:00:00+00:00,-0.0
2025-01-31 20:00:00+00:00,-0.0
2025-01-31 21:00:00+00:00,-0.0
2025-01-31 22:00:00+00:00,-0.0
2025-01-31 23:00:00+00:00,-0.0
2025-02-01 00:00:00+00:00,-0.0
2025-02-01 01:00:00+00:00,-0.0
2025-02-01 02:00:00+00:00,-0.0
2025-02-01 03:00:00+00:00,-0.0
2025-02-01 04:00:00+00:00,-0.0
2025-02-01 05:00:00+00:00,-0.0
2025-02-01 06:00:00+00:00,-0.0
2025-02-01 07:00:00+00:00,-0.0
2025-02-01 08:00:00+00:00,-0.0
2025-02-01 09:00:00+00:00,-0.0
2025-02-01 10:00:00+00:00,-0.0
2025-02-01 11:00:00+00:00,-0.0
2025-02-01 12:00:00+00:00,-0.0
2025-02-01 13:00:00+00:00,-0.0
2025-02-01 14:00:00+00:00,-0.0
2025-02-01 15:00:00+00:00,-0.0
2025-02-01 16:00:00+00:00,-0.0
2025-02-01 17:00:00+00:00,-0.0
2025-02-01 18:00:00+00:00,-0.0
2025-02-01 19:00:00+00:00,-0.0
2025-02-01 20:00:00+00:00,-0.0
2025-02-01 21:00:00+00:00,-0.0
2025-02-01 22:00:00+00:00,-0.0
2025-02-01 23:00:00+00:00,-0.0
2025-02-02 00:00:00+00:00,-0.0
2025-02-02 01:00:00+00:00,-0.0
2025-02-02 02:00:00+00:00,-0.0
2025-02-02 03:00:00+00:00,-0.0
2025-02-02 04:00:00+00:00,-0.0
2025-02-02 05:00:00+00:00,-0.0
2025-02-02 06:00:00+00:00,-0.0
2025-02-02 07:00:00+00:00,-0.0
2025-02-02 08:00:00+00:00,-0.0
2025-02-02 09:00:00+00:00,-0.0
2025-02-02 10:00:00+00:00,-0.0
2025-02-02 11:00:00+00:00,-0.0
2025-02-02 12:00:00+00:00,-0.0
2025-02-02 13:00:00+00:00,-0.0
2025-02-02 14:00:00+00:00,-0.0
2025-02-02 15:00:00+00:00,-0.0
2025-02-02 16:00:00+00:00,-0.0
2025-02-02 17:00:00+00:00,-0.0
2025-02-02 18:00:00+00:00,-0.0
2025-02-02 19:00:00+00:00,-0.0
2025-02-02 20:00:00+00:00,-0.0
2025-02-02 21:00:00+00:00,-0.0
2025-02-02 22:00:00+00:00,-0.0
2025-02-02 23:00:00+00:00,-0.0
2025-02-03 00:00:00+00:00,-0.0
2025-02-03 01:00:00+00:00,-0.0
2025-02-03 02:00:00+00:00,-0.0
2025-02-03 03:00:00+00:00,-0.0
2025-02-03 04:00:00+00:00,-0.0
2025-02-03 05:00:00+00:00,-0.0
2025-02-03 06:00:00+00:00,-0.0
2025-02-03 07:00:00+00:00,-0.0
2025-02-03 08:00:00+00:00,-0.0
2025-02-03 09:00:00+00:00,-0.0
2025-02-03 10:00:00+00:00,-0.0
2025-02-03 11:00:00+00:00,-0.0
2025-02-03 12:00:00+00:00,-0.0
2025-02-03 13:00:00+00:00,-0.0
2025-02-03 14:00:00+00:00,-0.0
2025-02-03 15:00:00+00:00,-0.0
2025-02-03 16:00:00+00:00,-0.0
2025-02-03 17:00:00+00:00,-0.0
2025-02-03 18:00:00+00:00,-0.0
2025-02-03 19:00:00+00:00,-0.0
2025-02-03 20:00:00+00:00,-0.0
2025-02-03 21:00:00+00:00,-0.0
2025-02-03 22:00:00+00:00,-0.0
2025-02-03 23:00:00+00:00,-0.0
2025-02-04 00:00:00+00:00,-0.0
2025-02-04 01:00:00+00:00,-0.0
2025-02-04 02:00:00+00:00,-0.0
2025-02-04 03:00:00+00:00,-0.0
2025-02-04 04:00:00+00:00,-0.0
2025-02-04 05:00:00+00:00,-0.0
2025-02-04 06:00:00+00:00,-0.0
2025-02-04 07:00:00+00:00,-0.0
2025-02-04 08:00:00+00:00,-0.0
2025-02-04 09:00:00+00:00,-0.0
2025-02-04 10:00:00+00:00,-0.0
2025-02-04 11:00:00+00:00,-0.0
2025-02-04 12:00:00+00:00,-0.0
2025-02-04 13:00:00+00:00,-0.0
2025-02-04 14:00:00+00:00,-0.0
2025-02-04 15:00:00+00:00,-0.0
2025-02-04 16:00:00+00:00,-0.0
2025-02-04 17:00:00+00:00,-0.0
2025-02-04 18:00:00+00:00,-0.0
2025-02-04 19:00:00+00:00,-0.0
2025-02-04 20:00:00+00:00,-0.0
2025-02-04 21:00:00+00:00,-0.0
2025-02-04 22:00:00+00:00,-0.0
2025-02-04 23:00:00+00:00,-0.0
2025-02-05 00:00:00+00:00,-0.0
2025-02-05 01:00:00+00:00,-0.0
2025-02-05 02:00:00+00:00,-0.0
2025-02-05 03:00:00+00:00,-0.0
2025-02-05 04:00:00+00:00,-0.0
2025-02-05 05:00:00+00:00,-0.0
2025-02-05 06:00:00+00:00,-0.0
2025-02-05 07:00:00+00:00,-0.0
2025-02-05 08:00:00+00:00,-0.0
2025-02-05 09:00:00+00:00,-0.0
2025-02-05 10:00:00+00:00,-0.0
2025-02-05 11:00:00+00:00,-0.0
2025-02-05 12:00:00+00:00,-0.0
2025-02-05 13:00:00+00:00,-0.0
2025-02-05 14:00:00+00:00,-0.0
2025-02-05 15:00:00+00:00,-0.0
2025-02-05 16:00:00+00:00,-0.0
2025-02-05 17:00:00+00:00,-0.0
2025-02-05 18:00:00+00:00,-0.0
2025-02-05 19:00:00+00:00,-0.0
2025-02-05 20:00:00+00:00,-0.0
2025-02-05 21:00:00+00:00,-0.0
2025-02-05 22:00:00+00:00,-0.0
2025-02-05 23:00:00+00:00,-0.0
2025-02-06 00:00:00+00:00,-0.0
2025-02-06 01:00:00+00:00,-0.0
2025-02-06 02:00:00+00:00,-0.0
2025-02-06 03:00:00+00:00,-0.0
2025-02-06 04:00:00+00:00,-0.0
2025-02-06 05:00:00+00:00,-0.0
2025-02-06 06:00:00+00:00,-0.0
2025-02-06 07:00:00+00:00,-0.0
2025-02-06 08:00:00+00:00,-0.0
2025-02-06 09:00:00+00:00,-0.0
2025-02-06 10:00:00+00:00,-0.0
2025-02-06 11:00:00+00:00,-0.0
2025-02-06 12:00:00+00:00,-0.0
2025-02-06 13:00:00+00:00,-0.0
2025-02-06 14:00:00+00:00,-0.0
2025-02-06 15:00:00+00:00,-0.0
2025-02-06 16:00:00+00:00,-0.0
2025-02-06 17:00:00+00:00,-0.0
2025-02-06 18:00:00+00:00,-0.0
2025-02-06 19:00:00+00:00,-0.0
2025-02-06 20:00:00+00:00,-0.0
2025-02-06 21:00:00+00:00,-0.0
2025-02-06 22:00:00+00:00,-0.0
2025-02-06 23:00:00+00:00,-0.0
2025-02-07 00:00:00+00:00,-0.0
2025-02-07 01:00:00+00:00,-0.0
2025-02-07 02:00:00+00:00,-0.0
2025-02-07 03:00:00+00:00,-0.0
2025-02-07 04:00:00+00:00,-0.0
2025-02-07 05:00:00+00:00,-0.0
2025-02-07 06:00:00+00:00,-0.0
2025-02-07 07:00:00+00:00,-0.0
2025-02-07 08:00:00+00:00,-0.0
2025-02-07 09:00:00+00:00,-0.0
2025-02-07 10:00:00+00:00,-0.0
2025-02-07 11:00:00+00:00,-0.0
2025-02-07 12:00:00+00:00,-0.0
2025-02-07 13:00:00+00:00,-0.0
2025-02-07 14:00:00+00:00,-0.0
2025-02-07 15:00:00+00:00,-0.0
2025-02-07 16:00:00+00:00,-0.0
2025-02-07 17:00:00+00:00,-0.0
2025-02-07 18:00:00+00:00,-0.0
2025-02-07 19:00:00+00:00,-0.0
2025-02-07 20:00:00+00:00,0.11855254378565601
2025-02-07 21:00:00+00:00,-0.0
2025-02-07 22:00:00+00:00,-0.0
2025-02-07 23:00:00+00:00,-0.0
2025-02-08 00:00:00+00:00,-0.0
2025-02-08 01:00:00+00:00,-0.0
2025-02-08 02:00:00+00:00,-0.0
2025-02-08 03:00:00+00:00,-0.0
2025-02-08 04:00:00+00:00,-0.0
2025-02-08 05:00:00+00:00,-0.0
2025-02-08 06:00:00+00:00,-0.0
2025-02-08 07:00:00+00:00,-0.0
2025-02-08 08:00:00+00:00,-0.0
2025-02-08 09:00:00+00:00,-0.0
2025-02-08 10:00:00+00:00,-0.0
2025-02-08 11:00:00+00:00,-0.0
2025-02-08 12:00:00+00:00,-0.0
2025-02-08 13:00:00+00:00,-0.0
2025-02-08 14:00:00+00:00,-0.0
2025-02-08 15:00:00+00:00,-0.0
2025-02-08 16:00:00+00:00,-0.0
2025-02-08 17:00:00+00:00,-0.0
2025-02-08 18:00:00+00:00,-0.0
2025-02-08 19:00:00+00:00,-0.0
2025-02-08 20:00:00+00:00,-0.0
2025-02-08 21:00:00+00:00,-0.0
2025-02-08 22:00:00+00:00,-0.0
2025-02-08 23:00:00+00:00,-0.0
2025-02-09 00:00:00+00:00,-0.0
2025-02-09 01:00:00+00:00,-0.0
2025-02-09 02:00:00+00:00,-0.0
2025-02-09 03:00:00+00:00,-0.0
2025-02-09 04:00:00+00:00,-0.0
2025-02-09 05:00:00+00:00,-0.0
2025-02-09 06:00:00+00:00,-0.0
2025-02-09 07:00:00+00:00,-0.0
2025-02-09 08:00:00+00:00,-0.0
2025-02-09 09:00:00+00:00,-0.0
2025-02-09 10:00:00+00:00,-0.0
2025-02-09 11:00:00+00:00,-0.0
2025-02-09 12:00:00+00:00,0.027012325240135752
2025-02-09 13:00:00+00:00,-0.0
2025-02-09 14:00:00+00:00,-0.0
2025-02-09 15:00:00+00:00,-0.0
2025-02-09 16:00:00+00:00,-0.0
2025-02-09 17:00:00+00:00,-0.0
2025-02-09 18:00:00+00:00,-0.0
2025-02-09 19:00:00+00:00,-0.0
2025-02-09 20:00:00+00:00,-0.0
2025-02-09 21:00:00+00:00,0.05346626708713565
2025-02-09 22:00:00+00:00,-0.0
2025-02-09 23:00:00+00:00,-0.0
2025-02-10 00:00:00+00:00,-0.0
2025-02-10 01:00:00+00:00,-0.0
2025-02-10 02:00:00+00:00,-0.0
2025-02-10 03:00:00+00:00,-0.0
2025-02-10 04:00:00+00:00,-0.0
2025-02-10 05:00:00+00:00,-0.0
2025-02-10 06:00:00+00:00,-0.0
2025-02-10 07:00:00+00:00,-0.0
2025-02-10 08:00:00+00:00,-0.0
2025-02-10 09:00:00+00:00,-0.0
2025-02-10 10:00:00+00:00,-0.0
2025-02-10 11:00:00+00:00,-0.0
2025-02-10 12:00:00+00:00,-0.0
2025-02-10 13:00:00+00:00,-0.0
2025-02-10 14:00:00+00:00,-0.0
2025-02-10 15:00:00+00:00,-0.0
2025-02-10 16:00:00+00:00,-0.0
2025-02-10 17:00:00+00:00,-0.0
2025-02-10 18:00:00+00:00,-0.0
2025-02-10 19:00:00+00:00,-0.0
2025-02-10 20:00:00+00:00,-0.0
2025-02-10 21:00:00+00:00,-0.0
2025-02-10 22:00:00+00:00,-0.0
2025-02-10 23:00:00+00:00,-0.0
2025-02-11 00:00:00+00:00,-0.0
2025-02-11 01:00:00+00:00,-0.0
2025-02-11 02:00:00+00:00,-0.0
2025-02-11 03:00:00+00:00,-0.0
2025-02-11 04:00:00+00:00,-0.0
2025-02-11 05:00:00+00:00,-0.0
2025-02-11 06:00:00+00:00,-0.0
2025-02-11 07:00:00+00:00,-0.0
2025-02-11 08:00:00+00:00,-0.0
2025-02-11 09:00:00+00:00,-0.0
2025-02-11 10:00:00+00:00,-0.0
2025-02-11 11:00:00+00:00,-0.0
2025-02-11 12:00:00+00:00,-0.0
2025-02-11 13:00:00+00:00,-0.0
2025-02-11 14:00:00+00:00,-0.0
2025-02-11 15:00:00+00:00,-0.0
2025-02-11 16:00:00+00:00,-0.0
2025-02-11 17:00:00+00:00,-0.0
2025-02-11 18:00:00+00:00,-0.0
2025-02-11 19:00:00+00:00,-0.0
2025-02-11 20:00:00+00:00,-0.0
2025-02-11 21:00:00+00:00,-0.0
2025-02-11 22:00:00+00:00,-0.0
2025-02-11 23:00:00+00:00,-0.0
2025-02-12 00:00:00+00:00,-0.0
2025-02-12 01:00:00+00:00,-0.0
2025-02-12 02:00:00+00:00,-0.0
2025-02-12 03:00:00+00:00,-0.0
2025-02-12 04:00:00+00:00,-0.0
2025-02-12 05:00:00+00:00,-0.0
2025-02-12 06:00:00+00:00,-0.0
2025-02-12 07:00:00+00:00,-0.0
2025-02-12 08:00:00+00:00,-0.0
2025-02-12 09:00:00+00:00,-0.0
2025-02-12 10:00:00+00:00,-0.0
2025-02-12 11:00:00+00:00,-0.0
2025-02-12 12:00:00+00:00,-0.0
2025-02-12 13:00:00+00:00,-0.0
2025-02-12 14:00:00+00:00,-0.0
2025-02-12 15:00:00+00:00,-0.0
2025-02-12 16:00:00+00:00,-0.0
2025-02-12 17:00:00+00:00,-0.0
2025-02-12 18:00:00+00:00,-0.0
2025-02-12 19:00:00+00:00,-0.0
2025-02-12 20:00:00+00:00,-0.0
2025-02-12 21:00:00+00:00,-0.0
2025-02-12 22:00:00+00:00,-0.0
2025-02-12 23:00:00+00:00,-0.0
2025-02-13 00:00:00+00:00,-0.0
2025-02-13 01:00:00+00:00,-0.0
2025-02-13 02:00:00+00:00,-0.0
2025-02-13 03:00:00+00:00,-0.0
2025-02-13 04:00:00+00:00,-0.0
2025-02-13 05:00:00+00:00,-0.0
2025-02-13 06:00:00+00:00,-0.0
2025-02-13 07:00:00+00:00,0.0247161443818183
2025-02-13 08:00:00+00:00,-0.0
2025-02-13 09:00:00+00:00,-0.0
2025-02-13 10:00:00+00:00,-0.0
2025-02-13 11:00:00+00:00,-0.0
2025-02-13 12:00:00+00:00,-0.0
2025-02-13 13:00:00+00:00,-0.0
2025-02-13 14:00:00+00:00,-0.0
2025-02-13 15:00:00+00:00,-0.0
2025-02-13 16:00:00+00:00,-0.0
2025-02-13 17:00:00+00:00,-0.0
2025-02-13 18:00:00+00:00,-0.0
2025-02-13 19:00:00+00:00,-0.0
2025-02-13 20:00:00+00:00,-0.0
2025-02-13 21:00:00+00:00,-0.0
2025-02-13 22:00:00+00:00,-0.0
2025-02-13 23:00:00+00:00,-0.0
2025-02-14 00:00:00+00:00,-0.0
2025-02-14 01:00:00+00:00,-0.0
2025-02-14 02:00:00+00:00,-0.0
2025-02-14 03:00:00+00:00,-0.0
2025-02-14 04:00:00+00:00,-0.0
2025-02-14 05:00:00+00:00,-0.0
2025-02-14 06:00:00+00:00,-0.0
2025-02-14 07:00:00+00:00,-0.0
2025-02-14 08:00:00+00:00,-0.0
2025-02-14 09:00:00+00:00,-0.0
2025-02-14 10:00:00+00:00,-0.0
2025-02-14 11:00:00+00:00,-0.0
2025-02-14 12:00:00+00:00,-0.0
2025-02-14 13:00:00+00:00,-0.0
2025-02-14 14:00:00+00:00,-0.0
2025-02-14 15:00:00+00:00,-0.0
2025-02-14 16:00:00+00:00,-0.0
2025-02-14 17:00:00+00:00,-0.0
2025-02-14 18:00:00+00:00,-0.0
2025-02-14 19:00:00+00:00,-0.0
2025-02-14 20:00:00+00:00,-0.0
2025-02-14 21:00:00+00:00,-0.0
2025-02-14 22:00:00+00:00,-0.0
2025-02-14 23:00:00+00:00,-0.0
2025-02-15 00:00:00+00:00,-0.0
2025-02-15 01:00:00+00:00,-0.0
2025-02-15 02:00:00+00:00,-0.0
2025-02-15 03:00:00+00:00,-0.0
2025-02-15 04:00:00+00:00,-0.0
2025-02-15 05:00:00+00:00,-0.0
2025-02-15 06:00:00+00:00,-0.0
2025-02-15 07:00:00+00:00,-0.0
2025-02-15 08:00:00+00:00,-0.0
2025-02-15 09:00:00+00:00,-0.0
2025-02-15 10:00:00+00:00,-0.0
2025-02-15 11:00:00+00:00,-0.0
2025-02-15 12:00:00+00:00,-0.0
2025-02-15 13:00:00+00:00,-0.0
2025-02-15 14:00:00+00:00,-0.0
2025-02-15 15:00:00+00:00,-0.0
2025-02-15 16:00:00+00:00,-0.0
2025-02-15 17:00:00+00:00,-0.0
2025-02-15 18:00:00+00:00,-0.0
2025-02-15 19:00:00+00:00,-0.0
2025-02-15 20:00:00+00:00,-0.0
2025-02-15 21:00:00+00:00,-0.0
2025-02-15 22:00:00+00:00,-0.0
2025-02-15 23:00:00+00:00,-0.0
2025-02-16 00:00:00+00:00,-0.0
2025-02-16 01:00:00+00:00,-0.0
2025-02-16 02:00:00+00:00,-0.0
2025-02-16 03:00:00+00:00,-0.0
2025-02-16 04:00:00+00:00,-0.0
2025-02-16 05:00:00+00:00,-0.0
2025-02-16 06:00:00+00:00,-0.0
2025-02-16 07:00:00+00:00,-0.0
2025-02-16 08:00:00+00:00,-0.0
2025-02-16 09:00:00+00:00,-0.0
2025-02-16 10:00:00+00:00,-0.0
2025-02-16 11:00:00+00:00,-0.0
2025-02-16 12:00:00+00:00,-0.0
2025-02-16 13:00:00+00:00,-0.0
2025-02-16 14:00:00+00:00,-0.0
2025-02-16 15:00:00+00:00,-0.0
2025-02-16 16:00:00+00:00,-0.0
2025-02-16 17:00:00+00:00,-0.0
2025-02-16 18:00:00+00:00,-0.0
2025-02-16 19:00:00+00:00,-0.0
2025-02-16 20:00:00+00:00,-0.0
2025-02-16 21:00:00+00:00,-0.0
2025-02-16 22:00:00+00:00,-0.0
2025-02-16 23:00:00+00:00,-0.0
2025-02-17 00:00:00+00:00,-0.0
2025-02-17 01:00:00+00:00,-0.0
2025-02-17 02:00:00+00:00,-0.0
2025-02-17 03:00:00+00:00,-0.0
2025-02-17 04:00:00+00:00,-0.0
2025-02-17 05:00:00+00:00,-0.0
2025-02-17 06:00:00+00:00,-0.0
2025-02-17 07:00:00+00:00,-0.0
2025-02-17 08:00:00+00:00,-0.0
2025-02-17 09:00:00+00:00,-0.0
2025-02-17 10:00:00+00:00,-0.0
2025-02-17 11:00:00+00:00,-0.0
2025-02-17 12:00:00+00:00,-0.0
2025-02-17 13:00:00+00:00,-0.0
2025-02-17 14:00:00+00:00,-0.0
2025-02-17 15:00:00+00:00,-0.0
2025-02-17 16:00:00+00:00,-0.0
2025-02-17 17:00:00+00:00,-0.0
2025-02-17 18:00:00+00:00,-0.0
2025-02-17 19:00:00+00:00,-0.001805739254132173
2025-02-17 20:00:00+00:00,-0.0
2025-02-17 21:00:00+00:00,-0.0
2025-02-17 22:00:00+00:00,-0.0
2025-02-17 23:00:00+00:00,-0.0
2025-02-18 00:00:00+00:00,-0.0
2025-02-18 01:00:00+00:00,-0.0
2025-02-18 02:00:00+00:00,-0.0
2025-02-18 03:00:00+00:00,-0.0
2025-02-18 04:00:00+00:00,-0.0
2025-02-18 05:00:00+00:00,-0.0
2025-02-18 06:00:00+00:00,-0.0
2025-02-18 07:00:00+00:00,-0.0
2025-02-18 08:00:00+00:00,-0.0
2025-02-18 09:00:00+00:00,-0.0
2025-02-18 10:00:00+00:00,-0.0
2025-02-18 11:00:00+00:00,-0.0
2025-02-18 12:00:00+00:00,-0.0
2025-02-18 13:00:00+00:00,-0.0
2025-02-18 14:00:00+00:00,-0.0
2025-02-18 15:00:00+00:00,-0.0
2025-02-18 16:00:00+00:00,-0.0
2025-02-18 17:00:00+00:00,-0.0
2025-02-18 18:00:00+00:00,-0.0
2025-02-18 19:00:00+00:00,-0.0
2025-02-18 20:00:00+00:00,-0.0
2025-02-18 21:00:00+00:00,-0.0
2025-02-18 22:00:00+00:00,-0.0
2025-02-18 23:00:00+00:00,-0.0
2025-02-19 00:00:00+00:00,-0.0
2025-02-19 01:00:00+00:00,-0.0
2025-02-19 02:00:00+00:00,-0.0
2025-02-19 03:00:00+00:00,-0.0
2025-02-19 04:00:00+00:00,-0.0
2025-02-19 05:00:00+00:00,-0.0
2025-02-19 06:00:00+00:00,-0.0
2025-02-19 07:00:00+00:00,-0.0
2025-02-19 08:00:00+00:00,-0.0
2025-02-19 09:00:00+00:00,-0.0
2025-02-19 10:00:00+00:00,-0.0
2025-02-19 11:00:00+00:00,-0.0
2025-02-19 12:00:00+00:00,-0.0
2025-02-19 13:00:00+00:00,-0.0
2025-02-19 14:00:00+00:00,-0.0
2025-02-19 15:00:00+00:00,-0.0
2025-02-19 16:00:00+00:00,-0.0
2025-02-19 17:00:00+00:00,-0.0
2025-02-19 18:00:00+00:00,-0.0
2025-02-19 19:00:00+00:00,-0.0
2025-02-19 20:00:00+00:00,-0.0
2025-02-19 21:00:00+00:00,-0.0
2025-02-19 22:00:00+00:00,-0.0
2025-02-19 23:00:00+00:00,-0.0
2025-02-20 00:00:00+00:00,-0.0
2025-02-20 01:00:00+00:00,-0.0
2025-02-20 02:00:00+00:00,-0.0
2025-02-20 03:00:00+00:00,-0.0
2025-02-20 04:00:00+00:00,-0.0
2025-02-20 05:00:00+00:00,-0.0
2025-02-20 06:00:00+00:00,-0.0
2025-02-20 07:00:00+00:00,-0.0
2025-02-20 08:00:00+00:00,-0.0
2025-02-20 09:00:00+00:00,-0.0
2025-02-20 10:00:00+00:00,-0.0
2025-02-20 11:00:00+00:00,-0.0
2025-02-20 12:00:00+00:00,-0.0
2025-02-20 13:00:00+00:00,-0.0
2025-02-20 14:00:00+00:00,-0.0
2025-02-20 15:00:00+00:00,-0.0
2025-02-20 16:00:00+00:00,-0.0
2025-02-20 17:00:00+00:00,-0.0
2025-02-20 18:00:00+00:00,-0.0
2025-02-20 19:00:00+00:00,-0.0
2025-02-20 20:00:00+00:00,-0.0
2025-02-20 21:00:00+00:00,-0.0
2025-02-20 22:00:00+00:00,-0.0
2025-02-20 23:00:00+00:00,-0.0
2025-02-21 00:00:00+00:00,-0.0
2025-02-21 01:00:00+00:00,-0.0
2025-02-21 02:00:00+00:00,-0.0
2025-02-21 03:00:00+00:00,-0.0
2025-02-21 04:00:00+00:00,-0.0
2025-02-21 05:00:00+00:00,-0.0
2025-02-21 06:00:00+00:00,-0.0
2025-02-21 07:00:00+00:00,-0.0
2025-02-21 08:00:00+00:00,-0.0
2025-02-21 09:00:00+00:00,-0.0
2025-02-21 10:00:00+00:00,-0.0
2025-02-21 11:00:00+00:00,-0.0
2025-02-21 12:00:00+00:00,-0.0
2025-02-21 13:00:00+00:00,-0.0
2025-02-21 14:00:00+00:00,-0.0
2025-02-21 15:00:00+00:00,-0.0
2025-02-21 16:00:00+00:00,-0.0
2025-02-21 17:00:00+00:00,-0.0
2025-02-21 18:00:00+00:00,-0.0
2025-02-21 19:00:00+00:00,0.040912251937333055
2025-02-21 20:00:00+00:00,-0.0
2025-02-21 21:00:00+00:00,-0.0
2025-02-21 22:00:00+00:00,-0.0
2025-02-21 23:00:00+00:00,-0.0
2025-02-22 00:00:00+00:00,-0.0
2025-02-22 01:00:00+00:00,-0.0
2025-02-22 02:00:00+00:00,-0.0
2025-02-22 03:00:00+00:00,-0.0
2025-02-22 04:00:00+00:00,-0.0
2025-02-22 05:00:00+00:00,-0.0
2025-02-22 06:00:00+00:00,-0.0
2025-02-22 07:00:00+00:00,-0.0
2025-02-22 08:00:00+00:00,-0.0
2025-02-22 09:00:00+00:00,-0.0
2025-02-22 10:00:00+00:00,-0.0
2025-02-22 11:00:00+00:00,-0.0
2025-02-22 12:00:00+00:00,-0.0
2025-02-22 13:00:00+00:00,-0.0
2025-02-22 14:00:00+00:00,-0.0
2025-02-22 15:00:00+00:00,-0.0
2025-02-22 16:00:00+00:00,-0.0
2025-02-22 17:00:00+00:00,-0.0
2025-02-22 18:00:00+00:00,-0.0
2025-02-22 19:00:00+00:00,-0.0
2025-02-22 20:00:00+00:00,-0.0
2025-02-22 21:00:00+00:00,-0.0
2025-02-22 22:00:00+00:00,-0.0
2025-02-22 23:00:00+00:00,-0.0
2025-02-23 00:00:00+00:00,-0.0
2025-02-23 01:00:00+00:00,-0.0
2025-02-23 02:00:00+00:00,-0.0
2025-02-23 03:00:00+00:00,-0.0
2025-02-23 04:00:00+00:00,-0.0
2025-02-23 05:00:00+00:00,-0.0
2025-02-23 06:00:00+00:00,-0.0
2025-02-23 07:00:00+00:00,-0.0
2025-02-23 08:00:00+00:00,-0.0
2025-02-23 09:00:00+00:00,-0.0
2025-02-23 10:00:00+00:00,-0.0
2025-02-23 11:00:00+00:00,-0.0
2025-02-23 12:00:00+00:00,-0.0
2025-02-23 13:00:00+00:00,-0.0
2025-02-23 14:00:00+00:00,-0.0
2025-02-23 15:00:00+00:00,-0.0
2025-02-23 16:00:00+00:00,-0.0
2025-02-23 17:00:00+00:00,-0.0
2025-02-23 18:00:00+00:00,-0.0
2025-02-23 19:00:00+00:00,-0.0
2025-02-23 20:00:00+00:00,-0.0
2025-02-23 21:00:00+00:00,-0.0
2025-02-23 22:00:00+00:00,-0.0
2025-02-23 23:00:00+00:00,-0.0
2025-02-24 00:00:00+00:00,-0.0
2025-02-24 01:00:00+00:00,-0.0
2025-02-24 02:00:00+00:00,-0.0
2025-02-24 03:00:00+00:00,0.044470895909506196
2025-02-24 04:00:00+00:00,-0.0
2025-02-24 05:00:00+00:00,-0.0
2025-02-24 06:00:00+00:00,-0.0
2025-02-24 07:00:00+00:00,-0.0
2025-02-24 08:00:00+00:00,-0.0
2025-02-24 09:00:00+00:00,-0.0
2025-02-24 10:00:00+00:00,-0.0
2025-02-24 11:00:00+00:00,-0.0
2025-02-24 12:00:00+00:00,-0.0
2025-02-24 13:00:00+00:00,-0.0
2025-02-24 14:00:00+00:00,-0.0
2025-02-24 15:00:00+00:00,-0.0
2025-02-24 16:00:00+00:00,-0.0
2025-02-24 17:00:00+00:00,-0.0
2025-02-24 18:00:00+00:00,-0.0
2025-02-24 19:00:00+00:00,-0.0
2025-02-24 20:00:00+00:00,-0.0
2025-02-24 21:00:00+00:00,-0.0
2025-02-24 22:00:00+00:00,-0.0
2025-02-24 23:00:00+00:00,-0.0
2025-02-25 00:00:00+00:00,-0.0
2025-02-25 01:00:00+00:00,-0.0
2025-02-25 02:00:00+00:00,-0.0
2025-02-25 03:00:00+00:00,-0.0
2025-02-25 04:00:00+00:00,-0.0
2025-02-25 05:00:00+00:00,-0.0
2025-02-25 06:00:00+00:00,-0.0
2025-02-25 07:00:00+00:00,-0.0
2025-02-25 08:00:00+00:00,-0.0
2025-02-25 09:00:00+00:00,-0.0
2025-02-25 10:00:00+00:00,-0.0
2025-02-25 11:00:00+00:00,-0.0
2025-02-25 12:00:00+00:00,-0.0
2025-02-25 13:00:00+00:00,-0.0
2025-02-25 14:00:00+00:00,-0.0
2025-02-25 15:00:00+00:00,-0.0
2025-02-25 16:00:00+00:00,-0.0
2025-02-25 17:00:00+00:00,-0.0
2025-02-25 18:00:00+00:00,-0.0
2025-02-25 19:00:00+00:00,-0.0
2025-02-25 20:00:00+00:00,-0.0
2025-02-25 21:00:00+00:00,-0.0
2025-02-25 22:00:00+00:00,-0.0
2025-02-25 23:00:00+00:00,-0.0
2025-02-26 00:00:00+00:00,-0.0
2025-02-26 01:00:00+00:00,-0.0
2025-02-26 02:00:00+00:00,-0.0
2025-02-26 03:00:00+00:00,-0.0
2025-02-26 04:00:00+00:00,-0.0
2025-02-26 05:00:00+00:00,-0.0
2025-02-26 06:00:00+00:00,-0.0
2025-02-26 07:00:00+00:00,-0.0
2025-02-26 08:00:00+00:00,-0.0
2025-02-26 09:00:00+00:00,-0.0
2025-02-26 10:00:00+00:00,-0.0
2025-02-26 11:00:00+00:00,-0.0
2025-02-26 12:00:00+00:00,-0.0
2025-02-26 13:00:00+00:00,-0.0
2025-02-26 14:00:00+00:00,-0.0
2025-02-26 15:00:00+00:00,-0.0
2025-02-26 16:00:00+00:00,-0.0
2025-02-26 17:00:00+00:00,-0.0
2025-02-26 18:00:00+00:00,-0.0
2025-02-26 19:00:00+00:00,-0.0
2025-02-26 20:00:00+00:00,-0.0
2025-02-26 21:00:00+00:00,-0.0
2025-02-26 22:00:00+00:00,-0.0
2025-02-26 23:00:00+00:00,-0.0
2025-02-27 00:00:00+00:00,-0.0
2025-02-27 01:00:00+00:00,-0.0
2025-02-27 02:00:00+00:00,-0.0
2025-02-27 03:00:00+00:00,-0.0
2025-02-27 04:00:00+00:00,-0.0
2025-02-27 05:00:00+00:00,-0.0
2025-02-27 06:00:00+00:00,-0.0
2025-02-27 07:00:00+00:00,-0.0
2025-02-27 08:00:00+00:00,-0.0
2025-02-27 09:00:00+00:00,-0.0
2025-02-27 10:00:00+00:00,-0.0
2025-02-27 11:00:00+00:00,-0.0
2025-02-27 12:00:00+00:00,-0.0
2025-02-27 13:00:00+00:00,-0.0
2025-02-27 14:00:00+00:00,-0.0
2025-02-27 15:00:00+00:00,-0.0
2025-02-27 16:00:00+00:00,-0.0
2025-02-27 17:00:00+00:00,-0.0
2025-02-27 18:00:00+00:00,-0.0
2025-02-27 19:00:00+00:00,-0.0
2025-02-27 20:00:00+00:00,-0.0
2025-02-27 21:00:00+00:00,-0.0
2025-02-27 22:00:00+00:00,-0.0
2025-02-27 23:00:00+00:00,-0.0
2025-02-28 00:00:00+00:00,-0.0
2025-02-28 01:00:00+00:00,-0.0
2025-02-28 02:00:00+00:00,-0.0
2025-02-28 03:00:00+00:00,-0.0
2025-02-28 04:00:00+00:00,0.03274498563015291
2025-02-28 05:00:00+00:00,-0.0
2025-02-28 06:00:00+00:00,-0.0
2025-02-28 07:00:00+00:00,-0.0
2025-02-28 08:00:00+00:00,-0.0
2025-02-28 09:00:00+00:00,-0.0
2025-02-28 10:00:00+00:00,-0.0
2025-02-28 11:00:00+00:00,-0.0
2025-02-28 12:00:00+00:00,-0.0
2025-02-28 13:00:00+00:00,-0.0
2025-02-28 14:00:00+00:00,-0.0
2025-02-28 15:00:00+00:00,-0.0
2025-02-28 16:00:00+00:00,-0.0
2025-02-28 17:00:00+00:00,-0.0
2025-02-28 18:00:00+00:00,-0.0
2025-02-28 19:00:00+00:00,-0.0
2025-02-28 20:00:00+00:00,-0.0
2025-02-28 21:00:00+00:00,-0.0
2025-02-28 22:00:00+00:00,-0.0
2025-02-28 23:00:00+00:00,-0.0
2025-03-01 00:00:00+00:00,-0.0
2025-03-01 01:00:00+00:00,-0.0
2025-03-01 02:00:00+00:00,-0.0
2025-03-01 03:00:00+00:00,-0.0
2025-03-01 04:00:00+00:00,-0.0
2025-03-01 05:00:00+00:00,-0.0
2025-03-01 06:00:00+00:00,-0.0
2025-03-01 07:00:00+00:00,-0.0
2025-03-01 08:00:00+00:00,-0.0
2025-03-01 09:00:00+00:00,-0.0
2025-03-01 10:00:00+00:00,-0.0
2025-03-01 11:00:00+00:00,-0.0
2025-03-01 12:00:00+00:00,-0.0
2025-03-01 13:00:00+00:00,-0.0
2025-03-01 14:00:00+00:00,-0.0
2025-03-01 15:00:00+00:00,-0.0
2025-03-01 16:00:00+00:00,-0.0
2025-03-01 17:00:00+00:00,-0.0
2025-03-01 18:00:00+00:00,-0.0
2025-03-01 19:00:00+00:00,-0.0
2025-03-01 20:00:00+00:00,-0.0
2025-03-01 21:00:00+00:00,-0.0
2025-03-01 22:00:00+00:00,-0.0
2025-03-01 23:00:00+00:00,-0.0
2025-03-02 00:00:00+00:00,-0.0
2025-03-02 01:00:00+00:00,-0.0
2025-03-02 02:00:00+00:00,-0.0
2025-03-02 03:00:00+00:00,-0.0
2025-03-02 04:00:00+00:00,-0.0
2025-03-02 05:00:00+00:00,-0.0
2025-03-02 06:00:00+00:00,-0.0
2025-03-02 07:00:00+00:00,-0.0
2025-03-02 08:00:00+00:00,-0.0
2025-03-02 09:00:00+00:00,-0.0
2025-03-02 10:00:00+00:00,-0.0
2025-03-02 11:00:00+00:00,-0.0
2025-03-02 12:00:00+00:00,-0.0
2025-03-02 13:00:00+00:00,-0.0
2025-03-02 14:00:00+00:00,-0.0
2025-03-02 15:00:00+00:00,-0.0
2025-03-02 16:00:00+00:00,-0.08696140820968075
2025-03-02 17:00:00+00:00,-0.0
2025-03-02 18:00:00+00:00,-0.0
2025-03-02 19:00:00+00:00,-0.0
2025-03-02 20:00:00+00:00,-0.0
2025-03-02 21:00:00+00:00,-0.0
2025-03-02 22:00:00+00:00,-0.0
2025-03-02 23:00:00+00:00,-0.0
2025-03-03 00:00:00+00:00,-0.0
2025-03-03 01:00:00+00:00,-0.0
2025-03-03 02:00:00+00:00,0.026663887164289156
2025-03-03 03:00:00+00:00,-0.0
2025-03-03 04:00:00+00:00,-0.0
2025-03-03 05:00:00+00:00,-0.0
2025-03-03 06:00:00+00:00,0.04844354132787359
2025-03-03 07:00:00+00:00,-0.0
2025-03-03 08:00:00+00:00,-0.0
2025-03-03 09:00:00+00:00,-0.0
2025-03-03 10:00:00+00:00,-0.0
2025-03-03 11:00:00+00:00,-0.0
2025-03-03 12:00:00+00:00,-0.0
2025-03-03 13:00:00+00:00,-0.0
2025-03-03 14:00:00+00:00,-0.0
2025-03-03 15:00:00+00:00,-0.0
2025-03-03 16:00:00+00:00,-0.0
2025-03-03 17:00:00+00:00,-0.0
2025-03-03 18:00:00+00:00,-0.0
2025-03-03 19:00:00+00:00,-0.0
2025-03-03 20:00:00+00:00,-0.0
2025-03-03 21:00:00+00:00,-0.0
2025-03-03 22:00:00+00:00,-0.0
2025-03-03 23:00:00+00:00,-0.0
2025-03-04 00:00:00+00:00,-0.0
2025-03-04 01:00:00+00:00,-0.0
2025-03-04 02:00:00+00:00,-0.0
2025-03-04 03:00:00+00:00,-0.0
2025-03-04 04:00:00+00:00,-0.0
2025-03-04 05:00:00+00:00,-0.0
2025-03-04 06:00:00+00:00,-0.0
2025-03-04 07:00:00+00:00,-0.0
2025-03-04 08:00:00+00:00,-0.0
2025-03-04 09:00:00+00:00,-0.0
2025-03-04 10:00:00+00:00,-0.0
2025-03-04 11:00:00+00:00,-0.0
2025-03-04 12:00:00+00:00,-0.0
2025-03-04 13:00:00+00:00,-0.0
2025-03-04 14:00:00+00:00,-0.0
2025-03-04 15:00:00+00:00,-0.0
2025-03-04 16:00:00+00:00,-0.0
2025-03-04 17:00:00+00:00,-0.0
2025-03-04 18:00:00+00:00,-0.0
2025-03-04 19:00:00+00:00,-0.0
2025-03-04 20:00:00+00:00,-0.0
2025-03-04 21:00:00+00:00,-0.0
2025-03-04 22:00:00+00:00,-0.0
2025-03-04 23:00:00+00:00,-0.0
2025-03-05 00:00:00+00:00,-0.0
2025-03-05 01:00:00+00:00,-0.0
2025-03-05 02:00:00+00:00,-0.0
2025-03-05 03:00:00+00:00,-0.0
2025-03-05 04:00:00+00:00,-0.0
2025-03-05 05:00:00+00:00,-0.0
2025-03-05 06:00:00+00:00,-0.0
2025-03-05 07:00:00+00:00,-0.0
2025-03-05 08:00:00+00:00,-0.0
2025-03-05 09:00:00+00:00,-0.0
2025-03-05 10:00:00+00:00,-0.0
2025-03-05 11:00:00+00:00,-0.0
2025-03-05 12:00:00+00:00,-0.0
2025-03-05 13:00:00+00:00,-0.0
2025-03-05 14:00:00+00:00,-0.0
2025-03-05 15:00:00+00:00,-0.0
2025-03-05 16:00:00+00:00,-0.0
2025-03-05 17:00:00+00:00,-0.0
2025-03-05 18:00:00+00:00,-0.0
2025-03-05 19:00:00+00:00,-0.0
2025-03-05 20:00:00+00:00,-0.0
2025-03-05 21:00:00+00:00,-0.0
2025-03-05 22:00:00+00:00,-0.0
2025-03-05 23:00:00+00:00,-0.0
2025-03-06 00:00:00+00:00,-0.0
2025-03-06 01:00:00+00:00,-0.0
2025-03-06 02:00:00+00:00,-0.0
2025-03-06 03:00:00+00:00,-0.0
2025-03-06 04:00:00+00:00,-0.0
2025-03-06 05:00:00+00:00,-0.0
2025-03-06 06:00:00+00:00,-0.0
2025-03-06 07:00:00+00:00,-0.0
2025-03-06 08:00:00+00:00,-0.0
2025-03-06 09:00:00+00:00,-0.0
2025-03-06 10:00:00+00:00,-0.0
2025-03-06 11:00:00+00:00,-0.0
2025-03-06 12:00:00+00:00,-0.0
2025-03-06 13:00:00+00:00,-0.0
2025-03-06 14:00:00+00:00,-0.0
2025-03-06 15:00:00+00:00,-0.0
2025-03-06 16:00:00+00:00,-0.0
2025-03-06 17:00:00+00:00,-0.0
2025-03-06 18:00:00+00:00,-0.0
2025-03-06 19:00:00+00:00,-0.0
2025-03-06 20:00:00+00:00,-0.0
2025-03-06 21:00:00+00:00,-0.0
2025-03-06 22:00:00+00:00,-0.0
2025-03-06 23:00:00+00:00,-0.0
2025-03-07 00:00:00+00:00,-0.0
2025-03-07 01:00:00+00:00,-0.0
2025-03-07 02:00:00+00:00,-0.0
2025-03-07 03:00:00+00:00,-0.0
2025-03-07 04:00:00+00:00,-0.0
2025-03-07 05:00:00+00:00,-0.0
2025-03-07 06:00:00+00:00,-0.0
2025-03-07 07:00:00+00:00,-0.0
2025-03-07 08:00:00+00:00,-0.0
2025-03-07 09:00:00+00:00,-0.0
2025-03-07 10:00:00+00:00,-0.0
2025-03-07 11:00:00+00:00,-0.0
2025-03-07 12:00:00+00:00,-0.0
2025-03-07 13:00:00+00:00,-0.0
2025-03-07 14:00:00+00:00,-0.0
2025-03-07 15:00:00+00:00,-0.0
2025-03-07 16:00:00+00:00,-0.0
2025-03-07 17:00:00+00:00,-0.0
2025-03-07 18:00:00+00:00,-0.0
2025-03-07 19:00:00+00:00,-0.0
2025-03-07 20:00:00+00:00,-0.0
2025-03-07 21:00:00+00:00,-0.0
2025-03-07 22:00:00+00:00,-0.0
2025-03-07 23:00:00+00:00,-0.0
2025-03-08 00:00:00+00:00,-0.0
2025-03-08 01:00:00+00:00,-0.0
2025-03-08 02:00:00+00:00,-0.0
2025-03-08 03:00:00+00:00,-0.0
2025-03-08 04:00:00+00:00,-0.0
2025-03-08 05:00:00+00:00,-0.0
2025-03-08 06:00:00+00:00,-0.0
2025-03-08 07:00:00+00:00,-0.0
2025-03-08 08:00:00+00:00,-0.0
2025-03-08 09:00:00+00:00,-0.0
2025-03-08 10:00:00+00:00,-0.0
2025-03-08 11:00:00+00:00,-0.0
2025-03-08 12:00:00+00:00,-0.0
2025-03-08 13:00:00+00:00,-0.0
2025-03-08 14:00:00+00:00,-0.0
2025-03-08 15:00:00+00:00,-0.0
2025-03-08 16:00:00+00:00,-0.0
2025-03-08 17:00:00+00:00,-0.0
2025-03-08 18:00:00+00:00,-0.0
2025-03-08 19:00:00+00:00,-0.0
2025-03-08 20:00:00+00:00,-0.0
2025-03-08 21:00:00+00:00,-0.0
2025-03-08 22:00:00+00:00,-0.0
2025-03-08 23:00:00+00:00,-0.0
2025-03-09 00:00:00+00:00,-0.0
2025-03-09 01:00:00+00:00,-0.0
2025-03-09 02:00:00+00:00,-0.0
2025-03-09 03:00:00+00:00,-0.0
2025-03-09 04:00:00+00:00,-0.0
2025-03-09 05:00:00+00:00,-0.0
2025-03-09 06:00:00+00:00,-0.0
2025-03-09 07:00:00+00:00,-0.0
2025-03-09 08:00:00+00:00,-0.0
2025-03-09 09:00:00+00:00,-0.0
2025-03-09 10:00:00+00:00,0.05140518293221356
2025-03-09 11:00:00+00:00,-0.0
2025-03-09 12:00:00+00:00,-0.0
2025-03-09 13:00:00+00:00,-0.0
2025-03-09 14:00:00+00:00,-0.0
2025-03-09 15:00:00+00:00,-0.0
2025-03-09 16:00:00+00:00,-0.0
2025-03-09 17:00:00+00:00,-0.0
2025-03-09 18:00:00+00:00,-0.0
2025-03-09 19:00:00+00:00,-0.0
2025-03-09 20:00:00+00:00,-0.0
2025-03-09 21:00:00+00:00,-0.0
2025-03-09 22:00:00+00:00,-0.0
2025-03-09 23:00:00+00:00,-0.0
2025-03-10 00:00:00+00:00,-0.0
2025-03-10 01:00:00+00:00,-0.0
2025-03-10 02:00:00+00:00,-0.0
2025-03-10 03:00:00+00:00,-0.0
2025-03-10 04:00:00+00:00,-0.0
2025-03-10 05:00:00+00:00,-0.0
2025-03-10 06:00:00+00:00,-0.0
2025-03-10 07:00:00+00:00,-0.0
2025-03-10 08:00:00+00:00,-0.0
2025-03-10 09:00:00+00:00,-0.0
2025-03-10 10:00:00+00:00,-0.0
2025-03-10 11:00:00+00:00,-0.0
2025-03-10 12:00:00+00:00,-0.0
2025-03-10 13:00:00+00:00,-0.0
2025-03-10 14:00:00+00:00,-0.0
2025-03-10 15:00:00+00:00,-0.0
2025-03-10 16:00:00+00:00,-0.0
2025-03-10 17:00:00+00:00,-0.0
2025-03-10 18:00:00+00:00,-0.0
2025-03-10 19:00:00+00:00,-0.0
2025-03-10 20:00:00+00:00,-0.0
2025-03-10 21:00:00+00:00,-0.0
2025-03-10 22:00:00+00:00,-0.0
2025-03-10 23:00:00+00:00,-0.0
2025-03-11 00:00:00+00:00,-0.0
2025-03-11 01:00:00+00:00,-0.0
2025-03-11 02:00:00+00:00,-0.0
2025-03-11 03:00:00+00:00,-0.0
2025-03-11 04:00:00+00:00,-0.0
2025-03-11 05:00:00+00:00,-0.0
2025-03-11 06:00:00+00:00,-0.0
2025-03-11 07:00:00+00:00,-0.0
2025-03-11 08:00:00+00:00,-0.0
2025-03-11 09:00:00+00:00,-0.0
2025-03-11 10:00:00+00:00,-0.0
2025-03-11 11:00:00+00:00,-0.0
2025-03-11 12:00:00+00:00,-0.0
2025-03-11 13:00:00+00:00,-0.0
2025-03-11 14:00:00+00:00,-0.0
2025-03-11 15:00:00+00:00,-0.0
2025-03-11 16:00:00+00:00,-0.0
2025-03-11 17:00:00+00:00,-0.0
2025-03-11 18:00:00+00:00,-0.0
2025-03-11 19:00:00+00:00,-0.0
2025-03-11 20:00:00+00:00,-0.0
2025-03-11 21:00:00+00:00,-0.0
2025-03-11 22:00:00+00:00,-0.0
2025-03-11 23:00:00+00:00,-0.0
2025-03-12 00:00:00+00:00,-0.0
2025-03-12 01:00:00+00:00,-0.0
2025-03-12 02:00:00+00:00,-0.0
2025-03-12 03:00:00+00:00,-0.0
2025-03-12 04:00:00+00:00,-0.0
2025-03-12 05:00:00+00:00,-0.0
2025-03-12 06:00:00+00:00,-0.0
2025-03-12 07:00:00+00:00,-0.0
2025-03-12 08:00:00+00:00,-0.0
2025-03-12 09:00:00+00:00,-0.0
2025-03-12 10:00:00+00:00,-0.0
2025-03-12 11:00:00+00:00,-0.0
2025-03-12 12:00:00+00:00,-0.0
2025-03-12 13:00:00+00:00,-0.0
2025-03-12 14:00:00+00:00,-0.0
2025-03-12 15:00:00+00:00,-0.0
2025-03-12 16:00:00+00:00,-0.0
2025-03-12 17:00:00+00:00,-0.0
2025-03-12 18:00:00+00:00,-0.0
2025-03-12 19:00:00+00:00,-0.0
2025-03-12 20:00:00+00:00,-0.0
2025-03-12 21:00:00+00:00,-0.0
2025-03-12 22:00:00+00:00,-0.0
2025-03-12 23:00:00+00:00,-0.0
2025-03-13 00:00:00+00:00,-0.0
2025-03-13 01:00:00+00:00,-0.0
2025-03-13 02:00:00+00:00,-0.0
2025-03-13 03:00:00+00:00,-0.0
2025-03-13 04:00:00+00:00,-0.0
2025-03-13 05:00:00+00:00,-0.0
2025-03-13 06:00:00+00:00,-0.0
2025-03-13 07:00:00+00:00,-0.0
2025-03-13 08:00:00+00:00,-0.0
2025-03-13 09:00:00+00:00,-0.0
2025-03-13 10:00:00+00:00,-0.0
2025-03-13 11:00:00+00:00,-0.0
2025-03-13 12:00:00+00:00,-0.0
2025-03-13 13:00:00+00:00,-0.0
2025-03-13 14:00:00+00:00,-0.0
2025-03-13 15:00:00+00:00,-0.0
2025-03-13 16:00:00+00:00,-0.0
2025-03-13 17:00:00+00:00,-0.0
2025-03-13 18:00:00+00:00,-0.0
2025-03-13 19:00:00+00:00,-0.0
2025-03-13 20:00:00+00:00,-0.0
2025-03-13 21:00:00+00:00,-0.0
2025-03-13 22:00:00+00:00,-0.0
2025-03-13 23:00:00+00:00,-0.0
2025-03-14 00:00:00+00:00,-0.0
2025-03-14 01:00:00+00:00,-0.0
2025-03-14 02:00:00+00:00,-0.0
2025-03-14 03:00:00+00:00,-0.0
2025-03-14 04:00:00+00:00,-0.0
2025-03-14 05:00:00+00:00,-0.0
2025-03-14 06:00:00+00:00,-0.0
2025-03-14 07:00:00+00:00,-0.0
2025-03-14 08:00:00+00:00,-0.08071798915439078
2025-03-14 09:00:00+00:00,-0.0
2025-03-14 10:00:00+00:00,-0.0
2025-03-14 11:00:00+00:00,-0.0
2025-03-14 12:00:00+00:00,-0.0
2025-03-14 13:00:00+00:00,-0.0
2025-03-14 14:00:00+00:00,-0.0
2025-03-14 15:00:00+00:00,-0.0
2025-03-14 16:00:00+00:00,-0.0
2025-03-14 17:00:00+00:00,-0.0
2025-03-14 18:00:00+00:00,-0.0
2025-03-14 19:00:00+00:00,-0.0
2025-03-14 20:00:00+00:00,-0.0
2025-03-14 21:00:00+00:00,-0.0
2025-03-14 22:00:00+00:00,-0.054741588965207554
2025-03-14 23:00:00+00:00,-0.0
2025-03-15 00:00:00+00:00,-0.0
2025-03-15 01:00:00+00:00,-0.0
2025-03-15 02:00:00+00:00,-0.0
2025-03-15 03:00:00+00:00,-0.0
2025-03-15 04:00:00+00:00,-0.0
2025-03-15 05:00:00+00:00,-0.0
2025-03-15 06:00:00+00:00,-0.0
2025-03-15 07:00:00+00:00,-0.0
2025-03-15 08:00:00+00:00,-0.0
2025-03-15 09:00:00+00:00,-0.0
2025-03-15 10:00:00+00:00,-0.0
2025-03-15 11:00:00+00:00,-0.0
2025-03-15 12:00:00+00:00,-0.0
2025-03-15 13:00:00+00:00,-0.06228438239080529
2025-03-15 14:00:00+00:00,-0.0
2025-03-15 15:00:00+00:00,-0.0
2025-03-15 16:00:00+00:00,-0.0
2025-03-15 17:00:00+00:00,-0.0
2025-03-15 18:00:00+00:00,-0.0
2025-03-15 19:00:00+00:00,-0.0
2025-03-15 20:00:00+00:00,-0.0
2025-03-15 21:00:00+00:00,-0.0
2025-03-15 22:00:00+00:00,-0.0
2025-03-15 23:00:00+00:00,-0.0
2025-03-16 00:00:00+00:00,-0.0
2025-03-16 01:00:00+00:00,-0.0
2025-03-16 02:00:00+00:00,-0.0
2025-03-16 03:00:00+00:00,-0.0
2025-03-16 04:00:00+00:00,-0.0
2025-03-16 05:00:00+00:00,-0.0
2025-03-16 06:00:00+00:00,-0.0
2025-03-16 07:00:00+00:00,-0.0
2025-03-16 08:00:00+00:00,-0.0
2025-03-16 09:00:00+00:00,-0.0
2025-03-16 10:00:00+00:00,-0.0
2025-03-16 11:00:00+00:00,-0.0
2025-03-16 12:00:00+00:00,-0.0
2025-03-16 13:00:00+00:00,-0.0
2025-03-16 14:00:00+00:00,-0.0
2025-03-16 15:00:00+00:00,-0.0
2025-03-16 16:00:00+00:00,-0.0
2025-03-16 17:00:00+00:00,-0.0
2025-03-16 18:00:00+00:00,-0.0
2025-03-16 19:00:00+00:00,-0.0
2025-03-16 20:00:00+00:00,-0.0
2025-03-16 21:00:00+00:00,-0.0
2025-03-16 22:00:00+00:00,-0.0
2025-03-16 23:00:00+00:00,-0.0
2025-03-17 00:00:00+00:00,-0.0
2025-03-17 01:00:00+00:00,-0.0
2025-03-17 02:00:00+00:00,-0.0
2025-03-17 03:00:00+00:00,-0.0
2025-03-17 04:00:00+00:00,-0.0
2025-03-17 05:00:00+00:00,-0.0
2025-03-17 06:00:00+00:00,-0.0
2025-03-17 07:00:00+00:00,-0.0
2025-03-17 08:00:00+00:00,-0.0
2025-03-17 09:00:00+00:00,-0.0
2025-03-17 10:00:00+00:00,-0.0
2025-03-17 11:00:00+00:00,-0.0
2025-03-17 12:00:00+00:00,-0.0
2025-03-17 13:00:00+00:00,-0.0
2025-03-17 14:00:00+00:00,-0.0
2025-03-17 15:00:00+00:00,-0.0
2025-03-17 16:00:00+00:00,-0.0
2025-03-17 17:00:00+00:00,-0.0
2025-03-17 18:00:00+00:00,-0.0
2025-03-17 19:00:00+00:00,-0.0
2025-03-17 20:00:00+00:00,-0.0
2025-03-17 21:00:00+00:00,-0.0
2025-03-17 22:00:00+00:00,-0.0
2025-03-17 23:00:00+00:00,-0.0
2025-03-18 00:00:00+00:00,-0.0
2025-03-18 01:00:00+00:00,-0.0
2025-03-18 02:00:00+00:00,-0.0
2025-03-18 03:00:00+00:00,-0.0
2025-03-18 04:00:00+00:00,-0.0
2025-03-18 05:00:00+00:00,-0.0
2025-03-18 06:00:00+00:00,-0.0
2025-03-18 07:00:00+00:00,-0.05777760207412838
2025-03-18 08:00:00+00:00,-0.0
2025-03-18 09:00:00+00:00,-0.0
2025-03-18 10:00:00+00:00,-0.0
2025-03-18 11:00:00+00:00,-0.0
2025-03-18 12:00:00+00:00,-0.0
2025-03-18 13:00:00+00:00,-0.0
2025-03-18 14:00:00+00:00,0.045694052007076345
2025-03-18 15:00:00+00:00,-0.0
2025-03-18 16:00:00+00:00,-0.0
2025-03-18 17:00:00+00:00,-0.0
2025-03-18 18:00:00+00:00,-0.0
2025-03-18 19:00:00+00:00,-0.0
2025-03-18 20:00:00+00:00,-0.0
2025-03-18 21:00:00+00:00,-0.0
2025-03-18 22:00:00+00:00,-0.0
2025-03-18 23:00:00+00:00,-0.0
2025-03-19 00:00:00+00:00,-0.0
2025-03-19 01:00:00+00:00,-0.0
2025-03-19 02:00:00+00:00,-0.0
2025-03-19 03:00:00+00:00,-0.0
2025-03-19 04:00:00+00:00,-0.0
2025-03-19 05:00:00+00:00,-0.0
2025-03-19 06:00:00+00:00,-0.0
2025-03-19 07:00:00+00:00,-0.0
2025-03-19 08:00:00+00:00,-0.0
2025-03-19 09:00:00+00:00,-0.0
2025-03-19 10:00:00+00:00,-0.0
2025-03-19 11:00:00+00:00,-0.0
2025-03-19 12:00:00+00:00,-0.0
2025-03-19 13:00:00+00:00,-0.0
2025-03-19 14:00:00+00:00,-0.0
2025-03-19 15:00:00+00:00,-0.0
2025-03-19 16:00:00+00:00,-0.0
2025-03-19 17:00:00+00:00,-0.0
2025-03-19 18:00:00+00:00,-0.0
2025-03-19 19:00:00+00:00,-0.0
2025-03-19 20:00:00+00:00,-0.0
2025-03-19 21:00:00+00:00,-0.0
2025-03-19 22:00:00+00:00,-0.0
2025-03-19 23:00:00+00:00,-0.0
2025-03-20 00:00:00+00:00,-0.0
2025-03-20 01:00:00+00:00,-0.0
2025-03-20 02:00:00+00:00,-0.0
2025-03-20 03:00:00+00:00,-0.0
2025-03-20 04:00:00+00:00,-0.0
2025-03-20 05:00:00+00:00,-0.0
2025-03-20 06:00:00+00:00,-0.0
2025-03-20 07:00:00+00:00,-0.0
2025-03-20 08:00:00+00:00,-0.0
2025-03-20 09:00:00+00:00,-0.0
2025-03-20 10:00:00+00:00,-0.0
2025-03-20 11:00:00+00:00,-0.0
2025-03-20 12:00:00+00:00,-0.0
2025-03-20 13:00:00+00:00,-0.0
2025-03-20 14:00:00+00:00,-0.0
2025-03-20 15:00:00+00:00,-0.0
2025-03-20 16:00:00+00:00,-0.0
2025-03-20 17:00:00+00:00,-0.0
2025-03-20 18:00:00+00:00,-0.0
2025-03-20 19:00:00+00:00,-0.0
2025-03-20 20:00:00+00:00,-0.0
2025-03-20 21:00:00+00:00,-0.0
2025-03-20 22:00:00+00:00,-0.0
2025-03-20 23:00:00+00:00,-0.0
2025-03-21 00:00:00+00:00,-0.0
2025-03-21 01:00:00+00:00,-0.0
2025-03-21 02:00:00+00:00,-0.0
2025-03-21 03:00:00+00:00,-0.0
2025-03-21 04:00:00+00:00,-0.0
2025-03-21 05:00:00+00:00,-0.0
2025-03-21 06:00:00+00:00,-0.0
2025-03-21 07:00:00+00:00,-0.0
2025-03-21 08:00:00+00:00,-0.0
2025-03-21 09:00:00+00:00,-0.0
2025-03-21 10:00:00+00:00,-0.0
2025-03-21 11:00:00+00:00,-0.0
2025-03-21 12:00:00+00:00,-0.0
2025-03-21 13:00:00+00:00,-0.0
2025-03-21 14:00:00+00:00,-0.0
2025-03-21 15:00:00+00:00,-0.0
2025-03-21 16:00:00+00:00,-0.0
2025-03-21 17:00:00+00:00,-0.0
2025-03-21 18:00:00+00:00,-0.0
2025-03-21 19:00:00+00:00,-0.0
2025-03-21 20:00:00+00:00,-0.0
2025-03-21 21:00:00+00:00,-0.0
2025-03-21 22:00:00+00:00,-0.0
2025-03-21 23:00:00+00:00,-0.0
2025-03-22 00:00:00+00:00,-0.0
2025-03-22 01:00:00+00:00,-0.0
2025-03-22 02:00:00+00:00,-0.0
2025-03-22 03:00:00+00:00,-0.0
2025-03-22 04:00:00+00:00,-0.0
2025-03-22 05:00:00+00:00,-0.0
2025-03-22 06:00:00+00:00,-0.0
2025-03-22 07:00:00+00:00,-0.0
2025-03-22 08:00:00+00:00,-0.0
2025-03-22 09:00:00+00:00,-0.0
2025-03-22 10:00:00+00:00,-0.0
2025-03-22 11:00:00+00:00,-0.0
2025-03-22 12:00:00+00:00,-0.0
2025-03-22 13:00:00+00:00,-0.0
2025-03-22 14:00:00+00:00,-0.0
2025-03-22 15:00:00+00:00,-0.0
2025-03-22 16:00:00+00:00,-0.0
2025-03-22 17:00:00+00:00,-0.0
2025-03-22 18:00:00+00:00,-0.0
2025-03-22 19:00:00+00:00,-0.0
2025-03-22 20:00:00+00:00,-0.0
2025-03-22 21:00:00+00:00,-0.0
2025-03-22 22:00:00+00:00,-0.0
2025-03-22 23:00:00+00:00,0.020114280614784912
2025-03-23 00:00:00+00:00,-0.0
2025-03-23 01:00:00+00:00,-0.0
2025-03-23 02:00:00+00:00,-0.0
2025-03-23 03:00:00+00:00,-0.0
2025-03-23 04:00:00+00:00,-0.0
2025-03-23 05:00:00+00:00,-0.0
2025-03-23 06:00:00+00:00,-0.0
2025-03-23 07:00:00+00:00,-0.0
2025-03-23 08:00:00+00:00,-0.0
2025-03-23 09:00:00+00:00,-0.0
2025-03-23 10:00:00+00:00,-0.0
2025-03-23 11:00:00+00:00,-0.0
2025-03-23 12:00:00+00:00,-0.0
2025-03-23 13:00:00+00:00,0.02668998461696835
2025-03-23 14:00:00+00:00,-0.0
2025-03-23 15:00:00+00:00,-0.0
2025-03-23 16:00:00+00:00,-0.0
2025-03-23 17:00:00+00:00,-0.0
2025-03-23 18:00:00+00:00,-0.0
2025-03-23 19:00:00+00:00,-0.0
2025-03-23 20:00:00+00:00,-0.0
2025-03-23 21:00:00+00:00,-0.0
2025-03-23 22:00:00+00:00,-0.0
2025-03-23 23:00:00+00:00,-0.0
2025-03-24 00:00:00+00:00,-0.0
2025-03-24 01:00:00+00:00,-0.0
2025-03-24 02:00:00+00:00,-0.0
2025-03-24 03:00:00+00:00,-0.0
2025-03-24 04:00:00+00:00,-0.0
2025-03-24 05:00:00+00:00,-0.0
2025-03-24 06:00:00+00:00,-0.0
2025-03-24 07:00:00+00:00,-0.0
2025-03-24 08:00:00+00:00,-0.0
2025-03-24 09:00:00+00:00,-0.0
2025-03-24 10:00:00+00:00,-0.0
2025-03-24 11:00:00+00:00,-0.0
2025-03-24 12:00:00+00:00,-0.0
2025-03-24 13:00:00+00:00,-0.0
2025-03-24 14:00:00+00:00,-0.0
2025-03-24 15:00:00+00:00,-0.0
2025-03-24 16:00:00+00:00,-0.0
2025-03-24 17:00:00+00:00,-0.0
2025-03-24 18:00:00+00:00,-0.0
2025-03-24 19:00:00+00:00,-0.0
2025-03-24 20:00:00+00:00,-0.0
2025-03-24 21:00:00+00:00,-0.0
2025-03-24 22:00:00+00:00,-0.0
2025-03-24 23:00:00+00:00,-0.0
2025-03-25 00:00:00+00:00,-0.0
2025-03-25 01:00:00+00:00,-0.0
2025-03-25 02:00:00+00:00,-0.0
2025-03-25 03:00:00+00:00,-0.0
2025-03-25 04:00:00+00:00,-0.0
2025-03-25 05:00:00+00:00,-0.0
2025-03-25 06:00:00+00:00,-0.0
2025-03-25 07:00:00+00:00,-0.0
2025-03-25 08:00:00+00:00,-0.0
2025-03-25 09:00:00+00:00,-0.0
2025-03-25 10:00:00+00:00,-0.0
2025-03-25 11:00:00+00:00,-0.0
2025-03-25 12:00:00+00:00,-0.0
2025-03-25 13:00:00+00:00,-0.0
2025-03-25 14:00:00+00:00,-0.0
2025-03-25 15:00:00+00:00,-0.0
2025-03-25 16:00:00+00:00,-0.0
2025-03-25 17:00:00+00:00,-0.0
2025-03-25 18:00:00+00:00,-0.0
2025-03-25 19:00:00+00:00,-0.0
2025-03-25 20:00:00+00:00,-0.0
2025-03-25 21:00:00+00:00,-0.0
2025-03-25 22:00:00+00:00,-0.0
2025-03-25 23:00:00+00:00,-0.0
2025-03-26 00:00:00+00:00,-0.0
2025-03-26 01:00:00+00:00,-0.0
2025-03-26 02:00:00+00:00,-0.0
2025-03-26 03:00:00+00:00,-0.0
2025-03-26 04:00:00+00:00,-0.0
2025-03-26 05:00:00+00:00,-0.0
2025-03-26 06:00:00+00:00,-0.0
2025-03-26 07:00:00+00:00,-0.0
2025-03-26 08:00:00+00:00,-0.0
2025-03-26 09:00:00+00:00,-0.0
2025-03-26 10:00:00+00:00,-0.0
2025-03-26 11:00:00+00:00,-0.0
2025-03-26 12:00:00+00:00,-0.0
2025-03-26 13:00:00+00:00,-0.0
2025-03-26 14:00:00+00:00,-0.0
2025-03-26 15:00:00+00:00,-0.0
2025-03-26 16:00:00+00:00,-0.0
2025-03-26 17:00:00+00:00,-0.0
2025-03-26 18:00:00+00:00,-0.0
2025-03-26 19:00:00+00:00,-0.0
2025-03-26 20:00:00+00:00,-0.0
2025-03-26 21:00:00+00:00,-0.0
2025-03-26 22:00:00+00:00,-0.0
2025-03-26 23:00:00+00:00,-0.0
2025-03-27 00:00:00+00:00,-0.0
2025-03-27 01:00:00+00:00,-0.0
2025-03-27 02:00:00+00:00,-0.0
2025-03-27 03:00:00+00:00,-0.0
2025-03-27 04:00:00+00:00,-0.0
2025-03-27 05:00:00+00:00,-0.0
2025-03-27 06:00:00+00:00,-0.0
2025-03-27 07:00:00+00:00,-0.0
2025-03-27 08:00:00+00:00,-0.0
2025-03-27 09:00:00+00:00,-0.0
2025-03-27 10:00:00+00:00,-0.0
2025-03-27 11:00:00+00:00,-0.0
2025-03-27 12:00:00+00:00,-0.0
2025-03-27 13:00:00+00:00,-0.0
2025-03-27 14:00:00+00:00,-0.0
2025-03-27 15:00:00+00:00,-0.0
2025-03-27 16:00:00+00:00,-0.0
2025-03-27 17:00:00+00:00,-0.0
2025-03-27 18:00:00+00:00,-0.0
2025-03-27 19:00:00+00:00,-0.0
2025-03-27 20:00:00+00:00,-0.0
2025-03-27 21:00:00+00:00,-0.0
2025-03-27 22:00:00+00:00,-0.0
2025-03-27 23:00:00+00:00,-0.0
2025-03-28 00:00:00+00:00,-0.0
2025-03-28 01:00:00+00:00,-0.0
2025-03-28 02:00:00+00:00,-0.0
2025-03-28 03:00:00+00:00,-0.0
2025-03-28 04:00:00+00:00,-0.0
2025-03-28 05:00:00+00:00,-0.0
2025-03-28 06:00:00+00:00,-0.0
2025-03-28 07:00:00+00:00,-0.0
2025-03-28 08:00:00+00:00,-0.0
2025-03-28 09:00:00+00:00,-0.0
2025-03-28 10:00:00+00:00,-0.0
2025-03-28 11:00:00+00:00,-0.0
2025-03-28 12:00:00+00:00,-0.0
2025-03-28 13:00:00+00:00,-0.0
2025-03-28 14:00:00+00:00,-0.0
2025-03-28 15:00:00+00:00,-0.0
2025-03-28 16:00:00+00:00,-0.0
2025-03-28 17:00:00+00:00,-0.0
2025-03-28 18:00:00+00:00,-0.0
2025-03-28 19:00:00+00:00,-0.0
2025-03-28 20:00:00+00:00,-0.0
2025-03-28 21:00:00+00:00,-0.0
2025-03-28 22:00:00+00:00,-0.0
2025-03-28 23:00:00+00:00,-0.0
2025-03-29 00:00:00+00:00,-0.0
2025-03-29 01:00:00+00:00,-0.0
2025-03-29 02:00:00+00:00,-0.0
2025-03-29 03:00:00+00:00,-0.0
2025-03-29 04:00:00+00:00,-0.0
2025-03-29 05:00:00+00:00,-0.0
2025-03-29 06:00:00+00:00,-0.0
2025-03-29 07:00:00+00:00,-0.0
2025-03-29 08:00:00+00:00,-0.0
2025-03-29 09:00:00+00:00,-0.0
2025-03-29 10:00:00+00:00,-0.0
2025-03-29 11:00:00+00:00,-0.0
2025-03-29 12:00:00+00:00,-0.0
2025-03-29 13:00:00+00:00,-0.0
2025-03-29 14:00:00+00:00,-0.0
2025-03-29 15:00:00+00:00,-0.0
2025-03-29 16:00:00+00:00,-0.0
2025-03-29 17:00:00+00:00,-0.0
2025-03-29 18:00:00+00:00,-0.0
2025-03-29 19:00:00+00:00,-0.0
2025-03-29 20:00:00+00:00,-0.0
2025-03-29 21:00:00+00:00,-0.0
2025-03-29 22:00:00+00:00,-0.0
2025-03-29 23:00:00+00:00,-0.0
2025-03-30 00:00:00+00:00,-0.0
2025-03-30 01:00:00+00:00,-0.0
2025-03-30 02:00:00+00:00,-0.0
2025-03-30 03:00:00+00:00,-0.0
2025-03-30 04:00:00+00:00,-0.0
2025-03-30 05:00:00+00:00,-0.0
2025-03-30 06:00:00+00:00,-0.0
2025-03-30 07:00:00+00:00,-0.0
2025-03-30 08:00:00+00:00,-0.0
2025-03-30 09:00:00+00:00,-0.0
2025-03-30 10:00:00+00:00,-0.0
2025-03-30 11:00:00+00:00,-0.0
2025-03-30 12:00:00+00:00,-0.0
2025-03-30 13:00:00+00:00,0.03604856615007607
2025-03-30 14:00:00+00:00,-0.0
2025-03-30 15:00:00+00:00,-0.0
2025-03-30 16:00:00+00:00,-0.0
2025-03-30 17:00:00+00:00,-0.0
2025-03-30 18:00:00+00:00,-0.0
2025-03-30 19:00:00+00:00,-0.0
2025-03-30 20:00:00+00:00,-0.0
2025-03-30 21:00:00+00:00,-0.0
2025-03-30 22:00:00+00:00,0.01030922712904202
2025-03-30 23:00:00+00:00,-0.0
2025-03-31 00:00:00+00:00,-0.0
2025-03-31 01:00:00+00:00,-0.0
2025-03-31 02:00:00+00:00,-0.0
2025-03-31 03:00:00+00:00,-0.0
2025-03-31 04:00:00+00:00,-0.0
2025-03-31 05:00:00+00:00,-0.0
2025-03-31 06:00:00+00:00,-0.0
2025-03-31 07:00:00+00:00,0.0326301410114762
2025-03-31 08:00:00+00:00,-0.0
2025-03-31 09:00:00+00:00,-0.0
2025-03-31 10:00:00+00:00,-0.0
2025-03-31 11:00:00+00:00,-0.0
2025-03-31 12:00:00+00:00,-0.0
2025-03-31 13:00:00+00:00,-0.0
2025-03-31 14:00:00+00:00,-0.0
2025-03-31 15:00:00+00:00,-0.0
2025-03-31 16:00:00+00:00,-0.0
2025-03-31 17:00:00+00:00,-0.0
2025-03-31 18:00:00+00:00,-0.0
2025-03-31 19:00:00+00:00,-0.0
2025-03-31 20:00:00+00:00,-0.0
2025-03-31 21:00:00+00:00,-0.0
2025-03-31 22:00:00+00:00,-0.0
2025-03-31 23:00:00+00:00,-0.0
2025-04-01 00:00:00+00:00,-0.0
2025-04-01 01:00:00+00:00,-0.0
2025-04-01 02:00:00+00:00,-0.0
2025-04-01 03:00:00+00:00,-0.0
2025-04-01 04:00:00+00:00,-0.0
2025-04-01 05:00:00+00:00,-0.0
2025-04-01 06:00:00+00:00,-0.0
2025-04-01 07:00:00+00:00,-0.0
2025-04-01 08:00:00+00:00,-0.0
2025-04-01 09:00:00+00:00,-0.0
2025-04-01 10:00:00+00:00,-0.0
2025-04-01 11:00:00+00:00,-0.0
2025-04-01 12:00:00+00:00,-0.0
2025-04-01 13:00:00+00:00,-0.0
2025-04-01 14:00:00+00:00,-0.0
2025-04-01 15:00:00+00:00,-0.0
2025-04-01 16:00:00+00:00,-0.0
2025-04-01 17:00:00+00:00,-0.0
2025-04-01 18:00:00+00:00,-0.0
2025-04-01 19:00:00+00:00,-0.0
2025-04-01 20:00:00+00:00,-0.0
2025-04-01 21:00:00+00:00,-0.0
2025-04-01 22:00:00+00:00,-0.0
2025-04-01 23:00:00+00:00,-0.0
2025-04-02 00:00:00+00:00,-0.0
2025-04-02 01:00:00+00:00,-0.0
2025-04-02 02:00:00+00:00,-0.0
2025-04-02 03:00:00+00:00,-0.0
2025-04-02 04:00:00+00:00,-0.0
2025-04-02 05:00:00+00:00,-0.0
2025-04-02 06:00:00+00:00,-0.0
2025-04-02 07:00:00+00:00,-0.0
2025-04-02 08:00:00+00:00,-0.0
2025-04-02 09:00:00+00:00,-0.0
2025-04-02 10:00:00+00:00,-0.0
2025-04-02 11:00:00+00:00,-0.0
2025-04-02 12:00:00+00:00,-0.0
2025-04-02 13:00:00+00:00,-0.0
2025-04-02 14:00:00+00:00,-0.0
2025-04-02 15:00:00+00:00,-0.0
2025-04-02 16:00:00+00:00,-0.0
2025-04-02 17:00:00+00:00,-0.0
2025-04-02 18:00:00+00:00,-0.0
2025-04-02 19:00:00+00:00,-0.0
2025-04-02 20:00:00+00:00,-0.029759737555712158
2025-04-02 21:00:00+00:00,-0.0
2025-04-02 22:00:00+00:00,-0.0
2025-04-02 23:00:00+00:00,-0.0
2025-04-03 00:00:00+00:00,-0.0
2025-04-03 01:00:00+00:00,-0.0
2025-04-03 02:00:00+00:00,-0.0
2025-04-03 03:00:00+00:00,-0.0
2025-04-03 04:00:00+00:00,-0.0
2025-04-03 05:00:00+00:00,-0.0
2025-04-03 06:00:00+00:00,-0.0
2025-04-03 07:00:00+00:00,-0.0
2025-04-03 08:00:00+00:00,-0.0
2025-04-03 09:00:00+00:00,-0.0
2025-04-03 10:00:00+00:00,-0.0
2025-04-03 11:00:00+00:00,-0.0
2025-04-03 12:00:00+00:00,-0.0
2025-04-03 13:00:00+00:00,-0.0
2025-04-03 14:00:00+00:00,-0.0
2025-04-03 15:00:00+00:00,-0.0
2025-04-03 16:00:00+00:00,-0.0
2025-04-03 17:00:00+00:00,-0.0
2025-04-03 18:00:00+00:00,-0.0
2025-04-03 19:00:00+00:00,-0.0
2025-04-03 20:00:00+00:00,-0.0
2025-04-03 21:00:00+00:00,-0.0
2025-04-03 22:00:00+00:00,-0.0
2025-04-03 23:00:00+00:00,-0.0
2025-04-04 00:00:00+00:00,-0.0
2025-04-04 01:00:00+00:00,-0.0
2025-04-04 02:00:00+00:00,-0.0
2025-04-04 03:00:00+00:00,-0.0
2025-04-04 04:00:00+00:00,-0.0
2025-04-04 05:00:00+00:00,-0.0
2025-04-04 06:00:00+00:00,-0.0
2025-04-04 07:00:00+00:00,-0.0
2025-04-04 08:00:00+00:00,-0.0
2025-04-04 09:00:00+00:00,-0.0
2025-04-04 10:00:00+00:00,-0.0
2025-04-04 11:00:00+00:00,-0.0
2025-04-04 12:00:00+00:00,-0.0
2025-04-04 13:00:00+00:00,-0.0
2025-04-04 14:00:00+00:00,-0.0
2025-04-04 15:00:00+00:00,-0.0
2025-04-04 16:00:00+00:00,-0.0
2025-04-04 17:00:00+00:00,-0.0
2025-04-04 18:00:00+00:00,-0.0
2025-04-04 19:00:00+00:00,-0.0
2025-04-04 20:00:00+00:00,-0.0
2025-04-04 21:00:00+00:00,-0.0
2025-04-04 22:00:00+00:00,-0.0
2025-04-04 23:00:00+00:00,-0.0
2025-04-05 00:00:00+00:00,-0.0
2025-04-05 01:00:00+00:00,-0.0
2025-04-05 02:00:00+00:00,-0.0
2025-04-05 03:00:00+00:00,-0.0
2025-04-05 04:00:00+00:00,-0.0
2025-04-05 05:00:00+00:00,-0.0
2025-04-05 06:00:00+00:00,-0.0
2025-04-05 07:00:00+00:00,-0.0
2025-04-05 08:00:00+00:00,-0.0
2025-04-05 09:00:00+00:00,-0.0
2025-04-05 10:00:00+00:00,-0.0
2025-04-05 11:00:00+00:00,-0.0
2025-04-05 12:00:00+00:00,-0.0
2025-04-05 13:00:00+00:00,-0.0
2025-04-05 14:00:00+00:00,-0.0
2025-04-05 15:00:00+00:00,-0.0
2025-04-05 16:00:00+00:00,-0.0
2025-04-05 17:00:00+00:00,-0.0
2025-04-05 18:00:00+00:00,-0.0
2025-04-05 19:00:00+00:00,-0.0
2025-04-05 20:00:00+00:00,-0.0
2025-04-05 21:00:00+00:00,-0.0
2025-04-05 22:00:00+00:00,-0.0
2025-04-05 23:00:00+00:00,-0.0
2025-04-06 00:00:00+00:00,-0.0
2025-04-06 01:00:00+00:00,-0.0
2025-04-06 02:00:00+00:00,-0.0
2025-04-06 03:00:00+00:00,-0.0
2025-04-06 04:00:00+00:00,-0.0
2025-04-06 05:00:00+00:00,-0.0
2025-04-06 06:00:00+00:00,-0.0
2025-04-06 07:00:00+00:00,-0.0
2025-04-06 08:00:00+00:00,-0.0
2025-04-06 09:00:00+00:00,-0.0
2025-04-06 10:00:00+00:00,-0.0
2025-04-06 11:00:00+00:00,-0.0
2025-04-06 12:00:00+00:00,-0.0
2025-04-06 13:00:00+00:00,-0.0
2025-04-06 14:00:00+00:00,-0.0
2025-04-06 15:00:00+00:00,-0.0
2025-04-06 16:00:00+00:00,-0.0
2025-04-06 17:00:00+00:00,-0.0
2025-04-06 18:00:00+00:00,0.0604585749083919
2025-04-06 19:00:00+00:00,-0.0
2025-04-06 20:00:00+00:00,-0.0
2025-04-06 21:00:00+00:00,-0.0
2025-04-06 22:00:00+00:00,-0.0
2025-04-06 23:00:00+00:00,-0.0
2025-04-07 00:00:00+00:00,-0.0
2025-04-07 01:00:00+00:00,-0.0
2025-04-07 02:00:00+00:00,-0.0
2025-04-07 03:00:00+00:00,-0.0
2025-04-07 04:00:00+00:00,-0.0
2025-04-07 05:00:00+00:00,-0.0
2025-04-07 06:00:00+00:00,-0.0
2025-04-07 07:00:00+00:00,-0.0
2025-04-07 08:00:00+00:00,-0.0
2025-04-07 09:00:00+00:00,-0.0
2025-04-07 10:00:00+00:00,-0.0
2025-04-07 11:00:00+00:00,-0.0
2025-04-07 12:00:00+00:00,-0.0
2025-04-07 13:00:00+00:00,-0.0
2025-04-07 14:00:00+00:00,-0.0
2025-04-07 15:00:00+00:00,-0.0
2025-04-07 16:00:00+00:00,-0.0
2025-04-07 17:00:00+00:00,-0.0
2025-04-07 18:00:00+00:00,-0.0
2025-04-07 19:00:00+00:00,-0.0
2025-04-07 20:00:00+00:00,-0.0
2025-04-07 21:00:00+00:00,-0.0
2025-04-07 22:00:00+00:00,-0.0
2025-04-07 23:00:00+00:00,-0.0
2025-04-08 00:00:00+00:00,-0.0
2025-04-08 01:00:00+00:00,-0.0
2025-04-08 02:00:00+00:00,-0.0
2025-04-08 03:00:00+00:00,-0.0
2025-04-08 04:00:00+00:00,-0.0
2025-04-08 05:00:00+00:00,-0.0
2025-04-08 06:00:00+00:00,-0.0
2025-04-08 07:00:00+00:00,-0.0
2025-04-08 08:00:00+00:00,-0.0
2025-04-08 09:00:00+00:00,-0.0
2025-04-08 10:00:00+00:00,-0.0
2025-04-08 11:00:00+00:00,-0.0
2025-04-08 12:00:00+00:00,-0.0
2025-04-08 13:00:00+00:00,-0.0
2025-04-08 14:00:00+00:00,-0.0
2025-04-08 15:00:00+00:00,-0.0
2025-04-08 16:00:00+00:00,0.06497066321194224
2025-04-08 17:00:00+00:00,-0.0
2025-04-08 18:00:00+00:00,-0.0
2025-04-08 19:00:00+00:00,-0.0
2025-04-08 20:00:00+00:00,-0.0
2025-04-08 21:00:00+00:00,-0.0
2025-04-08 22:00:00+00:00,-0.0
2025-04-08 23:00:00+00:00,-0.0
2025-04-09 00:00:00+00:00,-0.0
2025-04-09 01:00:00+00:00,-0.0
2025-04-09 02:00:00+00:00,-0.0
2025-04-09 03:00:00+00:00,-0.0
2025-04-09 04:00:00+00:00,-0.0
2025-04-09 05:00:00+00:00,-0.0
2025-04-09 06:00:00+00:00,-0.0
2025-04-09 07:00:00+00:00,-0.0
2025-04-09 08:00:00+00:00,-0.0
2025-04-09 09:00:00+00:00,-0.0
2025-04-09 10:00:00+00:00,-0.0
2025-04-09 11:00:00+00:00,-0.0
2025-04-09 12:00:00+00:00,-0.0
2025-04-09 13:00:00+00:00,-0.0
2025-04-09 14:00:00+00:00,-0.0
2025-04-09 15:00:00+00:00,-0.0
2025-04-09 16:00:00+00:00,-0.0
2025-04-09 17:00:00+00:00,-0.0
2025-04-09 18:00:00+00:00,-0.0
2025-04-09 19:00:00+00:00,-0.0
2025-04-09 20:00:00+00:00,-0.0
2025-04-09 21:00:00+00:00,-0.0
2025-04-09 22:00:00+00:00,-0.0
2025-04-09 23:00:00+00:00,-0.0
2025-04-10 00:00:00+00:00,-0.0
2025-04-10 01:00:00+00:00,-0.0
2025-04-10 02:00:00+00:00,-0.0
2025-04-10 03:00:00+00:00,-0.0
2025-04-10 04:00:00+00:00,-0.0
2025-04-10 05:00:00+00:00,-0.0
2025-04-10 06:00:00+00:00,-0.0
2025-04-10 07:00:00+00:00,-0.0
2025-04-10 08:00:00+00:00,-0.0
2025-04-10 09:00:00+00:00,-0.0
2025-04-10 10:00:00+00:00,-0.0
2025-04-10 11:00:00+00:00,-0.0
2025-04-10 12:00:00+00:00,-0.0
2025-04-10 13:00:00+00:00,-0.0
2025-04-10 14:00:00+00:00,-0.0
2025-04-10 15:00:00+00:00,-0.0
2025-04-10 16:00:00+00:00,-0.0
2025-04-10 17:00:00+00:00,-0.0
2025-04-10 18:00:00+00:00,-0.0
2025-04-10 19:00:00+00:00,-0.0
2025-04-10 20:00:00+00:00,-0.0
2025-04-10 21:00:00+00:00,-0.0
2025-04-10 22:00:00+00:00,-0.0
2025-04-10 23:00:00+00:00,-0.0
2025-04-11 00:00:00+00:00,-0.0
2025-04-11 01:00:00+00:00,-0.0
2025-04-11 02:00:00+00:00,-0.0
2025-04-11 03:00:00+00:00,-0.0
2025-04-11 04:00:00+00:00,-0.0
2025-04-11 05:00:00+00:00,-0.0
2025-04-11 06:00:00+00:00,-0.0
2025-04-11 07:00:00+00:00,-0.0
2025-04-11 08:00:00+00:00,-0.0
2025-04-11 09:00:00+00:00,-0.0
2025-04-11 10:00:00+00:00,-0.0
2025-04-11 11:00:00+00:00,-0.0
2025-04-11 12:00:00+00:00,-0.0
2025-04-11 13:00:00+00:00,-0.0
2025-04-11 14:00:00+00:00,-0.0
2025-04-11 15:00:00+00:00,-0.0
2025-04-11 16:00:00+00:00,-0.0
2025-04-11 17:00:00+00:00,-0.0
2025-04-11 18:00:00+00:00,-0.0
2025-04-11 19:00:00+00:00,-0.0
2025-04-11 20:00:00+00:00,-0.0
2025-04-11 21:00:00+00:00,-0.0
2025-04-11 22:00:00+00:00,-0.0
2025-04-11 23:00:00+00:00,-0.0
2025-04-12 00:00:00+00:00,-0.0
2025-04-12 01:00:00+00:00,-0.0
2025-04-12 02:00:00+00:00,-0.0
2025-04-12 03:00:00+00:00,-0.0
2025-04-12 04:00:00+00:00,-0.0
2025-04-12 05:00:00+00:00,-0.0
2025-04-12 06:00:00+00:00,-0.0
2025-04-12 07:00:00+00:00,-0.0
2025-04-12 08:00:00+00:00,-0.0
2025-04-12 09:00:00+00:00,-0.0
2025-04-12 10:00:00+00:00,-0.0
2025-04-12 11:00:00+00:00,-0.0
2025-04-12 12:00:00+00:00,-0.0
2025-04-12 13:00:00+00:00,-0.0
2025-04-12 14:00:00+00:00,-0.0
2025-04-12 15:00:00+00:00,-0.0
2025-04-12 16:00:00+00:00,-0.0
2025-04-12 17:00:00+00:00,-0.0
2025-04-12 18:00:00+00:00,-0.0
2025-04-12 19:00:00+00:00,-0.0
2025-04-12 20:00:00+00:00,-0.0
2025-04-12 21:00:00+00:00,-0.0
2025-04-12 22:00:00+00:00,-0.0
2025-04-12 23:00:00+00:00,-0.0
2025-04-13 00:00:00+00:00,-0.0
2025-04-13 01:00:00+00:00,-0.0
2025-04-13 02:00:00+00:00,-0.0
2025-04-13 03:00:00+00:00,-0.0
2025-04-13 04:00:00+00:00,-0.0
2025-04-13 05:00:00+00:00,-0.0
2025-04-13 06:00:00+00:00,-0.0
2025-04-13 07:00:00+00:00,-0.0
2025-04-13 08:00:00+00:00,-0.0
2025-04-13 09:00:00+00:00,-0.0
2025-04-13 10:00:00+00:00,-0.0
2025-04-13 11:00:00+00:00,-0.0
2025-04-13 12:00:00+00:00,-0.0
2025-04-13 13:00:00+00:00,-0.0
2025-04-13 14:00:00+00:00,-0.0
2025-04-13 15:00:00+00:00,-0.0
2025-04-13 16:00:00+00:00,-0.0
2025-04-13 17:00:00+00:00,-0.0
2025-04-13 18:00:00+00:00,-0.0
2025-04-13 19:00:00+00:00,-0.0
2025-04-13 20:00:00+00:00,-0.0
2025-04-13 21:00:00+00:00,-0.0
2025-04-13 22:00:00+00:00,-0.0
2025-04-13 23:00:00+00:00,-0.0
2025-04-14 00:00:00+00:00,-0.0
2025-04-14 01:00:00+00:00,-0.0
2025-04-14 02:00:00+00:00,-0.0
2025-04-14 03:00:00+00:00,-0.0
2025-04-14 04:00:00+00:00,-0.0
2025-04-14 05:00:00+00:00,-0.0
2025-04-14 06:00:00+00:00,-0.0
2025-04-14 07:00:00+00:00,-0.0
2025-04-14 08:00:00+00:00,-0.0
2025-04-14 09:00:00+00:00,-0.0
2025-04-14 10:00:00+00:00,-0.0
2025-04-14 11:00:00+00:00,-0.0
2025-04-14 12:00:00+00:00,-0.0
2025-04-14 13:00:00+00:00,-0.0
2025-04-14 14:00:00+00:00,-0.0
2025-04-14 15:00:00+00:00,-0.0
2025-04-14 16:00:00+00:00,-0.0
2025-04-14 17:00:00+00:00,-0.0
2025-04-14 18:00:00+00:00,-0.0
2025-04-14 19:00:00+00:00,-0.0
2025-04-14 20:00:00+00:00,-0.0
2025-04-14 21:00:00+00:00,-0.0
2025-04-14 22:00:00+00:00,-0.0
2025-04-14 23:00:00+00:00,-0.0
2025-04-15 00:00:00+00:00,-0.0
2025-04-15 01:00:00+00:00,-0.0
2025-04-15 02:00:00+00:00,-0.0
2025-04-15 03:00:00+00:00,-0.0
2025-04-15 04:00:00+00:00,-0.0
2025-04-15 05:00:00+00:00,-0.0
2025-04-15 06:00:00+00:00,-0.0
2025-04-15 07:00:00+00:00,-0.0
2025-04-15 08:00:00+00:00,-0.0
2025-04-15 09:00:00+00:00,-0.0
2025-04-15 10:00:00+00:00,-0.0
2025-04-15 11:00:00+00:00,-0.0
2025-04-15 12:00:00+00:00,-0.0
2025-04-15 13:00:00+00:00,-0.0
2025-04-15 14:00:00+00:00,-0.0
2025-04-15 15:00:00+00:00,-0.0
2025-04-15 16:00:00+00:00,-0.0
2025-04-15 17:00:00+00:00,-0.0
2025-04-15 18:00:00+00:00,-0.0
2025-04-15 19:00:00+00:00,-0.0
2025-04-15 20:00:00+00:00,-0.0
2025-04-15 21:00:00+00:00,-0.0
2025-04-15 22:00:00+00:00,-0.0
2025-04-15 23:00:00+00:00,-0.0
2025-04-16 00:00:00+00:00,-0.0
2025-04-16 01:00:00+00:00,-0.0
2025-04-16 02:00:00+00:00,-0.0
2025-04-16 03:00:00+00:00,-0.0
2025-04-16 04:00:00+00:00,-0.0
2025-04-16 05:00:00+00:00,-0.0
2025-04-16 06:00:00+00:00,-0.0
2025-04-16 07:00:00+00:00,-0.0
2025-04-16 08:00:00+00:00,-0.0
2025-04-16 09:00:00+00:00,-0.0
2025-04-16 10:00:00+00:00,-0.0
2025-04-16 11:00:00+00:00,-0.0
2025-04-16 12:00:00+00:00,-0.0
2025-04-16 13:00:00+00:00,-0.0
2025-04-16 14:00:00+00:00,-0.0
2025-04-16 15:00:00+00:00,-0.0
2025-04-16 16:00:00+00:00,-0.0
2025-04-16 17:00:00+00:00,-0.0
2025-04-16 18:00:00+00:00,-0.0
2025-04-16 19:00:00+00:00,-0.0
2025-04-16 20:00:00+00:00,-0.0
2025-04-16 21:00:00+00:00,-0.0
2025-04-16 22:00:00+00:00,-0.0
2025-04-16 23:00:00+00:00,-0.0
2025-04-17 00:00:00+00:00,-0.0
2025-04-17 01:00:00+00:00,-0.0
2025-04-17 02:00:00+00:00,-0.0
2025-04-17 03:00:00+00:00,-0.0
2025-04-17 04:00:00+00:00,-0.0
2025-04-17 05:00:00+00:00,-0.0
2025-04-17 06:00:00+00:00,-0.0
2025-04-17 07:00:00+00:00,-0.0
2025-04-17 08:00:00+00:00,-0.0
2025-04-17 09:00:00+00:00,-0.0
2025-04-17 10:00:00+00:00,-0.0
2025-04-17 11:00:00+00:00,-0.0
2025-04-17 12:00:00+00:00,-0.0
2025-04-17 13:00:00+00:00,-0.0
2025-04-17 14:00:00+00:00,-0.0
2025-04-17 15:00:00+00:00,-0.0
2025-04-17 16:00:00+00:00,-0.0
2025-04-17 17:00:00+00:00,-0.0
2025-04-17 18:00:00+00:00,-0.0
2025-04-17 19:00:00+00:00,-0.0
2025-04-17 20:00:00+00:00,-0.0
2025-04-17 21:00:00+00:00,-0.0
2025-04-17 22:00:00+00:00,-0.0
2025-04-17 23:00:00+00:00,-0.0
2025-04-18 00:00:00+00:00,-0.0
2025-04-18 01:00:00+00:00,-0.0
2025-04-18 02:00:00+00:00,-0.0
2025-04-18 03:00:00+00:00,-0.0
2025-04-18 04:00:00+00:00,-0.0
2025-04-18 05:00:00+00:00,-0.0
2025-04-18 06:00:00+00:00,-0.0
2025-04-18 07:00:00+00:00,-0.0
2025-04-18 08:00:00+00:00,-0.0
2025-04-18 09:00:00+00:00,-0.0
2025-04-18 10:00:00+00:00,-0.0
2025-04-18 11:00:00+00:00,-0.0
2025-04-18 12:00:00+00:00,-0.0
2025-04-18 13:00:00+00:00,-0.0
2025-04-18 14:00:00+00:00,-0.0
2025-04-18 15:00:00+00:00,-0.0
2025-04-18 16:00:00+00:00,-0.0
2025-04-18 17:00:00+00:00,-0.0
2025-04-18 18:00:00+00:00,-0.0
2025-04-18 19:00:00+00:00,-0.0
2025-04-18 20:00:00+00:00,-0.0
2025-04-18 21:00:00+00:00,-0.0
2025-04-18 22:00:00+00:00,-0.0
2025-04-18 23:00:00+00:00,-0.0
2025-04-19 00:00:00+00:00,-0.0
2025-04-19 01:00:00+00:00,-0.0
2025-04-19 02:00:00+00:00,-0.0
2025-04-19 03:00:00+00:00,-0.0
2025-04-19 04:00:00+00:00,-0.0
2025-04-19 05:00:00+00:00,-0.0
2025-04-19 06:00:00+00:00,-0.0
2025-04-19 07:00:00+00:00,-0.0
2025-04-19 08:00:00+00:00,-0.0
2025-04-19 09:00:00+00:00,-0.0
2025-04-19 10:00:00+00:00,-0.0
2025-04-19 11:00:00+00:00,-0.0
2025-04-19 12:00:00+00:00,-0.0
2025-04-19 13:00:00+00:00,-0.0
2025-04-19 14:00:00+00:00,-0.0
2025-04-19 15:00:00+00:00,-0.0
2025-04-19 16:00:00+00:00,-0.0
2025-04-19 17:00:00+00:00,-0.0
2025-04-19 18:00:00+00:00,-0.0
2025-04-19 19:00:00+00:00,-0.0
2025-04-19 20:00:00+00:00,-0.0
2025-04-19 21:00:00+00:00,-0.0
2025-04-19 22:00:00+00:00,-0.0
2025-04-19 23:00:00+00:00,-0.0
2025-04-20 00:00:00+00:00,-0.0
2025-04-20 01:00:00+00:00,-0.0
2025-04-20 02:00:00+00:00,-0.0
2025-04-20 03:00:00+00:00,-0.0
2025-04-20 04:00:00+00:00,-0.0
2025-04-20 05:00:00+00:00,-0.0
2025-04-20 06:00:00+00:00,-0.0
2025-04-20 07:00:00+00:00,-0.0
2025-04-20 08:00:00+00:00,-0.0
2025-04-20 09:00:00+00:00,-0.0
2025-04-20 10:00:00+00:00,-0.0
2025-04-20 11:00:00+00:00,-0.0
2025-04-20 12:00:00+00:00,-0.0
2025-04-20 13:00:00+00:00,-0.0
2025-04-20 14:00:00+00:00,-0.0
2025-04-20 15:00:00+00:00,-0.0
2025-04-20 16:00:00+00:00,-0.0
2025-04-20 17:00:00+00:00,-0.0
2025-04-20 18:00:00+00:00,-0.0
2025-04-20 19:00:00+00:00,-0.0
2025-04-20 20:00:00+00:00,-0.0
2025-04-20 21:00:00+00:00,-0.0
2025-04-20 22:00:00+00:00,-0.0
2025-04-20 23:00:00+00:00,-0.0
2025-04-21 00:00:00+00:00,-0.0
2025-04-21 01:00:00+00:00,-0.0
2025-04-21 02:00:00+00:00,-0.0
2025-04-21 03:00:00+00:00,-0.0
2025-04-21 04:00:00+00:00,-0.0
2025-04-21 05:00:00+00:00,-0.0
2025-04-21 06:00:00+00:00,-0.0
2025-04-21 07:00:00+00:00,-0.0
2025-04-21 08:00:00+00:00,-0.0
2025-04-21 09:00:00+00:00,-0.0
2025-04-21 10:00:00+00:00,-0.0
2025-04-21 11:00:00+00:00,-0.0
2025-04-21 12:00:00+00:00,-0.0
2025-04-21 13:00:00+00:00,-0.0
2025-04-21 14:00:00+00:00,-0.0
2025-04-21 15:00:00+00:00,-0.0
2025-04-21 16:00:00+00:00,-0.0
2025-04-21 17:00:00+00:00,-0.0
2025-04-21 18:00:00+00:00,-0.0
2025-04-21 19:00:00+00:00,-0.0
2025-04-21 20:00:00+00:00,-0.0
2025-04-21 21:00:00+00:00,-0.0
2025-04-21 22:00:00+00:00,-0.0
2025-04-21 23:00:00+00:00,-0.0
2025-04-22 00:00:00+00:00,-0.0
2025-04-22 01:00:00+00:00,-0.0
2025-04-22 02:00:00+00:00,-0.0
2025-04-22 03:00:00+00:00,-0.0
2025-04-22 04:00:00+00:00,-0.0
2025-04-22 05:00:00+00:00,-0.0
2025-04-22 06:00:00+00:00,-0.0
2025-04-22 07:00:00+00:00,-0.0
2025-04-22 08:00:00+00:00,-0.0
2025-04-22 09:00:00+00:00,-0.0
2025-04-22 10:00:00+00:00,-0.0
2025-04-22 11:00:00+00:00,-0.0
2025-04-22 12:00:00+00:00,-0.0
2025-04-22 13:00:00+00:00,-0.0
2025-04-22 14:00:00+00:00,-0.0
2025-04-22 15:00:00+00:00,-0.0
2025-04-22 16:00:00+00:00,-0.0
2025-04-22 17:00:00+00:00,-0.0
2025-04-22 18:00:00+00:00,-0.0
2025-04-22 19:00:00+00:00,-0.0
2025-04-22 20:00:00+00:00,-0.0
2025-04-22 21:00:00+00:00,-0.0
2025-04-22 22:00:00+00:00,-0.0
2025-04-22 23:00:00+00:00,-0.0
2025-04-23 00:00:00+00:00,-0.0
2025-04-23 01:00:00+00:00,-0.0
2025-04-23 02:00:00+00:00,-0.0
2025-04-23 03:00:00+00:00,-0.0
2025-04-23 04:00:00+00:00,-0.0
2025-04-23 05:00:00+00:00,-0.0
2025-04-23 06:00:00+00:00,-0.0
2025-04-23 07:00:00+00:00,-0.0
2025-04-23 08:00:00+00:00,-0.0
2025-04-23 09:00:00+00:00,-0.0
2025-04-23 10:00:00+00:00,-0.0
2025-04-23 11:00:00+00:00,-0.0
2025-04-23 12:00:00+00:00,-0.0
2025-04-23 13:00:00+00:00,-0.0
2025-04-23 14:00:00+00:00,-0.0
2025-04-23 15:00:00+00:00,-0.0
2025-04-23 16:00:00+00:00,-0.0
2025-04-23 17:00:00+00:00,-0.0
2025-04-23 18:00:00+00:00,-0.0
2025-04-23 19:00:00+00:00,-0.0
2025-04-23 20:00:00+00:00,-0.0
2025-04-23 21:00:00+00:00,-0.0
2025-04-23 22:00:00+00:00,-0.0
2025-04-23 23:00:00+00:00,-0.0
2025-04-24 00:00:00+00:00,-0.0
2025-04-24 01:00:00+00:00,-0.0
2025-04-24 02:00:00+00:00,-0.0
2025-04-24 03:00:00+00:00,-0.0
2025-04-24 04:00:00+00:00,-0.0
2025-04-24 05:00:00+00:00,-0.0
2025-04-24 06:00:00+00:00,-0.0
2025-04-24 07:00:00+00:00,-0.0
2025-04-24 08:00:00+00:00,-0.0
2025-04-24 09:00:00+00:00,-0.0
2025-04-24 10:00:00+00:00,-0.0
2025-04-24 11:00:00+00:00,-0.0
2025-04-24 12:00:00+00:00,-0.0
2025-04-24 13:00:00+00:00,-0.0
2025-04-24 14:00:00+00:00,-0.05154857887139289
2025-04-24 15:00:00+00:00,-0.0
2025-04-24 16:00:00+00:00,-0.0
2025-04-24 17:00:00+00:00,-0.0
2025-04-24 18:00:00+00:00,-0.0
2025-04-24 19:00:00+00:00,-0.0
2025-04-24 20:00:00+00:00,-0.0
2025-04-24 21:00:00+00:00,-0.0
2025-04-24 22:00:00+00:00,-0.0
2025-04-24 23:00:00+00:00,-0.0
2025-04-25 00:00:00+00:00,-0.0
2025-04-25 01:00:00+00:00,-0.0
2025-04-25 02:00:00+00:00,-0.0
2025-04-25 03:00:00+00:00,-0.0
2025-04-25 04:00:00+00:00,-0.0
2025-04-25 05:00:00+00:00,-0.0
2025-04-25 06:00:00+00:00,-0.0
2025-04-25 07:00:00+00:00,-0.0
2025-04-25 08:00:00+00:00,-0.0
2025-04-25 09:00:00+00:00,-0.0
2025-04-25 10:00:00+00:00,-0.0
2025-04-25 11:00:00+00:00,-0.0
2025-04-25 12:00:00+00:00,-0.0
2025-04-25 13:00:00+00:00,-0.0
2025-04-25 14:00:00+00:00,-0.0
2025-04-25 15:00:00+00:00,-0.0
2025-04-25 16:00:00+00:00,-0.0
2025-04-25 17:00:00+00:00,-0.0
2025-04-25 18:00:00+00:00,-0.0
2025-04-25 19:00:00+00:00,-0.0
2025-04-25 20:00:00+00:00,-0.0
2025-04-25 21:00:00+00:00,-0.0
2025-04-25 22:00:00+00:00,-0.0
2025-04-25 23:00:00+00:00,-0.0
2025-04-26 00:00:00+00:00,-0.0
2025-04-26 01:00:00+00:00,-0.0
2025-04-26 02:00:00+00:00,-0.0
2025-04-26 03:00:00+00:00,-0.0
2025-04-26 04:00:00+00:00,-0.0
2025-04-26 05:00:00+00:00,-0.0
2025-04-26 06:00:00+00:00,-0.0
2025-04-26 07:00:00+00:00,-0.0
2025-04-26 08:00:00+00:00,-0.0
2025-04-26 09:00:00+00:00,-0.0
2025-04-26 10:00:00+00:00,-0.0
2025-04-26 11:00:00+00:00,-0.0
2025-04-26 12:00:00+00:00,-0.0
2025-04-26 13:00:00+00:00,-0.0
2025-04-26 14:00:00+00:00,-0.0
2025-04-26 15:00:00+00:00,-0.0
2025-04-26 16:00:00+00:00,-0.0
2025-04-26 17:00:00+00:00,-0.0
2025-04-26 18:00:00+00:00,-0.0
2025-04-26 19:00:00+00:00,-0.0
2025-04-26 20:00:00+00:00,-0.0
2025-04-26 21:00:00+00:00,-0.0
2025-04-26 22:00:00+00:00,-0.0
2025-04-26 23:00:00+00:00,-0.0
2025-04-27 00:00:00+00:00,-0.0
2025-04-27 01:00:00+00:00,-0.0
2025-04-27 02:00:00+00:00,-0.0
2025-04-27 03:00:00+00:00,-0.0
2025-04-27 04:00:00+00:00,-0.0
2025-04-27 05:00:00+00:00,-0.0
2025-04-27 06:00:00+00:00,-0.0
2025-04-27 07:00:00+00:00,-0.0
2025-04-27 08:00:00+00:00,-0.0
2025-04-27 09:00:00+00:00,-0.0
2025-04-27 10:00:00+00:00,-0.0
2025-04-27 11:00:00+00:00,-0.0
2025-04-27 12:00:00+00:00,-0.0
2025-04-27 13:00:00+00:00,-0.0
2025-04-27 14:00:00+00:00,-0.0
2025-04-27 15:00:00+00:00,-0.0
2025-04-27 16:00:00+00:00,-0.0
2025-04-27 17:00:00+00:00,-0.0
2025-04-27 18:00:00+00:00,-0.0
2025-04-27 19:00:00+00:00,-0.0
2025-04-27 20:00:00+00:00,-0.0
2025-04-27 21:00:00+00:00,-0.0
2025-04-27 22:00:00+00:00,-0.0
2025-04-27 23:00:00+00:00,-0.0
2025-04-28 00:00:00+00:00,-0.0
2025-04-28 01:00:00+00:00,-0.0
2025-04-28 02:00:00+00:00,-0.0
2025-04-28 03:00:00+00:00,-0.0
2025-04-28 04:00:00+00:00,-0.0
2025-04-28 05:00:00+00:00,-0.0
2025-04-28 06:00:00+00:00,-0.0
2025-04-28 07:00:00+00:00,-0.0
2025-04-28 08:00:00+00:00,-0.0
2025-04-28 09:00:00+00:00,-0.0
2025-04-28 10:00:00+00:00,-0.0
2025-04-28 11:00:00+00:00,-0.0
2025-04-28 12:00:00+00:00,-0.0
2025-04-28 13:00:00+00:00,-0.0
2025-04-28 14:00:00+00:00,-0.0
2025-04-28 15:00:00+00:00,0.020563665171266447
2025-04-28 16:00:00+00:00,-0.0
2025-04-28 17:00:00+00:00,-0.0
2025-04-28 18:00:00+00:00,-0.0
2025-04-28 19:00:00+00:00,-0.0
2025-04-28 20:00:00+00:00,-0.0
2025-04-28 21:00:00+00:00,-0.0
2025-04-28 22:00:00+00:00,-0.0
2025-04-28 23:00:00+00:00,-0.0
2025-04-29 00:00:00+00:00,-0.0
2025-04-29 01:00:00+00:00,-0.0
2025-04-29 02:00:00+00:00,-0.0
2025-04-29 03:00:00+00:00,-0.0
2025-04-29 04:00:00+00:00,-0.0
2025-04-29 05:00:00+00:00,-0.0
2025-04-29 06:00:00+00:00,-0.0
2025-04-29 07:00:00+00:00,-0.0
2025-04-29 08:00:00+00:00,-0.0
2025-04-29 09:00:00+00:00,-0.0
2025-04-29 10:00:00+00:00,-0.0
2025-04-29 11:00:00+00:00,-0.0
2025-04-29 12:00:00+00:00,-0.0
2025-04-29 13:00:00+00:00,-0.0
2025-04-29 14:00:00+00:00,-0.0
2025-04-29 15:00:00+00:00,-0.0
2025-04-29 16:00:00+00:00,-0.0
2025-04-29 17:00:00+00:00,-0.0
2025-04-29 18:00:00+00:00,-0.0
2025-04-29 19:00:00+00:00,-0.0
2025-04-29 20:00:00+00:00,-0.0
2025-04-29 21:00:00+00:00,-0.0
2025-04-29 22:00:00+00:00,-0.0
2025-04-29 23:00:00+00:00,-0.0
2025-04-30 00:00:00+00:00,-0.0
2025-04-30 01:00:00+00:00,-0.0
2025-04-30 02:00:00+00:00,-0.0
2025-04-30 03:00:00+00:00,-0.0
2025-04-30 04:00:00+00:00,-0.0
2025-04-30 05:00:00+00:00,-0.0
2025-04-30 06:00:00+00:00,-0.0
2025-04-30 07:00:00+00:00,-0.0
2025-04-30 08:00:00+00:00,-0.0
2025-04-30 09:00:00+00:00,-0.0
2025-04-30 10:00:00+00:00,-0.0
2025-04-30 11:00:00+00:00,-0.0
2025-04-30 12:00:00+00:00,0.019780139176057823
2025-04-30 13:00:00+00:00,-0.0
2025-04-30 14:00:00+00:00,-0.0
2025-04-30 15:00:00+00:00,-0.0
2025-04-30 16:00:00+00:00,-0.0
2025-04-30 17:00:00+00:00,-0.0
2025-04-30 18:00:00+00:00,-0.0
2025-04-30 19:00:00+00:00,-0.0
2025-04-30 20:00:00+00:00,-0.0
2025-04-30 21:00:00+00:00,-0.0
2025-04-30 22:00:00+00:00,-0.0
2025-04-30 23:00:00+00:00,-0.0
2025-05-01 00:00:00+00:00,-0.0
2025-05-01 01:00:00+00:00,-0.0
2025-05-01 02:00:00+00:00,-0.0
2025-05-01 03:00:00+00:00,-0.0
2025-05-01 04:00:00+00:00,-0.0
2025-05-01 05:00:00+00:00,-0.0
2025-05-01 06:00:00+00:00,-0.0
2025-05-01 07:00:00+00:00,-0.0
2025-05-01 08:00:00+00:00,-0.0
2025-05-01 09:00:00+00:00,-0.0
2025-05-01 10:00:00+00:00,-0.0
2025-05-01 11:00:00+00:00,-0.0
2025-05-01 12:00:00+00:00,-0.0
2025-05-01 13:00:00+00:00,-0.0
2025-05-01 14:00:00+00:00,-0.0
2025-05-01 15:00:00+00:00,-0.0
2025-05-01 16:00:00+00:00,-0.0
2025-05-01 17:00:00+00:00,-0.0
2025-05-01 18:00:00+00:00,-0.0
2025-05-01 19:00:00+00:00,-0.0
2025-05-01 20:00:00+00:00,-0.0
2025-05-01 21:00:00+00:00,-0.0
2025-05-01 22:00:00+00:00,-0.0
2025-05-01 23:00:00+00:00,-0.0
2025-05-02 00:00:00+00:00,-0.0
2025-05-02 01:00:00+00:00,-0.0
2025-05-02 02:00:00+00:00,-0.0
2025-05-02 03:00:00+00:00,-0.0
2025-05-02 04:00:00+00:00,-0.0
2025-05-02 05:00:00+00:00,-0.0
2025-05-02 06:00:00+00:00,-0.0
2025-05-02 07:00:00+00:00,-0.0
2025-05-02 08:00:00+00:00,-0.0
2025-05-02 09:00:00+00:00,-0.0
2025-05-02 10:00:00+00:00,-0.0
2025-05-02 11:00:00+00:00,-0.0
2025-05-02 12:00:00+00:00,-0.0
2025-05-02 13:00:00+00:00,-0.0
2025-05-02 14:00:00+00:00,-0.0
2025-05-02 15:00:00+00:00,-0.0
2025-05-02 16:00:00+00:00,-0.0
2025-05-02 17:00:00+00:00,-0.0
2025-05-02 18:00:00+00:00,-0.0
2025-05-02 19:00:00+00:00,-0.0
2025-05-02 20:00:00+00:00,-0.0
2025-05-02 21:00:00+00:00,-0.0
2025-05-02 22:00:00+00:00,-0.0
2025-05-02 23:00:00+00:00,-0.0
2025-05-03 00:00:00+00:00,-0.0
2025-05-03 01:00:00+00:00,-0.0
2025-05-03 02:00:00+00:00,-0.0
2025-05-03 03:00:00+00:00,-0.0
2025-05-03 04:00:00+00:00,-0.0
2025-05-03 05:00:00+00:00,-0.0
2025-05-03 06:00:00+00:00,-0.0
2025-05-03 07:00:00+00:00,-0.0
2025-05-03 08:00:00+00:00,-0.0
2025-05-03 09:00:00+00:00,-0.0
2025-05-03 10:00:00+00:00,-0.0
2025-05-03 11:00:00+00:00,-0.0
2025-05-03 12:00:00+00:00,-0.0
2025-05-03 13:00:00+00:00,-0.0
2025-05-03 14:00:00+00:00,-0.0
2025-05-03 15:00:00+00:00,-0.0
2025-05-03 16:00:00+00:00,-0.0
2025-05-03 17:00:00+00:00,-0.0
2025-05-03 18:00:00+00:00,-0.0
2025-05-03 19:00:00+00:00,-0.0
2025-05-03 20:00:00+00:00,-0.0
2025-05-03 21:00:00+00:00,-0.0
2025-05-03 22:00:00+00:00,-0.0
2025-05-03 23:00:00+00:00,-0.0
2025-05-04 00:00:00+00:00,-0.0
2025-05-04 01:00:00+00:00,-0.0
2025-05-04 02:00:00+00:00,-0.0
2025-05-04 03:00:00+00:00,-0.0
2025-05-04 04:00:00+00:00,-0.0
2025-05-04 05:00:00+00:00,-0.0
2025-05-04 06:00:00+00:00,-0.0
2025-05-04 07:00:00+00:00,-0.0
2025-05-04 08:00:00+00:00,-0.0
2025-05-04 09:00:00+00:00,-0.0
2025-05-04 10:00:00+00:00,-0.0
2025-05-04 11:00:00+00:00,-0.0
2025-05-04 12:00:00+00:00,-0.0
2025-05-04 13:00:00+00:00,-0.0
2025-05-04 14:00:00+00:00,-0.0
2025-05-04 15:00:00+00:00,-0.0
2025-05-04 16:00:00+00:00,-0.0
2025-05-04 17:00:00+00:00,-0.0
2025-05-04 18:00:00+00:00,-0.0
2025-05-04 19:00:00+00:00,-0.0
2025-05-04 20:00:00+00:00,-0.0
2025-05-04 21:00:00+00:00,-0.0
2025-05-04 22:00:00+00:00,-0.0
2025-05-04 23:00:00+00:00,-0.0
2025-05-05 00:00:00+00:00,-0.0
2025-05-05 01:00:00+00:00,-0.0
2025-05-05 02:00:00+00:00,-0.0
2025-05-05 03:00:00+00:00,-0.0
2025-05-05 04:00:00+00:00,-0.0
2025-05-05 05:00:00+00:00,-0.0
2025-05-05 06:00:00+00:00,-0.0
2025-05-05 07:00:00+00:00,-0.0
2025-05-05 08:00:00+00:00,-0.0
2025-05-05 09:00:00+00:00,-0.0
2025-05-05 10:00:00+00:00,0.02089590233777635
2025-05-05 11:00:00+00:00,-0.0
2025-05-05 12:00:00+00:00,-0.0
2025-05-05 13:00:00+00:00,-0.0
2025-05-05 14:00:00+00:00,-0.0
2025-05-05 15:00:00+00:00,-0.0
2025-05-05 16:00:00+00:00,-0.0
2025-05-05 17:00:00+00:00,-0.0
2025-05-05 18:00:00+00:00,-0.0
2025-05-05 19:00:00+00:00,-0.0
2025-05-05 20:00:00+00:00,0.014821114668801103
2025-05-05 21:00:00+00:00,-0.0
2025-05-05 22:00:00+00:00,-0.0
2025-05-05 23:00:00+00:00,-0.0
2025-05-06 00:00:00+00:00,-0.0
2025-05-06 01:00:00+00:00,-0.0
2025-05-06 02:00:00+00:00,-0.0
2025-05-06 03:00:00+00:00,-0.0
2025-05-06 04:00:00+00:00,-0.0
2025-05-06 05:00:00+00:00,-0.0
2025-05-06 06:00:00+00:00,-0.0
2025-05-06 07:00:00+00:00,-0.0
2025-05-06 08:00:00+00:00,-0.0
2025-05-06 09:00:00+00:00,-0.0
2025-05-06 10:00:00+00:00,-0.0
2025-05-06 11:00:00+00:00,-0.0
2025-05-06 12:00:00+00:00,-0.0
2025-05-06 13:00:00+00:00,-0.0
2025-05-06 14:00:00+00:00,-0.0
2025-05-06 15:00:00+00:00,-0.0
2025-05-06 16:00:00+00:00,-0.0
2025-05-06 17:00:00+00:00,-0.0
2025-05-06 18:00:00+00:00,-0.0
2025-05-06 19:00:00+00:00,-0.0
2025-05-06 20:00:00+00:00,-0.0
2025-05-06 21:00:00+00:00,-0.0
2025-05-06 22:00:00+00:00,-0.0
2025-05-06 23:00:00+00:00,-0.0
2025-05-07 00:00:00+00:00,-0.0
2025-05-07 01:00:00+00:00,-0.0
2025-05-07 02:00:00+00:00,-0.0
2025-05-07 03:00:00+00:00,-0.0
2025-05-07 04:00:00+00:00,-0.0
2025-05-07 05:00:00+00:00,-0.0
2025-05-07 06:00:00+00:00,-0.0
2025-05-07 07:00:00+00:00,-0.0
2025-05-07 08:00:00+00:00,-0.0
2025-05-07 09:00:00+00:00,-0.0
2025-05-07 10:00:00+00:00,-0.0
2025-05-07 11:00:00+00:00,-0.0
2025-05-07 12:00:00+00:00,-0.0
2025-05-07 13:00:00+00:00,-0.0
2025-05-07 14:00:00+00:00,-0.0
2025-05-07 15:00:00+00:00,-0.0
2025-05-07 16:00:00+00:00,-0.0
2025-05-07 17:00:00+00:00,-0.0
2025-05-07 18:00:00+00:00,-0.0
2025-05-07 19:00:00+00:00,-0.0
2025-05-07 20:00:00+00:00,-0.0
2025-05-07 21:00:00+00:00,-0.0
2025-05-07 22:00:00+00:00,-0.0
2025-05-07 23:00:00+00:00,-0.0
2025-05-08 00:00:00+00:00,-0.0
2025-05-08 01:00:00+00:00,-0.0
2025-05-08 02:00:00+00:00,-0.0
2025-05-08 03:00:00+00:00,-0.0
2025-05-08 04:00:00+00:00,-0.0
2025-05-08 05:00:00+00:00,-0.0
2025-05-08 06:00:00+00:00,-0.0
2025-05-08 07:00:00+00:00,-0.0
2025-05-08 08:00:00+00:00,-0.0
2025-05-08 09:00:00+00:00,-0.0
2025-05-08 10:00:00+00:00,-0.0
2025-05-08 11:00:00+00:00,-0.0
2025-05-08 12:00:00+00:00,-0.0
2025-05-08 13:00:00+00:00,-0.0
2025-05-08 14:00:00+00:00,-0.0
2025-05-08 15:00:00+00:00,-0.0
2025-05-08 16:00:00+00:00,-0.0
2025-05-08 17:00:00+00:00,-0.0
2025-05-08 18:00:00+00:00,-0.0
2025-05-08 19:00:00+00:00,-0.0
2025-05-08 20:00:00+00:00,-0.04314844737462524
2025-05-08 21:00:00+00:00,-0.0
2025-05-08 22:00:00+00:00,-0.0
2025-05-08 23:00:00+00:00,-0.0
2025-05-09 00:00:00+00:00,-0.0
2025-05-09 01:00:00+00:00,-0.0
2025-05-09 02:00:00+00:00,-0.0
2025-05-09 03:00:00+00:00,-0.0
2025-05-09 04:00:00+00:00,-0.0
2025-05-09 05:00:00+00:00,-0.0
2025-05-09 06:00:00+00:00,-0.0
2025-05-09 07:00:00+00:00,-0.03729356226859775
2025-05-09 08:00:00+00:00,-0.0
2025-05-09 09:00:00+00:00,-0.0
2025-05-09 10:00:00+00:00,-0.0
2025-05-09 11:00:00+00:00,-0.0
2025-05-09 12:00:00+00:00,-0.0
2025-05-09 13:00:00+00:00,-0.05044774294834229
2025-05-09 14:00:00+00:00,-0.0
2025-05-09 15:00:00+00:00,-0.0
2025-05-09 16:00:00+00:00,-0.0
2025-05-09 17:00:00+00:00,-0.0
2025-05-09 18:00:00+00:00,-0.0
2025-05-09 19:00:00+00:00,-0.0
2025-05-09 20:00:00+00:00,-0.0
2025-05-09 21:00:00+00:00,-0.0
2025-05-09 22:00:00+00:00,-0.0
2025-05-09 23:00:00+00:00,-0.0
2025-05-10 00:00:00+00:00,-0.0
2025-05-10 01:00:00+00:00,-0.0
2025-05-10 02:00:00+00:00,-0.0
2025-05-10 03:00:00+00:00,-0.0
2025-05-10 04:00:00+00:00,-0.0
2025-05-10 05:00:00+00:00,-0.0
2025-05-10 06:00:00+00:00,-0.0
2025-05-10 07:00:00+00:00,-0.0
2025-05-10 08:00:00+00:00,-0.0
2025-05-10 09:00:00+00:00,-0.0
2025-05-10 10:00:00+00:00,-0.0
2025-05-10 11:00:00+00:00,-0.0
2025-05-10 12:00:00+00:00,-0.0
2025-05-10 13:00:00+00:00,-0.0
2025-05-10 14:00:00+00:00,-0.0
2025-05-10 15:00:00+00:00,-0.0
2025-05-10 16:00:00+00:00,-0.0
2025-05-10 17:00:00+00:00,-0.0
2025-05-10 18:00:00+00:00,-0.0
2025-05-10 19:00:00+00:00,-0.0
2025-05-10 20:00:00+00:00,-0.0
2025-05-10 21:00:00+00:00,-0.06420342173395673
2025-05-10 22:00:00+00:00,-0.0
2025-05-10 23:00:00+00:00,-0.0
2025-05-11 00:00:00+00:00,-0.0
2025-05-11 01:00:00+00:00,-0.0
2025-05-11 02:00:00+00:00,-0.0
2025-05-11 03:00:00+00:00,-0.0
2025-05-11 04:00:00+00:00,-0.0
2025-05-11 05:00:00+00:00,-0.0
2025-05-11 06:00:00+00:00,-0.0
2025-05-11 07:00:00+00:00,0.022502541849828455
2025-05-11 08:00:00+00:00,-0.0
2025-05-11 09:00:00+00:00,-0.0
2025-05-11 10:00:00+00:00,-0.0
2025-05-11 11:00:00+00:00,-0.0
2025-05-11 12:00:00+00:00,-0.0
2025-05-11 13:00:00+00:00,-0.0
2025-05-11 14:00:00+00:00,-0.0
2025-05-11 15:00:00+00:00,-0.0
2025-05-11 16:00:00+00:00,-0.0
2025-05-11 17:00:00+00:00,-0.0
2025-05-11 18:00:00+00:00,-0.0
2025-05-11 19:00:00+00:00,-0.0
2025-05-11 20:00:00+00:00,-0.0
2025-05-11 21:00:00+00:00,-0.0
2025-05-11 22:00:00+00:00,-0.0
2025-05-11 23:00:00+00:00,-0.0
2025-05-12 00:00:00+00:00,-0.0
2025-05-12 01:00:00+00:00,-0.0
2025-05-12 02:00:00+00:00,-0.0
2025-05-12 03:00:00+00:00,-0.0
2025-05-12 04:00:00+00:00,-0.0
2025-05-12 05:00:00+00:00,-0.0
2025-05-12 06:00:00+00:00,-0.0
2025-05-12 07:00:00+00:00,-0.0
2025-05-12 08:00:00+00:00,-0.0
2025-05-12 09:00:00+00:00,-0.0
2025-05-12 10:00:00+00:00,-0.0
2025-05-12 11:00:00+00:00,-0.0
2025-05-12 12:00:00+00:00,-0.0
2025-05-12 13:00:00+00:00,-0.0
2025-05-12 14:00:00+00:00,-0.0
2025-05-12 15:00:00+00:00,-0.0
2025-05-12 16:00:00+00:00,-0.0
2025-05-12 17:00:00+00:00,-0.0
2025-05-12 18:00:00+00:00,-0.0
2025-05-12 19:00:00+00:00,-0.0
2025-05-12 20:00:00+00:00,-0.0
2025-05-12 21:00:00+00:00,-0.0
2025-05-12 22:00:00+00:00,-0.0
2025-05-12 23:00:00+00:00,-0.0
2025-05-13 00:00:00+00:00,-0.0
2025-05-13 01:00:00+00:00,-0.0
2025-05-13 02:00:00+00:00,0.03022507278718455
2025-05-13 03:00:00+00:00,-0.0
2025-05-13 04:00:00+00:00,-0.0
2025-05-13 05:00:00+00:00,-0.0
2025-05-13 06:00:00+00:00,-0.0
2025-05-13 07:00:00+00:00,-0.0
2025-05-13 08:00:00+00:00,-0.0
2025-05-13 09:00:00+00:00,-0.0
2025-05-13 10:00:00+00:00,-0.0
2025-05-13 11:00:00+00:00,-0.0
2025-05-13 12:00:00+00:00,-0.0
2025-05-13 13:00:00+00:00,-0.0
2025-05-13 14:00:00+00:00,-0.0
2025-05-13 15:00:00+00:00,-0.0
2025-05-13 16:00:00+00:00,-0.0
2025-05-13 17:00:00+00:00,-0.0
2025-05-13 18:00:00+00:00,-0.0
2025-05-13 19:00:00+00:00,-0.0
2025-05-13 20:00:00+00:00,-0.0
2025-05-13 21:00:00+00:00,-0.0
2025-05-13 22:00:00+00:00,-0.0
2025-05-13 23:00:00+00:00,-0.0
2025-05-14 00:00:00+00:00,-0.0
2025-05-14 01:00:00+00:00,-0.0
2025-05-14 02:00:00+00:00,-0.0
2025-05-14 03:00:00+00:00,-0.0
2025-05-14 04:00:00+00:00,-0.0
2025-05-14 05:00:00+00:00,-0.0
2025-05-14 06:00:00+00:00,-0.0
2025-05-14 07:00:00+00:00,-0.0
2025-05-14 08:00:00+00:00,-0.0
2025-05-14 09:00:00+00:00,-0.0
2025-05-14 10:00:00+00:00,-0.0
2025-05-14 11:00:00+00:00,-0.0
2025-05-14 12:00:00+00:00,-0.0
2025-05-14 13:00:00+00:00,-0.0
2025-05-14 14:00:00+00:00,-0.0
2025-05-14 15:00:00+00:00,-0.0
2025-05-14 16:00:00+00:00,-0.0
2025-05-14 17:00:00+00:00,-0.0
2025-05-14 18:00:00+00:00,-0.0
2025-05-14 19:00:00+00:00,-0.0
2025-05-14 20:00:00+00:00,-0.0
2025-05-14 21:00:00+00:00,-0.0
2025-05-14 22:00:00+00:00,-0.0
2025-05-14 23:00:00+00:00,-0.0
2025-05-15 00:00:00+00:00,-0.0
2025-05-15 01:00:00+00:00,-0.0
2025-05-15 02:00:00+00:00,-0.0
2025-05-15 03:00:00+00:00,-0.0
2025-05-15 04:00:00+00:00,-0.0
2025-05-15 05:00:00+00:00,-0.0
2025-05-15 06:00:00+00:00,-0.0
2025-05-15 07:00:00+00:00,-0.0
2025-05-15 08:00:00+00:00,-0.0
2025-05-15 09:00:00+00:00,-0.0
2025-05-15 10:00:00+00:00,-0.0
2025-05-15 11:00:00+00:00,-0.0
2025-05-15 12:00:00+00:00,-0.0
2025-05-15 13:00:00+00:00,-0.0
2025-05-15 14:00:00+00:00,-0.0
2025-05-15 15:00:00+00:00,-0.0
2025-05-15 16:00:00+00:00,-0.0
2025-05-15 17:00:00+00:00,-0.0
2025-05-15 18:00:00+00:00,-0.0
2025-05-15 19:00:00+00:00,-0.0
2025-05-15 20:00:00+00:00,-0.0
2025-05-15 21:00:00+00:00,-0.0
2025-05-15 22:00:00+00:00,-0.0
2025-05-15 23:00:00+00:00,-0.0
2025-05-16 00:00:00+00:00,-0.0
2025-05-16 01:00:00+00:00,-0.0
2025-05-16 02:00:00+00:00,-0.0
2025-05-16 03:00:00+00:00,-0.0
2025-05-16 04:00:00+00:00,-0.0
2025-05-16 05:00:00+00:00,-0.0
2025-05-16 06:00:00+00:00,-0.0
2025-05-16 07:00:00+00:00,-0.0
2025-05-16 08:00:00+00:00,-0.0
2025-05-16 09:00:00+00:00,-0.0
2025-05-16 10:00:00+00:00,-0.0
2025-05-16 11:00:00+00:00,-0.0
2025-05-16 12:00:00+00:00,-0.0
2025-05-16 13:00:00+00:00,-0.0
2025-05-16 14:00:00+00:00,-0.0
2025-05-16 15:00:00+00:00,-0.0
2025-05-16 16:00:00+00:00,-0.0
2025-05-16 17:00:00+00:00,-0.0
2025-05-16 18:00:00+00:00,-0.0
2025-05-16 19:00:00+00:00,-0.0
2025-05-16 20:00:00+00:00,-0.0
2025-05-16 21:00:00+00:00,-0.0
2025-05-16 22:00:00+00:00,0.0367572662159138
2025-05-16 23:00:00+00:00,-0.0
2025-05-17 00:00:00+00:00,-0.0
2025-05-17 01:00:00+00:00,-0.0
2025-05-17 02:00:00+00:00,-0.0
2025-05-17 03:00:00+00:00,-0.0
2025-05-17 04:00:00+00:00,-0.0
2025-05-17 05:00:00+00:00,-0.0
2025-05-17 06:00:00+00:00,-0.0
2025-05-17 07:00:00+00:00,-0.0
2025-05-17 08:00:00+00:00,-0.0
2025-05-17 09:00:00+00:00,-0.0
2025-05-17 10:00:00+00:00,-0.0
2025-05-17 11:00:00+00:00,-0.0
2025-05-17 12:00:00+00:00,-0.0
2025-05-17 13:00:00+00:00,-0.0
2025-05-17 14:00:00+00:00,-0.0
2025-05-17 15:00:00+00:00,-0.0
2025-05-17 16:00:00+00:00,-0.0
2025-05-17 17:00:00+00:00,-0.0
2025-05-17 18:00:00+00:00,-0.0
2025-05-17 19:00:00+00:00,-0.0
2025-05-17 20:00:00+00:00,-0.0
2025-05-17 21:00:00+00:00,-0.0
2025-05-17 22:00:00+00:00,-0.0
2025-05-17 23:00:00+00:00,-0.0
2025-05-18 00:00:00+00:00,-0.0
2025-05-18 01:00:00+00:00,-0.0
2025-05-18 02:00:00+00:00,-0.0
2025-05-18 03:00:00+00:00,-0.0
2025-05-18 04:00:00+00:00,-0.0
2025-05-18 05:00:00+00:00,-0.0
2025-05-18 06:00:00+00:00,-0.0
2025-05-18 07:00:00+00:00,-0.0
2025-05-18 08:00:00+00:00,-0.0
2025-05-18 09:00:00+00:00,-0.0
2025-05-18 10:00:00+00:00,-0.0
2025-05-18 11:00:00+00:00,-0.0
2025-05-18 12:00:00+00:00,-0.0
2025-05-18 13:00:00+00:00,-0.0
2025-05-18 14:00:00+00:00,-0.0
2025-05-18 15:00:00+00:00,-0.0
2025-05-18 16:00:00+00:00,-0.0
2025-05-18 17:00:00+00:00,-0.0
2025-05-18 18:00:00+00:00,-0.0
2025-05-18 19:00:00+00:00,-0.0
2025-05-18 20:00:00+00:00,-0.0
2025-05-18 21:00:00+00:00,-0.0
2025-05-18 22:00:00+00:00,-0.0
2025-05-18 23:00:00+00:00,-0.0
2025-05-19 00:00:00+00:00,-0.0
2025-05-19 01:00:00+00:00,-0.0
2025-05-19 02:00:00+00:00,-0.0
2025-05-19 03:00:00+00:00,-0.0
2025-05-19 04:00:00+00:00,-0.0
2025-05-19 05:00:00+00:00,-0.0
2025-05-19 06:00:00+00:00,-0.0
2025-05-19 07:00:00+00:00,-0.0
2025-05-19 08:00:00+00:00,-0.0
2025-05-19 09:00:00+00:00,-0.0
2025-05-19 10:00:00+00:00,-0.0
2025-05-19 11:00:00+00:00,-0.0
2025-05-19 12:00:00+00:00,-0.0
2025-05-19 13:00:00+00:00,-0.0
2025-05-19 14:00:00+00:00,-0.0
2025-05-19 15:00:00+00:00,-0.0
2025-05-19 16:00:00+00:00,-0.0
2025-05-19 17:00:00+00:00,-0.0
2025-05-19 18:00:00+00:00,-0.0
2025-05-19 19:00:00+00:00,-0.0
2025-05-19 20:00:00+00:00,-0.0
2025-05-19 21:00:00+00:00,-0.0
2025-05-19 22:00:00+00:00,-0.0
2025-05-19 23:00:00+00:00,-0.0
2025-05-20 00:00:00+00:00,-0.0
2025-05-20 01:00:00+00:00,-0.0
2025-05-20 02:00:00+00:00,-0.0
2025-05-20 03:00:00+00:00,-0.0
2025-05-20 04:00:00+00:00,-0.0
2025-05-20 05:00:00+00:00,-0.0
2025-05-20 06:00:00+00:00,-0.0
2025-05-20 07:00:00+00:00,-0.0
2025-05-20 08:00:00+00:00,-0.0
2025-05-20 09:00:00+00:00,-0.0
2025-05-20 10:00:00+00:00,-0.0
2025-05-20 11:00:00+00:00,-0.0
2025-05-20 12:00:00+00:00,-0.0
2025-05-20 13:00:00+00:00,-0.0
2025-05-20 14:00:00+00:00,-0.0
2025-05-20 15:00:00+00:00,-0.0
2025-05-20 16:00:00+00:00,-0.0
2025-05-20 17:00:00+00:00,-0.0
2025-05-20 18:00:00+00:00,-0.0
2025-05-20 19:00:00+00:00,-0.0
2025-05-20 20:00:00+00:00,-0.0
2025-05-20 21:00:00+00:00,-0.0
2025-05-20 22:00:00+00:00,-0.0
2025-05-20 23:00:00+00:00,-0.0
2025-05-21 00:00:00+00:00,-0.0
2025-05-21 01:00:00+00:00,-0.0
2025-05-21 02:00:00+00:00,-0.0
2025-05-21 03:00:00+00:00,-0.0
2025-05-21 04:00:00+00:00,-0.0
2025-05-21 05:00:00+00:00,-0.0
2025-05-21 06:00:00+00:00,-0.0
2025-05-21 07:00:00+00:00,-0.0
2025-05-21 08:00:00+00:00,-0.0
2025-05-21 09:00:00+00:00,-0.0
2025-05-21 10:00:00+00:00,-0.0
2025-05-21 11:00:00+00:00,-0.0
2025-05-21 12:00:00+00:00,-0.0
2025-05-21 13:00:00+00:00,-0.0
2025-05-21 14:00:00+00:00,-0.0
2025-05-21 15:00:00+00:00,-0.0
2025-05-21 16:00:00+00:00,-0.0
2025-05-21 17:00:00+00:00,-0.0
2025-05-21 18:00:00+00:00,-0.0
2025-05-21 19:00:00+00:00,-0.0
2025-05-21 20:00:00+00:00,-0.0
2025-05-21 21:00:00+00:00,-0.0
2025-05-21 22:00:00+00:00,-0.0
2025-05-21 23:00:00+00:00,-0.0
2025-05-22 00:00:00+00:00,-0.0
2025-05-22 01:00:00+00:00,-0.0
2025-05-22 02:00:00+00:00,-0.0
2025-05-22 03:00:00+00:00,-0.0
2025-05-22 04:00:00+00:00,-0.0
2025-05-22 05:00:00+00:00,-0.0
2025-05-22 06:00:00+00:00,-0.0
2025-05-22 07:00:00+00:00,-0.0
2025-05-22 08:00:00+00:00,-0.0
2025-05-22 09:00:00+00:00,-0.0
2025-05-22 10:00:00+00:00,-0.0
2025-05-22 11:00:00+00:00,-0.0
2025-05-22 12:00:00+00:00,-0.0
2025-05-22 13:00:00+00:00,-0.0
2025-05-22 14:00:00+00:00,-0.0
2025-05-22 15:00:00+00:00,-0.0
2025-05-22 16:00:00+00:00,-0.0
2025-05-22 17:00:00+00:00,-0.0
2025-05-22 18:00:00+00:00,-0.0
2025-05-22 19:00:00+00:00,-0.0
2025-05-22 20:00:00+00:00,-0.0
2025-05-22 21:00:00+00:00,-0.0
2025-05-22 22:00:00+00:00,-0.0
2025-05-22 23:00:00+00:00,-0.0
2025-05-23 00:00:00+00:00,-0.0
2025-05-23 01:00:00+00:00,-0.0
2025-05-23 02:00:00+00:00,-0.0
2025-05-23 03:00:00+00:00,-0.0
2025-05-23 04:00:00+00:00,-0.0
2025-05-23 05:00:00+00:00,-0.0
2025-05-23 06:00:00+00:00,0.022935730148072
2025-05-23 07:00:00+00:00,-0.0
2025-05-23 08:00:00+00:00,-0.0
2025-05-23 09:00:00+00:00,-0.0
2025-05-23 10:00:00+00:00,-0.0
2025-05-23 11:00:00+00:00,-0.0
2025-05-23 12:00:00+00:00,-0.0
2025-05-23 13:00:00+00:00,-0.0
2025-05-23 14:00:00+00:00,-0.0
2025-05-23 15:00:00+00:00,-0.0
2025-05-23 16:00:00+00:00,-0.0
2025-05-23 17:00:00+00:00,-0.0
2025-05-23 18:00:00+00:00,-0.0
2025-05-23 19:00:00+00:00,-0.0
2025-05-23 20:00:00+00:00,-0.0
2025-05-23 21:00:00+00:00,-0.0
2025-05-23 22:00:00+00:00,-0.0
2025-05-23 23:00:00+00:00,-0.0
2025-05-24 00:00:00+00:00,-0.0
2025-05-24 01:00:00+00:00,-0.0
2025-05-24 02:00:00+00:00,-0.0
2025-05-24 03:00:00+00:00,-0.0
2025-05-24 04:00:00+00:00,-0.0
2025-05-24 05:00:00+00:00,-0.0
2025-05-24 06:00:00+00:00,-0.0
2025-05-24 07:00:00+00:00,-0.0
2025-05-24 08:00:00+00:00,-0.0
2025-05-24 09:00:00+00:00,-0.0
2025-05-24 10:00:00+00:00,-0.0
2025-05-24 11:00:00+00:00,-0.0
2025-05-24 12:00:00+00:00,-0.0
2025-05-24 13:00:00+00:00,-0.0
2025-05-24 14:00:00+00:00,-0.0
2025-05-24 15:00:00+00:00,-0.0
2025-05-24 16:00:00+00:00,-0.0
2025-05-24 17:00:00+00:00,-0.0
2025-05-24 18:00:00+00:00,-0.0
2025-05-24 19:00:00+00:00,-0.0
2025-05-24 20:00:00+00:00,-0.0
2025-05-24 21:00:00+00:00,-0.0
2025-05-24 22:00:00+00:00,-0.0
2025-05-24 23:00:00+00:00,-0.0
2025-05-25 00:00:00+00:00,-0.0
2025-05-25 01:00:00+00:00,-0.0
2025-05-25 02:00:00+00:00,-0.0
2025-05-25 03:00:00+00:00,-0.0
2025-05-25 04:00:00+00:00,-0.0
2025-05-25 05:00:00+00:00,-0.0
2025-05-25 06:00:00+00:00,-0.0
2025-05-25 07:00:00+00:00,-0.0
2025-05-25 08:00:00+00:00,-0.0
2025-05-25 09:00:00+00:00,-0.0
2025-05-25 10:00:00+00:00,-0.0
2025-05-25 11:00:00+00:00,-0.0
2025-05-25 12:00:00+00:00,-0.0
2025-05-25 13:00:00+00:00,-0.0
2025-05-25 14:00:00+00:00,-0.0
2025-05-25 15:00:00+00:00,-0.0
2025-05-25 16:00:00+00:00,-0.0
2025-05-25 17:00:00+00:00,-0.0
2025-05-25 18:00:00+00:00,-0.0
2025-05-25 19:00:00+00:00,-0.0
2025-05-25 20:00:00+00:00,-0.0
2025-05-25 21:00:00+00:00,-0.0
2025-05-25 22:00:00+00:00,-0.0
2025-05-25 23:00:00+00:00,-0.0
2025-05-26 00:00:00+00:00,-0.0
2025-05-26 01:00:00+00:00,-0.0
2025-05-26 02:00:00+00:00,-0.0
2025-05-26 03:00:00+00:00,-0.0
2025-05-26 04:00:00+00:00,-0.0
2025-05-26 05:00:00+00:00,-0.0
2025-05-26 06:00:00+00:00,-0.0
2025-05-26 07:00:00+00:00,-0.040591545688273487
2025-05-26 08:00:00+00:00,-0.0
2025-05-26 09:00:00+00:00,-0.0
2025-05-26 10:00:00+00:00,-0.0
2025-05-26 11:00:00+00:00,-0.0
2025-05-26 12:00:00+00:00,-0.0
2025-05-26 13:00:00+00:00,-0.0
2025-05-26 14:00:00+00:00,-0.0
2025-05-26 15:00:00+00:00,-0.0
2025-05-26 16:00:00+00:00,-0.0
2025-05-26 17:00:00+00:00,-0.0
2025-05-26 18:00:00+00:00,-0.0
2025-05-26 19:00:00+00:00,-0.0
2025-05-26 20:00:00+00:00,-0.0
2025-05-26 21:00:00+00:00,-0.0
2025-05-26 22:00:00+00:00,-0.0
2025-05-26 23:00:00+00:00,-0.0
2025-05-27 00:00:00+00:00,-0.0
2025-05-27 01:00:00+00:00,-0.0
2025-05-27 02:00:00+00:00,-0.0
2025-05-27 03:00:00+00:00,-0.0
2025-05-27 04:00:00+00:00,-0.0
2025-05-27 05:00:00+00:00,-0.0
2025-05-27 06:00:00+00:00,-0.0
2025-05-27 07:00:00+00:00,-0.0
2025-05-27 08:00:00+00:00,-0.0
2025-05-27 09:00:00+00:00,-0.0
2025-05-27 10:00:00+00:00,-0.0
2025-05-27 11:00:00+00:00,-0.0
2025-05-27 12:00:00+00:00,-0.0
2025-05-27 13:00:00+00:00,-0.0
2025-05-27 14:00:00+00:00,-0.0
2025-05-27 15:00:00+00:00,-0.0
2025-05-27 16:00:00+00:00,-0.0
2025-05-27 17:00:00+00:00,-0.0
2025-05-27 18:00:00+00:00,-0.0
2025-05-27 19:00:00+00:00,-0.0
2025-05-27 20:00:00+00:00,-0.0
2025-05-27 21:00:00+00:00,-0.0
2025-05-27 22:00:00+00:00,-0.0
2025-05-27 23:00:00+00:00,-0.0
2025-05-28 00:00:00+00:00,-0.0
2025-05-28 01:00:00+00:00,-0.0
2025-05-28 02:00:00+00:00,-0.0
2025-05-28 03:00:00+00:00,-0.0
2025-05-28 04:00:00+00:00,-0.0
2025-05-28 05:00:00+00:00,-0.0
2025-05-28 06:00:00+00:00,-0.0
2025-05-28 07:00:00+00:00,-0.0
2025-05-28 08:00:00+00:00,-0.0
2025-05-28 09:00:00+00:00,-0.0
2025-05-28 10:00:00+00:00,-0.0
2025-05-28 11:00:00+00:00,-0.0
2025-05-28 12:00:00+00:00,-0.0
2025-05-28 13:00:00+00:00,-0.0
2025-05-28 14:00:00+00:00,-0.0
2025-05-28 15:00:00+00:00,-0.0
2025-05-28 16:00:00+00:00,-0.0
2025-05-28 17:00:00+00:00,-0.0
2025-05-28 18:00:00+00:00,-0.0
2025-05-28 19:00:00+00:00,-0.0
2025-05-28 20:00:00+00:00,-0.0
2025-05-28 21:00:00+00:00,-0.0
2025-05-28 22:00:00+00:00,-0.0
2025-05-28 23:00:00+00:00,-0.0
2025-05-29 00:00:00+00:00,-0.0
2025-05-29 01:00:00+00:00,-0.0
2025-05-29 02:00:00+00:00,-0.0
2025-05-29 03:00:00+00:00,-0.0
2025-05-29 04:00:00+00:00,-0.0
2025-05-29 05:00:00+00:00,-0.0
2025-05-29 06:00:00+00:00,-0.0
2025-05-29 07:00:00+00:00,-0.0
2025-05-29 08:00:00+00:00,-0.0
2025-05-29 09:00:00+00:00,-0.0
2025-05-29 10:00:00+00:00,-0.0
2025-05-29 11:00:00+00:00,-0.0
2025-05-29 12:00:00+00:00,-0.0
2025-05-29 13:00:00+00:00,-0.0
2025-05-29 14:00:00+00:00,-0.0
2025-05-29 15:00:00+00:00,-0.0
2025-05-29 16:00:00+00:00,-0.0
2025-05-29 17:00:00+00:00,-0.0
2025-05-29 18:00:00+00:00,-0.0
2025-05-29 19:00:00+00:00,-0.0
2025-05-29 20:00:00+00:00,-0.0
2025-05-29 21:00:00+00:00,-0.0
2025-05-29 22:00:00+00:00,-0.0
2025-05-29 23:00:00+00:00,-0.0
2025-05-30 00:00:00+00:00,-0.0
2025-05-30 01:00:00+00:00,-0.0
2025-05-30 02:00:00+00:00,-0.0
2025-05-30 03:00:00+00:00,-0.0
2025-05-30 04:00:00+00:00,-0.0
2025-05-30 05:00:00+00:00,-0.0
2025-05-30 06:00:00+00:00,-0.0
2025-05-30 07:00:00+00:00,-0.0
2025-05-30 08:00:00+00:00,-0.0
2025-05-30 09:00:00+00:00,-0.0
2025-05-30 10:00:00+00:00,-0.0
2025-05-30 11:00:00+00:00,-0.0
2025-05-30 12:00:00+00:00,-0.0
2025-05-30 13:00:00+00:00,-0.0
2025-05-30 14:00:00+00:00,-0.0
2025-05-30 15:00:00+00:00,-0.0
2025-05-30 16:00:00+00:00,-0.0
2025-05-30 17:00:00+00:00,-0.0
2025-05-30 18:00:00+00:00,-0.0
2025-05-30 19:00:00+00:00,-0.0
2025-05-30 20:00:00+00:00,-0.0
2025-05-30 21:00:00+00:00,-0.0
2025-05-30 22:00:00+00:00,-0.0
2025-05-30 23:00:00+00:00,-0.0
2025-05-31 00:00:00+00:00,-0.0
2025-05-31 01:00:00+00:00,-0.0
2025-05-31 02:00:00+00:00,-0.0
2025-05-31 03:00:00+00:00,-0.0
2025-05-31 04:00:00+00:00,-0.0
2025-05-31 05:00:00+00:00,-0.0
2025-05-31 06:00:00+00:00,-0.0
2025-05-31 07:00:00+00:00,-0.0
2025-05-31 08:00:00+00:00,-0.0
2025-05-31 09:00:00+00:00,-0.0
2025-05-31 10:00:00+00:00,-0.0
2025-05-31 11:00:00+00:00,-0.0
2025-05-31 12:00:00+00:00,-0.0
2025-05-31 13:00:00+00:00,-0.0
2025-05-31 14:00:00+00:00,-0.0
2025-05-31 15:00:00+00:00,-0.0
2025-05-31 16:00:00+00:00,-0.0
2025-05-31 17:00:00+00:00,-0.0
2025-05-31 18:00:00+00:00,-0.0
2025-05-31 19:00:00+00:00,-0.0
2025-05-31 20:00:00+00:00,-0.0
2025-05-31 21:00:00+00:00,-0.0
2025-05-31 22:00:00+00:00,-0.0
2025-05-31 23:00:00+00:00,-0.0
2025-06-01 00:00:00+00:00,-0.0
2025-06-01 01:00:00+00:00,-0.0
2025-06-01 02:00:00+00:00,-0.0
2025-06-01 03:00:00+00:00,-0.0
2025-06-01 04:00:00+00:00,-0.0
2025-06-01 05:00:00+00:00,-0.0
2025-06-01 06:00:00+00:00,-0.0
2025-06-01 07:00:00+00:00,-0.0
2025-06-01 08:00:00+00:00,-0.0
2025-06-01 09:00:00+00:00,-0.0
2025-06-01 10:00:00+00:00,-0.0
2025-06-01 11:00:00+00:00,-0.0
2025-06-01 12:00:00+00:00,-0.0
2025-06-01 13:00:00+00:00,-0.0
2025-06-01 14:00:00+00:00,-0.0
2025-06-01 15:00:00+00:00,-0.0
2025-06-01 16:00:00+00:00,-0.0
2025-06-01 17:00:00+00:00,-0.0
2025-06-01 18:00:00+00:00,-0.0
2025-06-01 19:00:00+00:00,-0.0
2025-06-01 20:00:00+00:00,-0.0
2025-06-01 21:00:00+00:00,-0.0
2025-06-01 22:00:00+00:00,-0.0
2025-06-01 23:00:00+00:00,-0.0
2025-06-02 00:00:00+00:00,-0.0
2025-06-02 01:00:00+00:00,-0.0
2025-06-02 02:00:00+00:00,-0.0
2025-06-02 03:00:00+00:00,-0.0
2025-06-02 04:00:00+00:00,-0.0
2025-06-02 05:00:00+00:00,-0.0
2025-06-02 06:00:00+00:00,-0.0
2025-06-02 07:00:00+00:00,-0.0
2025-06-02 08:00:00+00:00,-0.0
2025-06-02 09:00:00+00:00,-0.0
2025-06-02 10:00:00+00:00,-0.0
2025-06-02 11:00:00+00:00,-0.0
2025-06-02 12:00:00+00:00,-0.0
2025-06-02 13:00:00+00:00,-0.0
2025-06-02 14:00:00+00:00,-0.0
2025-06-02 15:00:00+00:00,-0.0
2025-06-02 16:00:00+00:00,-0.0
2025-06-02 17:00:00+00:00,-0.0
2025-06-02 18:00:00+00:00,-0.0
2025-06-02 19:00:00+00:00,-0.0
2025-06-02 20:00:00+00:00,-0.0
2025-06-02 21:00:00+00:00,-0.0
2025-06-02 22:00:00+00:00,-0.0
2025-06-02 23:00:00+00:00,-0.0
2025-06-03 00:00:00+00:00,-0.0
2025-06-03 01:00:00+00:00,-0.0
2025-06-03 02:00:00+00:00,-0.0
2025-06-03 03:00:00+00:00,-0.0
2025-06-03 04:00:00+00:00,-0.0
2025-06-03 05:00:00+00:00,-0.0
2025-06-03 06:00:00+00:00,-0.0
2025-06-03 07:00:00+00:00,-0.0
2025-06-03 08:00:00+00:00,-0.0
2025-06-03 09:00:00+00:00,-0.0
2025-06-03 10:00:00+00:00,-0.0
2025-06-03 11:00:00+00:00,-0.0
2025-06-03 12:00:00+00:00,-0.0
2025-06-03 13:00:00+00:00,-0.0
2025-06-03 14:00:00+00:00,-0.0
2025-06-03 15:00:00+00:00,-0.0
2025-06-03 16:00:00+00:00,-0.0
2025-06-03 17:00:00+00:00,-0.0
2025-06-03 18:00:00+00:00,-0.0
2025-06-03 19:00:00+00:00,-0.0
2025-06-03 20:00:00+00:00,-0.0
2025-06-03 21:00:00+00:00,-0.0
2025-06-03 22:00:00+00:00,-0.0
2025-06-03 23:00:00+00:00,-0.0
2025-06-04 00:00:00+00:00,-0.0
2025-06-04 01:00:00+00:00,-0.0
2025-06-04 02:00:00+00:00,-0.0
2025-06-04 03:00:00+00:00,-0.0
2025-06-04 04:00:00+00:00,-0.0
2025-06-04 05:00:00+00:00,-0.0
2025-06-04 06:00:00+00:00,-0.0
2025-06-04 07:00:00+00:00,-0.0
2025-06-04 08:00:00+00:00,-0.0
2025-06-04 09:00:00+00:00,-0.0
2025-06-04 10:00:00+00:00,-0.0
2025-06-04 11:00:00+00:00,-0.0
2025-06-04 12:00:00+00:00,-0.0
2025-06-04 13:00:00+00:00,-0.0
2025-06-04 14:00:00+00:00,-0.0
2025-06-04 15:00:00+00:00,-0.0
2025-06-04 16:00:00+00:00,-0.0
2025-06-04 17:00:00+00:00,-0.0
2025-06-04 18:00:00+00:00,-0.0
2025-06-04 19:00:00+00:00,-0.0
2025-06-04 20:00:00+00:00,-0.0
2025-06-04 21:00:00+00:00,-0.0
2025-06-04 22:00:00+00:00,-0.0
2025-06-04 23:00:00+00:00,-0.0
2025-06-05 00:00:00+00:00,-0.0
2025-06-05 01:00:00+00:00,-0.0
2025-06-05 02:00:00+00:00,-0.0
2025-06-05 03:00:00+00:00,-0.0
2025-06-05 04:00:00+00:00,-0.0
2025-06-05 05:00:00+00:00,-0.0
2025-06-05 06:00:00+00:00,-0.0
2025-06-05 07:00:00+00:00,-0.0
2025-06-05 08:00:00+00:00,-0.0
2025-06-05 09:00:00+00:00,-0.0
2025-06-05 10:00:00+00:00,-0.0
2025-06-05 11:00:00+00:00,-0.0
2025-06-05 12:00:00+00:00,-0.0
2025-06-05 13:00:00+00:00,-0.0
2025-06-05 14:00:00+00:00,0.009553398747103353
2025-06-05 15:00:00+00:00,-0.0
2025-06-05 16:00:00+00:00,-0.0
2025-06-05 17:00:00+00:00,-0.0
2025-06-05 18:00:00+00:00,-0.0
2025-06-05 19:00:00+00:00,-0.0
2025-06-05 20:00:00+00:00,-0.0
2025-06-05 21:00:00+00:00,-0.0
2025-06-05 22:00:00+00:00,-0.0
2025-06-05 23:00:00+00:00,-0.0
2025-06-06 00:00:00+00:00,-0.0
2025-06-06 01:00:00+00:00,-0.0
2025-06-06 02:00:00+00:00,-0.0
2025-06-06 03:00:00+00:00,-0.0
2025-06-06 04:00:00+00:00,-0.0
2025-06-06 05:00:00+00:00,-0.0
2025-06-06 06:00:00+00:00,-0.0
2025-06-06 07:00:00+00:00,-0.0
2025-06-06 08:00:00+00:00,-0.0
2025-06-06 09:00:00+00:00,-0.0
2025-06-06 10:00:00+00:00,-0.0
2025-06-06 11:00:00+00:00,-0.0
2025-06-06 12:00:00+00:00,-0.0
2025-06-06 13:00:00+00:00,-0.0
2025-06-06 14:00:00+00:00,-0.0
2025-06-06 15:00:00+00:00,-0.0
2025-06-06 16:00:00+00:00,-0.0
2025-06-06 17:00:00+00:00,-0.0
2025-06-06 18:00:00+00:00,-0.0
2025-06-06 19:00:00+00:00,-0.0
2025-06-06 20:00:00+00:00,-0.0
2025-06-06 21:00:00+00:00,-0.0
2025-06-06 22:00:00+00:00,-0.0
2025-06-06 23:00:00+00:00,-0.0
2025-06-07 00:00:00+00:00,-0.0
2025-06-07 01:00:00+00:00,-0.0
2025-06-07 02:00:00+00:00,-0.0
2025-06-07 03:00:00+00:00,-0.0
2025-06-07 04:00:00+00:00,-0.0
2025-06-07 05:00:00+00:00,-0.0
2025-06-07 06:00:00+00:00,-0.0
2025-06-07 07:00:00+00:00,-0.0
2025-06-07 08:00:00+00:00,-0.0
2025-06-07 09:00:00+00:00,-0.0
2025-06-07 10:00:00+00:00,-0.0
2025-06-07 11:00:00+00:00,-0.0
2025-06-07 12:00:00+00:00,-0.0
2025-06-07 13:00:00+00:00,-0.0
2025-06-07 14:00:00+00:00,-0.0
2025-06-07 15:00:00+00:00,-0.0
2025-06-07 16:00:00+00:00,-0.0
2025-06-07 17:00:00+00:00,-0.0
2025-06-07 18:00:00+00:00,-0.0
2025-06-07 19:00:00+00:00,-0.0
2025-06-07 20:00:00+00:00,-0.0
2025-06-07 21:00:00+00:00,-0.0
2025-06-07 22:00:00+00:00,-0.0
2025-06-07 23:00:00+00:00,-0.0
2025-06-08 00:00:00+00:00,-0.0
2025-06-08 01:00:00+00:00,-0.0
2025-06-08 02:00:00+00:00,-0.0
2025-06-08 03:00:00+00:00,-0.0
2025-06-08 04:00:00+00:00,-0.0
2025-06-08 05:00:00+00:00,-0.0
2025-06-08 06:00:00+00:00,-0.0
2025-06-08 07:00:00+00:00,-0.0
2025-06-08 08:00:00+00:00,-0.0
2025-06-08 09:00:00+00:00,-0.0
2025-06-08 10:00:00+00:00,-0.0
2025-06-08 11:00:00+00:00,-0.0
2025-06-08 12:00:00+00:00,-0.0
2025-06-08 13:00:00+00:00,-0.0
2025-06-08 14:00:00+00:00,-0.0
2025-06-08 15:00:00+00:00,-0.0
2025-06-08 16:00:00+00:00,-0.0
2025-06-08 17:00:00+00:00,-0.0
2025-06-08 18:00:00+00:00,-0.0
2025-06-08 19:00:00+00:00,-0.0
2025-06-08 20:00:00+00:00,-0.0
2025-06-08 21:00:00+00:00,-0.0
2025-06-08 22:00:00+00:00,-0.0
2025-06-08 23:00:00+00:00,-0.0
2025-06-09 00:00:00+00:00,-0.0
2025-06-09 01:00:00+00:00,-0.0
2025-06-09 02:00:00+00:00,-0.0
2025-06-09 03:00:00+00:00,-0.0
2025-06-09 04:00:00+00:00,-0.0
2025-06-09 05:00:00+00:00,-0.0
2025-06-09 06:00:00+00:00,-0.0
2025-06-09 07:00:00+00:00,-0.0
2025-06-09 08:00:00+00:00,-0.0
2025-06-09 09:00:00+00:00,-0.0
2025-06-09 10:00:00+00:00,-0.0
2025-06-09 11:00:00+00:00,-0.0
2025-06-09 12:00:00+00:00,-0.0
2025-06-09 13:00:00+00:00,-0.0
2025-06-09 14:00:00+00:00,-0.0
2025-06-09 15:00:00+00:00,-0.0
2025-06-09 16:00:00+00:00,-0.0
2025-06-09 17:00:00+00:00,-0.0
2025-06-09 18:00:00+00:00,-0.0
2025-06-09 19:00:00+00:00,-0.0
2025-06-09 20:00:00+00:00,-0.0
2025-06-09 21:00:00+00:00,-0.050182811185421033
2025-06-09 22:00:00+00:00,-0.0
2025-06-09 23:00:00+00:00,-0.0
2025-06-10 00:00:00+00:00,-0.0
2025-06-10 01:00:00+00:00,-0.0
2025-06-10 02:00:00+00:00,-0.0
2025-06-10 03:00:00+00:00,-0.0
2025-06-10 04:00:00+00:00,-0.0
2025-06-10 05:00:00+00:00,-0.0
2025-06-10 06:00:00+00:00,-0.0
2025-06-10 07:00:00+00:00,-0.0
2025-06-10 08:00:00+00:00,-0.0
2025-06-10 09:00:00+00:00,-0.0
2025-06-10 10:00:00+00:00,-0.0
2025-06-10 11:00:00+00:00,-0.0
2025-06-10 12:00:00+00:00,-0.0
2025-06-10 13:00:00+00:00,-0.0
2025-06-10 14:00:00+00:00,-0.0
2025-06-10 15:00:00+00:00,-0.0
2025-06-10 16:00:00+00:00,-0.0
2025-06-10 17:00:00+00:00,-0.0
2025-06-10 18:00:00+00:00,-0.0
2025-06-10 19:00:00+00:00,-0.0
2025-06-10 20:00:00+00:00,-0.0
2025-06-10 21:00:00+00:00,-0.0
2025-06-10 22:00:00+00:00,-0.0
2025-06-10 23:00:00+00:00,-0.0
2025-06-11 00:00:00+00:00,-0.0
2025-06-11 01:00:00+00:00,-0.0
2025-06-11 02:00:00+00:00,-0.0
2025-06-11 03:00:00+00:00,-0.0
2025-06-11 04:00:00+00:00,-0.0
2025-06-11 05:00:00+00:00,-0.0
2025-06-11 06:00:00+00:00,-0.0
2025-06-11 07:00:00+00:00,-0.0
2025-06-11 08:00:00+00:00,-0.0
2025-06-11 09:00:00+00:00,-0.0
2025-06-11 10:00:00+00:00,0.019468543300663672
2025-06-11 11:00:00+00:00,-0.0
2025-06-11 12:00:00+00:00,-0.0
2025-06-11 13:00:00+00:00,-0.0
2025-06-11 14:00:00+00:00,-0.0
2025-06-11 15:00:00+00:00,-0.0
2025-06-11 16:00:00+00:00,-0.0
2025-06-11 17:00:00+00:00,-0.0
2025-06-11 18:00:00+00:00,-0.0
2025-06-11 19:00:00+00:00,-0.0
2025-06-11 20:00:00+00:00,-0.0
2025-06-11 21:00:00+00:00,-0.0
2025-06-11 22:00:00+00:00,-0.0
2025-06-11 23:00:00+00:00,-0.0
2025-06-12 00:00:00+00:00,-0.0
2025-06-12 01:00:00+00:00,-0.0
2025-06-12 02:00:00+00:00,-0.0
2025-06-12 03:00:00+00:00,-0.0
2025-06-12 04:00:00+00:00,-0.0
2025-06-12 05:00:00+00:00,-0.0
2025-06-12 06:00:00+00:00,-0.0
2025-06-12 07:00:00+00:00,-0.0
2025-06-12 08:00:00+00:00,-0.0
2025-06-12 09:00:00+00:00,-0.0
2025-06-12 10:00:00+00:00,-0.0
2025-06-12 11:00:00+00:00,-0.0
2025-06-12 12:00:00+00:00,-0.0
2025-06-12 13:00:00+00:00,-0.0
2025-06-12 14:00:00+00:00,-0.0
2025-06-12 15:00:00+00:00,-0.0
2025-06-12 16:00:00+00:00,-0.0
2025-06-12 17:00:00+00:00,-0.0
2025-06-12 18:00:00+00:00,-0.0
2025-06-12 19:00:00+00:00,-0.0
2025-06-12 20:00:00+00:00,-0.0
2025-06-12 21:00:00+00:00,-0.0
2025-06-12 22:00:00+00:00,-0.0
2025-06-12 23:00:00+00:00,-0.0
2025-06-13 00:00:00+00:00,-0.0
2025-06-13 01:00:00+00:00,-0.0
2025-06-13 02:00:00+00:00,-0.0
2025-06-13 03:00:00+00:00,-0.0
2025-06-13 04:00:00+00:00,-0.0
2025-06-13 05:00:00+00:00,-0.0
2025-06-13 06:00:00+00:00,-0.0
2025-06-13 07:00:00+00:00,-0.0
2025-06-13 08:00:00+00:00,-0.0
2025-06-13 09:00:00+00:00,-0.0
2025-06-13 10:00:00+00:00,-0.0
2025-06-13 11:00:00+00:00,-0.0
2025-06-13 12:00:00+00:00,-0.0
2025-06-13 13:00:00+00:00,-0.0
2025-06-13 14:00:00+00:00,-0.0
2025-06-13 15:00:00+00:00,-0.0
2025-06-13 16:00:00+00:00,-0.0
2025-06-13 17:00:00+00:00,-0.0
2025-06-13 18:00:00+00:00,-0.0
2025-06-13 19:00:00+00:00,-0.0
2025-06-13 20:00:00+00:00,-0.0
2025-06-13 21:00:00+00:00,-0.0
2025-06-13 22:00:00+00:00,-0.0
2025-06-13 23:00:00+00:00,-0.0
2025-06-14 00:00:00+00:00,-0.0
2025-06-14 01:00:00+00:00,-0.0
2025-06-14 02:00:00+00:00,-0.0
2025-06-14 03:00:00+00:00,-0.0
2025-06-14 04:00:00+00:00,-0.0
2025-06-14 05:00:00+00:00,-0.0
2025-06-14 06:00:00+00:00,-0.0
2025-06-14 07:00:00+00:00,-0.0
2025-06-14 08:00:00+00:00,-0.0
2025-06-14 09:00:00+00:00,-0.0
2025-06-14 10:00:00+00:00,-0.0
2025-06-14 11:00:00+00:00,-0.0
2025-06-14 12:00:00+00:00,-0.0
2025-06-14 13:00:00+00:00,-0.0
2025-06-14 14:00:00+00:00,-0.0
2025-06-14 15:00:00+00:00,-0.0
2025-06-14 16:00:00+00:00,-0.0
2025-06-14 17:00:00+00:00,-0.0
2025-06-14 18:00:00+00:00,-0.0
2025-06-14 19:00:00+00:00,-0.0
2025-06-14 20:00:00+00:00,-0.0
2025-06-14 21:00:00+00:00,-0.0
2025-06-14 22:00:00+00:00,-0.0
2025-06-14 23:00:00+00:00,-0.0
2025-06-15 00:00:00+00:00,-0.0
2025-06-15 01:00:00+00:00,-0.0
2025-06-15 02:00:00+00:00,-0.0
2025-06-15 03:00:00+00:00,-0.0
2025-06-15 04:00:00+00:00,-0.0
2025-06-15 05:00:00+00:00,-0.0
2025-06-15 06:00:00+00:00,-0.0
2025-06-15 07:00:00+00:00,-0.0
2025-06-15 08:00:00+00:00,-0.0
2025-06-15 09:00:00+00:00,-0.0
2025-06-15 10:00:00+00:00,-0.0
2025-06-15 11:00:00+00:00,-0.0
2025-06-15 12:00:00+00:00,-0.0
2025-06-15 13:00:00+00:00,-0.0
2025-06-15 14:00:00+00:00,-0.0
2025-06-15 15:00:00+00:00,-0.0
2025-06-15 16:00:00+00:00,-0.0
2025-06-15 17:00:00+00:00,-0.0
2025-06-15 18:00:00+00:00,-0.0
2025-06-15 19:00:00+00:00,-0.0
2025-06-15 20:00:00+00:00,-0.0
2025-06-15 21:00:00+00:00,-0.0
2025-06-15 22:00:00+00:00,-0.0
2025-06-15 23:00:00+00:00,-0.0
2025-06-16 00:00:00+00:00,-0.0
2025-06-16 01:00:00+00:00,-0.0
2025-06-16 02:00:00+00:00,-0.0
2025-06-16 03:00:00+00:00,-0.0
2025-06-16 04:00:00+00:00,-0.0
2025-06-16 05:00:00+00:00,-0.0
2025-06-16 06:00:00+00:00,-0.0
2025-06-16 07:00:00+00:00,-0.0
2025-06-16 08:00:00+00:00,-0.0
2025-06-16 09:00:00+00:00,-0.0
2025-06-16 10:00:00+00:00,-0.0
2025-06-16 11:00:00+00:00,-0.0
2025-06-16 12:00:00+00:00,-0.0
2025-06-16 13:00:00+00:00,-0.0
2025-06-16 14:00:00+00:00,-0.0
2025-06-16 15:00:00+00:00,-0.0
2025-06-16 16:00:00+00:00,-0.0
2025-06-16 17:00:00+00:00,-0.0
2025-06-16 18:00:00+00:00,-0.0
2025-06-16 19:00:00+00:00,-0.0
2025-06-16 20:00:00+00:00,-0.0
2025-06-16 21:00:00+00:00,-0.0
2025-06-16 22:00:00+00:00,0.016894775041942138
2025-06-16 23:00:00+00:00,-0.0
2025-06-17 00:00:00+00:00,-0.0
2025-06-17 01:00:00+00:00,-0.0
2025-06-17 02:00:00+00:00,-0.0
2025-06-17 03:00:00+00:00,-0.0
2025-06-17 04:00:00+00:00,-0.0
2025-06-17 05:00:00+00:00,-0.0
2025-06-17 06:00:00+00:00,-0.0
2025-06-17 07:00:00+00:00,-0.0
2025-06-17 08:00:00+00:00,-0.0
2025-06-17 09:00:00+00:00,-0.0
2025-06-17 10:00:00+00:00,-0.0
2025-06-17 11:00:00+00:00,-0.0
2025-06-17 12:00:00+00:00,-0.0
2025-06-17 13:00:00+00:00,-0.0
2025-06-17 14:00:00+00:00,-0.0
2025-06-17 15:00:00+00:00,-0.0
2025-06-17 16:00:00+00:00,-0.0
2025-06-17 17:00:00+00:00,-0.0
2025-06-17 18:00:00+00:00,-0.0
2025-06-17 19:00:00+00:00,-0.0
2025-06-17 20:00:00+00:00,-0.0
2025-06-17 21:00:00+00:00,-0.0
2025-06-17 22:00:00+00:00,-0.0
2025-06-17 23:00:00+00:00,-0.0
2025-06-18 00:00:00+00:00,-0.0
2025-06-18 01:00:00+00:00,-0.0
2025-06-18 02:00:00+00:00,-0.0
2025-06-18 03:00:00+00:00,-0.0
2025-06-18 04:00:00+00:00,-0.0
2025-06-18 05:00:00+00:00,-0.0
2025-06-18 06:00:00+00:00,-0.0
2025-06-18 07:00:00+00:00,-0.0
2025-06-18 08:00:00+00:00,-0.0
2025-06-18 09:00:00+00:00,-0.0
2025-06-18 10:00:00+00:00,-0.0
2025-06-18 11:00:00+00:00,-0.0
2025-06-18 12:00:00+00:00,-0.0
2025-06-18 13:00:00+00:00,-0.0
2025-06-18 14:00:00+00:00,-0.0
2025-06-18 15:00:00+00:00,-0.0
2025-06-18 16:00:00+00:00,-0.0
2025-06-18 17:00:00+00:00,-0.0
2025-06-18 18:00:00+00:00,-0.0
2025-06-18 19:00:00+00:00,-0.0
2025-06-18 20:00:00+00:00,-0.0
2025-06-18 21:00:00+00:00,-0.0
2025-06-18 22:00:00+00:00,-0.0
2025-06-18 23:00:00+00:00,-0.0
2025-06-19 00:00:00+00:00,-0.0
2025-06-19 01:00:00+00:00,-0.0
2025-06-19 02:00:00+00:00,-0.0
2025-06-19 03:00:00+00:00,-0.0
2025-06-19 04:00:00+00:00,-0.0
2025-06-19 05:00:00+00:00,-0.0
2025-06-19 06:00:00+00:00,-0.0
2025-06-19 07:00:00+00:00,-0.0
2025-06-19 08:00:00+00:00,-0.0
2025-06-19 09:00:00+00:00,-0.0
2025-06-19 10:00:00+00:00,-0.0
2025-06-19 11:00:00+00:00,-0.0
2025-06-19 12:00:00+00:00,-0.0
2025-06-19 13:00:00+00:00,-0.0
2025-06-19 14:00:00+00:00,-0.0
2025-06-19 15:00:00+00:00,-0.0
2025-06-19 16:00:00+00:00,-0.0
2025-06-19 17:00:00+00:00,-0.0
2025-06-19 18:00:00+00:00,-0.0
2025-06-19 19:00:00+00:00,-0.0
2025-06-19 20:00:00+00:00,-0.0
2025-06-19 21:00:00+00:00,-0.0
2025-06-19 22:00:00+00:00,-0.0
2025-06-19 23:00:00+00:00,-0.0
2025-06-20 00:00:00+00:00,-0.0
2025-06-20 01:00:00+00:00,-0.0
2025-06-20 02:00:00+00:00,-0.0
2025-06-20 03:00:00+00:00,-0.0
2025-06-20 04:00:00+00:00,-0.0
2025-06-20 05:00:00+00:00,-0.0
2025-06-20 06:00:00+00:00,-0.0
2025-06-20 07:00:00+00:00,-0.0
2025-06-20 08:00:00+00:00,-0.0
2025-06-20 09:00:00+00:00,-0.0
2025-06-20 10:00:00+00:00,-0.0
2025-06-20 11:00:00+00:00,-0.0
2025-06-20 12:00:00+00:00,-0.0
2025-06-20 13:00:00+00:00,-0.0
2025-06-20 14:00:00+00:00,-0.0
2025-06-20 15:00:00+00:00,-0.0
2025-06-20 16:00:00+00:00,-0.0
2025-06-20 17:00:00+00:00,-0.0
2025-06-20 18:00:00+00:00,-0.0
2025-06-20 19:00:00+00:00,-0.0
2025-06-20 20:00:00+00:00,-0.0
2025-06-20 21:00:00+00:00,-0.0
2025-06-20 22:00:00+00:00,-0.0
2025-06-20 23:00:00+00:00,-0.0
2025-06-21 00:00:00+00:00,-0.0
2025-06-21 01:00:00+00:00,-0.0
2025-06-21 02:00:00+00:00,-0.0
2025-06-21 03:00:00+00:00,-0.0
2025-06-21 04:00:00+00:00,-0.0
2025-06-21 05:00:00+00:00,-0.0
2025-06-21 06:00:00+00:00,-0.0
2025-06-21 07:00:00+00:00,-0.0
2025-06-21 08:00:00+00:00,-0.0
2025-06-21 09:00:00+00:00,-0.0
2025-06-21 10:00:00+00:00,-0.0
2025-06-21 11:00:00+00:00,-0.0
2025-06-21 12:00:00+00:00,-0.0
2025-06-21 13:00:00+00:00,-0.0
2025-06-21 14:00:00+00:00,-0.0
2025-06-21 15:00:00+00:00,-0.0
2025-06-21 16:00:00+00:00,-0.0
2025-06-21 17:00:00+00:00,-0.0
2025-06-21 18:00:00+00:00,-0.0
2025-06-21 19:00:00+00:00,-0.0
2025-06-21 20:00:00+00:00,-0.0
2025-06-21 21:00:00+00:00,-0.0
2025-06-21 22:00:00+00:00,-0.0
2025-06-21 23:00:00+00:00,-0.0
2025-06-22 00:00:00+00:00,-0.0
2025-06-22 01:00:00+00:00,-0.0
2025-06-22 02:00:00+00:00,-0.0
2025-06-22 03:00:00+00:00,-0.0
2025-06-22 04:00:00+00:00,-0.0
2025-06-22 05:00:00+00:00,-0.0
2025-06-22 06:00:00+00:00,-0.0
2025-06-22 07:00:00+00:00,-0.0
2025-06-22 08:00:00+00:00,-0.0
2025-06-22 09:00:00+00:00,-0.0
2025-06-22 10:00:00+00:00,-0.0
2025-06-22 11:00:00+00:00,-0.0
2025-06-22 12:00:00+00:00,-0.0
2025-06-22 13:00:00+00:00,-0.0
2025-06-22 14:00:00+00:00,-0.0
2025-06-22 15:00:00+00:00,-0.0
2025-06-22 16:00:00+00:00,-0.0
2025-06-22 17:00:00+00:00,-0.0
2025-06-22 18:00:00+00:00,-0.0
2025-06-22 19:00:00+00:00,-0.0
2025-06-22 20:00:00+00:00,-0.0
2025-06-22 21:00:00+00:00,-0.0
2025-06-22 22:00:00+00:00,-0.0
2025-06-22 23:00:00+00:00,-0.0
2025-06-23 00:00:00+00:00,-0.0
2025-06-23 01:00:00+00:00,-0.0
2025-06-23 02:00:00+00:00,-0.0
2025-06-23 03:00:00+00:00,-0.0
2025-06-23 04:00:00+00:00,-0.0
2025-06-23 05:00:00+00:00,-0.0
2025-06-23 06:00:00+00:00,-0.0
2025-06-23 07:00:00+00:00,-0.0
2025-06-23 08:00:00+00:00,-0.0
2025-06-23 09:00:00+00:00,-0.0
2025-06-23 10:00:00+00:00,-0.0
2025-06-23 11:00:00+00:00,-0.0
2025-06-23 12:00:00+00:00,-0.0
2025-06-23 13:00:00+00:00,-0.0
2025-06-23 14:00:00+00:00,-0.0
2025-06-23 15:00:00+00:00,-0.0
2025-06-23 16:00:00+00:00,-0.0
2025-06-23 17:00:00+00:00,-0.0
2025-06-23 18:00:00+00:00,-0.0
2025-06-23 19:00:00+00:00,-0.055846701460305834
2025-06-23 20:00:00+00:00,-0.0
2025-06-23 21:00:00+00:00,-0.0
2025-06-23 22:00:00+00:00,-0.0
2025-06-23 23:00:00+00:00,-0.0
2025-06-24 00:00:00+00:00,-0.0
2025-06-24 01:00:00+00:00,-0.0
2025-06-24 02:00:00+00:00,-0.0
2025-06-24 03:00:00+00:00,-0.0
2025-06-24 04:00:00+00:00,-0.0
2025-06-24 05:00:00+00:00,-0.0
2025-06-24 06:00:00+00:00,-0.0
2025-06-24 07:00:00+00:00,-0.0
2025-06-24 08:00:00+00:00,-0.0
2025-06-24 09:00:00+00:00,-0.0
2025-06-24 10:00:00+00:00,-0.0
2025-06-24 11:00:00+00:00,-0.0
2025-06-24 12:00:00+00:00,-0.0
2025-06-24 13:00:00+00:00,-0.0
2025-06-24 14:00:00+00:00,-0.0
2025-06-24 15:00:00+00:00,-0.0
2025-06-24 16:00:00+00:00,-0.0
2025-06-24 17:00:00+00:00,-0.0
2025-06-24 18:00:00+00:00,-0.0
2025-06-24 19:00:00+00:00,-0.0
2025-06-24 20:00:00+00:00,-0.0
2025-06-24 21:00:00+00:00,-0.0
2025-06-24 22:00:00+00:00,-0.0
2025-06-24 23:00:00+00:00,-0.0
2025-06-25 00:00:00+00:00,-0.0
2025-06-25 01:00:00+00:00,-0.0
2025-06-25 02:00:00+00:00,-0.0
2025-06-25 03:00:00+00:00,-0.0
2025-06-25 04:00:00+00:00,-0.0
2025-06-25 05:00:00+00:00,-0.0
2025-06-25 06:00:00+00:00,-0.0
2025-06-25 07:00:00+00:00,-0.0
2025-06-25 08:00:00+00:00,-0.0
2025-06-25 09:00:00+00:00,-0.0
2025-06-25 10:00:00+00:00,-0.0
2025-06-25 11:00:00+00:00,-0.0
2025-06-25 12:00:00+00:00,-0.0
2025-06-25 13:00:00+00:00,-0.0
2025-06-25 14:00:00+00:00,-0.0
2025-06-25 15:00:00+00:00,-0.0
2025-06-25 16:00:00+00:00,-0.0
2025-06-25 17:00:00+00:00,-0.0
2025-06-25 18:00:00+00:00,-0.0
2025-06-25 19:00:00+00:00,-0.0
2025-06-25 20:00:00+00:00,-0.0
2025-06-25 21:00:00+00:00,-0.0
2025-06-25 22:00:00+00:00,-0.0
2025-06-25 23:00:00+00:00,-0.0
2025-06-26 00:00:00+00:00,-0.0
2025-06-26 01:00:00+00:00,-0.0
2025-06-26 02:00:00+00:00,-0.0
2025-06-26 03:00:00+00:00,-0.0
2025-06-26 04:00:00+00:00,-0.0
2025-06-26 05:00:00+00:00,-0.0
2025-06-26 06:00:00+00:00,-0.0
2025-06-26 07:00:00+00:00,-0.0
2025-06-26 08:00:00+00:00,-0.0
2025-06-26 09:00:00+00:00,-0.0
2025-06-26 10:00:00+00:00,-0.0
2025-06-26 11:00:00+00:00,-0.0
2025-06-26 12:00:00+00:00,-0.0
2025-06-26 13:00:00+00:00,-0.0
2025-06-26 14:00:00+00:00,-0.0
2025-06-26 15:00:00+00:00,-0.0
2025-06-26 16:00:00+00:00,-0.0
2025-06-26 17:00:00+00:00,-0.0
2025-06-26 18:00:00+00:00,-0.0
2025-06-26 19:00:00+00:00,-0.0
2025-06-26 20:00:00+00:00,-0.0
2025-06-26 21:00:00+00:00,-0.0
2025-06-26 22:00:00+00:00,-0.0
2025-06-26 23:00:00+00:00,-0.0
2025-06-27 00:00:00+00:00,-0.0
2025-06-27 01:00:00+00:00,-0.0
2025-06-27 02:00:00+00:00,-0.0
2025-06-27 03:00:00+00:00,-0.0
2025-06-27 04:00:00+00:00,-0.0
2025-06-27 05:00:00+00:00,-0.0
2025-06-27 06:00:00+00:00,-0.0
2025-06-27 07:00:00+00:00,-0.0
2025-06-27 08:00:00+00:00,-0.0
2025-06-27 09:00:00+00:00,-0.0
2025-06-27 10:00:00+00:00,-0.0
2025-06-27 11:00:00+00:00,-0.0
2025-06-27 12:00:00+00:00,-0.0
2025-06-27 13:00:00+00:00,-0.0
2025-06-27 14:00:00+00:00,-0.0
2025-06-27 15:00:00+00:00,-0.0
2025-06-27 16:00:00+00:00,-0.0
2025-06-27 17:00:00+00:00,-0.0
2025-06-27 18:00:00+00:00,-0.0
2025-06-27 19:00:00+00:00,-0.0
2025-06-27 20:00:00+00:00,-0.0
2025-06-27 21:00:00+00:00,-0.0
2025-06-27 22:00:00+00:00,-0.0
2025-06-27 23:00:00+00:00,-0.0
2025-06-28 00:00:00+00:00,-0.0
2025-06-28 01:00:00+00:00,-0.0
2025-06-28 02:00:00+00:00,-0.0
2025-06-28 03:00:00+00:00,-0.0
2025-06-28 04:00:00+00:00,-0.0
2025-06-28 05:00:00+00:00,-0.0
2025-06-28 06:00:00+00:00,-0.0
2025-06-28 07:00:00+00:00,-0.0
2025-06-28 08:00:00+00:00,-0.0
2025-06-28 09:00:00+00:00,-0.0
2025-06-28 10:00:00+00:00,-0.0
2025-06-28 11:00:00+00:00,-0.0
2025-06-28 12:00:00+00:00,-0.0
2025-06-28 13:00:00+00:00,-0.0
2025-06-28 14:00:00+00:00,-0.0
2025-06-28 15:00:00+00:00,-0.0
2025-06-28 16:00:00+00:00,-0.0
2025-06-28 17:00:00+00:00,-0.0
2025-06-28 18:00:00+00:00,-0.0
2025-06-28 19:00:00+00:00,-0.0
2025-06-28 20:00:00+00:00,-0.0
2025-06-28 21:00:00+00:00,-0.0
2025-06-28 22:00:00+00:00,-0.0
2025-06-28 23:00:00+00:00,-0.0
2025-06-29 00:00:00+00:00,-0.0
2025-06-29 01:00:00+00:00,-0.0
2025-06-29 02:00:00+00:00,-0.0
2025-06-29 03:00:00+00:00,-0.0
2025-06-29 04:00:00+00:00,-0.0
2025-06-29 05:00:00+00:00,-0.0
2025-06-29 06:00:00+00:00,-0.0
2025-06-29 07:00:00+00:00,-0.0
2025-06-29 08:00:00+00:00,-0.0
2025-06-29 09:00:00+00:00,-0.0
2025-06-29 10:00:00+00:00,-0.0
2025-06-29 11:00:00+00:00,-0.0
2025-06-29 12:00:00+00:00,-0.0
2025-06-29 13:00:00+00:00,-0.0
2025-06-29 14:00:00+00:00,-0.0
2025-06-29 15:00:00+00:00,-0.0
2025-06-29 16:00:00+00:00,-0.0
2025-06-29 17:00:00+00:00,-0.0
2025-06-29 18:00:00+00:00,-0.0
2025-06-29 19:00:00+00:00,-0.0
2025-06-29 20:00:00+00:00,-0.0
2025-06-29 21:00:00+00:00,-0.0
2025-06-29 22:00:00+00:00,-0.0
2025-06-29 23:00:00+00:00,-0.0
2025-06-30 00:00:00+00:00,-0.0
2025-06-30 01:00:00+00:00,-0.0
2025-06-30 02:00:00+00:00,0.01909013998398449
2025-06-30 03:00:00+00:00,-0.0
2025-06-30 04:00:00+00:00,-0.0
2025-06-30 05:00:00+00:00,-0.0
2025-06-30 06:00:00+00:00,-0.0
2025-06-30 07:00:00+00:00,-0.0
2025-06-30 08:00:00+00:00,-0.0
2025-06-30 09:00:00+00:00,-0.0
2025-06-30 10:00:00+00:00,0.01668993262793596
2025-06-30 11:00:00+00:00,-0.0
2025-06-30 12:00:00+00:00,-0.0
2025-06-30 13:00:00+00:00,-0.0
2025-06-30 14:00:00+00:00,-0.0
2025-06-30 15:00:00+00:00,0.009031418915128066
2025-06-30 16:00:00+00:00,-0.0
2025-06-30 17:00:00+00:00,-0.0
2025-06-30 18:00:00+00:00,-0.0
2025-06-30 19:00:00+00:00,-0.0
2025-06-30 20:00:00+00:00,-0.0
2025-06-30 21:00:00+00:00,-0.0
2025-06-30 22:00:00+00:00,-0.0
2025-06-30 23:00:00+00:00,-0.0
2025-07-01 00:00:00+00:00,-0.0
2025-07-01 01:00:00+00:00,-0.0
2025-07-01 02:00:00+00:00,-0.0
2025-07-01 03:00:00+00:00,-0.0
2025-07-01 04:00:00+00:00,-0.0
2025-07-01 05:00:00+00:00,-0.0
2025-07-01 06:00:00+00:00,-0.0
2025-07-01 07:00:00+00:00,-0.0
2025-07-01 08:00:00+00:00,-0.0
2025-07-01 09:00:00+00:00,-0.0
2025-07-01 10:00:00+00:00,-0.0
2025-07-01 11:00:00+00:00,-0.0
2025-07-01 12:00:00+00:00,-0.0
2025-07-01 13:00:00+00:00,-0.0
2025-07-01 14:00:00+00:00,-0.0
2025-07-01 15:00:00+00:00,-0.0
2025-07-01 16:00:00+00:00,-0.0
2025-07-01 17:00:00+00:00,-0.0
2025-07-01 18:00:00+00:00,-0.0
2025-07-01 19:00:00+00:00,-0.0
2025-07-01 20:00:00+00:00,-0.0
2025-07-01 21:00:00+00:00,-0.0
2025-07-01 22:00:00+00:00,-0.0
2025-07-01 23:00:00+00:00,-0.0
2025-07-02 00:00:00+00:00,-0.0
2025-07-02 01:00:00+00:00,-0.0
2025-07-02 02:00:00+00:00,-0.0
2025-07-02 03:00:00+00:00,-0.0
2025-07-02 04:00:00+00:00,-0.0
2025-07-02 05:00:00+00:00,-0.0
2025-07-02 06:00:00+00:00,-0.0
2025-07-02 07:00:00+00:00,-0.0
2025-07-02 08:00:00+00:00,-0.0
2025-07-02 09:00:00+00:00,-0.0
2025-07-02 10:00:00+00:00,-0.0
2025-07-02 11:00:00+00:00,-0.0
2025-07-02 12:00:00+00:00,-0.0
2025-07-02 13:00:00+00:00,-0.0
2025-07-02 14:00:00+00:00,-0.0
2025-07-02 15:00:00+00:00,-0.0
2025-07-02 16:00:00+00:00,-0.0
2025-07-02 17:00:00+00:00,-0.0
2025-07-02 18:00:00+00:00,-0.0
2025-07-02 19:00:00+00:00,-0.0
2025-07-02 20:00:00+00:00,-0.0
2025-07-02 21:00:00+00:00,-0.0
2025-07-02 22:00:00+00:00,-0.0
2025-07-02 23:00:00+00:00,-0.0
2025-07-03 00:00:00+00:00,-0.0
2025-07-03 01:00:00+00:00,-0.0
2025-07-03 02:00:00+00:00,-0.0
2025-07-03 03:00:00+00:00,-0.0
2025-07-03 04:00:00+00:00,-0.0
2025-07-03 05:00:00+00:00,-0.0
2025-07-03 06:00:00+00:00,-0.0
2025-07-03 07:00:00+00:00,-0.0
2025-07-03 08:00:00+00:00,-0.0
2025-07-03 09:00:00+00:00,-0.0
2025-07-03 10:00:00+00:00,-0.0
2025-07-03 11:00:00+00:00,-0.0
2025-07-03 12:00:00+00:00,-0.0
2025-07-03 13:00:00+00:00,-0.0
2025-07-03 14:00:00+00:00,-0.0
2025-07-03 15:00:00+00:00,-0.0
2025-07-03 16:00:00+00:00,-0.0
2025-07-03 17:00:00+00:00,-0.0
2025-07-03 18:00:00+00:00,-0.0
2025-07-03 19:00:00+00:00,-0.0
2025-07-03 20:00:00+00:00,-0.0
2025-07-03 21:00:00+00:00,-0.0
2025-07-03 22:00:00+00:00,-0.0
2025-07-03 23:00:00+00:00,-0.0
2025-07-04 00:00:00+00:00,-0.0
2025-07-04 01:00:00+00:00,-0.0
2025-07-04 02:00:00+00:00,-0.0
2025-07-04 03:00:00+00:00,0.021033199811263423
2025-07-04 04:00:00+00:00,-0.0
2025-07-04 05:00:00+00:00,-0.0
2025-07-04 06:00:00+00:00,-0.0
2025-07-04 07:00:00+00:00,-0.0
2025-07-04 08:00:00+00:00,-0.0
2025-07-04 09:00:00+00:00,-0.0
2025-07-04 10:00:00+00:00,-0.0
2025-07-04 11:00:00+00:00,-0.0
2025-07-04 12:00:00+00:00,-0.0
2025-07-04 13:00:00+00:00,-0.0
2025-07-04 14:00:00+00:00,-0.0
2025-07-04 15:00:00+00:00,-0.0
2025-07-04 16:00:00+00:00,-0.0
2025-07-04 17:00:00+00:00,-0.0
2025-07-04 18:00:00+00:00,-0.0
2025-07-04 19:00:00+00:00,-0.0
2025-07-04 20:00:00+00:00,-0.0
2025-07-04 21:00:00+00:00,-0.0
2025-07-04 22:00:00+00:00,-0.0
2025-07-04 23:00:00+00:00,-0.0
2025-07-05 00:00:00+00:00,-0.0
2025-07-05 01:00:00+00:00,-0.0
2025-07-05 02:00:00+00:00,-0.0
2025-07-05 03:00:00+00:00,-0.0
2025-07-05 04:00:00+00:00,-0.0
2025-07-05 05:00:00+00:00,-0.0
2025-07-05 06:00:00+00:00,-0.0
2025-07-05 07:00:00+00:00,-0.0
2025-07-05 08:00:00+00:00,-0.0
2025-07-05 09:00:00+00:00,-0.0
2025-07-05 10:00:00+00:00,-0.0
2025-07-05 11:00:00+00:00,-0.0
2025-07-05 12:00:00+00:00,-0.0
2025-07-05 13:00:00+00:00,-0.0
2025-07-05 14:00:00+00:00,-0.0
2025-07-05 15:00:00+00:00,-0.0
2025-07-05 16:00:00+00:00,-0.0
2025-07-05 17:00:00+00:00,-0.0
2025-07-05 18:00:00+00:00,-0.0
2025-07-05 19:00:00+00:00,-0.0
2025-07-05 20:00:00+00:00,-0.0
2025-07-05 21:00:00+00:00,-0.0
2025-07-05 22:00:00+00:00,-0.0
2025-07-05 23:00:00+00:00,-0.0
2025-07-06 00:00:00+00:00,-0.0
2025-07-06 01:00:00+00:00,-0.0
2025-07-06 02:00:00+00:00,-0.0
2025-07-06 03:00:00+00:00,-0.0
2025-07-06 04:00:00+00:00,-0.0
2025-07-06 05:00:00+00:00,-0.0
2025-07-06 06:00:00+00:00,-0.0
2025-07-06 07:00:00+00:00,-0.0
2025-07-06 08:00:00+00:00,-0.0
2025-07-06 09:00:00+00:00,-0.0
2025-07-06 10:00:00+00:00,-0.0
2025-07-06 11:00:00+00:00,-0.0
2025-07-06 12:00:00+00:00,-0.0
2025-07-06 13:00:00+00:00,-0.0
2025-07-06 14:00:00+00:00,-0.0
2025-07-06 15:00:00+00:00,-0.0
2025-07-06 16:00:00+00:00,-0.0
2025-07-06 17:00:00+00:00,-0.0
2025-07-06 18:00:00+00:00,-0.0
2025-07-06 19:00:00+00:00,-0.0
2025-07-06 20:00:00+00:00,-0.0
2025-07-06 21:00:00+00:00,-0.02307295391505135
2025-07-06 22:00:00+00:00,-0.0
2025-07-06 23:00:00+00:00,-0.0
2025-07-07 00:00:00+00:00,-0.0
2025-07-07 01:00:00+00:00,-0.0
2025-07-07 02:00:00+00:00,-0.0
2025-07-07 03:00:00+00:00,-0.0
2025-07-07 04:00:00+00:00,-0.0
2025-07-07 05:00:00+00:00,-0.0
2025-07-07 06:00:00+00:00,-0.0
2025-07-07 07:00:00+00:00,0.005657891934150122
2025-07-07 08:00:00+00:00,-0.0
2025-07-07 09:00:00+00:00,-0.0
2025-07-07 10:00:00+00:00,-0.0
2025-07-07 11:00:00+00:00,-0.0
2025-07-07 12:00:00+00:00,-0.0
2025-07-07 13:00:00+00:00,-0.0
2025-07-07 14:00:00+00:00,-0.0
2025-07-07 15:00:00+00:00,-0.0
2025-07-07 16:00:00+00:00,-0.0
2025-07-07 17:00:00+00:00,-0.0
2025-07-07 18:00:00+00:00,-0.0
2025-07-07 19:00:00+00:00,-0.0
2025-07-07 20:00:00+00:00,-0.0
2025-07-07 21:00:00+00:00,-0.0
2025-07-07 22:00:00+00:00,-0.0
2025-07-07 23:00:00+00:00,-0.0
2025-07-08 00:00:00+00:00,-0.0
2025-07-08 01:00:00+00:00,-0.0
2025-07-08 02:00:00+00:00,-0.0
2025-07-08 03:00:00+00:00,-0.0
2025-07-08 04:00:00+00:00,-0.0
2025-07-08 05:00:00+00:00,-0.0
2025-07-08 06:00:00+00:00,-0.0
2025-07-08 07:00:00+00:00,-0.0
2025-07-08 08:00:00+00:00,-0.0
2025-07-08 09:00:00+00:00,-0.0
2025-07-08 10:00:00+00:00,-0.0
2025-07-08 11:00:00+00:00,-0.0
2025-07-08 12:00:00+00:00,-0.0
2025-07-08 13:00:00+00:00,-0.0
2025-07-08 14:00:00+00:00,-0.0
2025-07-08 15:00:00+00:00,-0.0
2025-07-08 16:00:00+00:00,-0.0
2025-07-08 17:00:00+00:00,-0.0
2025-07-08 18:00:00+00:00,-0.0
2025-07-08 19:00:00+00:00,-0.0
2025-07-08 20:00:00+00:00,-0.0
2025-07-08 21:00:00+00:00,-0.0
2025-07-08 22:00:00+00:00,-0.0
2025-07-08 23:00:00+00:00,-0.0
2025-07-09 00:00:00+00:00,-0.0
2025-07-09 01:00:00+00:00,-0.0
2025-07-09 02:00:00+00:00,-0.0
2025-07-09 03:00:00+00:00,-0.0
2025-07-09 04:00:00+00:00,-0.0
2025-07-09 05:00:00+00:00,-0.0
2025-07-09 06:00:00+00:00,-0.0
2025-07-09 07:00:00+00:00,-0.0
2025-07-09 08:00:00+00:00,-0.0
2025-07-09 09:00:00+00:00,-0.0
2025-07-09 10:00:00+00:00,-0.0
2025-07-09 11:00:00+00:00,-0.0
2025-07-09 12:00:00+00:00,-0.0
2025-07-09 13:00:00+00:00,-0.0
2025-07-09 14:00:00+00:00,-0.0
2025-07-09 15:00:00+00:00,-0.0
2025-07-09 16:00:00+00:00,-0.0
2025-07-09 17:00:00+00:00,-0.0
2025-07-09 18:00:00+00:00,-0.0
2025-07-09 19:00:00+00:00,-0.0
2025-07-09 20:00:00+00:00,-0.0303942200355945
2025-07-09 21:00:00+00:00,-0.0
2025-07-09 22:00:00+00:00,-0.0
2025-07-09 23:00:00+00:00,-0.0
2025-07-10 00:00:00+00:00,-0.0
2025-07-10 01:00:00+00:00,-0.0
2025-07-10 02:00:00+00:00,-0.0
2025-07-10 03:00:00+00:00,-0.0
2025-07-10 04:00:00+00:00,-0.0
2025-07-10 05:00:00+00:00,-0.0
2025-07-10 06:00:00+00:00,-0.0
2025-07-10 07:00:00+00:00,-0.0
2025-07-10 08:00:00+00:00,-0.0
2025-07-10 09:00:00+00:00,-0.0
2025-07-10 10:00:00+00:00,-0.0
2025-07-10 11:00:00+00:00,-0.0
2025-07-10 12:00:00+00:00,-0.0
2025-07-10 13:00:00+00:00,-0.0
2025-07-10 14:00:00+00:00,-0.0
2025-07-10 15:00:00+00:00,-0.0
2025-07-10 16:00:00+00:00,-0.0
2025-07-10 17:00:00+00:00,-0.0
2025-07-10 18:00:00+00:00,-0.0
2025-07-10 19:00:00+00:00,-0.0
2025-07-10 20:00:00+00:00,-0.0
2025-07-10 21:00:00+00:00,-0.06121656527138585
2025-07-10 22:00:00+00:00,-0.0
2025-07-10 23:00:00+00:00,-0.0
2025-07-11 00:00:00+00:00,-0.0
2025-07-11 01:00:00+00:00,-0.0
2025-07-11 02:00:00+00:00,-0.0
2025-07-11 03:00:00+00:00,-0.0
2025-07-11 04:00:00+00:00,-0.0
2025-07-11 05:00:00+00:00,-0.0
2025-07-11 06:00:00+00:00,-0.0
2025-07-11 07:00:00+00:00,-0.0
2025-07-11 08:00:00+00:00,-0.0
2025-07-11 09:00:00+00:00,-0.0
2025-07-11 10:00:00+00:00,-0.0
2025-07-11 11:00:00+00:00,-0.0
2025-07-11 12:00:00+00:00,-0.0
2025-07-11 13:00:00+00:00,-0.055582542337591384
2025-07-11 14:00:00+00:00,-0.0
2025-07-11 15:00:00+00:00,0.03464277942032492
2025-07-11 16:00:00+00:00,-0.0
2025-07-11 17:00:00+00:00,-0.0
2025-07-11 18:00:00+00:00,-0.0
2025-07-11 19:00:00+00:00,-0.0
2025-07-11 20:00:00+00:00,-0.0
2025-07-11 21:00:00+00:00,-0.0
2025-07-11 22:00:00+00:00,-0.0
2025-07-11 23:00:00+00:00,-0.0
2025-07-12 00:00:00+00:00,-0.0
2025-07-12 01:00:00+00:00,-0.0
2025-07-12 02:00:00+00:00,-0.0
2025-07-12 03:00:00+00:00,-0.0
2025-07-12 04:00:00+00:00,-0.0
2025-07-12 05:00:00+00:00,-0.0
2025-07-12 06:00:00+00:00,-0.0
2025-07-12 07:00:00+00:00,-0.0
2025-07-12 08:00:00+00:00,-0.0
2025-07-12 09:00:00+00:00,-0.0
2025-07-12 10:00:00+00:00,-0.0
2025-07-12 11:00:00+00:00,-0.0
2025-07-12 12:00:00+00:00,-0.0
2025-07-12 13:00:00+00:00,0.02297597808736465
2025-07-12 14:00:00+00:00,-0.0
2025-07-12 15:00:00+00:00,-0.0
2025-07-12 16:00:00+00:00,-0.0
2025-07-12 17:00:00+00:00,-0.0
2025-07-12 18:00:00+00:00,-0.0
2025-07-12 19:00:00+00:00,-0.0
2025-07-12 20:00:00+00:00,-0.0
2025-07-12 21:00:00+00:00,-0.0
2025-07-12 22:00:00+00:00,-0.0
2025-07-12 23:00:00+00:00,-0.0
2025-07-13 00:00:00+00:00,-0.0
2025-07-13 01:00:00+00:00,-0.0
2025-07-13 02:00:00+00:00,-0.0
2025-07-13 03:00:00+00:00,-0.0
2025-07-13 04:00:00+00:00,-0.0
2025-07-13 05:00:00+00:00,-0.0
2025-07-13 06:00:00+00:00,-0.0
2025-07-13 07:00:00+00:00,-0.0
2025-07-13 08:00:00+00:00,-0.0
2025-07-13 09:00:00+00:00,-0.0
2025-07-13 10:00:00+00:00,-0.0
2025-07-13 11:00:00+00:00,-0.0
2025-07-13 12:00:00+00:00,-0.0
2025-07-13 13:00:00+00:00,-0.0
2025-07-13 14:00:00+00:00,-0.0
2025-07-13 15:00:00+00:00,-0.0
2025-07-13 16:00:00+00:00,-0.0
2025-07-13 17:00:00+00:00,-0.0
2025-07-13 18:00:00+00:00,-0.0
2025-07-13 19:00:00+00:00,-0.0
2025-07-13 20:00:00+00:00,-0.0
2025-07-13 21:00:00+00:00,-0.0
2025-07-13 22:00:00+00:00,-0.0
2025-07-13 23:00:00+00:00,-0.0
2025-07-14 00:00:00+00:00,-0.0
2025-07-14 01:00:00+00:00,-0.0
2025-07-14 02:00:00+00:00,-0.0
2025-07-14 03:00:00+00:00,-0.0
2025-07-14 04:00:00+00:00,-0.0
2025-07-14 05:00:00+00:00,-0.0
2025-07-14 06:00:00+00:00,-0.0
2025-07-14 07:00:00+00:00,-0.0
2025-07-14 08:00:00+00:00,-0.0
2025-07-14 09:00:00+00:00,-0.0
2025-07-14 10:00:00+00:00,-0.0
2025-07-14 11:00:00+00:00,-0.0
2025-07-14 12:00:00+00:00,-0.0
2025-07-14 13:00:00+00:00,-0.0
2025-07-14 14:00:00+00:00,-0.0
2025-07-14 15:00:00+00:00,-0.0
2025-07-14 16:00:00+00:00,-0.0
2025-07-14 17:00:00+00:00,-0.0
2025-07-14 18:00:00+00:00,0.02716973579755381
2025-07-14 19:00:00+00:00,-0.0
2025-07-14 20:00:00+00:00,-0.0
2025-07-14 21:00:00+00:00,-0.0
2025-07-14 22:00:00+00:00,-0.0
2025-07-14 23:00:00+00:00,-0.0
2025-07-15 00:00:00+00:00,-0.0
2025-07-15 01:00:00+00:00,-0.0
2025-07-15 02:00:00+00:00,-0.0
2025-07-15 03:00:00+00:00,-0.0
2025-07-15 04:00:00+00:00,-0.0
2025-07-15 05:00:00+00:00,-0.0
2025-07-15 06:00:00+00:00,-0.0
2025-07-15 07:00:00+00:00,-0.0
2025-07-15 08:00:00+00:00,-0.0
2025-07-15 09:00:00+00:00,-0.0
2025-07-15 10:00:00+00:00,-0.0
2025-07-15 11:00:00+00:00,-0.0
2025-07-15 12:00:00+00:00,-0.0
2025-07-15 13:00:00+00:00,-0.0
2025-07-15 14:00:00+00:00,0.029456009562530246
2025-07-15 15:00:00+00:00,-0.0
2025-07-15 16:00:00+00:00,-0.0
2025-07-15 17:00:00+00:00,-0.0
2025-07-15 18:00:00+00:00,-0.0
2025-07-15 19:00:00+00:00,-0.0
2025-07-15 20:00:00+00:00,-0.0
2025-07-15 21:00:00+00:00,-0.0
2025-07-15 22:00:00+00:00,-0.0
2025-07-15 23:00:00+00:00,-0.0
2025-07-16 00:00:00+00:00,-0.0
2025-07-16 01:00:00+00:00,-0.0
2025-07-16 02:00:00+00:00,-0.0
2025-07-16 03:00:00+00:00,-0.0
2025-07-16 04:00:00+00:00,-0.0
2025-07-16 05:00:00+00:00,-0.0
2025-07-16 06:00:00+00:00,-0.0
2025-07-16 07:00:00+00:00,-0.0
2025-07-16 08:00:00+00:00,-0.0
2025-07-16 09:00:00+00:00,-0.0
2025-07-16 10:00:00+00:00,-0.0
2025-07-16 11:00:00+00:00,-0.0
2025-07-16 12:00:00+00:00,-0.0
2025-07-16 13:00:00+00:00,-0.0
2025-07-16 14:00:00+00:00,-0.0
2025-07-16 15:00:00+00:00,-0.0
2025-07-16 16:00:00+00:00,-0.0
2025-07-16 17:00:00+00:00,-0.0
2025-07-16 18:00:00+00:00,-0.0
2025-07-16 19:00:00+00:00,-0.0
2025-07-16 20:00:00+00:00,-0.06457396732406387
2025-07-16 21:00:00+00:00,-0.0
2025-07-16 22:00:00+00:00,-0.0
2025-07-16 23:00:00+00:00,-0.0
2025-07-17 00:00:00+00:00,-0.0
2025-07-17 01:00:00+00:00,-0.0
2025-07-17 02:00:00+00:00,-0.0
2025-07-17 03:00:00+00:00,-0.0
2025-07-17 04:00:00+00:00,-0.0
2025-07-17 05:00:00+00:00,-0.0
2025-07-17 06:00:00+00:00,-0.0
2025-07-17 07:00:00+00:00,-0.0
2025-07-17 08:00:00+00:00,-0.0
2025-07-17 09:00:00+00:00,-0.0
2025-07-17 10:00:00+00:00,-0.0
2025-07-17 11:00:00+00:00,-0.0
2025-07-17 12:00:00+00:00,-0.0
2025-07-17 13:00:00+00:00,-0.0
2025-07-17 14:00:00+00:00,-0.0
2025-07-17 15:00:00+00:00,-0.0
2025-07-17 16:00:00+00:00,-0.0
2025-07-17 17:00:00+00:00,-0.0
2025-07-17 18:00:00+00:00,-0.0
2025-07-17 19:00:00+00:00,-0.0
2025-07-17 20:00:00+00:00,-0.0
2025-07-17 21:00:00+00:00,-0.0
2025-07-17 22:00:00+00:00,-0.0
2025-07-17 23:00:00+00:00,-0.0
2025-07-18 00:00:00+00:00,-0.0
2025-07-18 01:00:00+00:00,-0.0
2025-07-18 02:00:00+00:00,-0.0
2025-07-18 03:00:00+00:00,-0.0
2025-07-18 04:00:00+00:00,-0.0
2025-07-18 05:00:00+00:00,-0.0
2025-07-18 06:00:00+00:00,-0.0
2025-07-18 07:00:00+00:00,-0.0
2025-07-18 08:00:00+00:00,-0.0
2025-07-18 09:00:00+00:00,-0.0
2025-07-18 10:00:00+00:00,-0.0
2025-07-18 11:00:00+00:00,-0.0
2025-07-18 12:00:00+00:00,-0.0
2025-07-18 13:00:00+00:00,-0.0
2025-07-18 14:00:00+00:00,-0.0
2025-07-18 15:00:00+00:00,-0.0
2025-07-18 16:00:00+00:00,-0.0
2025-07-18 17:00:00+00:00,-0.0
2025-07-18 18:00:00+00:00,-0.0
2025-07-18 19:00:00+00:00,-0.0
2025-07-18 20:00:00+00:00,-0.0
2025-07-18 21:00:00+00:00,-0.0
2025-07-18 22:00:00+00:00,-0.0
2025-07-18 23:00:00+00:00,-0.0
2025-07-19 00:00:00+00:00,-0.0
2025-07-19 01:00:00+00:00,-0.0
2025-07-19 02:00:00+00:00,-0.0
2025-07-19 03:00:00+00:00,-0.0
2025-07-19 04:00:00+00:00,-0.0
2025-07-19 05:00:00+00:00,-0.0
2025-07-19 06:00:00+00:00,-0.0
2025-07-19 07:00:00+00:00,-0.0
2025-07-19 08:00:00+00:00,-0.0
2025-07-19 09:00:00+00:00,-0.0
2025-07-19 10:00:00+00:00,-0.0
2025-07-19 11:00:00+00:00,-0.0
2025-07-19 12:00:00+00:00,-0.0
2025-07-19 13:00:00+00:00,-0.0
2025-07-19 14:00:00+00:00,-0.0
2025-07-19 15:00:00+00:00,-0.0
2025-07-19 16:00:00+00:00,-0.0
2025-07-19 17:00:00+00:00,-0.0
2025-07-19 18:00:00+00:00,-0.0
2025-07-19 19:00:00+00:00,-0.0
2025-07-19 20:00:00+00:00,-0.0
2025-07-19 21:00:00+00:00,-0.0
2025-07-19 22:00:00+00:00,-0.0
2025-07-19 23:00:00+00:00,-0.0
2025-07-20 00:00:00+00:00,-0.0
2025-07-20 01:00:00+00:00,-0.0
2025-07-20 02:00:00+00:00,-0.0
2025-07-20 03:00:00+00:00,-0.0
2025-07-20 04:00:00+00:00,-0.0
2025-07-20 05:00:00+00:00,-0.0
2025-07-20 06:00:00+00:00,-0.0
2025-07-20 07:00:00+00:00,-0.0
2025-07-20 08:00:00+00:00,-0.0
2025-07-20 09:00:00+00:00,-0.0
2025-07-20 10:00:00+00:00,-0.0
2025-07-20 11:00:00+00:00,-0.0
2025-07-20 12:00:00+00:00,-0.0
2025-07-20 13:00:00+00:00,-0.0
2025-07-20 14:00:00+00:00,-0.0
2025-07-20 15:00:00+00:00,-0.0
2025-07-20 16:00:00+00:00,-0.0
2025-07-20 17:00:00+00:00,-0.0
2025-07-20 18:00:00+00:00,-0.0
2025-07-20 19:00:00+00:00,-0.0
2025-07-20 20:00:00+00:00,-0.0
2025-07-20 21:00:00+00:00,-0.0
2025-07-20 22:00:00+00:00,0.026119983805646913
2025-07-20 23:00:00+00:00,-0.0
2025-07-21 00:00:00+00:00,-0.0
2025-07-21 01:00:00+00:00,-0.0
2025-07-21 02:00:00+00:00,-0.0
2025-07-21 03:00:00+00:00,-0.0
2025-07-21 04:00:00+00:00,-0.0
2025-07-21 05:00:00+00:00,-0.0
2025-07-21 06:00:00+00:00,-0.0
2025-07-21 07:00:00+00:00,-0.0
2025-07-21 08:00:00+00:00,-0.0
2025-07-21 09:00:00+00:00,-0.0
2025-07-21 10:00:00+00:00,-0.0
2025-07-21 11:00:00+00:00,-0.0
2025-07-21 12:00:00+00:00,-0.0
2025-07-21 13:00:00+00:00,-0.0
2025-07-21 14:00:00+00:00,-0.0
2025-07-21 15:00:00+00:00,-0.0
2025-07-21 16:00:00+00:00,-0.0
2025-07-21 17:00:00+00:00,-0.0
2025-07-21 18:00:00+00:00,-0.0
2025-07-21 19:00:00+00:00,-0.0
2025-07-21 20:00:00+00:00,-0.0
2025-07-21 21:00:00+00:00,-0.0
2025-07-21 22:00:00+00:00,-0.0
2025-07-21 23:00:00+00:00,-0.0
2025-07-22 00:00:00+00:00,-0.0
2025-07-22 01:00:00+00:00,-0.0
2025-07-22 02:00:00+00:00,-0.0
2025-07-22 03:00:00+00:00,-0.0
2025-07-22 04:00:00+00:00,-0.0
2025-07-22 05:00:00+00:00,-0.0
2025-07-22 06:00:00+00:00,-0.0
2025-07-22 07:00:00+00:00,-0.0
2025-07-22 08:00:00+00:00,-0.0
2025-07-22 09:00:00+00:00,-0.0
2025-07-22 10:00:00+00:00,-0.0
2025-07-22 11:00:00+00:00,-0.0
2025-07-22 12:00:00+00:00,-0.0
2025-07-22 13:00:00+00:00,-0.0
2025-07-22 14:00:00+00:00,-0.0
2025-07-22 15:00:00+00:00,-0.0
2025-07-22 16:00:00+00:00,-0.0
2025-07-22 17:00:00+00:00,-0.0
2025-07-22 18:00:00+00:00,-0.0
2025-07-22 19:00:00+00:00,-0.0
2025-07-22 20:00:00+00:00,-0.0
2025-07-22 21:00:00+00:00,-0.0
2025-07-22 22:00:00+00:00,-0.0
2025-07-22 23:00:00+00:00,-0.0
2025-07-23 00:00:00+00:00,-0.0
2025-07-23 01:00:00+00:00,-0.0
2025-07-23 02:00:00+00:00,-0.0
2025-07-23 03:00:00+00:00,-0.0
2025-07-23 04:00:00+00:00,-0.0
2025-07-23 05:00:00+00:00,-0.0
2025-07-23 06:00:00+00:00,-0.0
2025-07-23 07:00:00+00:00,-0.0
2025-07-23 08:00:00+00:00,-0.0
2025-07-23 09:00:00+00:00,0.040008389773056756
2025-07-23 10:00:00+00:00,-0.0
2025-07-23 11:00:00+00:00,-0.0
2025-07-23 12:00:00+00:00,-0.0
2025-07-23 13:00:00+00:00,-0.0
2025-07-23 14:00:00+00:00,-0.0
2025-07-23 15:00:00+00:00,-0.0
2025-07-23 16:00:00+00:00,-0.0
2025-07-23 17:00:00+00:00,-0.0
2025-07-23 18:00:00+00:00,-0.0
2025-07-23 19:00:00+00:00,-0.0
2025-07-23 20:00:00+00:00,-0.0
2025-07-23 21:00:00+00:00,-0.0
2025-07-23 22:00:00+00:00,-0.0
2025-07-23 23:00:00+00:00,-0.0
2025-07-24 00:00:00+00:00,-0.0
2025-07-24 01:00:00+00:00,-0.0
2025-07-24 02:00:00+00:00,-0.0
2025-07-24 03:00:00+00:00,-0.0
2025-07-24 04:00:00+00:00,-0.0
2025-07-24 05:00:00+00:00,-0.0
2025-07-24 06:00:00+00:00,-0.0
2025-07-24 07:00:00+00:00,-0.0
2025-07-24 08:00:00+00:00,-0.0
2025-07-24 09:00:00+00:00,-0.0
2025-07-24 10:00:00+00:00,-0.0
2025-07-24 11:00:00+00:00,-0.0
2025-07-24 12:00:00+00:00,-0.0
2025-07-24 13:00:00+00:00,-0.0
2025-07-24 14:00:00+00:00,-0.0
2025-07-24 15:00:00+00:00,-0.0
2025-07-24 16:00:00+00:00,-0.0
2025-07-24 17:00:00+00:00,-0.0
2025-07-24 18:00:00+00:00,-0.0
2025-07-24 19:00:00+00:00,-0.0
2025-07-24 20:00:00+00:00,-0.0
2025-07-24 21:00:00+00:00,-0.0
2025-07-24 22:00:00+00:00,-0.0
2025-07-24 23:00:00+00:00,-0.0
2025-07-25 00:00:00+00:00,0.04505003749059912
2025-07-25 01:00:00+00:00,-0.0
2025-07-25 02:00:00+00:00,-0.0
2025-07-25 03:00:00+00:00,-0.0
2025-07-25 04:00:00+00:00,-0.0
2025-07-25 05:00:00+00:00,-0.0
2025-07-25 06:00:00+00:00,-0.0
2025-07-25 07:00:00+00:00,-0.0
2025-07-25 08:00:00+00:00,-0.0
2025-07-25 09:00:00+00:00,-0.0
2025-07-25 10:00:00+00:00,-0.0
2025-07-25 11:00:00+00:00,-0.0
2025-07-25 12:00:00+00:00,-0.0
2025-07-25 13:00:00+00:00,-0.0
2025-07-25 14:00:00+00:00,0.03724250538938945
2025-07-25 15:00:00+00:00,-0.0
2025-07-25 16:00:00+00:00,-0.0
2025-07-25 17:00:00+00:00,-0.0
2025-07-25 18:00:00+00:00,-0.0
2025-07-25 19:00:00+00:00,-0.0
2025-07-25 20:00:00+00:00,-0.0
2025-07-25 21:00:00+00:00,-0.0
2025-07-25 22:00:00+00:00,-0.0
2025-07-25 23:00:00+00:00,-0.0
2025-07-26 00:00:00+00:00,-0.0
2025-07-26 01:00:00+00:00,-0.0
2025-07-26 02:00:00+00:00,-0.0
2025-07-26 03:00:00+00:00,-0.0
2025-07-26 04:00:00+00:00,-0.0
2025-07-26 05:00:00+00:00,-0.0
2025-07-26 06:00:00+00:00,-0.0
2025-07-26 07:00:00+00:00,-0.0
2025-07-26 08:00:00+00:00,-0.0
2025-07-26 09:00:00+00:00,-0.0
2025-07-26 10:00:00+00:00,-0.0
2025-07-26 11:00:00+00:00,-0.0
2025-07-26 12:00:00+00:00,-0.0
2025-07-26 13:00:00+00:00,-0.0
2025-07-26 14:00:00+00:00,-0.0
2025-07-26 15:00:00+00:00,-0.0
2025-07-26 16:00:00+00:00,-0.0
2025-07-26 17:00:00+00:00,-0.0
2025-07-26 18:00:00+00:00,-0.0
2025-07-26 19:00:00+00:00,-0.0
2025-07-26 20:00:00+00:00,-0.0
2025-07-26 21:00:00+00:00,-0.0
2025-07-26 22:00:00+00:00,-0.0
2025-07-26 23:00:00+00:00,-0.0
2025-07-27 00:00:00+00:00,-0.0
2025-07-27 01:00:00+00:00,-0.0
2025-07-27 02:00:00+00:00,-0.0
2025-07-27 03:00:00+00:00,-0.0
2025-07-27 04:00:00+00:00,-0.0
2025-07-27 05:00:00+00:00,-0.0
2025-07-27 06:00:00+00:00,-0.0
2025-07-27 07:00:00+00:00,-0.0
2025-07-27 08:00:00+00:00,-0.0
2025-07-27 09:00:00+00:00,-0.0
2025-07-27 10:00:00+00:00,-0.0
2025-07-27 11:00:00+00:00,-0.0
2025-07-27 12:00:00+00:00,-0.0
2025-07-27 13:00:00+00:00,-0.0
2025-07-27 14:00:00+00:00,-0.0
2025-07-27 15:00:00+00:00,-0.0
2025-07-27 16:00:00+00:00,-0.0
2025-07-27 17:00:00+00:00,-0.0
2025-07-27 18:00:00+00:00,-0.0
2025-07-27 19:00:00+00:00,-0.0
2025-07-27 20:00:00+00:00,-0.0
2025-07-27 21:00:00+00:00,-0.0
2025-07-27 22:00:00+00:00,-0.0
2025-07-27 23:00:00+00:00,-0.0
2025-07-28 00:00:00+00:00,-0.0
2025-07-28 01:00:00+00:00,-0.0
2025-07-28 02:00:00+00:00,-0.0
2025-07-28 03:00:00+00:00,-0.0
2025-07-28 04:00:00+00:00,-0.0
2025-07-28 05:00:00+00:00,-0.0
2025-07-28 06:00:00+00:00,-0.0
2025-07-28 07:00:00+00:00,-0.0
2025-07-28 08:00:00+00:00,-0.0
2025-07-28 09:00:00+00:00,-0.0
2025-07-28 10:00:00+00:00,-0.0
2025-07-28 11:00:00+00:00,-0.0
2025-07-28 12:00:00+00:00,-0.0
2025-07-28 13:00:00+00:00,-0.0
2025-07-28 14:00:00+00:00,0.028812912770209365
2025-07-28 15:00:00+00:00,-0.0
2025-07-28 16:00:00+00:00,-0.0
2025-07-28 17:00:00+00:00,-0.0
2025-07-28 18:00:00+00:00,-0.0
2025-07-28 19:00:00+00:00,-0.0
2025-07-28 20:00:00+00:00,-0.0
2025-07-28 21:00:00+00:00,-0.0
2025-07-28 22:00:00+00:00,-0.0
2025-07-28 23:00:00+00:00,-0.0
2025-07-29 00:00:00+00:00,-0.0
2025-07-29 01:00:00+00:00,-0.0
2025-07-29 02:00:00+00:00,-0.0
2025-07-29 03:00:00+00:00,-0.0
2025-07-29 04:00:00+00:00,-0.0
2025-07-29 05:00:00+00:00,-0.0
2025-07-29 06:00:00+00:00,-0.0
2025-07-29 07:00:00+00:00,-0.0
2025-07-29 08:00:00+00:00,-0.0
2025-07-29 09:00:00+00:00,-0.0
2025-07-29 10:00:00+00:00,0.024298416748509546
2025-07-29 11:00:00+00:00,-0.0
2025-07-29 12:00:00+00:00,-0.0
2025-07-29 13:00:00+00:00,-0.0
2025-07-29 14:00:00+00:00,-0.0
2025-07-29 15:00:00+00:00,-0.0
2025-07-29 16:00:00+00:00,-0.0
2025-07-29 17:00:00+00:00,-0.0
2025-07-29 18:00:00+00:00,-0.0
2025-07-29 19:00:00+00:00,-0.0
2025-07-29 20:00:00+00:00,-0.0
2025-07-29 21:00:00+00:00,-0.0
2025-07-29 22:00:00+00:00,-0.0
2025-07-29 23:00:00+00:00,-0.0
2025-07-30 00:00:00+00:00,-0.0
2025-07-30 01:00:00+00:00,-0.0
2025-07-30 02:00:00+00:00,-0.0
2025-07-30 03:00:00+00:00,-0.0
2025-07-30 04:00:00+00:00,-0.0
2025-07-30 05:00:00+00:00,-0.0
2025-07-30 06:00:00+00:00,-0.0
2025-07-30 07:00:00+00:00,-0.0
2025-07-30 08:00:00+00:00,-0.0
2025-07-30 09:00:00+00:00,-0.0
2025-07-30 10:00:00+00:00,-0.0
2025-07-30 11:00:00+00:00,-0.0
2025-07-30 12:00:00+00:00,-0.0
2025-07-30 13:00:00+00:00,-0.0
2025-07-30 14:00:00+00:00,-0.0
2025-07-30 15:00:00+00:00,-0.0
2025-07-30 16:00:00+00:00,-0.0
2025-07-30 17:00:00+00:00,-0.0
2025-07-30 18:00:00+00:00,-0.0
2025-07-30 19:00:00+00:00,-0.0
2025-07-30 20:00:00+00:00,-0.0
2025-07-30 21:00:00+00:00,-0.0
2025-07-30 22:00:00+00:00,-0.0
2025-07-30 23:00:00+00:00,-0.0
2025-07-31 00:00:00+00:00,-0.0
2025-07-31 01:00:00+00:00,-0.0
2025-07-31 02:00:00+00:00,-0.0
2025-07-31 03:00:00+00:00,-0.0
2025-07-31 04:00:00+00:00,-0.0
2025-07-31 05:00:00+00:00,-0.0
2025-07-31 06:00:00+00:00,-0.0
2025-07-31 07:00:00+00:00,-0.0
2025-07-31 08:00:00+00:00,-0.0
2025-07-31 09:00:00+00:00,-0.0
2025-07-31 10:00:00+00:00,-0.0
2025-07-31 11:00:00+00:00,-0.0
2025-07-31 12:00:00+00:00,-0.0
2025-07-31 13:00:00+00:00,0.02618654145048793
2025-07-31 14:00:00+00:00,-0.0
2025-07-31 15:00:00+00:00,-0.0
2025-07-31 16:00:00+00:00,-0.0
2025-07-31 17:00:00+00:00,-0.0
2025-07-31 18:00:00+00:00,-0.0
2025-07-31 19:00:00+00:00,-0.0
2025-07-31 20:00:00+00:00,-0.0
2025-07-31 21:00:00+00:00,-0.0
2025-07-31 22:00:00+00:00,-0.0
2025-07-31 23:00:00+00:00,-0.0
2025-08-01 00:00:00+00:00,-0.0
2025-08-01 01:00:00+00:00,-0.0
2025-08-01 02:00:00+00:00,-0.0
2025-08-01 03:00:00+00:00,-0.0
2025-08-01 04:00:00+00:00,-0.0
2025-08-01 05:00:00+00:00,-0.0
2025-08-01 06:00:00+00:00,-0.0
2025-08-01 07:00:00+00:00,-0.0
2025-08-01 08:00:00+00:00,-0.0
2025-08-01 09:00:00+00:00,-0.0
2025-08-01 10:00:00+00:00,-0.0
2025-08-01 11:00:00+00:00,-0.0
2025-08-01 12:00:00+00:00,-0.0
2025-08-01 13:00:00+00:00,-0.0
2025-08-01 14:00:00+00:00,-0.0
2025-08-01 15:00:00+00:00,-0.0
2025-08-01 16:00:00+00:00,-0.0
2025-08-01 17:00:00+00:00,-0.0
2025-08-01 18:00:00+00:00,-0.0
2025-08-01 19:00:00+00:00,-0.0
2025-08-01 20:00:00+00:00,-0.0
2025-08-01 21:00:00+00:00,-0.0
2025-08-01 22:00:00+00:00,-0.0
2025-08-01 23:00:00+00:00,-0.0
2025-08-02 00:00:00+00:00,-0.0
2025-08-02 01:00:00+00:00,-0.0
2025-08-02 02:00:00+00:00,-0.0
2025-08-02 03:00:00+00:00,-0.0
2025-08-02 04:00:00+00:00,-0.0
2025-08-02 05:00:00+00:00,-0.0
2025-08-02 06:00:00+00:00,-0.0
2025-08-02 07:00:00+00:00,-0.0
2025-08-02 08:00:00+00:00,-0.0
2025-08-02 09:00:00+00:00,-0.0
2025-08-02 10:00:00+00:00,-0.0
2025-08-02 11:00:00+00:00,-0.0
2025-08-02 12:00:00+00:00,-0.0
2025-08-02 13:00:00+00:00,-0.0
2025-08-02 14:00:00+00:00,-0.0
2025-08-02 15:00:00+00:00,-0.0
2025-08-02 16:00:00+00:00,-0.0
2025-08-02 17:00:00+00:00,-0.0
2025-08-02 18:00:00+00:00,-0.0
2025-08-02 19:00:00+00:00,-0.0
2025-08-02 20:00:00+00:00,-0.0
2025-08-02 21:00:00+00:00,-0.0
2025-08-02 22:00:00+00:00,-0.0
2025-08-02 23:00:00+00:00,-0.0
2025-08-03 00:00:00+00:00,-0.0
2025-08-03 01:00:00+00:00,-0.0
2025-08-03 02:00:00+00:00,-0.0
2025-08-03 03:00:00+00:00,-0.0
2025-08-03 04:00:00+00:00,-0.0
2025-08-03 05:00:00+00:00,-0.0
2025-08-03 06:00:00+00:00,-0.0
2025-08-03 07:00:00+00:00,-0.0
2025-08-03 08:00:00+00:00,-0.0
2025-08-03 09:00:00+00:00,-0.0
2025-08-03 10:00:00+00:00,-0.0
2025-08-03 11:00:00+00:00,-0.0
2025-08-03 12:00:00+00:00,-0.0
2025-08-03 13:00:00+00:00,-0.0
2025-08-03 14:00:00+00:00,-0.0
2025-08-03 15:00:00+00:00,-0.0
2025-08-03 16:00:00+00:00,-0.0
2025-08-03 17:00:00+00:00,-0.0
2025-08-03 18:00:00+00:00,-0.0
2025-08-03 19:00:00+00:00,-0.0
2025-08-03 20:00:00+00:00,-0.0
2025-08-03 21:00:00+00:00,-0.0
2025-08-03 22:00:00+00:00,-0.0
2025-08-03 23:00:00+00:00,-0.0
2025-08-04 00:00:00+00:00,-0.0
2025-08-04 01:00:00+00:00,-0.0
2025-08-04 02:00:00+00:00,-0.0
2025-08-04 03:00:00+00:00,-0.0
2025-08-04 04:00:00+00:00,-0.0
2025-08-04 05:00:00+00:00,-0.0
2025-08-04 06:00:00+00:00,-0.0
2025-08-04 07:00:00+00:00,-0.0
2025-08-04 08:00:00+00:00,-0.0
2025-08-04 09:00:00+00:00,-0.0
2025-08-04 10:00:00+00:00,-0.0
2025-08-04 11:00:00+00:00,-0.0
2025-08-04 12:00:00+00:00,-0.0
2025-08-04 13:00:00+00:00,-0.0
2025-08-04 14:00:00+00:00,-0.0
2025-08-04 15:00:00+00:00,-0.0
2025-08-04 16:00:00+00:00,-0.0
2025-08-04 17:00:00+00:00,-0.0
2025-08-04 18:00:00+00:00,-0.0
2025-08-04 19:00:00+00:00,-0.0
2025-08-04 20:00:00+00:00,-0.0
2025-08-04 21:00:00+00:00,-0.0
2025-08-04 22:00:00+00:00,-0.0
2025-08-04 23:00:00+00:00,-0.0
2025-08-05 00:00:00+00:00,-0.0
2025-08-05 01:00:00+00:00,-0.0
2025-08-05 02:00:00+00:00,-0.0
2025-08-05 03:00:00+00:00,-0.0
2025-08-05 04:00:00+00:00,-0.0
2025-08-05 05:00:00+00:00,-0.0
2025-08-05 06:00:00+00:00,-0.0
2025-08-05 07:00:00+00:00,-0.0
2025-08-05 08:00:00+00:00,-0.0
2025-08-05 09:00:00+00:00,-0.0
2025-08-05 10:00:00+00:00,-0.0
2025-08-05 11:00:00+00:00,-0.0
2025-08-05 12:00:00+00:00,-0.0
2025-08-05 13:00:00+00:00,-0.0
2025-08-05 14:00:00+00:00,-0.0
2025-08-05 15:00:00+00:00,-0.0
2025-08-05 16:00:00+00:00,-0.0
2025-08-05 17:00:00+00:00,-0.0
2025-08-05 18:00:00+00:00,-0.0
2025-08-05 19:00:00+00:00,-0.0
2025-08-05 20:00:00+00:00,-0.0
2025-08-05 21:00:00+00:00,-0.0
2025-08-05 22:00:00+00:00,-0.0
2025-08-05 23:00:00+00:00,-0.0
2025-08-06 00:00:00+00:00,-0.0
2025-08-06 01:00:00+00:00,-0.0
2025-08-06 02:00:00+00:00,-0.0
2025-08-06 03:00:00+00:00,-0.0
2025-08-06 04:00:00+00:00,-0.0
2025-08-06 05:00:00+00:00,-0.0
2025-08-06 06:00:00+00:00,-0.0
2025-08-06 07:00:00+00:00,-0.0
2025-08-06 08:00:00+00:00,-0.0
2025-08-06 09:00:00+00:00,-0.0
2025-08-06 10:00:00+00:00,-0.0
2025-08-06 11:00:00+00:00,-0.0
2025-08-06 12:00:00+00:00,-0.0
2025-08-06 13:00:00+00:00,-0.0
2025-08-06 14:00:00+00:00,-0.0
2025-08-06 15:00:00+00:00,-0.0
2025-08-06 16:00:00+00:00,-0.0
2025-08-06 17:00:00+00:00,-0.0
2025-08-06 18:00:00+00:00,-0.0
2025-08-06 19:00:00+00:00,-0.0
2025-08-06 20:00:00+00:00,-0.0
2025-08-06 21:00:00+00:00,-0.0
2025-08-06 22:00:00+00:00,-0.0
2025-08-06 23:00:00+00:00,-0.0
2025-08-07 00:00:00+00:00,-0.0
2025-08-07 01:00:00+00:00,-0.0
2025-08-07 02:00:00+00:00,-0.0
2025-08-07 03:00:00+00:00,-0.0
2025-08-07 04:00:00+00:00,-0.0
2025-08-07 05:00:00+00:00,-0.0
2025-08-07 06:00:00+00:00,-0.0
2025-08-07 07:00:00+00:00,-0.0
2025-08-07 08:00:00+00:00,-0.0
2025-08-07 09:00:00+00:00,-0.0
2025-08-07 10:00:00+00:00,-0.0634464780752873
2025-08-07 11:00:00+00:00,-0.0
2025-08-07 12:00:00+00:00,-0.0
2025-08-07 13:00:00+00:00,-0.0
2025-08-07 14:00:00+00:00,-0.0
2025-08-07 15:00:00+00:00,-0.0
2025-08-07 16:00:00+00:00,0.016174518834778898
2025-08-07 17:00:00+00:00,-0.0
2025-08-07 18:00:00+00:00,-0.0
2025-08-07 19:00:00+00:00,-0.0
2025-08-07 20:00:00+00:00,-0.0
2025-08-07 21:00:00+00:00,-0.0
2025-08-07 22:00:00+00:00,-0.0
2025-08-07 23:00:00+00:00,-0.0
2025-08-08 00:00:00+00:00,-0.025027166525035734
2025-08-08 01:00:00+00:00,-0.0
2025-08-08 02:00:00+00:00,-0.0
2025-08-08 03:00:00+00:00,-0.0
2025-08-08 04:00:00+00:00,-0.0
2025-08-08 05:00:00+00:00,-0.0
2025-08-08 06:00:00+00:00,-0.0
2025-08-08 07:00:00+00:00,-0.0
2025-08-08 08:00:00+00:00,-0.0
2025-08-08 09:00:00+00:00,-0.0
2025-08-08 10:00:00+00:00,-0.0
2025-08-08 11:00:00+00:00,-0.0
2025-08-08 12:00:00+00:00,-0.0
2025-08-08 13:00:00+00:00,-0.0
2025-08-08 14:00:00+00:00,-0.0
2025-08-08 15:00:00+00:00,-0.0
2025-08-08 16:00:00+00:00,-0.0
2025-08-08 17:00:00+00:00,-0.0
2025-08-08 18:00:00+00:00,-0.0
2025-08-08 19:00:00+00:00,-0.0
2025-08-08 20:00:00+00:00,-0.0
2025-08-08 21:00:00+00:00,-0.0
2025-08-08 22:00:00+00:00,-0.0
2025-08-08 23:00:00+00:00,-0.0
2025-08-09 00:00:00+00:00,-0.0
2025-08-09 01:00:00+00:00,-0.0
2025-08-09 02:00:00+00:00,-0.0
2025-08-09 03:00:00+00:00,-0.0
2025-08-09 04:00:00+00:00,-0.0
2025-08-09 05:00:00+00:00,-0.055592203982239824
2025-08-09 06:00:00+00:00,-0.0
2025-08-09 07:00:00+00:00,-0.0
2025-08-09 08:00:00+00:00,-0.0
2025-08-09 09:00:00+00:00,-0.0
2025-08-09 10:00:00+00:00,-0.0
2025-08-09 11:00:00+00:00,-0.0
2025-08-09 12:00:00+00:00,-0.0
2025-08-09 13:00:00+00:00,-0.0
2025-08-09 14:00:00+00:00,-0.0
2025-08-09 15:00:00+00:00,-0.0
2025-08-09 16:00:00+00:00,-0.0
2025-08-09 17:00:00+00:00,-0.0
2025-08-09 18:00:00+00:00,-0.0
2025-08-09 19:00:00+00:00,-0.0
2025-08-09 20:00:00+00:00,-0.0
2025-08-09 21:00:00+00:00,-0.0
2025-08-09 22:00:00+00:00,-0.0
2025-08-09 23:00:00+00:00,-0.0
2025-08-10 00:00:00+00:00,-0.0
2025-08-10 01:00:00+00:00,-0.0
2025-08-10 02:00:00+00:00,-0.0
2025-08-10 03:00:00+00:00,-0.0
2025-08-10 04:00:00+00:00,-0.0
2025-08-10 05:00:00+00:00,-0.0
2025-08-10 06:00:00+00:00,-0.0
2025-08-10 07:00:00+00:00,0.02948940482914338
2025-08-10 08:00:00+00:00,-0.0
2025-08-10 09:00:00+00:00,-0.0
2025-08-10 10:00:00+00:00,-0.0
2025-08-10 11:00:00+00:00,-0.0
2025-08-10 12:00:00+00:00,-0.0
2025-08-10 13:00:00+00:00,-0.0
2025-08-10 14:00:00+00:00,-0.0
2025-08-10 15:00:00+00:00,-0.0
2025-08-10 16:00:00+00:00,-0.0
2025-08-10 17:00:00+00:00,-0.0
2025-08-10 18:00:00+00:00,-0.0
2025-08-10 19:00:00+00:00,-0.0
2025-08-10 20:00:00+00:00,-0.0
2025-08-10 21:00:00+00:00,-0.0
2025-08-10 22:00:00+00:00,-0.0
2025-08-10 23:00:00+00:00,-0.0
2025-08-11 00:00:00+00:00,-0.0
2025-08-11 01:00:00+00:00,-0.0
2025-08-11 02:00:00+00:00,-0.0
2025-08-11 03:00:00+00:00,-0.0
2025-08-11 04:00:00+00:00,-0.0
2025-08-11 05:00:00+00:00,-0.0
2025-08-11 06:00:00+00:00,-0.0
2025-08-11 07:00:00+00:00,-0.0
2025-08-11 08:00:00+00:00,-0.0
2025-08-11 09:00:00+00:00,-0.0
2025-08-11 10:00:00+00:00,0.022708746243711032
2025-08-11 11:00:00+00:00,-0.0
2025-08-11 12:00:00+00:00,-0.0
2025-08-11 13:00:00+00:00,-0.0
2025-08-11 14:00:00+00:00,-0.0
2025-08-11 15:00:00+00:00,-0.0
2025-08-11 16:00:00+00:00,-0.0
2025-08-11 17:00:00+00:00,-0.0
2025-08-11 18:00:00+00:00,-0.0
2025-08-11 19:00:00+00:00,-0.0
2025-08-11 20:00:00+00:00,-0.0
2025-08-11 21:00:00+00:00,-0.0
2025-08-11 22:00:00+00:00,-0.0
2025-08-11 23:00:00+00:00,-0.0
2025-08-12 00:00:00+00:00,-0.0
2025-08-12 01:00:00+00:00,-0.0
2025-08-12 02:00:00+00:00,-0.0
2025-08-12 03:00:00+00:00,-0.0
2025-08-12 04:00:00+00:00,-0.0
2025-08-12 05:00:00+00:00,-0.0
2025-08-12 06:00:00+00:00,-0.0
2025-08-12 07:00:00+00:00,-0.0
2025-08-12 08:00:00+00:00,-0.0
2025-08-12 09:00:00+00:00,-0.0
2025-08-12 10:00:00+00:00,-0.0
2025-08-12 11:00:00+00:00,-0.0
2025-08-12 12:00:00+00:00,-0.0
2025-08-12 13:00:00+00:00,-0.0
2025-08-12 14:00:00+00:00,-0.0
2025-08-12 15:00:00+00:00,-0.0
2025-08-12 16:00:00+00:00,-0.0
2025-08-12 17:00:00+00:00,-0.0
2025-08-12 18:00:00+00:00,-0.0
2025-08-12 19:00:00+00:00,-0.0
2025-08-12 20:00:00+00:00,-0.0
2025-08-12 21:00:00+00:00,-0.0
2025-08-12 22:00:00+00:00,-0.0
2025-08-12 23:00:00+00:00,-0.0
2025-08-13 00:00:00+00:00,-0.0
2025-08-13 01:00:00+00:00,-0.0
2025-08-13 02:00:00+00:00,-0.0
2025-08-13 03:00:00+00:00,-0.0
2025-08-13 04:00:00+00:00,-0.0
2025-08-13 05:00:00+00:00,-0.0
2025-08-13 06:00:00+00:00,-0.0
2025-08-13 07:00:00+00:00,-0.0
2025-08-13 08:00:00+00:00,-0.0
2025-08-13 09:00:00+00:00,-0.0
2025-08-13 10:00:00+00:00,-0.0
2025-08-13 11:00:00+00:00,-0.0
2025-08-13 12:00:00+00:00,-0.0
2025-08-13 13:00:00+00:00,-0.0
2025-08-13 14:00:00+00:00,-0.0
2025-08-13 15:00:00+00:00,-0.0
2025-08-13 16:00:00+00:00,-0.0
2025-08-13 17:00:00+00:00,-0.0
2025-08-13 18:00:00+00:00,-0.0
2025-08-13 19:00:00+00:00,-0.0
2025-08-13 20:00:00+00:00,-0.0
2025-08-13 21:00:00+00:00,-0.0
2025-08-13 22:00:00+00:00,-0.0
2025-08-13 23:00:00+00:00,-0.0
2025-08-14 00:00:00+00:00,-0.0
2025-08-14 01:00:00+00:00,-0.0
2025-08-14 02:00:00+00:00,-0.0
2025-08-14 03:00:00+00:00,-0.0
2025-08-14 04:00:00+00:00,-0.0
2025-08-14 05:00:00+00:00,-0.0
2025-08-14 06:00:00+00:00,-0.0
2025-08-14 07:00:00+00:00,-0.0
2025-08-14 08:00:00+00:00,-0.0
2025-08-14 09:00:00+00:00,-0.0
2025-08-14 10:00:00+00:00,-0.0
2025-08-14 11:00:00+00:00,-0.0
2025-08-14 12:00:00+00:00,0.03976306387158221
2025-08-14 13:00:00+00:00,-0.0
2025-08-14 14:00:00+00:00,-0.0
2025-08-14 15:00:00+00:00,-0.0
2025-08-14 16:00:00+00:00,-0.0
2025-08-14 17:00:00+00:00,-0.0
2025-08-14 18:00:00+00:00,-0.0
2025-08-14 19:00:00+00:00,-0.0
2025-08-14 20:00:00+00:00,-0.0
2025-08-14 21:00:00+00:00,-0.0
2025-08-14 22:00:00+00:00,-0.0
2025-08-14 23:00:00+00:00,-0.0
2025-08-15 00:00:00+00:00,-0.0
2025-08-15 01:00:00+00:00,-0.0
2025-08-15 02:00:00+00:00,-0.0
2025-08-15 03:00:00+00:00,-0.0
2025-08-15 04:00:00+00:00,-0.0
2025-08-15 05:00:00+00:00,-0.0
2025-08-15 06:00:00+00:00,-0.0
2025-08-15 07:00:00+00:00,-0.0
2025-08-15 08:00:00+00:00,-0.0
2025-08-15 09:00:00+00:00,-0.0
2025-08-15 10:00:00+00:00,-0.0
2025-08-15 11:00:00+00:00,-0.0
2025-08-15 12:00:00+00:00,-0.0
2025-08-15 13:00:00+00:00,-0.0
2025-08-15 14:00:00+00:00,-0.0
2025-08-15 15:00:00+00:00,-0.0
2025-08-15 16:00:00+00:00,-0.0
2025-08-15 17:00:00+00:00,-0.0
2025-08-15 18:00:00+00:00,-0.0
2025-08-15 19:00:00+00:00,-0.0
2025-08-15 20:00:00+00:00,-0.0
2025-08-15 21:00:00+00:00,-0.0
2025-08-15 22:00:00+00:00,-0.0
2025-08-15 23:00:00+00:00,-0.0
2025-08-16 00:00:00+00:00,-0.0
2025-08-16 01:00:00+00:00,-0.0
2025-08-16 02:00:00+00:00,-0.0
2025-08-16 03:00:00+00:00,-0.0
2025-08-16 04:00:00+00:00,-0.0
2025-08-16 05:00:00+00:00,-0.0
2025-08-16 06:00:00+00:00,-0.0
2025-08-16 07:00:00+00:00,-0.0
2025-08-16 08:00:00+00:00,-0.0
2025-08-16 09:00:00+00:00,-0.0
2025-08-16 10:00:00+00:00,-0.0
2025-08-16 11:00:00+00:00,-0.0
2025-08-16 12:00:00+00:00,-0.0
2025-08-16 13:00:00+00:00,-0.0
2025-08-16 14:00:00+00:00,-0.0
2025-08-16 15:00:00+00:00,-0.0
2025-08-16 16:00:00+00:00,-0.0
2025-08-16 17:00:00+00:00,-0.0
2025-08-16 18:00:00+00:00,-0.0
2025-08-16 19:00:00+00:00,-0.0
2025-08-16 20:00:00+00:00,-0.0
2025-08-16 21:00:00+00:00,-0.0
2025-08-16 22:00:00+00:00,-0.0
2025-08-16 23:00:00+00:00,-0.0
2025-08-17 00:00:00+00:00,-0.0
2025-08-17 01:00:00+00:00,-0.0
2025-08-17 02:00:00+00:00,-0.0
2025-08-17 03:00:00+00:00,-0.0
2025-08-17 04:00:00+00:00,-0.0
2025-08-17 05:00:00+00:00,-0.0
2025-08-17 06:00:00+00:00,-0.0
2025-08-17 07:00:00+00:00,-0.0
2025-08-17 08:00:00+00:00,-0.0
2025-08-17 09:00:00+00:00,-0.0
2025-08-17 10:00:00+00:00,-0.0
2025-08-17 11:00:00+00:00,-0.0
2025-08-17 12:00:00+00:00,-0.0
2025-08-17 13:00:00+00:00,-0.0
2025-08-17 14:00:00+00:00,-0.0
2025-08-17 15:00:00+00:00,-0.0
2025-08-17 16:00:00+00:00,-0.0
2025-08-17 17:00:00+00:00,-0.0
2025-08-17 18:00:00+00:00,0.008548365087495754
2025-08-17 19:00:00+00:00,-0.0
2025-08-17 20:00:00+00:00,-0.0
2025-08-17 21:00:00+00:00,-0.0
2025-08-17 22:00:00+00:00,-0.0
2025-08-17 23:00:00+00:00,-0.0
2025-08-18 00:00:00+00:00,-0.0
2025-08-18 01:00:00+00:00,0.026412212799906534
2025-08-18 02:00:00+00:00,-0.0
2025-08-18 03:00:00+00:00,-0.0
2025-08-18 04:00:00+00:00,-0.0
2025-08-18 05:00:00+00:00,-0.0
2025-08-18 06:00:00+00:00,-0.0
2025-08-18 07:00:00+00:00,-0.0
2025-08-18 08:00:00+00:00,-0.0
2025-08-18 09:00:00+00:00,-0.0
2025-08-18 10:00:00+00:00,-0.0
2025-08-18 11:00:00+00:00,-0.0
2025-08-18 12:00:00+00:00,-0.0
2025-08-18 13:00:00+00:00,-0.0
2025-08-18 14:00:00+00:00,-0.0
2025-08-18 15:00:00+00:00,-0.0
2025-08-18 16:00:00+00:00,-0.0
2025-08-18 17:00:00+00:00,-0.0
2025-08-18 18:00:00+00:00,-0.0
2025-08-18 19:00:00+00:00,-0.0
2025-08-18 20:00:00+00:00,-0.0
2025-08-18 21:00:00+00:00,-0.0
2025-08-18 22:00:00+00:00,-0.0
2025-08-18 23:00:00+00:00,-0.0
2025-08-19 00:00:00+00:00,-0.0
2025-08-19 01:00:00+00:00,-0.0
2025-08-19 02:00:00+00:00,-0.0
2025-08-19 03:00:00+00:00,-0.0
2025-08-19 04:00:00+00:00,-0.0
2025-08-19 05:00:00+00:00,-0.0
2025-08-19 06:00:00+00:00,-0.0
2025-08-19 07:00:00+00:00,-0.0
2025-08-19 08:00:00+00:00,-0.0
2025-08-19 09:00:00+00:00,-0.0
2025-08-19 10:00:00+00:00,-0.0
2025-08-19 11:00:00+00:00,-0.0
2025-08-19 12:00:00+00:00,-0.0
2025-08-19 13:00:00+00:00,-0.0
2025-08-19 14:00:00+00:00,-0.0
2025-08-19 15:00:00+00:00,-0.0
2025-08-19 16:00:00+00:00,-0.0
2025-08-19 17:00:00+00:00,-0.0
2025-08-19 18:00:00+00:00,-0.0
2025-08-19 19:00:00+00:00,-0.0
2025-08-19 20:00:00+00:00,-0.0
2025-08-19 21:00:00+00:00,-0.0
2025-08-19 22:00:00+00:00,-0.0
2025-08-19 23:00:00+00:00,-0.0
2025-08-20 00:00:00+00:00,-0.0
2025-08-20 01:00:00+00:00,-0.0
2025-08-20 02:00:00+00:00,-0.0
2025-08-20 03:00:00+00:00,-0.0
2025-08-20 04:00:00+00:00,-0.0
2025-08-20 05:00:00+00:00,-0.0
2025-08-20 06:00:00+00:00,-0.0
2025-08-20 07:00:00+00:00,-0.0
2025-08-20 08:00:00+00:00,-0.0
2025-08-20 09:00:00+00:00,-0.0
2025-08-20 10:00:00+00:00,-0.0
2025-08-20 11:00:00+00:00,-0.0
2025-08-20 12:00:00+00:00,-0.0
2025-08-20 13:00:00+00:00,0.019260281838665867
2025-08-20 14:00:00+00:00,-0.0
2025-08-20 15:00:00+00:00,-0.0
2025-08-20 16:00:00+00:00,-0.0
2025-08-20 17:00:00+00:00,-0.0
2025-08-20 18:00:00+00:00,-0.0
2025-08-20 19:00:00+00:00,-0.0
2025-08-20 20:00:00+00:00,-0.0
2025-08-20 21:00:00+00:00,-0.0
2025-08-20 22:00:00+00:00,-0.0
2025-08-20 23:00:00+00:00,-0.0
2025-08-21 00:00:00+00:00,-0.0
2025-08-21 01:00:00+00:00,-0.0
2025-08-21 02:00:00+00:00,-0.0
2025-08-21 03:00:00+00:00,-0.0
2025-08-21 04:00:00+00:00,-0.0
2025-08-21 05:00:00+00:00,-0.0
2025-08-21 06:00:00+00:00,-0.0
2025-08-21 07:00:00+00:00,-0.0
2025-08-21 08:00:00+00:00,-0.0
2025-08-21 09:00:00+00:00,-0.0
2025-08-21 10:00:00+00:00,-0.0
2025-08-21 11:00:00+00:00,-0.0
2025-08-21 12:00:00+00:00,-0.0
2025-08-21 13:00:00+00:00,-0.0
2025-08-21 14:00:00+00:00,-0.0
2025-08-21 15:00:00+00:00,-0.0
2025-08-21 16:00:00+00:00,-0.0
2025-08-21 17:00:00+00:00,-0.0
2025-08-21 18:00:00+00:00,-0.0
2025-08-21 19:00:00+00:00,-0.0
2025-08-21 20:00:00+00:00,-0.0
2025-08-21 21:00:00+00:00,-0.0
2025-08-21 22:00:00+00:00,-0.0
2025-08-21 23:00:00+00:00,-0.0
2025-08-22 00:00:00+00:00,-0.0
2025-08-22 01:00:00+00:00,-0.0
2025-08-22 02:00:00+00:00,-0.0
2025-08-22 03:00:00+00:00,-0.0
2025-08-22 04:00:00+00:00,-0.0
2025-08-22 05:00:00+00:00,-0.0
2025-08-22 06:00:00+00:00,-0.0
2025-08-22 07:00:00+00:00,-0.0
2025-08-22 08:00:00+00:00,-0.0
2025-08-22 09:00:00+00:00,-0.0
2025-08-22 10:00:00+00:00,-0.0
2025-08-22 11:00:00+00:00,-0.0
2025-08-22 12:00:00+00:00,0.014132836873690031
2025-08-22 13:00:00+00:00,-0.0
2025-08-22 14:00:00+00:00,-0.0
2025-08-22 15:00:00+00:00,-0.0
2025-08-22 16:00:00+00:00,-0.0
2025-08-22 17:00:00+00:00,-0.0
2025-08-22 18:00:00+00:00,-0.0
2025-08-22 19:00:00+00:00,-0.0
2025-08-22 20:00:00+00:00,-0.0
2025-08-22 21:00:00+00:00,-0.0
2025-08-22 22:00:00+00:00,-0.0
2025-08-22 23:00:00+00:00,-0.0
2025-08-23 00:00:00+00:00,-0.0
2025-08-23 01:00:00+00:00,-0.0
2025-08-23 02:00:00+00:00,0.0239661318304546
2025-08-23 03:00:00+00:00,-0.0
2025-08-23 04:00:00+00:00,-0.0
2025-08-23 05:00:00+00:00,-0.0
2025-08-23 06:00:00+00:00,-0.0
2025-08-23 07:00:00+00:00,-0.0
2025-08-23 08:00:00+00:00,-0.0
2025-08-23 09:00:00+00:00,-0.0
2025-08-23 10:00:00+00:00,-0.0
2025-08-23 11:00:00+00:00,-0.0
2025-08-23 12:00:00+00:00,-0.0
2025-08-23 13:00:00+00:00,-0.0
2025-08-23 14:00:00+00:00,-0.0
2025-08-23 15:00:00+00:00,-0.0
2025-08-23 16:00:00+00:00,-0.0
2025-08-23 17:00:00+00:00,-0.0
2025-08-23 18:00:00+00:00,-0.0
2025-08-23 19:00:00+00:00,-0.0
2025-08-23 20:00:00+00:00,-0.0
2025-08-23 21:00:00+00:00,-0.0
2025-08-23 22:00:00+00:00,-0.0
2025-08-23 23:00:00+00:00,-0.0
2025-08-24 00:00:00+00:00,-0.0
2025-08-24 01:00:00+00:00,-0.0
2025-08-24 02:00:00+00:00,-0.0
2025-08-24 03:00:00+00:00,-0.0
2025-08-24 04:00:00+00:00,-0.0
2025-08-24 05:00:00+00:00,-0.0
2025-08-24 06:00:00+00:00,-0.0
2025-08-24 07:00:00+00:00,-0.0
2025-08-24 08:00:00+00:00,-0.0
2025-08-24 09:00:00+00:00,-0.0
2025-08-24 10:00:00+00:00,-0.0
2025-08-24 11:00:00+00:00,-0.0
2025-08-24 12:00:00+00:00,-0.0
2025-08-24 13:00:00+00:00,-0.0
2025-08-24 14:00:00+00:00,-0.0
2025-08-24 15:00:00+00:00,-0.0
2025-08-24 16:00:00+00:00,-0.0
2025-08-24 17:00:00+00:00,-0.0
2025-08-24 18:00:00+00:00,-0.0
2025-08-24 19:00:00+00:00,-0.0
2025-08-24 20:00:00+00:00,-0.0
2025-08-24 21:00:00+00:00,-0.0
2025-08-24 22:00:00+00:00,-0.0
2025-08-24 23:00:00+00:00,-0.0
2025-08-25 00:00:00+00:00,-0.0
2025-08-25 01:00:00+00:00,-0.0
2025-08-25 02:00:00+00:00,-0.0
2025-08-25 03:00:00+00:00,-0.0
2025-08-25 04:00:00+00:00,-0.0
2025-08-25 05:00:00+00:00,-0.0
2025-08-25 06:00:00+00:00,-0.0
2025-08-25 07:00:00+00:00,0.036273813835240726
2025-08-25 08:00:00+00:00,-0.0
2025-08-25 09:00:00+00:00,-0.0
2025-08-25 10:00:00+00:00,-0.0
2025-08-25 11:00:00+00:00,-0.0
2025-08-25 12:00:00+00:00,-0.0
2025-08-25 13:00:00+00:00,-0.0
2025-08-25 14:00:00+00:00,-0.0
2025-08-25 15:00:00+00:00,-0.0
2025-08-25 16:00:00+00:00,-0.0
2025-08-25 17:00:00+00:00,-0.0
2025-08-25 18:00:00+00:00,-0.0
2025-08-25 19:00:00+00:00,-0.0
2025-08-25 20:00:00+00:00,-0.0
2025-08-25 21:00:00+00:00,-0.0
2025-08-25 22:00:00+00:00,-0.0
2025-08-25 23:00:00+00:00,-0.0
2025-08-26 00:00:00+00:00,-0.0
2025-08-26 01:00:00+00:00,-0.0
2025-08-26 02:00:00+00:00,-0.0
2025-08-26 03:00:00+00:00,-0.0
2025-08-26 04:00:00+00:00,-0.0
2025-08-26 05:00:00+00:00,-0.0
2025-08-26 06:00:00+00:00,-0.0
2025-08-26 07:00:00+00:00,-0.0
2025-08-26 08:00:00+00:00,-0.0
2025-08-26 09:00:00+00:00,-0.0
2025-08-26 10:00:00+00:00,-0.0
2025-08-26 11:00:00+00:00,-0.0
2025-08-26 12:00:00+00:00,-0.0
2025-08-26 13:00:00+00:00,-0.0
2025-08-26 14:00:00+00:00,-0.0
2025-08-26 15:00:00+00:00,-0.0
2025-08-26 16:00:00+00:00,-0.0
2025-08-26 17:00:00+00:00,-0.0
2025-08-26 18:00:00+00:00,-0.0
2025-08-26 19:00:00+00:00,-0.0
2025-08-26 20:00:00+00:00,-0.0
2025-08-26 21:00:00+00:00,-0.0
2025-08-26 22:00:00+00:00,-0.0
2025-08-26 23:00:00+00:00,-0.0
2025-08-27 00:00:00+00:00,-0.0
2025-08-27 01:00:00+00:00,-0.0
2025-08-27 02:00:00+00:00,-0.0
2025-08-27 03:00:00+00:00,-0.0
2025-08-27 04:00:00+00:00,-0.0
2025-08-27 05:00:00+00:00,-0.0
2025-08-27 06:00:00+00:00,-0.0
2025-08-27 07:00:00+00:00,-0.0
2025-08-27 08:00:00+00:00,-0.0
2025-08-27 09:00:00+00:00,-0.0
2025-08-27 10:00:00+00:00,-0.0
2025-08-27 11:00:00+00:00,-0.0
2025-08-27 12:00:00+00:00,-0.0
2025-08-27 13:00:00+00:00,-0.0
2025-08-27 14:00:00+00:00,-0.0
2025-08-27 15:00:00+00:00,-0.0
2025-08-27 16:00:00+00:00,-0.0
2025-08-27 17:00:00+00:00,-0.0
2025-08-27 18:00:00+00:00,-0.0
2025-08-27 19:00:00+00:00,-0.0
2025-08-27 20:00:00+00:00,-0.0
2025-08-27 21:00:00+00:00,-0.0
2025-08-27 22:00:00+00:00,-0.0
2025-08-27 23:00:00+00:00,-0.0
2025-08-28 00:00:00+00:00,-0.0
2025-08-28 01:00:00+00:00,-0.0
2025-08-28 02:00:00+00:00,-0.0
2025-08-28 03:00:00+00:00,-0.0
2025-08-28 04:00:00+00:00,-0.0
2025-08-28 05:00:00+00:00,-0.0
2025-08-28 06:00:00+00:00,-0.0
2025-08-28 07:00:00+00:00,-0.0
2025-08-28 08:00:00+00:00,-0.0
2025-08-28 09:00:00+00:00,-0.0
2025-08-28 10:00:00+00:00,-0.0
2025-08-28 11:00:00+00:00,-0.0
2025-08-28 12:00:00+00:00,-0.0
2025-08-28 13:00:00+00:00,-0.0
2025-08-28 14:00:00+00:00,-0.0
2025-08-28 15:00:00+00:00,-0.0
2025-08-28 16:00:00+00:00,-0.0
2025-08-28 17:00:00+00:00,-0.0
2025-08-28 18:00:00+00:00,-0.0
2025-08-28 19:00:00+00:00,-0.0
2025-08-28 20:00:00+00:00,-0.0
2025-08-28 21:00:00+00:00,-0.0
2025-08-28 22:00:00+00:00,-0.0
2025-08-28 23:00:00+00:00,-0.0
2025-08-29 00:00:00+00:00,-0.0
2025-08-29 01:00:00+00:00,-0.0
2025-08-29 02:00:00+00:00,-0.0
2025-08-29 03:00:00+00:00,-0.0
2025-08-29 04:00:00+00:00,-0.0
2025-08-29 05:00:00+00:00,-0.0
2025-08-29 06:00:00+00:00,-0.0
2025-08-29 07:00:00+00:00,0.03160962691671878
2025-08-29 08:00:00+00:00,-0.0
2025-08-29 09:00:00+00:00,-0.0
2025-08-29 10:00:00+00:00,-0.0
2025-08-29 11:00:00+00:00,-0.0
2025-08-29 12:00:00+00:00,-0.0
2025-08-29 13:00:00+00:00,-0.0
2025-08-29 14:00:00+00:00,-0.0
2025-08-29 15:00:00+00:00,-0.0
2025-08-29 16:00:00+00:00,-0.0
2025-08-29 17:00:00+00:00,-0.0
2025-08-29 18:00:00+00:00,-0.0
2025-08-29 19:00:00+00:00,-0.0
2025-08-29 20:00:00+00:00,-0.0
2025-08-29 21:00:00+00:00,-0.0
2025-08-29 22:00:00+00:00,-0.0
2025-08-29 23:00:00+00:00,-0.0
2025-08-30 00:00:00+00:00,-0.0
2025-08-30 01:00:00+00:00,-0.0
2025-08-30 02:00:00+00:00,-0.0
2025-08-30 03:00:00+00:00,-0.0
2025-08-30 04:00:00+00:00,-0.0
2025-08-30 05:00:00+00:00,-0.0
2025-08-30 06:00:00+00:00,-0.0
2025-08-30 07:00:00+00:00,-0.0
2025-08-30 08:00:00+00:00,-0.0
2025-08-30 09:00:00+00:00,-0.0
2025-08-30 10:00:00+00:00,-0.0
2025-08-30 11:00:00+00:00,-0.0
2025-08-30 12:00:00+00:00,-0.0
2025-08-30 13:00:00+00:00,-0.0
2025-08-30 14:00:00+00:00,-0.0
2025-08-30 15:00:00+00:00,-0.0
2025-08-30 16:00:00+00:00,-0.0
2025-08-30 17:00:00+00:00,-0.0
2025-08-30 18:00:00+00:00,-0.0
2025-08-30 19:00:00+00:00,-0.0
2025-08-30 20:00:00+00:00,-0.0
2025-08-30 21:00:00+00:00,-0.0
2025-08-30 22:00:00+00:00,-0.0
2025-08-30 23:00:00+00:00,-0.0
2025-08-31 00:00:00+00:00,-0.0
2025-08-31 01:00:00+00:00,-0.0
2025-08-31 02:00:00+00:00,-0.0
2025-08-31 03:00:00+00:00,-0.0
2025-08-31 04:00:00+00:00,-0.0
2025-08-31 05:00:00+00:00,-0.0
2025-08-31 06:00:00+00:00,-0.0
2025-08-31 07:00:00+00:00,-0.0
2025-08-31 08:00:00+00:00,-0.0
2025-08-31 09:00:00+00:00,-0.0
2025-08-31 10:00:00+00:00,-0.0
2025-08-31 11:00:00+00:00,-0.0
2025-08-31 12:00:00+00:00,-0.0
2025-08-31 13:00:00+00:00,-0.0
2025-08-31 14:00:00+00:00,-0.0
2025-08-31 15:00:00+00:00,-0.0
2025-08-31 16:00:00+00:00,-0.0
2025-08-31 17:00:00+00:00,-0.0
2025-08-31 18:00:00+00:00,-0.0
2025-08-31 19:00:00+00:00,-0.0
2025-08-31 20:00:00+00:00,-0.0
2025-08-31 21:00:00+00:00,-0.0
2025-08-31 22:00:00+00:00,-0.0
2025-08-31 23:00:00+00:00,-0.0
2025-09-01 00:00:00+00:00,-0.0
2025-09-01 01:00:00+00:00,-0.0
2025-09-01 02:00:00+00:00,-0.0
2025-09-01 03:00:00+00:00,-0.0
2025-09-01 04:00:00+00:00,-0.0
2025-09-01 05:00:00+00:00,-0.0
2025-09-01 06:00:00+00:00,-0.0
2025-09-01 07:00:00+00:00,-0.0
2025-09-01 08:00:00+00:00,-0.0
2025-09-01 09:00:00+00:00,-0.0
2025-09-01 10:00:00+00:00,-0.0
2025-09-01 11:00:00+00:00,-0.0
2025-09-01 12:00:00+00:00,-0.0
2025-09-01 13:00:00+00:00,-0.0
2025-09-01 14:00:00+00:00,-0.0
2025-09-01 15:00:00+00:00,-0.0
2025-09-01 16:00:00+00:00,-0.0
2025-09-01 17:00:00+00:00,-0.0
2025-09-01 18:00:00+00:00,-0.0
2025-09-01 19:00:00+00:00,-0.0
2025-09-01 20:00:00+00:00,-0.0
2025-09-01 21:00:00+00:00,-0.0
2025-09-01 22:00:00+00:00,-0.0
2025-09-01 23:00:00+00:00,-0.0
2025-09-02 00:00:00+00:00,-0.0
2025-09-02 01:00:00+00:00,-0.0
2025-09-02 02:00:00+00:00,-0.0
2025-09-02 03:00:00+00:00,-0.0
2025-09-02 04:00:00+00:00,-0.0
2025-09-02 05:00:00+00:00,-0.0
2025-09-02 06:00:00+00:00,-0.0
2025-09-02 07:00:00+00:00,-0.0
2025-09-02 08:00:00+00:00,-0.0
2025-09-02 09:00:00+00:00,-0.0
2025-09-02 10:00:00+00:00,-0.0
2025-09-02 11:00:00+00:00,-0.0
2025-09-02 12:00:00+00:00,-0.0
2025-09-02 13:00:00+00:00,-0.0
2025-09-02 14:00:00+00:00,-0.0
2025-09-02 15:00:00+00:00,-0.0
2025-09-02 16:00:00+00:00,-0.0
2025-09-02 17:00:00+00:00,-0.0
2025-09-02 18:00:00+00:00,-0.0
2025-09-02 19:00:00+00:00,-0.0
2025-09-02 20:00:00+00:00,-0.0
2025-09-02 21:00:00+00:00,-0.0
2025-09-02 22:00:00+00:00,-0.0
2025-09-02 23:00:00+00:00,-0.0
2025-09-03 00:00:00+00:00,-0.0
2025-09-03 01:00:00+00:00,-0.0
2025-09-03 02:00:00+00:00,-0.0
2025-09-03 03:00:00+00:00,-0.0
2025-09-03 04:00:00+00:00,-0.0
2025-09-03 05:00:00+00:00,-0.0
2025-09-03 06:00:00+00:00,-0.0
2025-09-03 07:00:00+00:00,-0.0
2025-09-03 08:00:00+00:00,-0.0
2025-09-03 09:00:00+00:00,-0.0
2025-09-03 10:00:00+00:00,-0.0
2025-09-03 11:00:00+00:00,-0.0
2025-09-03 12:00:00+00:00,-0.0
2025-09-03 13:00:00+00:00,-0.0
2025-09-03 14:00:00+00:00,-0.0
2025-09-03 15:00:00+00:00,-0.0
2025-09-03 16:00:00+00:00,-0.0
2025-09-03 17:00:00+00:00,-0.0
2025-09-03 18:00:00+00:00,-0.0
2025-09-03 19:00:00+00:00,-0.0
2025-09-03 20:00:00+00:00,-0.0
2025-09-03 21:00:00+00:00,-0.0
2025-09-03 22:00:00+00:00,-0.0
2025-09-03 23:00:00+00:00,-0.0
2025-09-04 00:00:00+00:00,-0.0
2025-09-04 01:00:00+00:00,-0.0
2025-09-04 02:00:00+00:00,-0.0
2025-09-04 03:00:00+00:00,-0.0
2025-09-04 04:00:00+00:00,-0.0
2025-09-04 05:00:00+00:00,-0.0
2025-09-04 06:00:00+00:00,-0.0
2025-09-04 07:00:00+00:00,-0.0
2025-09-04 08:00:00+00:00,-0.0
2025-09-04 09:00:00+00:00,-0.0
2025-09-04 10:00:00+00:00,-0.0
2025-09-04 11:00:00+00:00,-0.0
2025-09-04 12:00:00+00:00,-0.0
2025-09-04 13:00:00+00:00,-0.0
2025-09-04 14:00:00+00:00,-0.0
2025-09-04 15:00:00+00:00,-0.0
2025-09-04 16:00:00+00:00,-0.0
2025-09-04 17:00:00+00:00,-0.0
2025-09-04 18:00:00+00:00,-0.0
2025-09-04 19:00:00+00:00,-0.0
2025-09-04 20:00:00+00:00,-0.0
2025-09-04 21:00:00+00:00,-0.0
2025-09-04 22:00:00+00:00,-0.0
2025-09-04 23:00:00+00:00,-0.0
2025-09-05 00:00:00+00:00,-0.0
2025-09-05 01:00:00+00:00,-0.0
2025-09-05 02:00:00+00:00,-0.0
2025-09-05 03:00:00+00:00,-0.0
2025-09-05 04:00:00+00:00,-0.0
2025-09-05 05:00:00+00:00,-0.0
2025-09-05 06:00:00+00:00,-0.0
2025-09-05 07:00:00+00:00,-0.0
2025-09-05 08:00:00+00:00,-0.0
2025-09-05 09:00:00+00:00,-0.0
2025-09-05 10:00:00+00:00,-0.0
2025-09-05 11:00:00+00:00,-0.0
2025-09-05 12:00:00+00:00,-0.0
2025-09-05 13:00:00+00:00,-0.0
2025-09-05 14:00:00+00:00,-0.0
2025-09-05 15:00:00+00:00,-0.0
2025-09-05 16:00:00+00:00,-0.0
2025-09-05 17:00:00+00:00,-0.0
2025-09-05 18:00:00+00:00,-0.0
2025-09-05 19:00:00+00:00,-0.0
2025-09-05 20:00:00+00:00,-0.0
2025-09-05 21:00:00+00:00,-0.0
2025-09-05 22:00:00+00:00,-0.0
2025-09-05 23:00:00+00:00,-0.0
2025-09-06 00:00:00+00:00,-0.0
2025-09-06 01:00:00+00:00,-0.0
2025-09-06 02:00:00+00:00,-0.0
2025-09-06 03:00:00+00:00,-0.0
2025-09-06 04:00:00+00:00,-0.0
2025-09-06 05:00:00+00:00,-0.0
2025-09-06 06:00:00+00:00,-0.0
2025-09-06 07:00:00+00:00,-0.0
2025-09-06 08:00:00+00:00,-0.0
2025-09-06 09:00:00+00:00,-0.0
2025-09-06 10:00:00+00:00,-0.0
2025-09-06 11:00:00+00:00,-0.0
2025-09-06 12:00:00+00:00,-0.0
2025-09-06 13:00:00+00:00,-0.0
2025-09-06 14:00:00+00:00,-0.0
2025-09-06 15:00:00+00:00,-0.0
2025-09-06 16:00:00+00:00,-0.0
2025-09-06 17:00:00+00:00,-0.0
2025-09-06 18:00:00+00:00,-0.0
2025-09-06 19:00:00+00:00,-0.0
2025-09-06 20:00:00+00:00,-0.0
2025-09-06 21:00:00+00:00,-0.0
2025-09-06 22:00:00+00:00,-0.0
2025-09-06 23:00:00+00:00,-0.0
2025-09-07 00:00:00+00:00,-0.0
2025-09-07 01:00:00+00:00,-0.0
2025-09-07 02:00:00+00:00,-0.0
2025-09-07 03:00:00+00:00,-0.0
2025-09-07 04:00:00+00:00,-0.0
2025-09-07 05:00:00+00:00,-0.0
2025-09-07 06:00:00+00:00,-0.0
2025-09-07 07:00:00+00:00,-0.0
2025-09-07 08:00:00+00:00,-0.0
2025-09-07 09:00:00+00:00,-0.0
2025-09-07 10:00:00+00:00,-0.0
2025-09-07 11:00:00+00:00,-0.0
2025-09-07 12:00:00+00:00,-0.0
2025-09-07 13:00:00+00:00,-0.0
2025-09-07 14:00:00+00:00,-0.0
2025-09-07 15:00:00+00:00,-0.0
2025-09-07 16:00:00+00:00,-0.0
2025-09-07 17:00:00+00:00,-0.0
2025-09-07 18:00:00+00:00,-0.0
2025-09-07 19:00:00+00:00,-0.0
2025-09-07 20:00:00+00:00,-0.0
2025-09-07 21:00:00+00:00,-0.0
2025-09-07 22:00:00+00:00,-0.0
2025-09-07 23:00:00+00:00,-0.0
2025-09-08 00:00:00+00:00,-0.0
2025-09-08 01:00:00+00:00,-0.0
2025-09-08 02:00:00+00:00,-0.0
2025-09-08 03:00:00+00:00,-0.0
2025-09-08 04:00:00+00:00,-0.0
2025-09-08 05:00:00+00:00,-0.0
2025-09-08 06:00:00+00:00,-0.0
2025-09-08 07:00:00+00:00,-0.0
2025-09-08 08:00:00+00:00,-0.0
2025-09-08 09:00:00+00:00,-0.0
2025-09-08 10:00:00+00:00,-0.0
2025-09-08 11:00:00+00:00,-0.0
2025-09-08 12:00:00+00:00,-0.0
2025-09-08 13:00:00+00:00,-0.0
2025-09-08 14:00:00+00:00,-0.0
2025-09-08 15:00:00+00:00,-0.0
2025-09-08 16:00:00+00:00,-0.0
2025-09-08 17:00:00+00:00,-0.0
2025-09-08 18:00:00+00:00,-0.0
2025-09-08 19:00:00+00:00,-0.0
2025-09-08 20:00:00+00:00,-0.0
2025-09-08 21:00:00+00:00,0.0050584894014346704
2025-09-08 22:00:00+00:00,-0.0
2025-09-08 23:00:00+00:00,-0.0
2025-09-09 00:00:00+00:00,-0.0
2025-09-09 01:00:00+00:00,-0.0
2025-09-09 02:00:00+00:00,-0.0
2025-09-09 03:00:00+00:00,-0.0
2025-09-09 04:00:00+00:00,-0.0
2025-09-09 05:00:00+00:00,-0.0
2025-09-09 06:00:00+00:00,-0.0
2025-09-09 07:00:00+00:00,-0.0
2025-09-09 08:00:00+00:00,-0.0
2025-09-09 09:00:00+00:00,-0.0
2025-09-09 10:00:00+00:00,-0.0
2025-09-09 11:00:00+00:00,-0.0
2025-09-09 12:00:00+00:00,-0.0
2025-09-09 13:00:00+00:00,-0.0
2025-09-09 14:00:00+00:00,-0.0
2025-09-09 15:00:00+00:00,-0.0
2025-09-09 16:00:00+00:00,-0.0
2025-09-09 17:00:00+00:00,-0.0
2025-09-09 18:00:00+00:00,-0.0
2025-09-09 19:00:00+00:00,-0.0
2025-09-09 20:00:00+00:00,-0.0
2025-09-09 21:00:00+00:00,-0.0
2025-09-09 22:00:00+00:00,-0.0
2025-09-09 23:00:00+00:00,-0.0
2025-09-10 00:00:00+00:00,-0.0
2025-09-10 01:00:00+00:00,-0.0
2025-09-10 02:00:00+00:00,-0.0
2025-09-10 03:00:00+00:00,-0.0
2025-09-10 04:00:00+00:00,-0.0
2025-09-10 05:00:00+00:00,-0.0
2025-09-10 06:00:00+00:00,-0.0
2025-09-10 07:00:00+00:00,-0.0
2025-09-10 08:00:00+00:00,-0.0
2025-09-10 09:00:00+00:00,-0.0
2025-09-10 10:00:00+00:00,-0.0
2025-09-10 11:00:00+00:00,-0.0
2025-09-10 12:00:00+00:00,-0.0
2025-09-10 13:00:00+00:00,-0.0
2025-09-10 14:00:00+00:00,-0.0
2025-09-10 15:00:00+00:00,-0.0
2025-09-10 16:00:00+00:00,-0.0
2025-09-10 17:00:00+00:00,-0.0
2025-09-10 18:00:00+00:00,-0.0
2025-09-10 19:00:00+00:00,-0.0
2025-09-10 20:00:00+00:00,-0.0
2025-09-10 21:00:00+00:00,-0.0
2025-09-10 22:00:00+00:00,-0.0
2025-09-10 23:00:00+00:00,-0.0
2025-09-11 00:00:00+00:00,-0.0
2025-09-11 01:00:00+00:00,-0.0
2025-09-11 02:00:00+00:00,-0.0
2025-09-11 03:00:00+00:00,-0.0
2025-09-11 04:00:00+00:00,-0.0
2025-09-11 05:00:00+00:00,-0.0
2025-09-11 06:00:00+00:00,-0.0
2025-09-11 07:00:00+00:00,-0.0
2025-09-11 08:00:00+00:00,-0.0
2025-09-11 09:00:00+00:00,-0.0
2025-09-11 10:00:00+00:00,-0.0
2025-09-11 11:00:00+00:00,-0.0
2025-09-11 12:00:00+00:00,-0.0
2025-09-11 13:00:00+00:00,-0.0
2025-09-11 14:00:00+00:00,-0.0
2025-09-11 15:00:00+00:00,-0.0
2025-09-11 16:00:00+00:00,-0.0
2025-09-11 17:00:00+00:00,-0.0
2025-09-11 18:00:00+00:00,-0.0
2025-09-11 19:00:00+00:00,-0.0
2025-09-11 20:00:00+00:00,-0.0
2025-09-11 21:00:00+00:00,-0.0
2025-09-11 22:00:00+00:00,-0.0
2025-09-11 23:00:00+00:00,-0.0
2025-09-12 00:00:00+00:00,-0.0
2025-09-12 01:00:00+00:00,-0.0
2025-09-12 02:00:00+00:00,-0.0
2025-09-12 03:00:00+00:00,-0.0
2025-09-12 04:00:00+00:00,-0.0
2025-09-12 05:00:00+00:00,-0.0
2025-09-12 06:00:00+00:00,-0.0
2025-09-12 07:00:00+00:00,-0.0
2025-09-12 08:00:00+00:00,-0.0
2025-09-12 09:00:00+00:00,-0.0
2025-09-12 10:00:00+00:00,-0.0
2025-09-12 11:00:00+00:00,-0.0
2025-09-12 12:00:00+00:00,-0.0
2025-09-12 13:00:00+00:00,-0.0
2025-09-12 14:00:00+00:00,-0.0
2025-09-12 15:00:00+00:00,-0.0
2025-09-12 16:00:00+00:00,-0.0
2025-09-12 17:00:00+00:00,-0.0
2025-09-12 18:00:00+00:00,-0.0
2025-09-12 19:00:00+00:00,-0.0
2025-09-12 20:00:00+00:00,-0.0
2025-09-12 21:00:00+00:00,-0.0
2025-09-12 22:00:00+00:00,-0.0
2025-09-12 23:00:00+00:00,-0.0
2025-09-13 00:00:00+00:00,-0.0
2025-09-13 01:00:00+00:00,-0.0
2025-09-13 02:00:00+00:00,-0.0
2025-09-13 03:00:00+00:00,-0.0
2025-09-13 04:00:00+00:00,-0.0
2025-09-13 05:00:00+00:00,-0.0
2025-09-13 06:00:00+00:00,-0.0
2025-09-13 07:00:00+00:00,-0.0
2025-09-13 08:00:00+00:00,-0.0
2025-09-13 09:00:00+00:00,-0.0
2025-09-13 10:00:00+00:00,-0.0
2025-09-13 11:00:00+00:00,-0.0
2025-09-13 12:00:00+00:00,-0.0
2025-09-13 13:00:00+00:00,0.0050766536896497206
2025-09-13 14:00:00+00:00,-0.0
2025-09-13 15:00:00+00:00,-0.0
2025-09-13 16:00:00+00:00,-0.0
2025-09-13 17:00:00+00:00,0.0024848914623220595
2025-09-13 18:00:00+00:00,-0.0
2025-09-13 19:00:00+00:00,-0.0
2025-09-13 20:00:00+00:00,-0.0
2025-09-13 21:00:00+00:00,-0.0
2025-09-13 22:00:00+00:00,-0.0
2025-09-13 23:00:00+00:00,-0.0
2025-09-14 00:00:00+00:00,-0.0
2025-09-14 01:00:00+00:00,-0.0
2025-09-14 02:00:00+00:00,-0.0
2025-09-14 03:00:00+00:00,-0.0
2025-09-14 04:00:00+00:00,-0.0
2025-09-14 05:00:00+00:00,-0.0
2025-09-14 06:00:00+00:00,-0.0
2025-09-14 07:00:00+00:00,-0.0
2025-09-14 08:00:00+00:00,-0.0
2025-09-14 09:00:00+00:00,-0.0
2025-09-14 10:00:00+00:00,-0.0
2025-09-14 11:00:00+00:00,-0.0
2025-09-14 12:00:00+00:00,-0.0
2025-09-14 13:00:00+00:00,-0.0
2025-09-14 14:00:00+00:00,-0.0
2025-09-14 15:00:00+00:00,-0.0
2025-09-14 16:00:00+00:00,-0.0
2025-09-14 17:00:00+00:00,-0.0
2025-09-14 18:00:00+00:00,-0.0
2025-09-14 19:00:00+00:00,-0.0
2025-09-14 20:00:00+00:00,-0.0
2025-09-14 21:00:00+00:00,-0.0
2025-09-14 22:00:00+00:00,-0.0
2025-09-14 23:00:00+00:00,-0.0
2025-09-15 00:00:00+00:00,-0.0
2025-09-15 01:00:00+00:00,-0.0
2025-09-15 02:00:00+00:00,-0.0
2025-09-15 03:00:00+00:00,-0.0
2025-09-15 04:00:00+00:00,-0.0
2025-09-15 05:00:00+00:00,-0.0
2025-09-15 06:00:00+00:00,-0.0
2025-09-15 07:00:00+00:00,-0.0
2025-09-15 08:00:00+00:00,-0.0
2025-09-15 09:00:00+00:00,-0.0
2025-09-15 10:00:00+00:00,-0.0
2025-09-15 11:00:00+00:00,-0.0
2025-09-15 12:00:00+00:00,-0.0
2025-09-15 13:00:00+00:00,-0.0
2025-09-15 14:00:00+00:00,-0.0
2025-09-15 15:00:00+00:00,-0.0
2025-09-15 16:00:00+00:00,-0.0
2025-09-15 17:00:00+00:00,-0.0
2025-09-15 18:00:00+00:00,-0.0
2025-09-15 19:00:00+00:00,-0.0
2025-09-15 20:00:00+00:00,-0.0
2025-09-15 21:00:00+00:00,-0.0
2025-09-15 22:00:00+00:00,-0.0
2025-09-15 23:00:00+00:00,-0.0
2025-09-16 00:00:00+00:00,-0.0
2025-09-16 01:00:00+00:00,-0.0
2025-09-16 02:00:00+00:00,-0.0
2025-09-16 03:00:00+00:00,-0.0
2025-09-16 04:00:00+00:00,-0.0
2025-09-16 05:00:00+00:00,-0.0
2025-09-16 06:00:00+00:00,-0.0
2025-09-16 07:00:00+00:00,-0.0
2025-09-16 08:00:00+00:00,-0.0
2025-09-16 09:00:00+00:00,-0.0
2025-09-16 10:00:00+00:00,-0.0
2025-09-16 11:00:00+00:00,-0.0
2025-09-16 12:00:00+00:00,-0.0
2025-09-16 13:00:00+00:00,-0.0
2025-09-16 14:00:00+00:00,-0.0
2025-09-16 15:00:00+00:00,-0.0
2025-09-16 16:00:00+00:00,-0.0
2025-09-16 17:00:00+00:00,-0.0
2025-09-16 18:00:00+00:00,-0.0
2025-09-16 19:00:00+00:00,-0.0
2025-09-16 20:00:00+00:00,-0.0
2025-09-16 21:00:00+00:00,-0.0
2025-09-16 22:00:00+00:00,-0.0
2025-09-16 23:00:00+00:00,-0.0
2025-09-17 00:00:00+00:00,-0.0
2025-09-17 01:00:00+00:00,-0.0
2025-09-17 02:00:00+00:00,-0.0
2025-09-17 03:00:00+00:00,-0.0
2025-09-17 04:00:00+00:00,-0.0
2025-09-17 05:00:00+00:00,-0.0
2025-09-17 06:00:00+00:00,-0.0
2025-09-17 07:00:00+00:00,-0.0
2025-09-17 08:00:00+00:00,-0.0
2025-09-17 09:00:00+00:00,-0.0
2025-09-17 10:00:00+00:00,-0.0
2025-09-17 11:00:00+00:00,-0.0
2025-09-17 12:00:00+00:00,-0.0
2025-09-17 13:00:00+00:00,-0.0
2025-09-17 14:00:00+00:00,-0.0
2025-09-17 15:00:00+00:00,-0.0
2025-09-17 16:00:00+00:00,0.009908401357529658
2025-09-17 17:00:00+00:00,-0.0
2025-09-17 18:00:00+00:00,-0.0
2025-09-17 19:00:00+00:00,-0.0
2025-09-17 20:00:00+00:00,-0.0
2025-09-17 21:00:00+00:00,-0.0
2025-09-17 22:00:00+00:00,-0.0
2025-09-17 23:00:00+00:00,-0.0
2025-09-18 00:00:00+00:00,-0.0
2025-09-18 01:00:00+00:00,-0.0
2025-09-18 02:00:00+00:00,-0.0
2025-09-18 03:00:00+00:00,-0.0
2025-09-18 04:00:00+00:00,-0.0
2025-09-18 05:00:00+00:00,-0.0
2025-09-18 06:00:00+00:00,-0.0
2025-09-18 07:00:00+00:00,-0.0
2025-09-18 08:00:00+00:00,-0.0
2025-09-18 09:00:00+00:00,-0.0
2025-09-18 10:00:00+00:00,-0.0
2025-09-18 11:00:00+00:00,-0.0
2025-09-18 12:00:00+00:00,-0.0
2025-09-18 13:00:00+00:00,-0.0
2025-09-18 14:00:00+00:00,-0.0
2025-09-18 15:00:00+00:00,-0.0
2025-09-18 16:00:00+00:00,-0.0
2025-09-18 17:00:00+00:00,-0.0
2025-09-18 18:00:00+00:00,-0.0
2025-09-18 19:00:00+00:00,-0.0
2025-09-18 20:00:00+00:00,-0.0
2025-09-18 21:00:00+00:00,-0.0
2025-09-18 22:00:00+00:00,-0.0
2025-09-18 23:00:00+00:00,-0.0
2025-09-19 00:00:00+00:00,-0.0
2025-09-19 01:00:00+00:00,-0.0
2025-09-19 02:00:00+00:00,-0.0
2025-09-19 03:00:00+00:00,-0.0
2025-09-19 04:00:00+00:00,-0.0
2025-09-19 05:00:00+00:00,-0.0
2025-09-19 06:00:00+00:00,-0.0
2025-09-19 07:00:00+00:00,-0.0
2025-09-19 08:00:00+00:00,-0.0
2025-09-19 09:00:00+00:00,-0.0
2025-09-19 10:00:00+00:00,-0.0
2025-09-19 11:00:00+00:00,-0.0
2025-09-19 12:00:00+00:00,-0.0
2025-09-19 13:00:00+00:00,-0.0
2025-09-19 14:00:00+00:00,-0.0
2025-09-19 15:00:00+00:00,-0.0
2025-09-19 16:00:00+00:00,-0.0
2025-09-19 17:00:00+00:00,-0.0
2025-09-19 18:00:00+00:00,-0.0
2025-09-19 19:00:00+00:00,-0.0
2025-09-19 20:00:00+00:00,-0.0
2025-09-19 21:00:00+00:00,-0.0
2025-09-19 22:00:00+00:00,-0.0
2025-09-19 23:00:00+00:00,-0.0
2025-09-20 00:00:00+00:00,-0.0
2025-09-20 01:00:00+00:00,-0.0
2025-09-20 02:00:00+00:00,-0.0
2025-09-20 03:00:00+00:00,-0.0
2025-09-20 04:00:00+00:00,-0.0
2025-09-20 05:00:00+00:00,-0.0
2025-09-20 06:00:00+00:00,-0.0
2025-09-20 07:00:00+00:00,-0.0
2025-09-20 08:00:00+00:00,-0.0
2025-09-20 09:00:00+00:00,-0.0
2025-09-20 10:00:00+00:00,-0.0
2025-09-20 11:00:00+00:00,-0.0
2025-09-20 12:00:00+00:00,-0.0
2025-09-20 13:00:00+00:00,-0.0
2025-09-20 14:00:00+00:00,-0.0
2025-09-20 15:00:00+00:00,-0.0
2025-09-20 16:00:00+00:00,-0.0
2025-09-20 17:00:00+00:00,-0.0
2025-09-20 18:00:00+00:00,-0.0
2025-09-20 19:00:00+00:00,-0.0
2025-09-20 20:00:00+00:00,-0.0
2025-09-20 21:00:00+00:00,-0.0
2025-09-20 22:00:00+00:00,-0.0
2025-09-20 23:00:00+00:00,-0.0
2025-09-21 00:00:00+00:00,-0.0
2025-09-21 01:00:00+00:00,-0.0
2025-09-21 02:00:00+00:00,-0.0
2025-09-21 03:00:00+00:00,-0.0
2025-09-21 04:00:00+00:00,-0.0
2025-09-21 05:00:00+00:00,-0.0
2025-09-21 06:00:00+00:00,-0.0
2025-09-21 07:00:00+00:00,-0.0
2025-09-21 08:00:00+00:00,-0.0
2025-09-21 09:00:00+00:00,0.00459595726664527
2025-09-21 10:00:00+00:00,-0.0
2025-09-21 11:00:00+00:00,-0.0
2025-09-21 12:00:00+00:00,-0.0
2025-09-21 13:00:00+00:00,-0.0
2025-09-21 14:00:00+00:00,-0.0
2025-09-21 15:00:00+00:00,-0.0
2025-09-21 16:00:00+00:00,-0.0
2025-09-21 17:00:00+00:00,-0.0
2025-09-21 18:00:00+00:00,-0.0
2025-09-21 19:00:00+00:00,-0.0
2025-09-21 20:00:00+00:00,-0.0
2025-09-21 21:00:00+00:00,-0.0
2025-09-21 22:00:00+00:00,-0.0
2025-09-21 23:00:00+00:00,-0.0
2025-09-22 00:00:00+00:00,-0.0
2025-09-22 01:00:00+00:00,-0.0
2025-09-22 02:00:00+00:00,-0.0
2025-09-22 03:00:00+00:00,-0.0
2025-09-22 04:00:00+00:00,-0.0
2025-09-22 05:00:00+00:00,-0.0
2025-09-22 06:00:00+00:00,-0.0
2025-09-22 07:00:00+00:00,-0.0
2025-09-22 08:00:00+00:00,-0.0
2025-09-22 09:00:00+00:00,-0.0
2025-09-22 10:00:00+00:00,-0.0
2025-09-22 11:00:00+00:00,-0.0
2025-09-22 12:00:00+00:00,-0.0
2025-09-22 13:00:00+00:00,-0.0
2025-09-22 14:00:00+00:00,-0.0
2025-09-22 15:00:00+00:00,-0.0
2025-09-22 16:00:00+00:00,-0.0
2025-09-22 17:00:00+00:00,-0.0
2025-09-22 18:00:00+00:00,-0.0
2025-09-22 19:00:00+00:00,-0.0
2025-09-22 20:00:00+00:00,-0.0
2025-09-22 21:00:00+00:00,-0.0
2025-09-22 22:00:00+00:00,-0.0
2025-09-22 23:00:00+00:00,-0.0
2025-09-23 00:00:00+00:00,-0.0
2025-09-23 01:00:00+00:00,-0.0
2025-09-23 02:00:00+00:00,-0.0
2025-09-23 03:00:00+00:00,-0.0
2025-09-23 04:00:00+00:00,-0.0
2025-09-23 05:00:00+00:00,-0.0
2025-09-23 06:00:00+00:00,-0.0
2025-09-23 07:00:00+00:00,-0.0
2025-09-23 08:00:00+00:00,-0.0
2025-09-23 09:00:00+00:00,-0.0
2025-09-23 10:00:00+00:00,-0.0
2025-09-23 11:00:00+00:00,-0.0
2025-09-23 12:00:00+00:00,-0.0
2025-09-23 13:00:00+00:00,-0.0
2025-09-23 14:00:00+00:00,-0.0
2025-09-23 15:00:00+00:00,-0.0
2025-09-23 16:00:00+00:00,-0.0
2025-09-23 17:00:00+00:00,-0.0
2025-09-23 18:00:00+00:00,-0.0
2025-09-23 19:00:00+00:00,-0.0
2025-09-23 20:00:00+00:00,-0.0
2025-09-23 21:00:00+00:00,-0.0
2025-09-23 22:00:00+00:00,-0.0
2025-09-23 23:00:00+00:00,0.017601232073395295
2025-09-24 00:00:00+00:00,-0.0
2025-09-24 01:00:00+00:00,-0.0
2025-09-24 02:00:00+00:00,-0.0
2025-09-24 03:00:00+00:00,-0.0
2025-09-24 04:00:00+00:00,-0.0
2025-09-24 05:00:00+00:00,-0.0
2025-09-24 06:00:00+00:00,-0.0
2025-09-24 07:00:00+00:00,-0.0
2025-09-24 08:00:00+00:00,-0.0
2025-09-24 09:00:00+00:00,-0.0
2025-09-24 10:00:00+00:00,-0.0
2025-09-24 11:00:00+00:00,-0.0
2025-09-24 12:00:00+00:00,-0.0
2025-09-24 13:00:00+00:00,-0.0
2025-09-24 14:00:00+00:00,-0.0
2025-09-24 15:00:00+00:00,-0.0
2025-09-24 16:00:00+00:00,-0.0
2025-09-24 17:00:00+00:00,-0.0
2025-09-24 18:00:00+00:00,-0.0
2025-09-24 19:00:00+00:00,-0.0
2025-09-24 20:00:00+00:00,-0.0
2025-09-24 21:00:00+00:00,-0.0
2025-09-24 22:00:00+00:00,-0.0
2025-09-24 23:00:00+00:00,-0.0
2025-09-25 00:00:00+00:00,-0.0
2025-09-25 01:00:00+00:00,-0.0
2025-09-25 02:00:00+00:00,-0.0
2025-09-25 03:00:00+00:00,-0.0
2025-09-25 04:00:00+00:00,-0.0
2025-09-25 05:00:00+00:00,-0.0
2025-09-25 06:00:00+00:00,-0.0
2025-09-25 07:00:00+00:00,-0.0
2025-09-25 08:00:00+00:00,-0.0
2025-09-25 09:00:00+00:00,-0.0
2025-09-25 10:00:00+00:00,-0.0
2025-09-25 11:00:00+00:00,-0.0
2025-09-25 12:00:00+00:00,-0.0
2025-09-25 13:00:00+00:00,-0.0
2025-09-25 14:00:00+00:00,-0.0
2025-09-25 15:00:00+00:00,-0.0
2025-09-25 16:00:00+00:00,-0.0
2025-09-25 17:00:00+00:00,-0.0
2025-09-25 18:00:00+00:00,-0.0
2025-09-25 19:00:00+00:00,-0.0
2025-09-25 20:00:00+00:00,-0.0
2025-09-25 21:00:00+00:00,-0.0
2025-09-25 22:00:00+00:00,-0.0
2025-09-25 23:00:00+00:00,-0.0
2025-09-26 00:00:00+00:00,-0.0
2025-09-26 01:00:00+00:00,-0.0
2025-09-26 02:00:00+00:00,-0.0
2025-09-26 03:00:00+00:00,-0.0
2025-09-26 04:00:00+00:00,-0.0
2025-09-26 05:00:00+00:00,-0.0
2025-09-26 06:00:00+00:00,-0.0
2025-09-26 07:00:00+00:00,-0.0
2025-09-26 08:00:00+00:00,-0.0
2025-09-26 09:00:00+00:00,-0.0
2025-09-26 10:00:00+00:00,-0.0
2025-09-26 11:00:00+00:00,-0.0
2025-09-26 12:00:00+00:00,-0.0
2025-09-26 13:00:00+00:00,-0.0
2025-09-26 14:00:00+00:00,-0.0
2025-09-26 15:00:00+00:00,-0.0
2025-09-26 16:00:00+00:00,-0.0
2025-09-26 17:00:00+00:00,-0.0
2025-09-26 18:00:00+00:00,-0.0
2025-09-26 19:00:00+00:00,-0.0
2025-09-26 20:00:00+00:00,-0.0
2025-09-26 21:00:00+00:00,-0.0
2025-09-26 22:00:00+00:00,-0.0
2025-09-26 23:00:00+00:00,-0.0
2025-09-27 00:00:00+00:00,-0.0
2025-09-27 01:00:00+00:00,-0.0
2025-09-27 02:00:00+00:00,-0.0
2025-09-27 03:00:00+00:00,-0.0
2025-09-27 04:00:00+00:00,-0.0
2025-09-27 05:00:00+00:00,-0.0
2025-09-27 06:00:00+00:00,-0.0
2025-09-27 07:00:00+00:00,-0.0
2025-09-27 08:00:00+00:00,-0.0
2025-09-27 09:00:00+00:00,-0.0
2025-09-27 10:00:00+00:00,-0.0
2025-09-27 11:00:00+00:00,-0.0
2025-09-27 12:00:00+00:00,-0.0
2025-09-27 13:00:00+00:00,-0.0
2025-09-27 14:00:00+00:00,-0.0
2025-09-27 15:00:00+00:00,-0.0
2025-09-27 16:00:00+00:00,-0.0
2025-09-27 17:00:00+00:00,-0.0
2025-09-27 18:00:00+00:00,-0.0
2025-09-27 19:00:00+00:00,-0.0
2025-09-27 20:00:00+00:00,-0.0
2025-09-27 21:00:00+00:00,-0.0
2025-09-27 22:00:00+00:00,-0.0
2025-09-27 23:00:00+00:00,-0.0
2025-09-28 00:00:00+00:00,-0.0
2025-09-28 01:00:00+00:00,-0.0
2025-09-28 02:00:00+00:00,-0.0
2025-09-28 03:00:00+00:00,-0.0
2025-09-28 04:00:00+00:00,-0.0
2025-09-28 05:00:00+00:00,-0.0
2025-09-28 06:00:00+00:00,-0.0
2025-09-28 07:00:00+00:00,-0.0
2025-09-28 08:00:00+00:00,-0.0
2025-09-28 09:00:00+00:00,-0.0
2025-09-28 10:00:00+00:00,-0.0
2025-09-28 11:00:00+00:00,-0.0
2025-09-28 12:00:00+00:00,-0.0
2025-09-28 13:00:00+00:00,-0.0
2025-09-28 14:00:00+00:00,-0.0
2025-09-28 15:00:00+00:00,-0.0
2025-09-28 16:00:00+00:00,-0.0
2025-09-28 17:00:00+00:00,-0.0
2025-09-28 18:00:00+00:00,-0.0
2025-09-28 19:00:00+00:00,-0.0
2025-09-28 20:00:00+00:00,-0.0
2025-09-28 21:00:00+00:00,-0.0
2025-09-28 22:00:00+00:00,-0.0
2025-09-28 23:00:00+00:00,-0.0
2025-09-29 00:00:00+00:00,-0.0
2025-09-29 01:00:00+00:00,-0.0
2025-09-29 02:00:00+00:00,-0.0
2025-09-29 03:00:00+00:00,-0.0
2025-09-29 04:00:00+00:00,-0.0
2025-09-29 05:00:00+00:00,-0.0
2025-09-29 06:00:00+00:00,-0.0
2025-09-29 07:00:00+00:00,-0.0
2025-09-29 08:00:00+00:00,-0.0
2025-09-29 09:00:00+00:00,-0.0
2025-09-29 10:00:00+00:00,-0.0
2025-09-29 11:00:00+00:00,-0.0
2025-09-29 12:00:00+00:00,-0.0
2025-09-29 13:00:00+00:00,-0.0
2025-09-29 14:00:00+00:00,-0.0
2025-09-29 15:00:00+00:00,-0.0
2025-09-29 16:00:00+00:00,-0.0
2025-09-29 17:00:00+00:00,-0.0
2025-09-29 18:00:00+00:00,-0.0
2025-09-29 19:00:00+00:00,-0.0
2025-09-29 20:00:00+00:00,-0.0
2025-09-29 21:00:00+00:00,-0.0
2025-09-29 22:00:00+00:00,-0.0
2025-09-29 23:00:00+00:00,-0.0
2025-09-30 00:00:00+00:00,-0.0
2025-09-30 01:00:00+00:00,-0.0
2025-09-30 02:00:00+00:00,-0.0
2025-09-30 03:00:00+00:00,-0.0
2025-09-30 04:00:00+00:00,-0.0
2025-09-30 05:00:00+00:00,-0.0
2025-09-30 06:00:00+00:00,-0.0
2025-09-30 07:00:00+00:00,-0.0
2025-09-30 08:00:00+00:00,-0.0
2025-09-30 09:00:00+00:00,-0.0
2025-09-30 10:00:00+00:00,-0.0
2025-09-30 11:00:00+00:00,-0.0
2025-09-30 12:00:00+00:00,-0.0
2025-09-30 13:00:00+00:00,-0.0
2025-09-30 14:00:00+00:00,-0.0
2025-09-30 15:00:00+00:00,0.011468896104931245
2025-09-30 16:00:00+00:00,-0.0
2025-09-30 17:00:00+00:00,-0.0
2025-09-30 18:00:00+00:00,-0.0
2025-09-30 19:00:00+00:00,-0.0
2025-09-30 20:00:00+00:00,-0.0
2025-09-30 21:00:00+00:00,-0.0
2025-09-30 22:00:00+00:00,-0.0
2025-09-30 23:00:00+00:00,-0.0
2025-10-01 00:00:00+00:00,-0.0
2025-10-01 01:00:00+00:00,-0.0
2025-10-01 02:00:00+00:00,-0.0
2025-10-01 03:00:00+00:00,-0.0
2025-10-01 04:00:00+00:00,-0.0
2025-10-01 05:00:00+00:00,-0.0
2025-10-01 06:00:00+00:00,-0.0
2025-10-01 07:00:00+00:00,-0.0
2025-10-01 08:00:00+00:00,-0.0
2025-10-01 09:00:00+00:00,-0.0
2025-10-01 10:00:00+00:00,-0.0
2025-10-01 11:00:00+00:00,-0.0
2025-10-01 12:00:00+00:00,-0.0
2025-10-01 13:00:00+00:00,-0.0
2025-10-01 14:00:00+00:00,-0.0
2025-10-01 15:00:00+00:00,-0.0
2025-10-01 16:00:00+00:00,-0.0
2025-10-01 17:00:00+00:00,-0.0
2025-10-01 18:00:00+00:00,-0.0
2025-10-01 19:00:00+00:00,-0.0
2025-10-01 20:00:00+00:00,-0.0
2025-10-01 21:00:00+00:00,-0.0
2025-10-01 22:00:00+00:00,-0.0
2025-10-01 23:00:00+00:00,-0.0
2025-10-02 00:00:00+00:00,-0.0
2025-10-02 01:00:00+00:00,-0.0
2025-10-02 02:00:00+00:00,-0.0
2025-10-02 03:00:00+00:00,-0.0
2025-10-02 04:00:00+00:00,-0.0
2025-10-02 05:00:00+00:00,-0.0
2025-10-02 06:00:00+00:00,-0.0
2025-10-02 07:00:00+00:00,-0.0
2025-10-02 08:00:00+00:00,-0.0
2025-10-02 09:00:00+00:00,-0.0
2025-10-02 10:00:00+00:00,-0.0
2025-10-02 11:00:00+00:00,-0.0
2025-10-02 12:00:00+00:00,-0.0
2025-10-02 13:00:00+00:00,-0.0
2025-10-02 14:00:00+00:00,-0.0
2025-10-02 15:00:00+00:00,-0.0
2025-10-02 16:00:00+00:00,-0.0
2025-10-02 17:00:00+00:00,-0.0
2025-10-02 18:00:00+00:00,-0.0
2025-10-02 19:00:00+00:00,-0.0
2025-10-02 20:00:00+00:00,-0.0
2025-10-02 21:00:00+00:00,-0.0
2025-10-02 22:00:00+00:00,-0.0
2025-10-02 23:00:00+00:00,-0.0
2025-10-03 00:00:00+00:00,-0.0
2025-10-03 01:00:00+00:00,-0.0
2025-10-03 02:00:00+00:00,-0.0
2025-10-03 03:00:00+00:00,-0.0
2025-10-03 04:00:00+00:00,-0.0
2025-10-03 05:00:00+00:00,-0.0
2025-10-03 06:00:00+00:00,-0.0
2025-10-03 07:00:00+00:00,-0.0
2025-10-03 08:00:00+00:00,-0.0
2025-10-03 09:00:00+00:00,-0.0
2025-10-03 10:00:00+00:00,-0.0
2025-10-03 11:00:00+00:00,-0.0
2025-10-03 12:00:00+00:00,-0.0
2025-10-03 13:00:00+00:00,-0.0
2025-10-03 14:00:00+00:00,-0.0
2025-10-03 15:00:00+00:00,-0.0
2025-10-03 16:00:00+00:00,-0.0
2025-10-03 17:00:00+00:00,-0.0
2025-10-03 18:00:00+00:00,-0.0
2025-10-03 19:00:00+00:00,-0.0
2025-10-03 20:00:00+00:00,-0.0
2025-10-03 21:00:00+00:00,-0.0
2025-10-03 22:00:00+00:00,-0.0
2025-10-03 23:00:00+00:00,-0.0
2025-10-04 00:00:00+00:00,-0.0
2025-10-04 01:00:00+00:00,-0.0
2025-10-04 02:00:00+00:00,-0.0
2025-10-04 03:00:00+00:00,-0.0
2025-10-04 04:00:00+00:00,-0.0
2025-10-04 05:00:00+00:00,-0.0
2025-10-04 06:00:00+00:00,-0.0
2025-10-04 07:00:00+00:00,-0.0
2025-10-04 08:00:00+00:00,-0.0
2025-10-04 09:00:00+00:00,-0.0
2025-10-04 10:00:00+00:00,-0.0
2025-10-04 11:00:00+00:00,-0.0
2025-10-04 12:00:00+00:00,-0.0
2025-10-04 13:00:00+00:00,-0.0
2025-10-04 14:00:00+00:00,-0.0
2025-10-04 15:00:00+00:00,-0.0
2025-10-04 16:00:00+00:00,-0.0
2025-10-04 17:00:00+00:00,-0.0
2025-10-04 18:00:00+00:00,-0.0
2025-10-04 19:00:00+00:00,-0.0
2025-10-04 20:00:00+00:00,-0.0
2025-10-04 21:00:00+00:00,-0.0
2025-10-04 22:00:00+00:00,-0.0
2025-10-04 23:00:00+00:00,-0.0
2025-10-05 00:00:00+00:00,-0.0
2025-10-05 01:00:00+00:00,-0.0
2025-10-05 02:00:00+00:00,-0.0
2025-10-05 03:00:00+00:00,-0.0
2025-10-05 04:00:00+00:00,-0.0
2025-10-05 05:00:00+00:00,-0.0
2025-10-05 06:00:00+00:00,-0.0
2025-10-05 07:00:00+00:00,-0.0
2025-10-05 08:00:00+00:00,-0.0
2025-10-05 09:00:00+00:00,-0.0
2025-10-05 10:00:00+00:00,-0.0
2025-10-05 11:00:00+00:00,0.013258859424902176
2025-10-05 12:00:00+00:00,-0.0
2025-10-05 13:00:00+00:00,-0.0
2025-10-05 14:00:00+00:00,-0.0
2025-10-05 15:00:00+00:00,-0.0
2025-10-05 16:00:00+00:00,-0.0
2025-10-05 17:00:00+00:00,-0.0
2025-10-05 18:00:00+00:00,0.009453984418262482
2025-10-05 19:00:00+00:00,-0.0
2025-10-05 20:00:00+00:00,-0.0
2025-10-05 21:00:00+00:00,-0.0
2025-10-05 22:00:00+00:00,-0.0
2025-10-05 23:00:00+00:00,-0.0
2025-10-06 00:00:00+00:00,-0.0
2025-10-06 01:00:00+00:00,-0.0
2025-10-06 02:00:00+00:00,-0.0
2025-10-06 03:00:00+00:00,-0.0
2025-10-06 04:00:00+00:00,-0.0
2025-10-06 05:00:00+00:00,-0.0
2025-10-06 06:00:00+00:00,-0.0
2025-10-06 07:00:00+00:00,-0.0
2025-10-06 08:00:00+00:00,-0.0
2025-10-06 09:00:00+00:00,-0.0
2025-10-06 10:00:00+00:00,-0.0
2025-10-06 11:00:00+00:00,-0.0
2025-10-06 12:00:00+00:00,-0.0
2025-10-06 13:00:00+00:00,-0.0
2025-10-06 14:00:00+00:00,-0.0
2025-10-06 15:00:00+00:00,-0.0
2025-10-06 16:00:00+00:00,-0.0
2025-10-06 17:00:00+00:00,-0.0
2025-10-06 18:00:00+00:00,-0.0
2025-10-06 19:00:00+00:00,-0.0
2025-10-06 20:00:00+00:00,-0.0
2025-10-06 21:00:00+00:00,-0.0
2025-10-06 22:00:00+00:00,-0.0
2025-10-06 23:00:00+00:00,-0.0
2025-10-07 00:00:00+00:00,-0.0
2025-10-07 01:00:00+00:00,-0.0
2025-10-07 02:00:00+00:00,-0.0
2025-10-07 03:00:00+00:00,-0.0
2025-10-07 04:00:00+00:00,-0.0
2025-10-07 05:00:00+00:00,-0.0
2025-10-07 06:00:00+00:00,0.014922118386291679
2025-10-07 07:00:00+00:00,-0.0
2025-10-07 08:00:00+00:00,-0.0
2025-10-07 09:00:00+00:00,-0.0
2025-10-07 10:00:00+00:00,-0.0
2025-10-07 11:00:00+00:00,-0.0
2025-10-07 12:00:00+00:00,-0.0
2025-10-07 13:00:00+00:00,-0.0
2025-10-07 14:00:00+00:00,-0.0
2025-10-07 15:00:00+00:00,-0.0
2025-10-07 16:00:00+00:00,-0.0
2025-10-07 17:00:00+00:00,-0.0
2025-10-07 18:00:00+00:00,-0.0
2025-10-07 19:00:00+00:00,-0.0
2025-10-07 20:00:00+00:00,-0.0
2025-10-07 21:00:00+00:00,-0.0
2025-10-07 22:00:00+00:00,-0.0
2025-10-07 23:00:00+00:00,-0.0
2025-10-08 00:00:00+00:00,-0.0
2025-10-08 01:00:00+00:00,-0.0
2025-10-08 02:00:00+00:00,-0.0
2025-10-08 03:00:00+00:00,-0.0
2025-10-08 04:00:00+00:00,-0.0
2025-10-08 05:00:00+00:00,-0.0
2025-10-08 06:00:00+00:00,-0.0
2025-10-08 07:00:00+00:00,-0.0
2025-10-08 08:00:00+00:00,-0.0
2025-10-08 09:00:00+00:00,-0.0
2025-10-08 10:00:00+00:00,-0.0
2025-10-08 11:00:00+00:00,-0.0
2025-10-08 12:00:00+00:00,-0.0
2025-10-08 13:00:00+00:00,-0.0
2025-10-08 14:00:00+00:00,-0.0
2025-10-08 15:00:00+00:00,-0.0
2025-10-08 16:00:00+00:00,-0.0
2025-10-08 17:00:00+00:00,-0.0
2025-10-08 18:00:00+00:00,-0.0
2025-10-08 19:00:00+00:00,-0.0
2025-10-08 20:00:00+00:00,-0.0
2025-10-08 21:00:00+00:00,-0.0
2025-10-08 22:00:00+00:00,-0.0
2025-10-08 23:00:00+00:00,-0.0
2025-10-09 00:00:00+00:00,-0.0
2025-10-09 01:00:00+00:00,-0.0
2025-10-09 02:00:00+00:00,-0.0
2025-10-09 03:00:00+00:00,-0.0
2025-10-09 04:00:00+00:00,-0.0
2025-10-09 05:00:00+00:00,-0.0
2025-10-09 06:00:00+00:00,-0.0
2025-10-09 07:00:00+00:00,-0.0
2025-10-09 08:00:00+00:00,0.021397159039077445
2025-10-09 09:00:00+00:00,-0.0
2025-10-09 10:00:00+00:00,-0.0
2025-10-09 11:00:00+00:00,-0.0
2025-10-09 12:00:00+00:00,-0.0
2025-10-09 13:00:00+00:00,-0.0
2025-10-09 14:00:00+00:00,-0.0
2025-10-09 15:00:00+00:00,-0.0
2025-10-09 16:00:00+00:00,-0.0
2025-10-09 17:00:00+00:00,-0.0
2025-10-09 18:00:00+00:00,-0.0
2025-10-09 19:00:00+00:00,-0.0
2025-10-09 20:00:00+00:00,-0.0
2025-10-09 21:00:00+00:00,-0.0
2025-10-09 22:00:00+00:00,-0.0
2025-10-09 23:00:00+00:00,-0.0
2025-10-10 00:00:00+00:00,-0.0
2025-10-10 01:00:00+00:00,-0.0
2025-10-10 02:00:00+00:00,-0.0
2025-10-10 03:00:00+00:00,-0.0
2025-10-10 04:00:00+00:00,-0.0
2025-10-10 05:00:00+00:00,-0.0
2025-10-10 06:00:00+00:00,-0.0
2025-10-10 07:00:00+00:00,-0.0
2025-10-10 08:00:00+00:00,-0.0
2025-10-10 09:00:00+00:00,-0.0
2025-10-10 10:00:00+00:00,-0.0
2025-10-10 11:00:00+00:00,-0.0
2025-10-10 12:00:00+00:00,-0.0
2025-10-10 13:00:00+00:00,-0.0
2025-10-10 14:00:00+00:00,-0.0
2025-10-10 15:00:00+00:00,-0.0
2025-10-10 16:00:00+00:00,-0.0
2025-10-10 17:00:00+00:00,-0.0
2025-10-10 18:00:00+00:00,-0.0
2025-10-10 19:00:00+00:00,-0.0
2025-10-10 20:00:00+00:00,-0.0
2025-10-10 21:00:00+00:00,-0.0
2025-10-10 22:00:00+00:00,-0.0
2025-10-10 23:00:00+00:00,-0.0
2025-10-11 00:00:00+00:00,-0.0
2025-10-11 01:00:00+00:00,-0.0
2025-10-11 02:00:00+00:00,-0.0
2025-10-11 03:00:00+00:00,-0.0
2025-10-11 04:00:00+00:00,-0.0
2025-10-11 05:00:00+00:00,-0.0
2025-10-11 06:00:00+00:00,-0.0
2025-10-11 07:00:00+00:00,-0.0
2025-10-11 08:00:00+00:00,-0.0
2025-10-11 09:00:00+00:00,-0.0
2025-10-11 10:00:00+00:00,-0.0
2025-10-11 11:00:00+00:00,-0.0
2025-10-11 12:00:00+00:00,-0.0
2025-10-11 13:00:00+00:00,-0.0
2025-10-11 14:00:00+00:00,-0.0
2025-10-11 15:00:00+00:00,-0.0
2025-10-11 16:00:00+00:00,-0.0
2025-10-11 17:00:00+00:00,-0.0
2025-10-11 18:00:00+00:00,-0.0
2025-10-11 19:00:00+00:00,-0.0
2025-10-11 20:00:00+00:00,-0.0
2025-10-11 21:00:00+00:00,-0.0
2025-10-11 22:00:00+00:00,-0.0
2025-10-11 23:00:00+00:00,-0.0
2025-10-12 00:00:00+00:00,-0.0
2025-10-12 01:00:00+00:00,-0.0
2025-10-12 02:00:00+00:00,-0.0
2025-10-12 03:00:00+00:00,-0.0
2025-10-12 04:00:00+00:00,-0.0
2025-10-12 05:00:00+00:00,-0.0
2025-10-12 06:00:00+00:00,-0.0
2025-10-12 07:00:00+00:00,-0.0
2025-10-12 08:00:00+00:00,-0.0
2025-10-12 09:00:00+00:00,-0.0
2025-10-12 10:00:00+00:00,-0.0
2025-10-12 11:00:00+00:00,-0.0
2025-10-12 12:00:00+00:00,-0.0
2025-10-12 13:00:00+00:00,-0.0
2025-10-12 14:00:00+00:00,-0.0
2025-10-12 15:00:00+00:00,-0.0
2025-10-12 16:00:00+00:00,-0.0
2025-10-12 17:00:00+00:00,-0.0
2025-10-12 18:00:00+00:00,-0.0
2025-10-12 19:00:00+00:00,-0.0
2025-10-12 20:00:00+00:00,-0.0
2025-10-12 21:00:00+00:00,-0.0
2025-10-12 22:00:00+00:00,-0.0
2025-10-12 23:00:00+00:00,-0.0
2025-10-13 00:00:00+00:00,-0.0
2025-10-13 01:00:00+00:00,-0.0
2025-10-13 02:00:00+00:00,-0.0
2025-10-13 03:00:00+00:00,-0.0
2025-10-13 04:00:00+00:00,-0.0
2025-10-13 05:00:00+00:00,-0.0
2025-10-13 06:00:00+00:00,-0.0
2025-10-13 07:00:00+00:00,-0.0
2025-10-13 08:00:00+00:00,-0.0
2025-10-13 09:00:00+00:00,-0.0
2025-10-13 10:00:00+00:00,-0.0
2025-10-13 11:00:00+00:00,-0.0
2025-10-13 12:00:00+00:00,-0.0
2025-10-13 13:00:00+00:00,-0.0
2025-10-13 14:00:00+00:00,-0.0
2025-10-13 15:00:00+00:00,-0.0
2025-10-13 16:00:00+00:00,-0.0
2025-10-13 17:00:00+00:00,-0.09421974077521884
2025-10-13 18:00:00+00:00,-0.0
2025-10-13 19:00:00+00:00,-0.0
2025-10-13 20:00:00+00:00,-0.0
2025-10-13 21:00:00+00:00,-0.0
2025-10-13 22:00:00+00:00,-0.0
2025-10-13 23:00:00+00:00,-0.0
2025-10-14 00:00:00+00:00,-0.0
2025-10-14 01:00:00+00:00,-0.0
2025-10-14 02:00:00+00:00,-0.0
2025-10-14 03:00:00+00:00,-0.0
2025-10-14 04:00:00+00:00,-0.0
2025-10-14 05:00:00+00:00,-0.0
2025-10-14 06:00:00+00:00,-0.0
2025-10-14 07:00:00+00:00,-0.0
2025-10-14 08:00:00+00:00,-0.0
2025-10-14 09:00:00+00:00,-0.0
2025-10-14 10:00:00+00:00,-0.0
2025-10-14 11:00:00+00:00,-0.0
2025-10-14 12:00:00+00:00,-0.0
2025-10-14 13:00:00+00:00,-0.0
2025-10-14 14:00:00+00:00,-0.0
2025-10-14 15:00:00+00:00,-0.0
2025-10-14 16:00:00+00:00,-0.0
2025-10-14 17:00:00+00:00,-0.0
2025-10-14 18:00:00+00:00,-0.0
2025-10-14 19:00:00+00:00,-0.0
2025-10-14 20:00:00+00:00,-0.0
2025-10-14 21:00:00+00:00,-0.0
2025-10-14 22:00:00+00:00,-0.0
2025-10-14 23:00:00+00:00,-0.0
2025-10-15 00:00:00+00:00,-0.0
2025-10-15 01:00:00+00:00,-0.0
2025-10-15 02:00:00+00:00,-0.0
2025-10-15 03:00:00+00:00,-0.0
2025-10-15 04:00:00+00:00,-0.0
2025-10-15 05:00:00+00:00,-0.0
2025-10-15 06:00:00+00:00,-0.0
2025-10-15 07:00:00+00:00,-0.0
2025-10-15 08:00:00+00:00,-0.0
2025-10-15 09:00:00+00:00,-0.0
2025-10-15 10:00:00+00:00,-0.0
2025-10-15 11:00:00+00:00,-0.0
2025-10-15 12:00:00+00:00,-0.0
2025-10-15 13:00:00+00:00,0.026388468747198957
2025-10-15 14:00:00+00:00,-0.0
2025-10-15 15:00:00+00:00,-0.0
2025-10-15 16:00:00+00:00,-0.0
2025-10-15 17:00:00+00:00,-0.0
2025-10-15 18:00:00+00:00,-0.0
2025-10-15 19:00:00+00:00,-0.0
2025-10-15 20:00:00+00:00,-0.0
2025-10-15 21:00:00+00:00,-0.0
2025-10-15 22:00:00+00:00,-0.0
2025-10-15 23:00:00+00:00,-0.0
2025-10-16 00:00:00+00:00,-0.0
2025-10-16 01:00:00+00:00,-0.0
2025-10-16 02:00:00+00:00,-0.0
2025-10-16 03:00:00+00:00,-0.0
2025-10-16 04:00:00+00:00,-0.0
2025-10-16 05:00:00+00:00,-0.0
2025-10-16 06:00:00+00:00,-0.0
2025-10-16 07:00:00+00:00,-0.0
2025-10-16 08:00:00+00:00,-0.0
2025-10-16 09:00:00+00:00,0.006663252951869235
2025-10-16 10:00:00+00:00,-0.0
2025-10-16 11:00:00+00:00,-0.0
2025-10-16 12:00:00+00:00,-0.0
2025-10-16 13:00:00+00:00,-0.0
2025-10-16 14:00:00+00:00,-0.0
2025-10-16 15:00:00+00:00,0.02456586107224954
2025-10-16 16:00:00+00:00,-0.0
2025-10-16 17:00:00+00:00,-0.0
2025-10-16 18:00:00+00:00,-0.0
2025-10-16 19:00:00+00:00,-0.0
2025-10-16 20:00:00+00:00,-0.0
2025-10-16 21:00:00+00:00,-0.0
2025-10-16 22:00:00+00:00,-0.0
2025-10-16 23:00:00+00:00,-0.0
2025-10-17 00:00:00+00:00,-0.0
2025-10-17 01:00:00+00:00,-0.0
2025-10-17 02:00:00+00:00,-0.0
2025-10-17 03:00:00+00:00,-0.0
2025-10-17 04:00:00+00:00,-0.0
2025-10-17 05:00:00+00:00,-0.0
2025-10-17 06:00:00+00:00,-0.0
2025-10-17 07:00:00+00:00,-0.0
2025-10-17 08:00:00+00:00,-0.0
2025-10-17 09:00:00+00:00,-0.0
2025-10-17 10:00:00+00:00,-0.0
2025-10-17 11:00:00+00:00,-0.0
2025-10-17 12:00:00+00:00,-0.0
2025-10-17 13:00:00+00:00,-0.0
2025-10-17 14:00:00+00:00,-0.0
2025-10-17 15:00:00+00:00,-0.0
2025-10-17 16:00:00+00:00,-0.0
2025-10-17 17:00:00+00:00,-0.0
2025-10-17 18:00:00+00:00,-0.0
2025-10-17 19:00:00+00:00,-0.0
2025-10-17 20:00:00+00:00,-0.0
2025-10-17 21:00:00+00:00,-0.0
2025-10-17 22:00:00+00:00,-0.0
2025-10-17 23:00:00+00:00,-0.0
2025-10-18 00:00:00+00:00,-0.0
2025-10-18 01:00:00+00:00,-0.0
2025-10-18 02:00:00+00:00,-0.0
2025-10-18 03:00:00+00:00,-0.0
2025-10-18 04:00:00+00:00,-0.0
2025-10-18 05:00:00+00:00,-0.0
2025-10-18 06:00:00+00:00,-0.0
2025-10-18 07:00:00+00:00,-0.0
2025-10-18 08:00:00+00:00,-0.0
2025-10-18 09:00:00+00:00,-0.0
2025-10-18 10:00:00+00:00,-0.0
2025-10-18 11:00:00+00:00,-0.0
2025-10-18 12:00:00+00:00,-0.0
2025-10-18 13:00:00+00:00,-0.0
2025-10-18 14:00:00+00:00,-0.0
2025-10-18 15:00:00+00:00,-0.0
2025-10-18 16:00:00+00:00,-0.0
2025-10-18 17:00:00+00:00,-0.0
2025-10-18 18:00:00+00:00,-0.0
2025-10-18 19:00:00+00:00,-0.0
2025-10-18 20:00:00+00:00,-0.0
2025-10-18 21:00:00+00:00,-0.0
2025-10-18 22:00:00+00:00,-0.0
2025-10-18 23:00:00+00:00,-0.0
2025-10-19 00:00:00+00:00,-0.0
2025-10-19 01:00:00+00:00,-0.0
2025-10-19 02:00:00+00:00,-0.0
2025-10-19 03:00:00+00:00,-0.0
2025-10-19 04:00:00+00:00,-0.0
2025-10-19 05:00:00+00:00,-0.0
2025-10-19 06:00:00+00:00,-0.0
2025-10-19 07:00:00+00:00,-0.0
2025-10-19 08:00:00+00:00,-0.0
2025-10-19 09:00:00+00:00,-0.0
2025-10-19 10:00:00+00:00,-0.0
2025-10-19 11:00:00+00:00,-0.0
2025-10-19 12:00:00+00:00,-0.0
2025-10-19 13:00:00+00:00,-0.0
2025-10-19 14:00:00+00:00,-0.0
2025-10-19 15:00:00+00:00,-0.0
2025-10-19 16:00:00+00:00,-0.0
2025-10-19 17:00:00+00:00,-0.0
2025-10-19 18:00:00+00:00,-0.0
2025-10-19 19:00:00+00:00,-0.0
2025-10-19 20:00:00+00:00,-0.0
2025-10-19 21:00:00+00:00,-0.0
2025-10-19 22:00:00+00:00,-0.0
2025-10-19 23:00:00+00:00,-0.0
2025-10-20 00:00:00+00:00,-0.0
2025-10-20 01:00:00+00:00,-0.0
2025-10-20 02:00:00+00:00,-0.0
2025-10-20 03:00:00+00:00,-0.0
2025-10-20 04:00:00+00:00,-0.0
2025-10-20 05:00:00+00:00,-0.0
2025-10-20 06:00:00+00:00,-0.0
2025-10-20 07:00:00+00:00,-0.0
2025-10-20 08:00:00+00:00,-0.0
2025-10-20 09:00:00+00:00,-0.0
2025-10-20 10:00:00+00:00,-0.0
2025-10-20 11:00:00+00:00,-0.0
2025-10-20 12:00:00+00:00,-0.0
2025-10-20 13:00:00+00:00,-0.0
2025-10-20 14:00:00+00:00,-0.0
2025-10-20 15:00:00+00:00,-0.0
2025-10-20 16:00:00+00:00,-0.0
2025-10-20 17:00:00+00:00,-0.0
2025-10-20 18:00:00+00:00,-0.0
2025-10-20 19:00:00+00:00,-0.0
2025-10-20 20:00:00+00:00,-0.0
2025-10-20 21:00:00+00:00,-0.0
2025-10-20 22:00:00+00:00,-0.0
2025-10-20 23:00:00+00:00,-0.0
2025-10-21 00:00:00+00:00,-0.0
2025-10-21 01:00:00+00:00,-0.0
2025-10-21 02:00:00+00:00,-0.0
2025-10-21 03:00:00+00:00,-0.0
2025-10-21 04:00:00+00:00,-0.0
2025-10-21 05:00:00+00:00,-0.0
2025-10-21 06:00:00+00:00,-0.0
2025-10-21 07:00:00+00:00,-0.0
2025-10-21 08:00:00+00:00,-0.0
2025-10-21 09:00:00+00:00,-0.0
2025-10-21 10:00:00+00:00,-0.0
2025-10-21 11:00:00+00:00,-0.0
2025-10-21 12:00:00+00:00,-0.0
2025-10-21 13:00:00+00:00,-0.0
2025-10-21 14:00:00+00:00,-0.0
2025-10-21 15:00:00+00:00,-0.0
2025-10-21 16:00:00+00:00,-0.0
2025-10-21 17:00:00+00:00,-0.0
2025-10-21 18:00:00+00:00,-0.0
2025-10-21 19:00:00+00:00,-0.0
2025-10-21 20:00:00+00:00,-0.0
2025-10-21 21:00:00+00:00,-0.0
2025-10-21 22:00:00+00:00,-0.0
2025-10-21 23:00:00+00:00,-0.0
2025-10-22 00:00:00+00:00,-0.0
2025-10-22 01:00:00+00:00,-0.0
2025-10-22 02:00:00+00:00,-0.0
2025-10-22 03:00:00+00:00,-0.0
2025-10-22 04:00:00+00:00,-0.0
2025-10-22 05:00:00+00:00,-0.0
2025-10-22 06:00:00+00:00,-0.0
2025-10-22 07:00:00+00:00,-0.0
2025-10-22 08:00:00+00:00,-0.0
2025-10-22 09:00:00+00:00,-0.0
2025-10-22 10:00:00+00:00,-0.0
2025-10-22 11:00:00+00:00,-0.0
2025-10-22 12:00:00+00:00,-0.0
2025-10-22 13:00:00+00:00,-0.0
2025-10-22 14:00:00+00:00,-0.0
2025-10-22 15:00:00+00:00,-0.0
2025-10-22 16:00:00+00:00,-0.0
2025-10-22 17:00:00+00:00,-0.0
2025-10-22 18:00:00+00:00,-0.0
2025-10-22 19:00:00+00:00,-0.0
2025-10-22 20:00:00+00:00,-0.0
2025-10-22 21:00:00+00:00,-0.0
2025-10-22 22:00:00+00:00,-0.0
2025-10-22 23:00:00+00:00,-0.0
2025-10-23 00:00:00+00:00,-0.0
2025-10-23 01:00:00+00:00,-0.0
2025-10-23 02:00:00+00:00,-0.0
2025-10-23 03:00:00+00:00,-0.0
2025-10-23 04:00:00+00:00,-0.0
2025-10-23 05:00:00+00:00,-0.0
2025-10-23 06:00:00+00:00,-0.0
2025-10-23 07:00:00+00:00,-0.0
2025-10-23 08:00:00+00:00,-0.0
2025-10-23 09:00:00+00:00,-0.0
2025-10-23 10:00:00+00:00,-0.0
2025-10-23 11:00:00+00:00,-0.0
2025-10-23 12:00:00+00:00,-0.0
2025-10-23 13:00:00+00:00,-0.0
2025-10-23 14:00:00+00:00,-0.0
2025-10-23 15:00:00+00:00,-0.0
2025-10-23 16:00:00+00:00,-0.0
2025-10-23 17:00:00+00:00,-0.0
2025-10-23 18:00:00+00:00,-0.0
2025-10-23 19:00:00+00:00,-0.0
2025-10-23 20:00:00+00:00,-0.0
2025-10-23 21:00:00+00:00,-0.0
2025-10-23 22:00:00+00:00,-0.0
2025-10-23 23:00:00+00:00,-0.0
2025-10-24 00:00:00+00:00,-0.0
2025-10-24 01:00:00+00:00,-0.0
2025-10-24 02:00:00+00:00,-0.0
2025-10-24 03:00:00+00:00,-0.0
2025-10-24 04:00:00+00:00,-0.0
2025-10-24 05:00:00+00:00,-0.0
2025-10-24 06:00:00+00:00,-0.0
2025-10-24 07:00:00+00:00,-0.0
2025-10-24 08:00:00+00:00,-0.0
2025-10-24 09:00:00+00:00,-0.0
2025-10-24 10:00:00+00:00,-0.0
2025-10-24 11:00:00+00:00,-0.0
2025-10-24 12:00:00+00:00,-0.0
2025-10-24 13:00:00+00:00,-0.0
2025-10-24 14:00:00+00:00,-0.0
2025-10-24 15:00:00+00:00,-0.0
2025-10-24 16:00:00+00:00,0.010412902994406871
2025-10-24 17:00:00+00:00,-0.0
2025-10-24 18:00:00+00:00,-0.0
2025-10-24 19:00:00+00:00,-0.0
2025-10-24 20:00:00+00:00,-0.0
2025-10-24 21:00:00+00:00,-0.0
2025-10-24 22:00:00+00:00,-0.0
2025-10-24 23:00:00+00:00,-0.0
2025-10-25 00:00:00+00:00,-0.0
2025-10-25 01:00:00+00:00,-0.0
2025-10-25 02:00:00+00:00,-0.0
2025-10-25 03:00:00+00:00,-0.0
2025-10-25 04:00:00+00:00,-0.0
2025-10-25 05:00:00+00:00,-0.0
2025-10-25 06:00:00+00:00,-0.0
2025-10-25 07:00:00+00:00,-0.0
2025-10-25 08:00:00+00:00,-0.0
2025-10-25 09:00:00+00:00,-0.0
2025-10-25 10:00:00+00:00,-0.0
2025-10-25 11:00:00+00:00,-0.0
2025-10-25 12:00:00+00:00,-0.0
2025-10-25 13:00:00+00:00,-0.0
2025-10-25 14:00:00+00:00,-0.0
2025-10-25 15:00:00+00:00,-0.0
2025-10-25 16:00:00+00:00,-0.0
2025-10-25 17:00:00+00:00,-0.0
2025-10-25 18:00:00+00:00,-0.0
2025-10-25 19:00:00+00:00,-0.0
2025-10-25 20:00:00+00:00,-0.0
2025-10-25 21:00:00+00:00,-0.0
2025-10-25 22:00:00+00:00,-0.0
2025-10-25 23:00:00+00:00,-0.0
2025-10-26 00:00:00+00:00,-0.0
2025-10-26 01:00:00+00:00,-0.0
2025-10-26 02:00:00+00:00,-0.0
2025-10-26 03:00:00+00:00,-0.0
2025-10-26 04:00:00+00:00,-0.0
2025-10-26 05:00:00+00:00,-0.0
2025-10-26 06:00:00+00:00,-0.0
2025-10-26 07:00:00+00:00,-0.0
2025-10-26 08:00:00+00:00,-0.0
2025-10-26 09:00:00+00:00,-0.0
2025-10-26 10:00:00+00:00,-0.0
2025-10-26 11:00:00+00:00,-0.0
2025-10-26 12:00:00+00:00,-0.0
2025-10-26 13:00:00+00:00,-0.0
2025-10-26 14:00:00+00:00,-0.0
2025-10-26 15:00:00+00:00,-0.0
2025-10-26 16:00:00+00:00,-0.0
2025-10-26 17:00:00+00:00,-0.0
2025-10-26 18:00:00+00:00,-0.0
2025-10-26 19:00:00+00:00,-0.0
2025-10-26 20:00:00+00:00,-0.0
2025-10-26 21:00:00+00:00,-0.0
2025-10-26 22:00:00+00:00,-0.0
2025-10-26 23:00:00+00:00,-0.0
2025-10-27 00:00:00+00:00,-0.0
2025-10-27 01:00:00+00:00,-0.0
2025-10-27 02:00:00+00:00,-0.0
2025-10-27 03:00:00+00:00,-0.0
2025-10-27 04:00:00+00:00,-0.0
2025-10-27 05:00:00+00:00,-0.0
2025-10-27 06:00:00+00:00,-0.0
2025-10-27 07:00:00+00:00,-0.0
2025-10-27 08:00:00+00:00,-0.0
2025-10-27 09:00:00+00:00,-0.0
2025-10-27 10:00:00+00:00,-0.0
2025-10-27 11:00:00+00:00,0.006812655213675592
2025-10-27 12:00:00+00:00,-0.0
2025-10-27 13:00:00+00:00,-0.0
2025-10-27 14:00:00+00:00,-0.0
2025-10-27 15:00:00+00:00,-0.0
2025-10-27 16:00:00+00:00,-0.0
2025-10-27 17:00:00+00:00,-0.0
2025-10-27 18:00:00+00:00,-0.0
2025-10-27 19:00:00+00:00,-0.0
2025-10-27 20:00:00+00:00,-0.0
2025-10-27 21:00:00+00:00,-0.0
2025-10-27 22:00:00+00:00,-0.0
2025-10-27 23:00:00+00:00,-0.0
2025-10-28 00:00:00+00:00,-0.0
2025-10-28 01:00:00+00:00,-0.0
2025-10-28 02:00:00+00:00,-0.0
2025-10-28 03:00:00+00:00,-0.0
2025-10-28 04:00:00+00:00,-0.0
2025-10-28 05:00:00+00:00,-0.0
2025-10-28 06:00:00+00:00,-0.0
2025-10-28 07:00:00+00:00,-0.0
2025-10-28 08:00:00+00:00,-0.0
2025-10-28 09:00:00+00:00,-0.0
2025-10-28 10:00:00+00:00,-0.0
2025-10-28 11:00:00+00:00,-0.0
2025-10-28 12:00:00+00:00,-0.0
2025-10-28 13:00:00+00:00,-0.0
2025-10-28 14:00:00+00:00,-0.0
2025-10-28 15:00:00+00:00,-0.0
2025-10-28 16:00:00+00:00,-0.0
2025-10-28 17:00:00+00:00,-0.0
2025-10-28 18:00:00+00:00,-0.0
2025-10-28 19:00:00+00:00,-0.0
2025-10-28 20:00:00+00:00,-0.0
2025-10-28 21:00:00+00:00,-0.0
2025-10-28 22:00:00+00:00,-0.0
2025-10-28 23:00:00+00:00,-0.0
2025-10-29 00:00:00+00:00,-0.0
2025-10-29 01:00:00+00:00,-0.0
2025-10-29 02:00:00+00:00,-0.0
2025-10-29 03:00:00+00:00,-0.0
2025-10-29 04:00:00+00:00,-0.0
2025-10-29 05:00:00+00:00,-0.0
2025-10-29 06:00:00+00:00,-0.0
2025-10-29 07:00:00+00:00,-0.0
2025-10-29 08:00:00+00:00,-0.0
2025-10-29 09:00:00+00:00,-0.0
2025-10-29 10:00:00+00:00,-0.0
2025-10-29 11:00:00+00:00,-0.0
2025-10-29 12:00:00+00:00,-0.0
2025-10-29 13:00:00+00:00,-0.0
2025-10-29 14:00:00+00:00,-0.0
2025-10-29 15:00:00+00:00,-0.0
2025-10-29 16:00:00+00:00,-0.0
2025-10-29 17:00:00+00:00,-0.0
2025-10-29 18:00:00+00:00,-0.0
2025-10-29 19:00:00+00:00,-0.0
2025-10-29 20:00:00+00:00,-0.0
2025-10-29 21:00:00+00:00,-0.0
2025-10-29 22:00:00+00:00,-0.0
2025-10-29 23:00:00+00:00,-0.0
2025-10-30 00:00:00+00:00,-0.0
2025-10-30 01:00:00+00:00,-0.0
2025-10-30 02:00:00+00:00,-0.0
2025-10-30 03:00:00+00:00,-0.0
2025-10-30 04:00:00+00:00,-0.0
2025-10-30 05:00:00+00:00,-0.0
2025-10-30 06:00:00+00:00,-0.0
2025-10-30 07:00:00+00:00,-0.0
2025-10-30 08:00:00+00:00,-0.0
2025-10-30 09:00:00+00:00,-0.0
2025-10-30 10:00:00+00:00,-0.0
2025-10-30 11:00:00+00:00,-0.0
2025-10-30 12:00:00+00:00,-0.0
2025-10-30 13:00:00+00:00,-0.0
2025-10-30 14:00:00+00:00,-0.0
2025-10-30 15:00:00+00:00,-0.0
2025-10-30 16:00:00+00:00,-0.0
2025-10-30 17:00:00+00:00,-0.0
2025-10-30 18:00:00+00:00,-0.0
2025-10-30 19:00:00+00:00,-0.0
2025-10-30 20:00:00+00:00,-0.0
2025-10-30 21:00:00+00:00,-0.0
2025-10-30 22:00:00+00:00,-0.0
2025-10-30 23:00:00+00:00,-0.0
2025-10-31 00:00:00+00:00,-0.0
2025-10-31 01:00:00+00:00,-0.0
2025-10-31 02:00:00+00:00,-0.0
2025-10-31 03:00:00+00:00,-0.0
2025-10-31 04:00:00+00:00,-0.0
2025-10-31 05:00:00+00:00,-0.0
2025-10-31 06:00:00+00:00,-0.0
2025-10-31 07:00:00+00:00,-0.0
2025-10-31 08:00:00+00:00,-0.0
2025-10-31 09:00:00+00:00,-0.0
2025-10-31 10:00:00+00:00,-0.0
2025-10-31 11:00:00+00:00,-0.0
2025-10-31 12:00:00+00:00,-0.0
2025-10-31 13:00:00+00:00,-0.0
2025-10-31 14:00:00+00:00,-0.0
2025-10-31 15:00:00+00:00,-0.0
2025-10-31 16:00:00+00:00,-0.0
2025-10-31 17:00:00+00:00,-0.0
2025-10-31 18:00:00+00:00,-0.0
2025-10-31 19:00:00+00:00,-0.0
2025-10-31 20:00:00+00:00,-0.0
2025-10-31 21:00:00+00:00,-0.0
2025-10-31 22:00:00+00:00,-0.0
2025-10-31 23:00:00+00:00,-0.0
2025-11-01 00:00:00+00:00,-0.0
2025-11-01 01:00:00+00:00,-0.0
2025-11-01 02:00:00+00:00,-0.0
2025-11-01 03:00:00+00:00,-0.0
2025-11-01 04:00:00+00:00,-0.0
2025-11-01 05:00:00+00:00,-0.0
2025-11-01 06:00:00+00:00,-0.0
2025-11-01 07:00:00+00:00,-0.0
2025-11-01 08:00:00+00:00,-0.0
2025-11-01 09:00:00+00:00,-0.0
2025-11-01 10:00:00+00:00,-0.0
2025-11-01 11:00:00+00:00,-0.0
2025-11-01 12:00:00+00:00,-0.0
2025-11-01 13:00:00+00:00,-0.0
2025-11-01 14:00:00+00:00,-0.0
2025-11-01 15:00:00+00:00,-0.0
2025-11-01 16:00:00+00:00,-0.0
2025-11-01 17:00:00+00:00,-0.0
2025-11-01 18:00:00+00:00,-0.0
2025-11-01 19:00:00+00:00,-0.0
2025-11-01 20:00:00+00:00,-0.0
2025-11-01 21:00:00+00:00,-0.0
2025-11-01 22:00:00+00:00,-0.0
2025-11-01 23:00:00+00:00,-0.0
2025-11-02 00:00:00+00:00,-0.0
2025-11-02 01:00:00+00:00,-0.0
2025-11-02 02:00:00+00:00,-0.0
2025-11-02 03:00:00+00:00,-0.0
2025-11-02 04:00:00+00:00,-0.0
2025-11-02 05:00:00+00:00,-0.0
2025-11-02 06:00:00+00:00,-0.0
2025-11-02 07:00:00+00:00,-0.0
2025-11-02 08:00:00+00:00,-0.0
2025-11-02 09:00:00+00:00,-0.0
2025-11-02 10:00:00+00:00,-0.0
2025-11-02 11:00:00+00:00,-0.0
2025-11-02 12:00:00+00:00,-0.0
2025-11-02 13:00:00+00:00,-0.0
2025-11-02 14:00:00+00:00,-0.0
2025-11-02 15:00:00+00:00,-0.0
2025-11-02 16:00:00+00:00,-0.0
2025-11-02 17:00:00+00:00,-0.0
2025-11-02 18:00:00+00:00,-0.0
2025-11-02 19:00:00+00:00,-0.0
2025-11-02 20:00:00+00:00,-0.0
2025-11-02 21:00:00+00:00,-0.0
2025-11-02 22:00:00+00:00,-0.0
2025-11-02 23:00:00+00:00,-0.0
2025-11-03 00:00:00+00:00,-0.0
2025-11-03 01:00:00+00:00,-0.0
2025-11-03 02:00:00+00:00,0.020227007423612206
2025-11-03 03:00:00+00:00,-0.0
2025-11-03 04:00:00+00:00,-0.0
2025-11-03 05:00:00+00:00,-0.0
2025-11-03 06:00:00+00:00,-0.0
2025-11-03 07:00:00+00:00,-0.0
2025-11-03 08:00:00+00:00,-0.0
2025-11-03 09:00:00+00:00,-0.0
2025-11-03 10:00:00+00:00,-0.0
2025-11-03 11:00:00+00:00,-0.0
2025-11-03 12:00:00+00:00,-0.0
2025-11-03 13:00:00+00:00,-0.0
2025-11-03 14:00:00+00:00,-0.0
2025-11-03 15:00:00+00:00,-0.0
2025-11-03 16:00:00+00:00,-0.0
2025-11-03 17:00:00+00:00,-0.0
2025-11-03 18:00:00+00:00,-0.0
2025-11-03 19:00:00+00:00,-0.0
2025-11-03 20:00:00+00:00,-0.0
2025-11-03 21:00:00+00:00,-0.0
2025-11-03 22:00:00+00:00,-0.0
2025-11-03 23:00:00+00:00,-0.0
2025-11-04 00:00:00+00:00,-0.0
2025-11-04 01:00:00+00:00,-0.0
2025-11-04 02:00:00+00:00,-0.0
2025-11-04 03:00:00+00:00,-0.0
2025-11-04 04:00:00+00:00,-0.0
2025-11-04 05:00:00+00:00,-0.0
2025-11-04 06:00:00+00:00,-0.0
2025-11-04 07:00:00+00:00,-0.0
2025-11-04 08:00:00+00:00,-0.0
2025-11-04 09:00:00+00:00,-0.0
2025-11-04 10:00:00+00:00,-0.0
2025-11-04 11:00:00+00:00,-0.0
2025-11-04 12:00:00+00:00,-0.0
2025-11-04 13:00:00+00:00,-0.0
2025-11-04 14:00:00+00:00,-0.0
2025-11-04 15:00:00+00:00,-0.0
2025-11-04 16:00:00+00:00,0.0308680509290044
2025-11-04 17:00:00+00:00,-0.0
2025-11-04 18:00:00+00:00,-0.0
2025-11-04 19:00:00+00:00,-0.0
2025-11-04 20:00:00+00:00,-0.0
2025-11-04 21:00:00+00:00,-0.0
2025-11-04 22:00:00+00:00,-0.0
2025-11-04 23:00:00+00:00,-0.0
2025-11-05 00:00:00+00:00,-0.0
2025-11-05 01:00:00+00:00,-0.0
2025-11-05 02:00:00+00:00,-0.0
2025-11-05 03:00:00+00:00,-0.0
2025-11-05 04:00:00+00:00,-0.0
2025-11-05 05:00:00+00:00,-0.0
2025-11-05 06:00:00+00:00,-0.0
2025-11-05 07:00:00+00:00,-0.0
2025-11-05 08:00:00+00:00,-0.0
2025-11-05 09:00:00+00:00,-0.0
2025-11-05 10:00:00+00:00,-0.0
2025-11-05 11:00:00+00:00,-0.0
2025-11-05 12:00:00+00:00,-0.0
2025-11-05 13:00:00+00:00,-0.0
2025-11-05 14:00:00+00:00,-0.0
2025-11-05 15:00:00+00:00,-0.0
2025-11-05 16:00:00+00:00,-0.0
2025-11-05 17:00:00+00:00,-0.0
2025-11-05 18:00:00+00:00,-0.0
2025-11-05 19:00:00+00:00,-0.0
2025-11-05 20:00:00+00:00,-0.0
2025-11-05 21:00:00+00:00,-0.0
2025-11-05 22:00:00+00:00,-0.0
2025-11-05 23:00:00+00:00,-0.0
2025-11-06 00:00:00+00:00,-0.0
2025-11-06 01:00:00+00:00,-0.0
2025-11-06 02:00:00+00:00,-0.0
2025-11-06 03:00:00+00:00,-0.0
2025-11-06 04:00:00+00:00,-0.0
2025-11-06 05:00:00+00:00,-0.0
2025-11-06 06:00:00+00:00,-0.0
2025-11-06 07:00:00+00:00,-0.0
2025-11-06 08:00:00+00:00,-0.0
2025-11-06 09:00:00+00:00,-0.0
2025-11-06 10:00:00+00:00,-0.0
2025-11-06 11:00:00+00:00,-0.0
2025-11-06 12:00:00+00:00,-0.0
2025-11-06 13:00:00+00:00,-0.0
2025-11-06 14:00:00+00:00,-0.0
2025-11-06 15:00:00+00:00,-0.0
2025-11-06 16:00:00+00:00,-0.0
2025-11-06 17:00:00+00:00,-0.0
2025-11-06 18:00:00+00:00,-0.0
2025-11-06 19:00:00+00:00,-0.0
2025-11-06 20:00:00+00:00,-0.0
2025-11-06 21:00:00+00:00,-0.0
2025-11-06 22:00:00+00:00,-0.0
2025-11-06 23:00:00+00:00,-0.0
2025-11-07 00:00:00+00:00,-0.0
2025-11-07 01:00:00+00:00,-0.0
2025-11-07 02:00:00+00:00,-0.0
2025-11-07 03:00:00+00:00,-0.0
2025-11-07 04:00:00+00:00,-0.0
2025-11-07 05:00:00+00:00,-0.0
2025-11-07 06:00:00+00:00,-0.0
2025-11-07 07:00:00+00:00,-0.0
2025-11-07 08:00:00+00:00,-0.0
2025-11-07 09:00:00+00:00,-0.0
2025-11-07 10:00:00+00:00,-0.0
2025-11-07 11:00:00+00:00,-0.0
2025-11-07 12:00:00+00:00,-0.0
2025-11-07 13:00:00+00:00,-0.0
2025-11-07 14:00:00+00:00,-0.0
2025-11-07 15:00:00+00:00,-0.09407396799154624
2025-11-07 16:00:00+00:00,-0.0
2025-11-07 17:00:00+00:00,-0.0
2025-11-07 18:00:00+00:00,-0.0
2025-11-07 19:00:00+00:00,-0.0
2025-11-07 20:00:00+00:00,-0.0
2025-11-07 21:00:00+00:00,-0.0
2025-11-07 22:00:00+00:00,-0.0
2025-11-07 23:00:00+00:00,-0.0
2025-11-08 00:00:00+00:00,-0.0
2025-11-08 01:00:00+00:00,-0.0
2025-11-08 02:00:00+00:00,-0.0
2025-11-08 03:00:00+00:00,-0.0
2025-11-08 04:00:00+00:00,-0.0
2025-11-08 05:00:00+00:00,-0.0
2025-11-08 06:00:00+00:00,0.030235450936355948
2025-11-08 07:00:00+00:00,-0.0
2025-11-08 08:00:00+00:00,-0.0
2025-11-08 09:00:00+00:00,-0.0
2025-11-08 10:00:00+00:00,-0.0
2025-11-08 11:00:00+00:00,-0.0
2025-11-08 12:00:00+00:00,-0.0
2025-11-08 13:00:00+00:00,-0.0
2025-11-08 14:00:00+00:00,-0.0
2025-11-08 15:00:00+00:00,-0.0
2025-11-08 16:00:00+00:00,-0.0
2025-11-08 17:00:00+00:00,-0.0
2025-11-08 18:00:00+00:00,-0.0
2025-11-08 19:00:00+00:00,-0.0
2025-11-08 20:00:00+00:00,-0.0
2025-11-08 21:00:00+00:00,-0.0
2025-11-08 22:00:00+00:00,-0.0
2025-11-08 23:00:00+00:00,-0.0
2025-11-09 00:00:00+00:00,-0.0
2025-11-09 01:00:00+00:00,-0.0
2025-11-09 02:00:00+00:00,0.03499906384603353
2025-11-09 03:00:00+00:00,-0.0
2025-11-09 04:00:00+00:00,-0.0
2025-11-09 05:00:00+00:00,-0.0
2025-11-09 06:00:00+00:00,-0.0
2025-11-09 07:00:00+00:00,-0.0
2025-11-09 08:00:00+00:00,-0.0
2025-11-09 09:00:00+00:00,-0.0
2025-11-09 10:00:00+00:00,-0.0
2025-11-09 11:00:00+00:00,-0.0
2025-11-09 12:00:00+00:00,-0.0
2025-11-09 13:00:00+00:00,-0.0
2025-11-09 14:00:00+00:00,-0.0
2025-11-09 15:00:00+00:00,-0.0
2025-11-09 16:00:00+00:00,-0.0
2025-11-09 17:00:00+00:00,-0.0
2025-11-09 18:00:00+00:00,-0.0
2025-11-09 19:00:00+00:00,-0.0
2025-11-09 20:00:00+00:00,-0.0
2025-11-09 21:00:00+00:00,-0.0
2025-11-09 22:00:00+00:00,-0.0
2025-11-09 23:00:00+00:00,-0.0
2025-11-10 00:00:00+00:00,-0.0
2025-11-10 01:00:00+00:00,-0.0
2025-11-10 02:00:00+00:00,-0.0
2025-11-10 03:00:00+00:00,-0.0
2025-11-10 04:00:00+00:00,-0.0
2025-11-10 05:00:00+00:00,-0.0
2025-11-10 06:00:00+00:00,-0.0
2025-11-10 07:00:00+00:00,-0.0
2025-11-10 08:00:00+00:00,-0.0
2025-11-10 09:00:00+00:00,-0.0
2025-11-10 10:00:00+00:00,-0.0
2025-11-10 11:00:00+00:00,-0.0
2025-11-10 12:00:00+00:00,-0.0
2025-11-10 13:00:00+00:00,-0.0
2025-11-10 14:00:00+00:00,-0.0
2025-11-10 15:00:00+00:00,-0.0
2025-11-10 16:00:00+00:00,-0.0
2025-11-10 17:00:00+00:00,-0.0
2025-11-10 18:00:00+00:00,-0.0
2025-11-10 19:00:00+00:00,-0.0
2025-11-10 20:00:00+00:00,-0.0
2025-11-10 21:00:00+00:00,-0.0
2025-11-10 22:00:00+00:00,-0.0
2025-11-10 23:00:00+00:00,-0.0
2025-11-11 00:00:00+00:00,-0.0
2025-11-11 01:00:00+00:00,-0.0
2025-11-11 02:00:00+00:00,-0.0
2025-11-11 03:00:00+00:00,-0.0
2025-11-11 04:00:00+00:00,-0.0
2025-11-11 05:00:00+00:00,-0.0
2025-11-11 06:00:00+00:00,-0.0
2025-11-11 07:00:00+00:00,-0.0
2025-11-11 08:00:00+00:00,-0.0
2025-11-11 09:00:00+00:00,-0.0
2025-11-11 10:00:00+00:00,-0.0
2025-11-11 11:00:00+00:00,-0.0
2025-11-11 12:00:00+00:00,-0.0
2025-11-11 13:00:00+00:00,-0.0
2025-11-11 14:00:00+00:00,-0.0
2025-11-11 15:00:00+00:00,-0.0
2025-11-11 16:00:00+00:00,-0.0
2025-11-11 17:00:00+00:00,-0.0
2025-11-11 18:00:00+00:00,-0.0
2025-11-11 19:00:00+00:00,-0.0
2025-11-11 20:00:00+00:00,-0.0
2025-11-11 21:00:00+00:00,-0.0
2025-11-11 22:00:00+00:00,-0.0
2025-11-11 23:00:00+00:00,-0.0
2025-11-12 00:00:00+00:00,-0.0
2025-11-12 01:00:00+00:00,-0.0
2025-11-12 02:00:00+00:00,-0.0
2025-11-12 03:00:00+00:00,-0.0
2025-11-12 04:00:00+00:00,-0.0
2025-11-12 05:00:00+00:00,-0.0
2025-11-12 06:00:00+00:00,-0.0
2025-11-12 07:00:00+00:00,-0.0
2025-11-12 08:00:00+00:00,-0.0
2025-11-12 09:00:00+00:00,-0.0
2025-11-12 10:00:00+00:00,-0.0
2025-11-12 11:00:00+00:00,-0.0
2025-11-12 12:00:00+00:00,-0.0
2025-11-12 13:00:00+00:00,-0.0
2025-11-12 14:00:00+00:00,-0.0
2025-11-12 15:00:00+00:00,-0.0
2025-11-12 16:00:00+00:00,-0.0
2025-11-12 17:00:00+00:00,-0.0
2025-11-12 18:00:00+00:00,-0.0
2025-11-12 19:00:00+00:00,-0.0
2025-11-12 20:00:00+00:00,-0.0
2025-11-12 21:00:00+00:00,-0.0
2025-11-12 22:00:00+00:00,-0.0
2025-11-12 23:00:00+00:00,-0.0
2025-11-13 00:00:00+00:00,-0.0
2025-11-13 01:00:00+00:00,-0.0
2025-11-13 02:00:00+00:00,-0.0
2025-11-13 03:00:00+00:00,-0.0
2025-11-13 04:00:00+00:00,-0.0
2025-11-13 05:00:00+00:00,-0.0
2025-11-13 06:00:00+00:00,-0.0
2025-11-13 07:00:00+00:00,-0.0
2025-11-13 08:00:00+00:00,-0.0
2025-11-13 09:00:00+00:00,-0.0
2025-11-13 10:00:00+00:00,-0.0
2025-11-13 11:00:00+00:00,-0.0
2025-11-13 12:00:00+00:00,-0.0
2025-11-13 13:00:00+00:00,-0.0
2025-11-13 14:00:00+00:00,-0.0
2025-11-13 15:00:00+00:00,-0.0
2025-11-13 16:00:00+00:00,-0.0
2025-11-13 17:00:00+00:00,-0.0
2025-11-13 18:00:00+00:00,-0.0
2025-11-13 19:00:00+00:00,-0.0
2025-11-13 20:00:00+00:00,-0.0
2025-11-13 21:00:00+00:00,-0.0
2025-11-13 22:00:00+00:00,-0.0
2025-11-13 23:00:00+00:00,-0.0
2025-11-14 00:00:00+00:00,-0.0
2025-11-14 01:00:00+00:00,-0.0
2025-11-14 02:00:00+00:00,-0.0
2025-11-14 03:00:00+00:00,-0.0
2025-11-14 04:00:00+00:00,-0.0
2025-11-14 05:00:00+00:00,-0.0
2025-11-14 06:00:00+00:00,-0.0
2025-11-14 07:00:00+00:00,-0.0
2025-11-14 08:00:00+00:00,-0.0
2025-11-14 09:00:00+00:00,-0.0
2025-11-14 10:00:00+00:00,-0.0
2025-11-14 11:00:00+00:00,-0.0
2025-11-14 12:00:00+00:00,-0.0
2025-11-14 13:00:00+00:00,-0.0
2025-11-14 14:00:00+00:00,-0.0
2025-11-14 15:00:00+00:00,-0.0
2025-11-14 16:00:00+00:00,-0.0
2025-11-14 17:00:00+00:00,-0.0
2025-11-14 18:00:00+00:00,-0.0
2025-11-14 19:00:00+00:00,-0.0
2025-11-14 20:00:00+00:00,-0.0
2025-11-14 21:00:00+00:00,-0.0
2025-11-14 22:00:00+00:00,-0.0
2025-11-14 23:00:00+00:00,-0.0
2025-11-15 00:00:00+00:00,-0.0
2025-11-15 01:00:00+00:00,-0.0
2025-11-15 02:00:00+00:00,-0.0
2025-11-15 03:00:00+00:00,-0.0
2025-11-15 04:00:00+00:00,-0.0
2025-11-15 05:00:00+00:00,-0.0
2025-11-15 06:00:00+00:00,-0.0
2025-11-15 07:00:00+00:00,-0.0
2025-11-15 08:00:00+00:00,-0.0
2025-11-15 09:00:00+00:00,-0.0
2025-11-15 10:00:00+00:00,-0.0
2025-11-15 11:00:00+00:00,-0.0
2025-11-15 12:00:00+00:00,-0.0
2025-11-15 13:00:00+00:00,-0.0
2025-11-15 14:00:00+00:00,-0.0
2025-11-15 15:00:00+00:00,-0.0
2025-11-15 16:00:00+00:00,-0.0
2025-11-15 17:00:00+00:00,-0.0
2025-11-15 18:00:00+00:00,-0.0
2025-11-15 19:00:00+00:00,-0.0
2025-11-15 20:00:00+00:00,-0.0
2025-11-15 21:00:00+00:00,-0.0
2025-11-15 22:00:00+00:00,-0.0
2025-11-15 23:00:00+00:00,-0.0
2025-11-16 00:00:00+00:00,-0.0
2025-11-16 01:00:00+00:00,-0.0
2025-11-16 02:00:00+00:00,-0.0
2025-11-16 03:00:00+00:00,-0.0
2025-11-16 04:00:00+00:00,-0.0
2025-11-16 05:00:00+00:00,-0.0
2025-11-16 06:00:00+00:00,-0.0
2025-11-16 07:00:00+00:00,-0.0
2025-11-16 08:00:00+00:00,-0.0
2025-11-16 09:00:00+00:00,-0.0
2025-11-16 10:00:00+00:00,-0.0
2025-11-16 11:00:00+00:00,-0.0
2025-11-16 12:00:00+00:00,-0.0
2025-11-16 13:00:00+00:00,-0.0
2025-11-16 14:00:00+00:00,-0.0
2025-11-16 15:00:00+00:00,-0.0
2025-11-16 16:00:00+00:00,-0.0
2025-11-16 17:00:00+00:00,-0.0
2025-11-16 18:00:00+00:00,-0.0
2025-11-16 19:00:00+00:00,-0.0
2025-11-16 20:00:00+00:00,-0.0
2025-11-16 21:00:00+00:00,-0.0
2025-11-16 22:00:00+00:00,-0.0
2025-11-16 23:00:00+00:00,-0.0
2025-11-17 00:00:00+00:00,-0.0
2025-11-17 01:00:00+00:00,-0.0
2025-11-17 02:00:00+00:00,-0.0
2025-11-17 03:00:00+00:00,-0.0
2025-11-17 04:00:00+00:00,-0.0
2025-11-17 05:00:00+00:00,-0.0
2025-11-17 06:00:00+00:00,-0.0
2025-11-17 07:00:00+00:00,-0.0
2025-11-17 08:00:00+00:00,-0.0
2025-11-17 09:00:00+00:00,-0.0
2025-11-17 10:00:00+00:00,-0.0
2025-11-17 11:00:00+00:00,-0.0
2025-11-17 12:00:00+00:00,-0.0
2025-11-17 13:00:00+00:00,-0.0
2025-11-17 14:00:00+00:00,-0.0
2025-11-17 15:00:00+00:00,-0.0
2025-11-17 16:00:00+00:00,-0.0
2025-11-17 17:00:00+00:00,-0.0
2025-11-17 18:00:00+00:00,-0.0
2025-11-17 19:00:00+00:00,-0.0
2025-11-17 20:00:00+00:00,-0.0
2025-11-17 21:00:00+00:00,-0.0
2025-11-17 22:00:00+00:00,-0.0
2025-11-17 23:00:00+00:00,-0.0
2025-11-18 00:00:00+00:00,-0.0
2025-11-18 01:00:00+00:00,-0.0
2025-11-18 02:00:00+00:00,-0.0
2025-11-18 03:00:00+00:00,-0.0
2025-11-18 04:00:00+00:00,-0.0
2025-11-18 05:00:00+00:00,-0.0
2025-11-18 06:00:00+00:00,-0.0
2025-11-18 07:00:00+00:00,-0.0
2025-11-18 08:00:00+00:00,-0.0
2025-11-18 09:00:00+00:00,-0.0
2025-11-18 10:00:00+00:00,-0.0
2025-11-18 11:00:00+00:00,-0.0
2025-11-18 12:00:00+00:00,-0.0
2025-11-18 13:00:00+00:00,-0.0
2025-11-18 14:00:00+00:00,-0.0
2025-11-18 15:00:00+00:00,-0.0
2025-11-18 16:00:00+00:00,-0.0
2025-11-18 17:00:00+00:00,-0.0
2025-11-18 18:00:00+00:00,-0.0
2025-11-18 19:00:00+00:00,-0.0
2025-11-18 20:00:00+00:00,-0.0
2025-11-18 21:00:00+00:00,-0.0
2025-11-18 22:00:00+00:00,-0.0
2025-11-18 23:00:00+00:00,-0.0
2025-11-19 00:00:00+00:00,-0.0
2025-11-19 01:00:00+00:00,-0.0
2025-11-19 02:00:00+00:00,-0.0
2025-11-19 03:00:00+00:00,-0.0
2025-11-19 04:00:00+00:00,-0.0
2025-11-19 05:00:00+00:00,-0.0
2025-11-19 06:00:00+00:00,-0.0
2025-11-19 07:00:00+00:00,-0.0
2025-11-19 08:00:00+00:00,-0.0
2025-11-19 09:00:00+00:00,-0.0
2025-11-19 10:00:00+00:00,-0.0
2025-11-19 11:00:00+00:00,-0.0
2025-11-19 12:00:00+00:00,-0.0
2025-11-19 13:00:00+00:00,-0.0
2025-11-19 14:00:00+00:00,-0.0
2025-11-19 15:00:00+00:00,-0.0
2025-11-19 16:00:00+00:00,-0.0
2025-11-19 17:00:00+00:00,-0.0
2025-11-19 18:00:00+00:00,-0.0
2025-11-19 19:00:00+00:00,-0.0
2025-11-19 20:00:00+00:00,-0.0
2025-11-19 21:00:00+00:00,-0.0
2025-11-19 22:00:00+00:00,-0.0
2025-11-19 23:00:00+00:00,-0.0
2025-11-20 00:00:00+00:00,-0.0
2025-11-20 01:00:00+00:00,-0.0
2025-11-20 02:00:00+00:00,-0.0
2025-11-20 03:00:00+00:00,-0.0
2025-11-20 04:00:00+00:00,-0.0
2025-11-20 05:00:00+00:00,-0.0
2025-11-20 06:00:00+00:00,-0.0
2025-11-20 07:00:00+00:00,-0.0
2025-11-20 08:00:00+00:00,-0.0
2025-11-20 09:00:00+00:00,-0.0
2025-11-20 10:00:00+00:00,-0.0
2025-11-20 11:00:00+00:00,-0.0
2025-11-20 12:00:00+00:00,-0.0
2025-11-20 13:00:00+00:00,-0.0
2025-11-20 14:00:00+00:00,0.010837333693354484
2025-11-20 15:00:00+00:00,-0.0
2025-11-20 16:00:00+00:00,0.05547957679957088
2025-11-20 17:00:00+00:00,-0.0
2025-11-20 18:00:00+00:00,-0.0
2025-11-20 19:00:00+00:00,-0.0
2025-11-20 20:00:00+00:00,-0.0
2025-11-20 21:00:00+00:00,-0.0
2025-11-20 22:00:00+00:00,-0.0
2025-11-20 23:00:00+00:00,-0.0
2025-11-21 00:00:00+00:00,-0.0
2025-11-21 01:00:00+00:00,-0.0
2025-11-21 02:00:00+00:00,-0.0
2025-11-21 03:00:00+00:00,-0.0
2025-11-21 04:00:00+00:00,-0.0
2025-11-21 05:00:00+00:00,-0.0
2025-11-21 06:00:00+00:00,-0.0
2025-11-21 07:00:00+00:00,-0.0
2025-11-21 08:00:00+00:00,-0.0
2025-11-21 09:00:00+00:00,-0.0
2025-11-21 10:00:00+00:00,-0.0
2025-11-21 11:00:00+00:00,-0.0
2025-11-21 12:00:00+00:00,-0.0
2025-11-21 13:00:00+00:00,-0.0
2025-11-21 14:00:00+00:00,-0.0
2025-11-21 15:00:00+00:00,-0.0
2025-11-21 16:00:00+00:00,-0.0
2025-11-21 17:00:00+00:00,-0.0
2025-11-21 18:00:00+00:00,-0.0
2025-11-21 19:00:00+00:00,-0.0
2025-11-21 20:00:00+00:00,-0.0
2025-11-21 21:00:00+00:00,-0.0
2025-11-21 22:00:00+00:00,-0.0
2025-11-21 23:00:00+00:00,-0.0
2025-11-22 00:00:00+00:00,-0.0
2025-11-22 01:00:00+00:00,-0.0
2025-11-22 02:00:00+00:00,-0.0
2025-11-22 03:00:00+00:00,-0.0
2025-11-22 04:00:00+00:00,-0.0
2025-11-22 05:00:00+00:00,-0.0
2025-11-22 06:00:00+00:00,-0.0
2025-11-22 07:00:00+00:00,-0.0
2025-11-22 08:00:00+00:00,-0.0
2025-11-22 09:00:00+00:00,-0.0
2025-11-22 10:00:00+00:00,-0.0
2025-11-22 11:00:00+00:00,-0.0
2025-11-22 12:00:00+00:00,-0.0
2025-11-22 13:00:00+00:00,-0.0
2025-11-22 14:00:00+00:00,-0.0
2025-11-22 15:00:00+00:00,-0.0
2025-11-22 16:00:00+00:00,-0.0
2025-11-22 17:00:00+00:00,-0.0
2025-11-22 18:00:00+00:00,-0.0
2025-11-22 19:00:00+00:00,-0.0
2025-11-22 20:00:00+00:00,-0.0
2025-11-22 21:00:00+00:00,-0.0
2025-11-22 22:00:00+00:00,-0.0
2025-11-22 23:00:00+00:00,-0.0
2025-11-23 00:00:00+00:00,-0.0
2025-11-23 01:00:00+00:00,-0.0
2025-11-23 02:00:00+00:00,-0.0
2025-11-23 03:00:00+00:00,-0.0
2025-11-23 04:00:00+00:00,-0.0
2025-11-23 05:00:00+00:00,-0.0
2025-11-23 06:00:00+00:00,-0.0
2025-11-23 07:00:00+00:00,-0.0
2025-11-23 08:00:00+00:00,-0.0
2025-11-23 09:00:00+00:00,-0.0
2025-11-23 10:00:00+00:00,-0.0
2025-11-23 11:00:00+00:00,-0.0
2025-11-23 12:00:00+00:00,-0.0
2025-11-23 13:00:00+00:00,-0.0
2025-11-23 14:00:00+00:00,-0.0
2025-11-23 15:00:00+00:00,-0.0
2025-11-23 16:00:00+00:00,-0.0
2025-11-23 17:00:00+00:00,-0.0
2025-11-23 18:00:00+00:00,-0.0
2025-11-23 19:00:00+00:00,-0.0
2025-11-23 20:00:00+00:00,-0.0
2025-11-23 21:00:00+00:00,-0.0
2025-11-23 22:00:00+00:00,-0.0
2025-11-23 23:00:00+00:00,-0.0
2025-11-24 00:00:00+00:00,-0.0
2025-11-24 01:00:00+00:00,-0.0
2025-11-24 02:00:00+00:00,-0.0
2025-11-24 03:00:00+00:00,-0.0
2025-11-24 04:00:00+00:00,-0.0
2025-11-24 05:00:00+00:00,-0.0
2025-11-24 06:00:00+00:00,-0.0
2025-11-24 07:00:00+00:00,-0.0
2025-11-24 08:00:00+00:00,0.022077282788985804
2025-11-24 09:00:00+00:00,-0.0
2025-11-24 10:00:00+00:00,-0.0
2025-11-24 11:00:00+00:00,-0.0
2025-11-24 12:00:00+00:00,-0.0
2025-11-24 13:00:00+00:00,-0.0
2025-11-24 14:00:00+00:00,-0.0
2025-11-24 15:00:00+00:00,-0.0
2025-11-24 16:00:00+00:00,-0.0
2025-11-24 17:00:00+00:00,-0.0
2025-11-24 18:00:00+00:00,-0.0
2025-11-24 19:00:00+00:00,-0.0
2025-11-24 20:00:00+00:00,-0.0
2025-11-24 21:00:00+00:00,-0.0
2025-11-24 22:00:00+00:00,-0.0
2025-11-24 23:00:00+00:00,-0.0
2025-11-25 00:00:00+00:00,-0.0
2025-11-25 01:00:00+00:00,-0.0
2025-11-25 02:00:00+00:00,-0.0
2025-11-25 03:00:00+00:00,-0.0
2025-11-25 04:00:00+00:00,-0.0
2025-11-25 05:00:00+00:00,-0.0
2025-11-25 06:00:00+00:00,-0.0
2025-11-25 07:00:00+00:00,-0.0
2025-11-25 08:00:00+00:00,-0.0
2025-11-25 09:00:00+00:00,-0.0
2025-11-25 10:00:00+00:00,-0.0
2025-11-25 11:00:00+00:00,-0.0
2025-11-25 12:00:00+00:00,-0.0
2025-11-25 13:00:00+00:00,-0.0
2025-11-25 14:00:00+00:00,-0.0
2025-11-25 15:00:00+00:00,-0.0
2025-11-25 16:00:00+00:00,-0.0
2025-11-25 17:00:00+00:00,-0.0
2025-11-25 18:00:00+00:00,-0.0
2025-11-25 19:00:00+00:00,-0.0
2025-11-25 20:00:00+00:00,-0.0
2025-11-25 21:00:00+00:00,-0.0
2025-11-25 22:00:00+00:00,-0.0
2025-11-25 23:00:00+00:00,-0.0
2025-11-26 00:00:00+00:00,-0.0
2025-11-26 01:00:00+00:00,-0.0
2025-11-26 02:00:00+00:00,-0.0
2025-11-26 03:00:00+00:00,-0.0
2025-11-26 04:00:00+00:00,-0.0
2025-11-26 05:00:00+00:00,-0.0
2025-11-26 06:00:00+00:00,-0.0
2025-11-26 07:00:00+00:00,-0.0
2025-11-26 08:00:00+00:00,-0.0
2025-11-26 09:00:00+00:00,-0.0
2025-11-26 10:00:00+00:00,-0.0
2025-11-26 11:00:00+00:00,-0.0
2025-11-26 12:00:00+00:00,-0.0
2025-11-26 13:00:00+00:00,-0.0
2025-11-26 14:00:00+00:00,-0.0
2025-11-26 15:00:00+00:00,-0.0
2025-11-26 16:00:00+00:00,-0.0
2025-11-26 17:00:00+00:00,-0.0
2025-11-26 18:00:00+00:00,-0.0
2025-11-26 19:00:00+00:00,-0.0
2025-11-26 20:00:00+00:00,-0.0
2025-11-26 21:00:00+00:00,-0.0
2025-11-26 22:00:00+00:00,-0.0
2025-11-26 23:00:00+00:00,-0.0
2025-11-27 00:00:00+00:00,-0.0
2025-11-27 01:00:00+00:00,-0.0
2025-11-27 02:00:00+00:00,-0.0
2025-11-27 03:00:00+00:00,-0.0
2025-11-27 04:00:00+00:00,-0.0
2025-11-27 05:00:00+00:00,-0.0
2025-11-27 06:00:00+00:00,-0.0
2025-11-27 07:00:00+00:00,-0.0
2025-11-27 08:00:00+00:00,-0.0
2025-11-27 09:00:00+00:00,-0.0
2025-11-27 10:00:00+00:00,-0.0
2025-11-27 11:00:00+00:00,-0.0
2025-11-27 12:00:00+00:00,-0.0
2025-11-27 13:00:00+00:00,-0.0
2025-11-27 14:00:00+00:00,-0.0
2025-11-27 15:00:00+00:00,-0.0
2025-11-27 16:00:00+00:00,-0.0
2025-11-27 17:00:00+00:00,-0.0
2025-11-27 18:00:00+00:00,-0.0
2025-11-27 19:00:00+00:00,-0.0
2025-11-27 20:00:00+00:00,-0.0
2025-11-27 21:00:00+00:00,-0.0
2025-11-27 22:00:00+00:00,-0.0
2025-11-27 23:00:00+00:00,-0.0
2025-11-28 00:00:00+00:00,-0.0
2025-11-28 01:00:00+00:00,-0.0
2025-11-28 02:00:00+00:00,-0.0
2025-11-28 03:00:00+00:00,-0.0
2025-11-28 04:00:00+00:00,-0.0
2025-11-28 05:00:00+00:00,-0.0
2025-11-28 06:00:00+00:00,-0.0
2025-11-28 07:00:00+00:00,-0.0
2025-11-28 08:00:00+00:00,-0.0
2025-11-28 09:00:00+00:00,-0.0
2025-11-28 10:00:00+00:00,-0.0
2025-11-28 11:00:00+00:00,-0.0
2025-11-28 12:00:00+00:00,-0.0
2025-11-28 13:00:00+00:00,-0.0
2025-11-28 14:00:00+00:00,-0.0
2025-11-28 15:00:00+00:00,-0.0
2025-11-28 16:00:00+00:00,-0.0
2025-11-28 17:00:00+00:00,-0.0
2025-11-28 18:00:00+00:00,-0.0
2025-11-28 19:00:00+00:00,-0.0
2025-11-28 20:00:00+00:00,-0.0
2025-11-28 21:00:00+00:00,-0.0
2025-11-28 22:00:00+00:00,-0.0
2025-11-28 23:00:00+00:00,-0.0
2025-11-29 00:00:00+00:00,-0.0
2025-11-29 01:00:00+00:00,-0.0
2025-11-29 02:00:00+00:00,-0.0
2025-11-29 03:00:00+00:00,-0.0
2025-11-29 04:00:00+00:00,-0.0
2025-11-29 05:00:00+00:00,-0.0
2025-11-29 06:00:00+00:00,-0.0
2025-11-29 07:00:00+00:00,-0.0
2025-11-29 08:00:00+00:00,-0.0
2025-11-29 09:00:00+00:00,-0.0
2025-11-29 10:00:00+00:00,-0.0
2025-11-29 11:00:00+00:00,-0.0
2025-11-29 12:00:00+00:00,-0.0
2025-11-29 13:00:00+00:00,-0.0
2025-11-29 14:00:00+00:00,-0.0
2025-11-29 15:00:00+00:00,-0.0
2025-11-29 16:00:00+00:00,-0.0
2025-11-29 17:00:00+00:00,-0.0
2025-11-29 18:00:00+00:00,-0.0
2025-11-29 19:00:00+00:00,-0.0
2025-11-29 20:00:00+00:00,-0.0
2025-11-29 21:00:00+00:00,-0.0
2025-11-29 22:00:00+00:00,-0.0
2025-11-29 23:00:00+00:00,-0.0
2025-11-30 00:00:00+00:00,-0.0
2025-11-30 01:00:00+00:00,-0.0
2025-11-30 02:00:00+00:00,-0.0
2025-11-30 03:00:00+00:00,-0.0
2025-11-30 04:00:00+00:00,-0.0
2025-11-30 05:00:00+00:00,-0.0
2025-11-30 06:00:00+00:00,-0.0
2025-11-30 07:00:00+00:00,-0.0
2025-11-30 08:00:00+00:00,-0.0
2025-11-30 09:00:00+00:00,-0.0
2025-11-30 10:00:00+00:00,-0.0
2025-11-30 11:00:00+00:00,-0.0
2025-11-30 12:00:00+00:00,-0.0
2025-11-30 13:00:00+00:00,-0.0
2025-11-30 14:00:00+00:00,-0.0
2025-11-30 15:00:00+00:00,-0.0
2025-11-30 16:00:00+00:00,-0.0
2025-11-30 17:00:00+00:00,-0.0
2025-11-30 18:00:00+00:00,-0.0
2025-11-30 19:00:00+00:00,-0.0
2025-11-30 20:00:00+00:00,-0.0
2025-11-30 21:00:00+00:00,-0.0
2025-11-30 22:00:00+00:00,-0.0
2025-11-30 23:00:00+00:00,-0.0
2025-12-01 00:00:00+00:00,-0.0
2025-12-01 01:00:00+00:00,-0.0
2025-12-01 02:00:00+00:00,-0.0
2025-12-01 03:00:00+00:00,-0.0
2025-12-01 04:00:00+00:00,-0.0
2025-12-01 05:00:00+00:00,-0.0
2025-12-01 06:00:00+00:00,-0.0
2025-12-01 07:00:00+00:00,-0.0
2025-12-01 08:00:00+00:00,-0.0
2025-12-01 09:00:00+00:00,-0.0
2025-12-01 10:00:00+00:00,-0.0
2025-12-01 11:00:00+00:00,-0.0
2025-12-01 12:00:00+00:00,-0.0
2025-12-01 13:00:00+00:00,-0.0
2025-12-01 14:00:00+00:00,-0.0
2025-12-01 15:00:00+00:00,-0.0
2025-12-01 16:00:00+00:00,-0.0
2025-12-01 17:00:00+00:00,-0.0
2025-12-01 18:00:00+00:00,-0.0
2025-12-01 19:00:00+00:00,-0.0
2025-12-01 20:00:00+00:00,-0.0
2025-12-01 21:00:00+00:00,-0.0
2025-12-01 22:00:00+00:00,-0.0
2025-12-01 23:00:00+00:00,-0.0
2025-12-02 00:00:00+00:00,-0.0
2025-12-02 01:00:00+00:00,-0.0
2025-12-02 02:00:00+00:00,-0.0
2025-12-02 03:00:00+00:00,-0.0
2025-12-02 04:00:00+00:00,-0.0
2025-12-02 05:00:00+00:00,-0.0
2025-12-02 06:00:00+00:00,-0.0
2025-12-02 07:00:00+00:00,-0.0
2025-12-02 08:00:00+00:00,-0.0
2025-12-02 09:00:00+00:00,-0.0
2025-12-02 10:00:00+00:00,-0.0
2025-12-02 11:00:00+00:00,-0.0
2025-12-02 12:00:00+00:00,-0.0
2025-12-02 13:00:00+00:00,-0.0
2025-12-02 14:00:00+00:00,-0.0
2025-12-02 15:00:00+00:00,-0.0
2025-12-02 16:00:00+00:00,-0.0
2025-12-02 17:00:00+00:00,-0.0
2025-12-02 18:00:00+00:00,-0.0
2025-12-02 19:00:00+00:00,-0.0
2025-12-02 20:00:00+00:00,-0.0
2025-12-02 21:00:00+00:00,-0.0
2025-12-02 22:00:00+00:00,-0.0
2025-12-02 23:00:00+00:00,-0.0
2025-12-03 00:00:00+00:00,-0.0
2025-12-03 01:00:00+00:00,-0.0
2025-12-03 02:00:00+00:00,-0.0
2025-12-03 03:00:00+00:00,-0.0
2025-12-03 04:00:00+00:00,-0.0
2025-12-03 05:00:00+00:00,-0.0
2025-12-03 06:00:00+00:00,-0.0
2025-12-03 07:00:00+00:00,-0.0
2025-12-03 08:00:00+00:00,-0.0
2025-12-03 09:00:00+00:00,-0.0
2025-12-03 10:00:00+00:00,-0.0
2025-12-03 11:00:00+00:00,-0.0
2025-12-03 12:00:00+00:00,-0.0
2025-12-03 13:00:00+00:00,-0.0
2025-12-03 14:00:00+00:00,0.018931427994556313
2025-12-03 15:00:00+00:00,-0.0
2025-12-03 16:00:00+00:00,-0.0
2025-12-03 17:00:00+00:00,-0.0
2025-12-03 18:00:00+00:00,-0.0
2025-12-03 19:00:00+00:00,-0.0
2025-12-03 20:00:00+00:00,-0.0
2025-12-03 21:00:00+00:00,-0.0
2025-12-03 22:00:00+00:00,-0.0
2025-12-03 23:00:00+00:00,-0.0
2025-12-04 00:00:00+00:00,-0.0
2025-12-04 01:00:00+00:00,-0.0
2025-12-04 02:00:00+00:00,-0.0
2025-12-04 03:00:00+00:00,-0.0
2025-12-04 04:00:00+00:00,-0.0
2025-12-04 05:00:00+00:00,-0.0
2025-12-04 06:00:00+00:00,-0.0
2025-12-04 07:00:00+00:00,-0.0
2025-12-04 08:00:00+00:00,-0.0
2025-12-04 09:00:00+00:00,-0.0
2025-12-04 10:00:00+00:00,-0.0
2025-12-04 11:00:00+00:00,-0.0
2025-12-04 12:00:00+00:00,-0.0
2025-12-04 13:00:00+00:00,-0.0
2025-12-04 14:00:00+00:00,-0.0
2025-12-04 15:00:00+00:00,-0.0
2025-12-04 16:00:00+00:00,-0.0
2025-12-04 17:00:00+00:00,-0.0
2025-12-04 18:00:00+00:00,-0.0
2025-12-04 19:00:00+00:00,-0.0
2025-12-04 20:00:00+00:00,-0.0
2025-12-04 21:00:00+00:00,-0.0
2025-12-04 22:00:00+00:00,-0.0
2025-12-04 23:00:00+00:00,-0.0
2025-12-05 00:00:00+00:00,-0.0
2025-12-05 01:00:00+00:00,-0.0
2025-12-05 02:00:00+00:00,-0.0
2025-12-05 03:00:00+00:00,-0.0
2025-12-05 04:00:00+00:00,-0.0
2025-12-05 05:00:00+00:00,-0.0
2025-12-05 06:00:00+00:00,-0.0
2025-12-05 07:00:00+00:00,-0.0
2025-12-05 08:00:00+00:00,-0.0
2025-12-05 09:00:00+00:00,-0.0
2025-12-05 10:00:00+00:00,-0.0
2025-12-05 11:00:00+00:00,-0.0
2025-12-05 12:00:00+00:00,-0.0
2025-12-05 13:00:00+00:00,-0.0
2025-12-05 14:00:00+00:00,-0.0
2025-12-05 15:00:00+00:00,-0.0
2025-12-05 16:00:00+00:00,-0.0
2025-12-05 17:00:00+00:00,-0.0
2025-12-05 18:00:00+00:00,-0.0
2025-12-05 19:00:00+00:00,-0.0
2025-12-05 20:00:00+00:00,-0.0
2025-12-05 21:00:00+00:00,-0.0
2025-12-05 22:00:00+00:00,-0.0
2025-12-05 23:00:00+00:00,-0.0
2025-12-06 00:00:00+00:00,-0.0
2025-12-06 01:00:00+00:00,-0.0
2025-12-06 02:00:00+00:00,-0.0
2025-12-06 03:00:00+00:00,-0.0
2025-12-06 04:00:00+00:00,-0.0
2025-12-06 05:00:00+00:00,-0.0
2025-12-06 06:00:00+00:00,-0.0
2025-12-06 07:00:00+00:00,-0.0
2025-12-06 08:00:00+00:00,-0.0
2025-12-06 09:00:00+00:00,-0.0
2025-12-06 10:00:00+00:00,-0.0
2025-12-06 11:00:00+00:00,-0.0
2025-12-06 12:00:00+00:00,-0.0
2025-12-06 13:00:00+00:00,-0.0
2025-12-06 14:00:00+00:00,-0.0
2025-12-06 15:00:00+00:00,-0.0
2025-12-06 16:00:00+00:00,-0.0
2025-12-06 17:00:00+00:00,-0.0
2025-12-06 18:00:00+00:00,-0.0
2025-12-06 19:00:00+00:00,-0.0
2025-12-06 20:00:00+00:00,-0.0
2025-12-06 21:00:00+00:00,-0.0
2025-12-06 22:00:00+00:00,-0.0
2025-12-06 23:00:00+00:00,-0.0
2025-12-07 00:00:00+00:00,-0.0
2025-12-07 01:00:00+00:00,-0.0
2025-12-07 02:00:00+00:00,-0.0
2025-12-07 03:00:00+00:00,-0.0
2025-12-07 04:00:00+00:00,-0.0
2025-12-07 05:00:00+00:00,-0.0
2025-12-07 06:00:00+00:00,-0.0
2025-12-07 07:00:00+00:00,-0.0
2025-12-07 08:00:00+00:00,-0.0
2025-12-07 09:00:00+00:00,-0.0
2025-12-07 10:00:00+00:00,-0.0
2025-12-07 11:00:00+00:00,-0.0
2025-12-07 12:00:00+00:00,-0.0
2025-12-07 13:00:00+00:00,-0.0
2025-12-07 14:00:00+00:00,-0.0
2025-12-07 15:00:00+00:00,-0.0
2025-12-07 16:00:00+00:00,-0.0
2025-12-07 17:00:00+00:00,-0.0
2025-12-07 18:00:00+00:00,-0.0
2025-12-07 19:00:00+00:00,-0.0
2025-12-07 20:00:00+00:00,-0.0
2025-12-07 21:00:00+00:00,-0.0
2025-12-07 22:00:00+00:00,-0.0
2025-12-07 23:00:00+00:00,-0.0
2025-12-08 00:00:00+00:00,-0.0
2025-12-08 01:00:00+00:00,-0.0
2025-12-08 02:00:00+00:00,-0.0
2025-12-08 03:00:00+00:00,-0.0
2025-12-08 04:00:00+00:00,-0.0
2025-12-08 05:00:00+00:00,-0.0
2025-12-08 06:00:00+00:00,-0.0
2025-12-08 07:00:00+00:00,-0.0
2025-12-08 08:00:00+00:00,-0.0
2025-12-08 09:00:00+00:00,-0.0
2025-12-08 10:00:00+00:00,-0.0
2025-12-08 11:00:00+00:00,-0.0
2025-12-08 12:00:00+00:00,-0.0
2025-12-08 13:00:00+00:00,-0.0
2025-12-08 14:00:00+00:00,-0.0
2025-12-08 15:00:00+00:00,-0.0
2025-12-08 16:00:00+00:00,-0.0
2025-12-08 17:00:00+00:00,-0.0
2025-12-08 18:00:00+00:00,-0.0
2025-12-08 19:00:00+00:00,-0.0
2025-12-08 20:00:00+00:00,-0.0
2025-12-08 21:00:00+00:00,-0.0
2025-12-08 22:00:00+00:00,-0.0
2025-12-08 23:00:00+00:00,-0.0
2025-12-09 00:00:00+00:00,-0.0
2025-12-09 01:00:00+00:00,-0.0
2025-12-09 02:00:00+00:00,-0.0
2025-12-09 03:00:00+00:00,-0.0
2025-12-09 04:00:00+00:00,-0.0
2025-12-09 05:00:00+00:00,-0.0
2025-12-09 06:00:00+00:00,-0.0
2025-12-09 07:00:00+00:00,-0.0
2025-12-09 08:00:00+00:00,-0.0
2025-12-09 09:00:00+00:00,-0.0
2025-12-09 10:00:00+00:00,-0.0
2025-12-09 11:00:00+00:00,-0.0
2025-12-09 12:00:00+00:00,-0.0
2025-12-09 13:00:00+00:00,-0.0
2025-12-09 14:00:00+00:00,-0.0
2025-12-09 15:00:00+00:00,-0.0
2025-12-09 16:00:00+00:00,-0.0
2025-12-09 17:00:00+00:00,-0.0
2025-12-09 18:00:00+00:00,-0.0
2025-12-09 19:00:00+00:00,-0.0
2025-12-09 20:00:00+00:00,-0.0
2025-12-09 21:00:00+00:00,-0.0
2025-12-09 22:00:00+00:00,-0.0
2025-12-09 23:00:00+00:00,-0.0
2025-12-10 00:00:00+00:00,-0.0
2025-12-10 01:00:00+00:00,-0.0
2025-12-10 02:00:00+00:00,-0.0
2025-12-10 03:00:00+00:00,-0.0
2025-12-10 04:00:00+00:00,-0.0
2025-12-10 05:00:00+00:00,-0.0
2025-12-10 06:00:00+00:00,-0.0
2025-12-10 07:00:00+00:00,-0.0
2025-12-10 08:00:00+00:00,-0.0
2025-12-10 09:00:00+00:00,-0.0
2025-12-10 10:00:00+00:00,-0.0
2025-12-10 11:00:00+00:00,-0.0
2025-12-10 12:00:00+00:00,-0.0
2025-12-10 13:00:00+00:00,-0.0
2025-12-10 14:00:00+00:00,-0.0
2025-12-10 15:00:00+00:00,-0.0
2025-12-10 16:00:00+00:00,-0.0
2025-12-10 17:00:00+00:00,-0.0
2025-12-10 18:00:00+00:00,-0.0
2025-12-10 19:00:00+00:00,-0.0
2025-12-10 20:00:00+00:00,-0.0
2025-12-10 21:00:00+00:00,-0.0
2025-12-10 22:00:00+00:00,-0.0
2025-12-10 23:00:00+00:00,-0.0
2025-12-11 00:00:00+00:00,-0.0
2025-12-11 01:00:00+00:00,-0.0
2025-12-11 02:00:00+00:00,-0.0
2025-12-11 03:00:00+00:00,-0.0
2025-12-11 04:00:00+00:00,-0.0
2025-12-11 05:00:00+00:00,-0.0
2025-12-11 06:00:00+00:00,-0.0
2025-12-11 07:00:00+00:00,-0.0
2025-12-11 08:00:00+00:00,-0.0
2025-12-11 09:00:00+00:00,-0.0
2025-12-11 10:00:00+00:00,-0.0
2025-12-11 11:00:00+00:00,-0.0
2025-12-11 12:00:00+00:00,-0.0
2025-12-11 13:00:00+00:00,-0.0
2025-12-11 14:00:00+00:00,-0.0
2025-12-11 15:00:00+00:00,-0.0
2025-12-11 16:00:00+00:00,-0.0
2025-12-11 17:00:00+00:00,-0.0
2025-12-11 18:00:00+00:00,-0.0
2025-12-11 19:00:00+00:00,-0.0
2025-12-11 20:00:00+00:00,-0.0
2025-12-11 21:00:00+00:00,-0.0
2025-12-11 22:00:00+00:00,-0.0
2025-12-11 23:00:00+00:00,-0.0
2025-12-12 00:00:00+00:00,-0.0
2025-12-12 01:00:00+00:00,-0.0
2025-12-12 02:00:00+00:00,-0.0
2025-12-12 03:00:00+00:00,-0.0
2025-12-12 04:00:00+00:00,-0.0
2025-12-12 05:00:00+00:00,-0.0
2025-12-12 06:00:00+00:00,-0.0
2025-12-12 07:00:00+00:00,-0.0
2025-12-12 08:00:00+00:00,-0.0
2025-12-12 09:00:00+00:00,-0.0
2025-12-12 10:00:00+00:00,-0.0
2025-12-12 11:00:00+00:00,-0.0
2025-12-12 12:00:00+00:00,-0.0
2025-12-12 13:00:00+00:00,-0.0
2025-12-12 14:00:00+00:00,-0.0
2025-12-12 15:00:00+00:00,-0.0
2025-12-12 16:00:00+00:00,-0.0
2025-12-12 17:00:00+00:00,-0.0
2025-12-12 18:00:00+00:00,-0.0
2025-12-12 19:00:00+00:00,-0.0
2025-12-12 20:00:00+00:00,-0.0
2025-12-12 21:00:00+00:00,-0.0
2025-12-12 22:00:00+00:00,-0.0
2025-12-12 23:00:00+00:00,-0.0
2025-12-13 00:00:00+00:00,-0.0
2025-12-13 01:00:00+00:00,-0.0
2025-12-13 02:00:00+00:00,-0.0
2025-12-13 03:00:00+00:00,-0.0
2025-12-13 04:00:00+00:00,-0.0
2025-12-13 05:00:00+00:00,-0.0
2025-12-13 06:00:00+00:00,-0.0
2025-12-13 07:00:00+00:00,-0.0
2025-12-13 08:00:00+00:00,-0.0
2025-12-13 09:00:00+00:00,-0.0
2025-12-13 10:00:00+00:00,-0.0
2025-12-13 11:00:00+00:00,-0.0
2025-12-13 12:00:00+00:00,-0.0
2025-12-13 13:00:00+00:00,-0.0
2025-12-13 14:00:00+00:00,-0.0
2025-12-13 15:00:00+00:00,-0.0
2025-12-13 16:00:00+00:00,-0.0
2025-12-13 17:00:00+00:00,-0.0
2025-12-13 18:00:00+00:00,-0.0
2025-12-13 19:00:00+00:00,-0.0
2025-12-13 20:00:00+00:00,-0.0
2025-12-13 21:00:00+00:00,-0.0
2025-12-13 22:00:00+00:00,-0.0
2025-12-13 23:00:00+00:00,-0.0
2025-12-14 00:00:00+00:00,-0.0
2025-12-14 01:00:00+00:00,-0.0
2025-12-14 02:00:00+00:00,-0.0
2025-12-14 03:00:00+00:00,-0.0
2025-12-14 04:00:00+00:00,-0.0
2025-12-14 05:00:00+00:00,-0.0
2025-12-14 06:00:00+00:00,-0.0
2025-12-14 07:00:00+00:00,-0.0
2025-12-14 08:00:00+00:00,-0.0
2025-12-14 09:00:00+00:00,-0.0
2025-12-14 10:00:00+00:00,-0.0
2025-12-14 11:00:00+00:00,-0.0
2025-12-14 12:00:00+00:00,-0.0
2025-12-14 13:00:00+00:00,-0.0
2025-12-14 14:00:00+00:00,-0.0
2025-12-14 15:00:00+00:00,-0.0
2025-12-14 16:00:00+00:00,-0.0
2025-12-14 17:00:00+00:00,-0.0
2025-12-14 18:00:00+00:00,-0.0
2025-12-14 19:00:00+00:00,-0.0
2025-12-14 20:00:00+00:00,-0.0
2025-12-14 21:00:00+00:00,-0.0
2025-12-14 22:00:00+00:00,-0.0
2025-12-14 23:00:00+00:00,-0.0
2025-12-15 00:00:00+00:00,-0.0
2025-12-15 01:00:00+00:00,-0.0
2025-12-15 02:00:00+00:00,-0.0
2025-12-15 03:00:00+00:00,-0.0
2025-12-15 04:00:00+00:00,-0.0
2025-12-15 05:00:00+00:00,-0.0
2025-12-15 06:00:00+00:00,-0.0
2025-12-15 07:00:00+00:00,-0.0
2025-12-15 08:00:00+00:00,-0.0
2025-12-15 09:00:00+00:00,-0.0
2025-12-15 10:00:00+00:00,-0.0
2025-12-15 11:00:00+00:00,-0.0
2025-12-15 12:00:00+00:00,-0.0
2025-12-15 13:00:00+00:00,-0.0
2025-12-15 14:00:00+00:00,0.016442340135494667
2025-12-15 15:00:00+00:00,-0.0
2025-12-15 16:00:00+00:00,-0.0
2025-12-15 17:00:00+00:00,-0.0
2025-12-15 18:00:00+00:00,-0.0
2025-12-15 19:00:00+00:00,-0.0
2025-12-15 20:00:00+00:00,-0.0
2025-12-15 21:00:00+00:00,-0.0
2025-12-15 22:00:00+00:00,-0.0
2025-12-15 23:00:00+00:00,-0.0
2025-12-16 00:00:00+00:00,-0.0
2025-12-16 01:00:00+00:00,-0.0
2025-12-16 02:00:00+00:00,-0.0
2025-12-16 03:00:00+00:00,-0.0
2025-12-16 04:00:00+00:00,-0.0
2025-12-16 05:00:00+00:00,-0.0
2025-12-16 06:00:00+00:00,-0.0
2025-12-16 07:00:00+00:00,-0.0
2025-12-16 08:00:00+00:00,-0.0
2025-12-16 09:00:00+00:00,-0.0
2025-12-16 10:00:00+00:00,-0.0
2025-12-16 11:00:00+00:00,-0.0
2025-12-16 12:00:00+00:00,-0.0
2025-12-16 13:00:00+00:00,-0.0
2025-12-16 14:00:00+00:00,-0.0
2025-12-16 15:00:00+00:00,-0.0
2025-12-16 16:00:00+00:00,-0.0
2025-12-16 17:00:00+00:00,-0.0
2025-12-16 18:00:00+00:00,-0.0
2025-12-16 19:00:00+00:00,-0.0
2025-12-16 20:00:00+00:00,-0.0
2025-12-16 21:00:00+00:00,-0.0
2025-12-16 22:00:00+00:00,-0.0
2025-12-16 23:00:00+00:00,-0.0
2025-12-17 00:00:00+00:00,-0.0
2025-12-17 01:00:00+00:00,-0.0
2025-12-17 02:00:00+00:00,-0.0
2025-12-17 03:00:00+00:00,-0.0
2025-12-17 04:00:00+00:00,-0.0
2025-12-17 05:00:00+00:00,-0.0
2025-12-17 06:00:00+00:00,-0.0
2025-12-17 07:00:00+00:00,-0.0
2025-12-17 08:00:00+00:00,-0.0
2025-12-17 09:00:00+00:00,-0.0
2025-12-17 10:00:00+00:00,-0.0
2025-12-17 11:00:00+00:00,-0.0
2025-12-17 12:00:00+00:00,-0.0
2025-12-17 13:00:00+00:00,-0.0
2025-12-17 14:00:00+00:00,-0.0
2025-12-17 15:00:00+00:00,-0.0
2025-12-17 16:00:00+00:00,-0.0
2025-12-17 17:00:00+00:00,-0.0
2025-12-17 18:00:00+00:00,-0.0
2025-12-17 19:00:00+00:00,-0.0
2025-12-17 20:00:00+00:00,-0.0
2025-12-17 21:00:00+00:00,-0.0
2025-12-17 22:00:00+00:00,-0.0
2025-12-17 23:00:00+00:00,-0.0
2025-12-18 00:00:00+00:00,-0.0
2025-12-18 01:00:00+00:00,-0.0
2025-12-18 02:00:00+00:00,-0.0
2025-12-18 03:00:00+00:00,-0.0
2025-12-18 04:00:00+00:00,-0.0
2025-12-18 05:00:00+00:00,-0.0
2025-12-18 06:00:00+00:00,-0.0
2025-12-18 07:00:00+00:00,-0.0
2025-12-18 08:00:00+00:00,-0.0
2025-12-18 09:00:00+00:00,-0.0
2025-12-18 10:00:00+00:00,-0.0
2025-12-18 11:00:00+00:00,-0.0
2025-12-18 12:00:00+00:00,-0.0
2025-12-18 13:00:00+00:00,-0.0
2025-12-18 14:00:00+00:00,-0.0
2025-12-18 15:00:00+00:00,-0.0
2025-12-18 16:00:00+00:00,-0.0
2025-12-18 17:00:00+00:00,-0.0
2025-12-18 18:00:00+00:00,-0.0
2025-12-18 19:00:00+00:00,-0.0
2025-12-18 20:00:00+00:00,-0.0
2025-12-18 21:00:00+00:00,-0.0
2025-12-18 22:00:00+00:00,-0.0
2025-12-18 23:00:00+00:00,-0.0
2025-12-19 00:00:00+00:00,-0.0
2025-12-19 01:00:00+00:00,-0.0
2025-12-19 02:00:00+00:00,-0.0
2025-12-19 03:00:00+00:00,-0.0
2025-12-19 04:00:00+00:00,-0.0
2025-12-19 05:00:00+00:00,-0.0
2025-12-19 06:00:00+00:00,-0.0
2025-12-19 07:00:00+00:00,-0.0
2025-12-19 08:00:00+00:00,-0.0
2025-12-19 09:00:00+00:00,-0.0
2025-12-19 10:00:00+00:00,-0.0
2025-12-19 11:00:00+00:00,-0.0
2025-12-19 12:00:00+00:00,-0.0
2025-12-19 13:00:00+00:00,-0.0
2025-12-19 14:00:00+00:00,-0.0
2025-12-19 15:00:00+00:00,-0.0
2025-12-19 16:00:00+00:00,-0.0
2025-12-19 17:00:00+00:00,-0.0
2025-12-19 18:00:00+00:00,-0.0
2025-12-19 19:00:00+00:00,-0.0
2025-12-19 20:00:00+00:00,-0.0
2025-12-19 21:00:00+00:00,-0.0
2025-12-19 22:00:00+00:00,-0.0
2025-12-19 23:00:00+00:00,-0.0
2025-12-20 00:00:00+00:00,-0.0
2025-12-20 01:00:00+00:00,-0.0
2025-12-20 02:00:00+00:00,-0.0
2025-12-20 03:00:00+00:00,-0.0
2025-12-20 04:00:00+00:00,-0.0
2025-12-20 05:00:00+00:00,-0.0
2025-12-20 06:00:00+00:00,-0.0
2025-12-20 07:00:00+00:00,-0.0
2025-12-20 08:00:00+00:00,-0.0
2025-12-20 09:00:00+00:00,-0.0
2025-12-20 10:00:00+00:00,-0.0
2025-12-20 11:00:00+00:00,-0.0
2025-12-20 12:00:00+00:00,-0.0
2025-12-20 13:00:00+00:00,-0.0
2025-12-20 14:00:00+00:00,-0.0
2025-12-20 15:00:00+00:00,-0.0
2025-12-20 16:00:00+00:00,-0.0
2025-12-20 17:00:00+00:00,-0.0
2025-12-20 18:00:00+00:00,-0.0
2025-12-20 19:00:00+00:00,-0.0
2025-12-20 20:00:00+00:00,-0.0
2025-12-20 21:00:00+00:00,-0.0
2025-12-20 22:00:00+00:00,-0.0
2025-12-20 23:00:00+00:00,-0.0
2025-12-21 00:00:00+00:00,-0.0
2025-12-21 01:00:00+00:00,-0.0
2025-12-21 02:00:00+00:00,-0.0
2025-12-21 03:00:00+00:00,-0.0
2025-12-21 04:00:00+00:00,-0.0
2025-12-21 05:00:00+00:00,-0.0
2025-12-21 06:00:00+00:00,-0.0
2025-12-21 07:00:00+00:00,-0.0
2025-12-21 08:00:00+00:00,-0.0
2025-12-21 09:00:00+00:00,-0.0
2025-12-21 10:00:00+00:00,-0.0
2025-12-21 11:00:00+00:00,-0.0
2025-12-21 12:00:00+00:00,-0.0
2025-12-21 13:00:00+00:00,0.02499290175651614
2025-12-21 14:00:00+00:00,-0.0
2025-12-21 15:00:00+00:00,-0.0
2025-12-21 16:00:00+00:00,-0.0
2025-12-21 17:00:00+00:00,-0.0
2025-12-21 18:00:00+00:00,-0.0
2025-12-21 19:00:00+00:00,-0.0
2025-12-21 20:00:00+00:00,-0.0
2025-12-21 21:00:00+00:00,-0.0
2025-12-21 22:00:00+00:00,-0.0
2025-12-21 23:00:00+00:00,-0.0
2025-12-22 00:00:00+00:00,-0.0
2025-12-22 01:00:00+00:00,-0.0
2025-12-22 02:00:00+00:00,-0.0
2025-12-22 03:00:00+00:00,-0.0
2025-12-22 04:00:00+00:00,-0.0
2025-12-22 05:00:00+00:00,-0.0
2025-12-22 06:00:00+00:00,-0.0
2025-12-22 07:00:00+00:00,-0.0
2025-12-22 08:00:00+00:00,-0.0
2025-12-22 09:00:00+00:00,-0.0
2025-12-22 10:00:00+00:00,-0.0
2025-12-22 11:00:00+00:00,-0.0
2025-12-22 12:00:00+00:00,-0.0
2025-12-22 13:00:00+00:00,-0.0
2025-12-22 14:00:00+00:00,-0.0
2025-12-22 15:00:00+00:00,-0.0
2025-12-22 16:00:00+00:00,-0.0
2025-12-22 17:00:00+00:00,-0.0
2025-12-22 18:00:00+00:00,-0.0
2025-12-22 19:00:00+00:00,-0.0
2025-12-22 20:00:00+00:00,-0.0
2025-12-22 21:00:00+00:00,-0.0
2025-12-22 22:00:00+00:00,-0.0
2025-12-22 23:00:00+00:00,-0.0
2025-12-23 00:00:00+00:00,-0.0
2025-12-23 01:00:00+00:00,-0.0
2025-12-23 02:00:00+00:00,-0.0
2025-12-23 03:00:00+00:00,-0.0
2025-12-23 04:00:00+00:00,-0.0
2025-12-23 05:00:00+00:00,-0.0
2025-12-23 06:00:00+00:00,0.020454754486585288
2025-12-23 07:00:00+00:00,-0.0
2025-12-23 08:00:00+00:00,-0.0
2025-12-23 09:00:00+00:00,-0.0
2025-12-23 10:00:00+00:00,-0.0
2025-12-23 11:00:00+00:00,-0.0
2025-12-23 12:00:00+00:00,-0.0
2025-12-23 13:00:00+00:00,-0.0
2025-12-23 14:00:00+00:00,-0.0
2025-12-23 15:00:00+00:00,-0.0
2025-12-23 16:00:00+00:00,-0.0
2025-12-23 17:00:00+00:00,-0.0
2025-12-23 18:00:00+00:00,-0.0
2025-12-23 19:00:00+00:00,-0.0
2025-12-23 20:00:00+00:00,-0.0
2025-12-23 21:00:00+00:00,-0.0
2025-12-23 22:00:00+00:00,-0.0
2025-12-23 23:00:00+00:00,-0.0
2025-12-24 00:00:00+00:00,-0.0
2025-12-24 01:00:00+00:00,-0.0
2025-12-24 02:00:00+00:00,-0.0
2025-12-24 03:00:00+00:00,-0.0
2025-12-24 04:00:00+00:00,-0.0
2025-12-24 05:00:00+00:00,-0.0
2025-12-24 06:00:00+00:00,-0.0
2025-12-24 07:00:00+00:00,-0.0
2025-12-24 08:00:00+00:00,-0.0
2025-12-24 09:00:00+00:00,-0.0
2025-12-24 10:00:00+00:00,-0.0
2025-12-24 11:00:00+00:00,-0.0
2025-12-24 12:00:00+00:00,-0.0
2025-12-24 13:00:00+00:00,-0.0
2025-12-24 14:00:00+00:00,-0.0
2025-12-24 15:00:00+00:00,-0.0
2025-12-24 16:00:00+00:00,-0.0
2025-12-24 17:00:00+00:00,-0.0
2025-12-24 18:00:00+00:00,-0.0
2025-12-24 19:00:00+00:00,-0.0
2025-12-24 20:00:00+00:00,-0.0
2025-12-24 21:00:00+00:00,-0.0
2025-12-24 22:00:00+00:00,-0.0
2025-12-24 23:00:00+00:00,-0.0
2025-12-25 00:00:00+00:00,-0.0
2025-12-25 01:00:00+00:00,-0.0
2025-12-25 02:00:00+00:00,-0.0
2025-12-25 03:00:00+00:00,-0.0
2025-12-25 04:00:00+00:00,-0.0
2025-12-25 05:00:00+00:00,-0.0
2025-12-25 06:00:00+00:00,-0.0
2025-12-25 07:00:00+00:00,-0.0
2025-12-25 08:00:00+00:00,-0.0
2025-12-25 09:00:00+00:00,-0.0
2025-12-25 10:00:00+00:00,-0.0
2025-12-25 11:00:00+00:00,-0.0
2025-12-25 12:00:00+00:00,-0.0
2025-12-25 13:00:00+00:00,-0.0
2025-12-25 14:00:00+00:00,-0.0
2025-12-25 15:00:00+00:00,-0.0
2025-12-25 16:00:00+00:00,-0.0
2025-12-25 17:00:00+00:00,-0.0
2025-12-25 18:00:00+00:00,-0.0
2025-12-25 19:00:00+00:00,-0.0
2025-12-25 20:00:00+00:00,-0.0
2025-12-25 21:00:00+00:00,-0.0
2025-12-25 22:00:00+00:00,-0.0
2025-12-25 23:00:00+00:00,-0.0
2025-12-26 00:00:00+00:00,-0.0
2025-12-26 01:00:00+00:00,-0.0
2025-12-26 02:00:00+00:00,-0.0
2025-12-26 03:00:00+00:00,-0.032392555343337154
2025-12-26 04:00:00+00:00,-0.0
2025-12-26 05:00:00+00:00,-0.0
2025-12-26 06:00:00+00:00,-0.0
2025-12-26 07:00:00+00:00,-0.0
2025-12-26 08:00:00+00:00,-0.0
2025-12-26 09:00:00+00:00,-0.0
2025-12-26 10:00:00+00:00,-0.0
2025-12-26 11:00:00+00:00,-0.0
2025-12-26 12:00:00+00:00,-0.0
2025-12-26 13:00:00+00:00,-0.0
2025-12-26 14:00:00+00:00,0.010768552655923632
2025-12-26 15:00:00+00:00,-0.0
2025-12-26 16:00:00+00:00,-0.0
2025-12-26 17:00:00+00:00,-0.0
2025-12-26 18:00:00+00:00,-0.0
2025-12-26 19:00:00+00:00,-0.0
2025-12-26 20:00:00+00:00,-0.0
2025-12-26 21:00:00+00:00,-0.0
2025-12-26 22:00:00+00:00,-0.0
2025-12-26 23:00:00+00:00,-0.0
2025-12-27 00:00:00+00:00,-0.0
2025-12-27 01:00:00+00:00,-0.0
2025-12-27 02:00:00+00:00,-0.0
2025-12-27 03:00:00+00:00,-0.0
2025-12-27 04:00:00+00:00,-0.0
2025-12-27 05:00:00+00:00,-0.0
2025-12-27 06:00:00+00:00,-0.0
2025-12-27 07:00:00+00:00,-0.0
2025-12-27 08:00:00+00:00,-0.0
2025-12-27 09:00:00+00:00,-0.0
2025-12-27 10:00:00+00:00,-0.0
2025-12-27 11:00:00+00:00,-0.0
2025-12-27 12:00:00+00:00,-0.0
2025-12-27 13:00:00+00:00,-0.0
2025-12-27 14:00:00+00:00,-0.0
2025-12-27 15:00:00+00:00,-0.0
2025-12-27 16:00:00+00:00,-0.0
2025-12-27 17:00:00+00:00,-0.0
2025-12-27 18:00:00+00:00,-0.0
2025-12-27 19:00:00+00:00,-0.0
2025-12-27 20:00:00+00:00,-0.0
2025-12-27 21:00:00+00:00,-0.0
2025-12-27 22:00:00+00:00,-0.0
2025-12-27 23:00:00+00:00,-0.0
2025-12-28 00:00:00+00:00,-0.0
2025-12-28 01:00:00+00:00,-0.0
2025-12-28 02:00:00+00:00,-0.0
2025-12-28 03:00:00+00:00,-0.0
2025-12-28 04:00:00+00:00,-0.0
2025-12-28 05:00:00+00:00,-0.0
2025-12-28 06:00:00+00:00,-0.0
2025-12-28 07:00:00+00:00,-0.0
2025-12-28 08:00:00+00:00,-0.0
2025-12-28 09:00:00+00:00,-0.0
2025-12-28 10:00:00+00:00,-0.0
2025-12-28 11:00:00+00:00,-0.0
2025-12-28 12:00:00+00:00,-0.0
2025-12-28 13:00:00+00:00,-0.0
2025-12-28 14:00:00+00:00,-0.0
2025-12-28 15:00:00+00:00,-0.0
2025-12-28 16:00:00+00:00,-0.0
2025-12-28 17:00:00+00:00,-0.0
2025-12-28 18:00:00+00:00,-0.0
2025-12-28 19:00:00+00:00,-0.0
2025-12-28 20:00:00+00:00,0.008488358135593475
2025-12-28 21:00:00+00:00,-0.0
2025-12-28 22:00:00+00:00,-0.0
2025-12-28 23:00:00+00:00,-0.0
2025-12-29 00:00:00+00:00,-0.0
2025-12-29 01:00:00+00:00,-0.0
2025-12-29 02:00:00+00:00,-0.0
2025-12-29 03:00:00+00:00,-0.0
2025-12-29 04:00:00+00:00,-0.0
2025-12-29 05:00:00+00:00,-0.0
2025-12-29 06:00:00+00:00,-0.0
2025-12-29 07:00:00+00:00,-0.0
2025-12-29 08:00:00+00:00,-0.0
2025-12-29 09:00:00+00:00,-0.0
2025-12-29 10:00:00+00:00,-0.0
2025-12-29 11:00:00+00:00,-0.0
2025-12-29 12:00:00+00:00,-0.0
2025-12-29 13:00:00+00:00,-0.0
2025-12-29 14:00:00+00:00,-0.0
2025-12-29 15:00:00+00:00,-0.0
2025-12-29 16:00:00+00:00,-0.0
2025-12-29 17:00:00+00:00,-0.0
2025-12-29 18:00:00+00:00,-0.0
2025-12-29 19:00:00+00:00,-0.0
2025-12-29 20:00:00+00:00,-0.0
2025-12-29 21:00:00+00:00,-0.0
2025-12-29 22:00:00+00:00,-0.0
2025-12-29 23:00:00+00:00,-0.0
2025-12-30 00:00:00+00:00,-0.0
2025-12-30 01:00:00+00:00,-0.0
2025-12-30 02:00:00+00:00,-0.0
2025-12-30 03:00:00+00:00,-0.0
2025-12-30 04:00:00+00:00,-0.0
2025-12-30 05:00:00+00:00,-0.0
2025-12-30 06:00:00+00:00,-0.0
2025-12-30 07:00:00+00:00,-0.0
2025-12-30 08:00:00+00:00,-0.0
2025-12-30 09:00:00+00:00,-0.0
2025-12-30 10:00:00+00:00,-0.0
2025-12-30 11:00:00+00:00,-0.0
2025-12-30 12:00:00+00:00,-0.0
2025-12-30 13:00:00+00:00,-0.0
2025-12-30 14:00:00+00:00,-0.0
2025-12-30 15:00:00+00:00,-0.0
2025-12-30 16:00:00+00:00,-0.0
2025-12-30 17:00:00+00:00,-0.0
2025-12-30 18:00:00+00:00,-0.0
2025-12-30 19:00:00+00:00,-0.0
2025-12-30 20:00:00+00:00,-0.0
2025-12-30 21:00:00+00:00,-0.0
2025-12-30 22:00:00+00:00,-0.0
2025-12-30 23:00:00+00:00,-0.0
2025-12-31 00:00:00+00:00,-0.0
2025-12-31 01:00:00+00:00,-0.0
2025-12-31 02:00:00+00:00,-0.0
2025-12-31 03:00:00+00:00,-0.0
2025-12-31 04:00:00+00:00,-0.0
2025-12-31 05:00:00+00:00,-0.0
2025-12-31 06:00:00+00:00,-0.0
2025-12-31 07:00:00+00:00,-0.0
2025-12-31 08:00:00+00:00,-0.0
2025-12-31 09:00:00+00:00,-0.0
2025-12-31 10:00:00+00:00,-0.0
2025-12-31 11:00:00+00:00,-0.0
2025-12-31 12:00:00+00:00,-0.0
2025-12-31 13:00:00+00:00,-0.0
2025-12-31 14:00:00+00:00,-0.0
2025-12-31 15:00:00+00:00,-0.0
2025-12-31 16:00:00+00:00,-0.0
2025-12-31 17:00:00+00:00,-0.0
2025-12-31 18:00:00+00:00,-0.0
2025-12-31 19:00:00+00:00,-0.0
2025-12-31 20:00:00+00:00,-0.0
2025-12-31 21:00:00+00:00,-0.0
2025-12-31 22:00:00+00:00,-0.0
2025-12-31 23:00:00+00:00,-0.0
2026-01-01 00:00:00+00:00,-0.0
2026-01-01 01:00:00+00:00,-0.0
2026-01-01 02:00:00+00:00,-0.0
2026-01-01 03:00:00+00:00,-0.0
2026-01-01 04:00:00+00:00,-0.0
2026-01-01 05:00:00+00:00,-0.0
2026-01-01 06:00:00+00:00,-0.0
2026-01-01 07:00:00+00:00,-0.0
2026-01-01 08:00:00+00:00,-0.0
2026-01-01 09:00:00+00:00,-0.0
2026-01-01 10:00:00+00:00,-0.0
2026-01-01 11:00:00+00:00,-0.0
2026-01-01 12:00:00+00:00,-0.0
2026-01-01 13:00:00+00:00,-0.0
2026-01-01 14:00:00+00:00,-0.0
2026-01-01 15:00:00+00:00,-0.0
2026-01-01 16:00:00+00:00,-0.0
2026-01-01 17:00:00+00:00,-0.0
2026-01-01 18:00:00+00:00,-0.0
2026-01-01 19:00:00+00:00,-0.0
2026-01-01 20:00:00+00:00,-0.0
2026-01-01 21:00:00+00:00,-0.0
2026-01-01 22:00:00+00:00,-0.0
2026-01-01 23:00:00+00:00,-0.016520992715140372
2026-01-02 00:00:00+00:00,-0.0
2026-01-02 01:00:00+00:00,-0.0
2026-01-02 02:00:00+00:00,-0.0
2026-01-02 03:00:00+00:00,-0.0
2026-01-02 04:00:00+00:00,-0.0
2026-01-02 05:00:00+00:00,-0.0
2026-01-02 06:00:00+00:00,-0.0
2026-01-02 07:00:00+00:00,-0.0
2026-01-02 08:00:00+00:00,-0.0
2026-01-02 09:00:00+00:00,-0.0
2026-01-02 10:00:00+00:00,-0.0
2026-01-02 11:00:00+00:00,-0.0
2026-01-02 12:00:00+00:00,-0.0
2026-01-02 13:00:00+00:00,-0.0
2026-01-02 14:00:00+00:00,-0.01801004833220854
2026-01-02 15:00:00+00:00,-0.0
2026-01-02 16:00:00+00:00,-0.0
2026-01-02 17:00:00+00:00,-0.0
2026-01-02 18:00:00+00:00,-0.0
2026-01-02 19:00:00+00:00,-0.0
2026-01-02 20:00:00+00:00,-0.0
2026-01-02 21:00:00+00:00,-0.0
2026-01-02 22:00:00+00:00,-0.0
2026-01-02 23:00:00+00:00,-0.0
2026-01-03 00:00:00+00:00,-0.0
2026-01-03 01:00:00+00:00,-0.0
2026-01-03 02:00:00+00:00,-0.0
2026-01-03 03:00:00+00:00,-0.03668583557772731
2026-01-03 04:00:00+00:00,-0.0
2026-01-03 05:00:00+00:00,-0.0
2026-01-03 06:00:00+00:00,-0.0
2026-01-03 07:00:00+00:00,0.017206245244145782
2026-01-03 08:00:00+00:00,-0.0
2026-01-03 09:00:00+00:00,-0.0
2026-01-03 10:00:00+00:00,-0.0
2026-01-03 11:00:00+00:00,-0.0
2026-01-03 12:00:00+00:00,-0.0
2026-01-03 13:00:00+00:00,-0.0
2026-01-03 14:00:00+00:00,-0.0
2026-01-03 15:00:00+00:00,-0.0
2026-01-03 16:00:00+00:00,-0.0
2026-01-03 17:00:00+00:00,-0.0
2026-01-03 18:00:00+00:00,-0.0
2026-01-03 19:00:00+00:00,-0.0
2026-01-03 20:00:00+00:00,-0.0
2026-01-03 21:00:00+00:00,-0.0
2026-01-03 22:00:00+00:00,-0.0
2026-01-03 23:00:00+00:00,-0.0
2026-01-04 00:00:00+00:00,-0.0
2026-01-04 01:00:00+00:00,-0.0
2026-01-04 02:00:00+00:00,-0.0
2026-01-04 03:00:00+00:00,-0.0
2026-01-04 04:00:00+00:00,-0.0
2026-01-04 05:00:00+00:00,-0.0
2026-01-04 06:00:00+00:00,-0.0
2026-01-04 07:00:00+00:00,-0.0
2026-01-04 08:00:00+00:00,-0.0
2026-01-04 09:00:00+00:00,-0.0
2026-01-04 10:00:00+00:00,-0.0
2026-01-04 11:00:00+00:00,-0.03650892084516962
2026-01-04 12:00:00+00:00,-0.0
2026-01-04 13:00:00+00:00,-0.0
2026-01-04 14:00:00+00:00,-0.0
2026-01-04 15:00:00+00:00,-0.0
2026-01-04 16:00:00+00:00,-0.0
2026-01-04 17:00:00+00:00,-0.0
2026-01-04 18:00:00+00:00,-0.0
2026-01-04 19:00:00+00:00,-0.0
2026-01-04 20:00:00+00:00,-0.0
2026-01-04 21:00:00+00:00,-0.0
2026-01-04 22:00:00+00:00,-0.0
2026-01-04 23:00:00+00:00,-0.0
2026-01-05 00:00:00+00:00,-0.0
2026-01-05 01:00:00+00:00,-0.0
2026-01-05 02:00:00+00:00,-0.0
2026-01-05 03:00:00+00:00,-0.0
2026-01-05 04:00:00+00:00,-0.0
2026-01-05 05:00:00+00:00,-0.0
2026-01-05 06:00:00+00:00,-0.0
2026-01-05 07:00:00+00:00,-0.0
2026-01-05 08:00:00+00:00,-0.0
2026-01-05 09:00:00+00:00,-0.0
2026-01-05 10:00:00+00:00,0.01478437425439324
2026-01-05 11:00:00+00:00,-0.0
2026-01-05 12:00:00+00:00,-0.0
2026-01-05 13:00:00+00:00,-0.0
2026-01-05 14:00:00+00:00,-0.0
2026-01-05 15:00:00+00:00,-0.0
2026-01-05 16:00:00+00:00,-0.0
2026-01-05 17:00:00+00:00,-0.0
2026-01-05 18:00:00+00:00,-0.0
2026-01-05 19:00:00+00:00,-0.0
2026-01-05 20:00:00+00:00,-0.0
2026-01-05 21:00:00+00:00,-0.0
2026-01-05 22:00:00+00:00,-0.0
2026-01-05 23:00:00+00:00,-0.0
2026-01-06 00:00:00+00:00,-0.0
2026-01-06 01:00:00+00:00,-0.0
2026-01-06 02:00:00+00:00,-0.0
2026-01-06 03:00:00+00:00,-0.0
2026-01-06 04:00:00+00:00,-0.0
2026-01-06 05:00:00+00:00,-0.0
2026-01-06 06:00:00+00:00,-0.0
2026-01-06 07:00:00+00:00,-0.0
2026-01-06 08:00:00+00:00,-0.0
2026-01-06 09:00:00+00:00,-0.0
2026-01-06 10:00:00+00:00,-0.0
2026-01-06 11:00:00+00:00,-0.0
2026-01-06 12:00:00+00:00,-0.039602698243801374
2026-01-06 13:00:00+00:00,-0.0
2026-01-06 14:00:00+00:00,-0.0
2026-01-06 15:00:00+00:00,-0.0
2026-01-06 16:00:00+00:00,-0.0
2026-01-06 17:00:00+00:00,0.027425076223857685
2026-01-06 18:00:00+00:00,-0.0
2026-01-06 19:00:00+00:00,-0.0
2026-01-06 20:00:00+00:00,-0.0
2026-01-06 21:00:00+00:00,-0.0
2026-01-06 22:00:00+00:00,-0.0
2026-01-06 23:00:00+00:00,-0.0
2026-01-07 00:00:00+00:00,-0.0
2026-01-07 01:00:00+00:00,-0.0
2026-01-07 02:00:00+00:00,-0.0
2026-01-07 03:00:00+00:00,-0.0
2026-01-07 04:00:00+00:00,-0.0
2026-01-07 05:00:00+00:00,-0.0
2026-01-07 06:00:00+00:00,-0.0
2026-01-07 07:00:00+00:00,-0.0
2026-01-07 08:00:00+00:00,-0.0
2026-01-07 09:00:00+00:00,-0.0
2026-01-07 10:00:00+00:00,-0.0
2026-01-07 11:00:00+00:00,-0.0
2026-01-07 12:00:00+00:00,-0.0
2026-01-07 13:00:00+00:00,-0.0
2026-01-07 14:00:00+00:00,-0.0
2026-01-07 15:00:00+00:00,-0.0
2026-01-07 16:00:00+00:00,-0.0
2026-01-07 17:00:00+00:00,-0.0
2026-01-07 18:00:00+00:00,-0.0
2026-01-07 19:00:00+00:00,-0.0
2026-01-07 20:00:00+00:00,-0.0
2026-01-07 21:00:00+00:00,-0.0
2026-01-07 22:00:00+00:00,-0.0
2026-01-07 23:00:00+00:00,-0.0
2026-01-08 00:00:00+00:00,-0.0
2026-01-08 01:00:00+00:00,-0.0
2026-01-08 02:00:00+00:00,-0.0
2026-01-08 03:00:00+00:00,-0.0
2026-01-08 04:00:00+00:00,-0.0
2026-01-08 05:00:00+00:00,-0.0
2026-01-08 06:00:00+00:00,-0.0
2026-01-08 07:00:00+00:00,-0.0
2026-01-08 08:00:00+00:00,-0.0
2026-01-08 09:00:00+00:00,-0.0
2026-01-08 10:00:00+00:00,-0.0
2026-01-08 11:00:00+00:00,-0.0
2026-01-08 12:00:00+00:00,-0.0
2026-01-08 13:00:00+00:00,-0.0
2026-01-08 14:00:00+00:00,-0.0
2026-01-08 15:00:00+00:00,-0.0
2026-01-08 16:00:00+00:00,-0.0
2026-01-08 17:00:00+00:00,-0.0
2026-01-08 18:00:00+00:00,-0.0
2026-01-08 19:00:00+00:00,-0.0
2026-01-08 20:00:00+00:00,-0.0
2026-01-08 21:00:00+00:00,-0.0
2026-01-08 22:00:00+00:00,-0.0
2026-01-08 23:00:00+00:00,-0.0
2026-01-09 00:00:00+00:00,-0.0
2026-01-09 01:00:00+00:00,-0.0
2026-01-09 02:00:00+00:00,-0.0
2026-01-09 03:00:00+00:00,-0.0
2026-01-09 04:00:00+00:00,-0.0
2026-01-09 05:00:00+00:00,-0.0
2026-01-09 06:00:00+00:00,-0.0
2026-01-09 07:00:00+00:00,-0.0
2026-01-09 08:00:00+00:00,-0.0
2026-01-09 09:00:00+00:00,-0.0
2026-01-09 10:00:00+00:00,-0.0
2026-01-09 11:00:00+00:00,-0.0
2026-01-09 12:00:00+00:00,-0.0
2026-01-09 13:00:00+00:00,-0.0
2026-01-09 14:00:00+00:00,-0.0
2026-01-09 15:00:00+00:00,-0.0
2026-01-09 16:00:00+00:00,-0.0
2026-01-09 17:00:00+00:00,-0.05060258327947513
2026-01-09 18:00:00+00:00,-0.0
2026-01-09 19:00:00+00:00,-0.0
2026-01-09 20:00:00+00:00,-0.0
2026-01-09 21:00:00+00:00,-0.0
2026-01-09 22:00:00+00:00,-0.0
2026-01-09 23:00:00+00:00,-0.0
2026-01-10 00:00:00+00:00,-0.0
2026-01-10 01:00:00+00:00,-0.0
2026-01-10 02:00:00+00:00,-0.0
2026-01-10 03:00:00+00:00,-0.0
2026-01-10 04:00:00+00:00,-0.0
2026-01-10 05:00:00+00:00,-0.0
2026-01-10 06:00:00+00:00,-0.0
2026-01-10 07:00:00+00:00,-0.0
2026-01-10 08:00:00+00:00,-0.0
2026-01-10 09:00:00+00:00,-0.0
2026-01-10 10:00:00+00:00,-0.0
2026-01-10 11:00:00+00:00,-0.0
2026-01-10 12:00:00+00:00,-0.0
2026-01-10 13:00:00+00:00,-0.0
2026-01-10 14:00:00+00:00,-0.0
2026-01-10 15:00:00+00:00,-0.0
2026-01-10 16:00:00+00:00,-0.0
2026-01-10 17:00:00+00:00,-0.0
2026-01-10 18:00:00+00:00,-0.0
2026-01-10 19:00:00+00:00,-0.0
2026-01-10 20:00:00+00:00,-0.0
2026-01-10 21:00:00+00:00,-0.0
2026-01-10 22:00:00+00:00,-0.0
2026-01-10 23:00:00+00:00,-0.0
2026-01-11 00:00:00+00:00,-0.0
2026-01-11 01:00:00+00:00,-0.0
2026-01-11 02:00:00+00:00,-0.0
2026-01-11 03:00:00+00:00,-0.0
2026-01-11 04:00:00+00:00,-0.0
2026-01-11 05:00:00+00:00,-0.0
2026-01-11 06:00:00+00:00,-0.0
2026-01-11 07:00:00+00:00,-0.0
2026-01-11 08:00:00+00:00,-0.0
2026-01-11 09:00:00+00:00,-0.0
2026-01-11 10:00:00+00:00,-0.0
2026-01-11 11:00:00+00:00,-0.0
2026-01-11 12:00:00+00:00,-0.0
2026-01-11 13:00:00+00:00,-0.0
2026-01-11 14:00:00+00:00,-0.0
2026-01-11 15:00:00+00:00,-0.0
2026-01-11 16:00:00+00:00,-0.0
2026-01-11 17:00:00+00:00,-0.0
2026-01-11 18:00:00+00:00,-0.0
2026-01-11 19:00:00+00:00,-0.0
2026-01-11 20:00:00+00:00,-0.0
2026-01-11 21:00:00+00:00,-0.0
2026-01-11 22:00:00+00:00,-0.0
2026-01-11 23:00:00+00:00,-0.0
2026-01-12 00:00:00+00:00,-0.0
2026-01-12 01:00:00+00:00,-0.0
2026-01-12 02:00:00+00:00,-0.0
2026-01-12 03:00:00+00:00,-0.0
2026-01-12 04:00:00+00:00,-0.0
2026-01-12 05:00:00+00:00,-0.0
2026-01-12 06:00:00+00:00,-0.0
2026-01-12 07:00:00+00:00,-0.0
2026-01-12 08:00:00+00:00,-0.0
2026-01-12 09:00:00+00:00,-0.0
2026-01-12 10:00:00+00:00,-0.0
2026-01-12 11:00:00+00:00,-0.0
2026-01-12 12:00:00+00:00,-0.0
2026-01-12 13:00:00+00:00,-0.0
2026-01-12 14:00:00+00:00,-0.0
2026-01-12 15:00:00+00:00,-0.0
2026-01-12 16:00:00+00:00,-0.0
2026-01-12 17:00:00+00:00,-0.0
2026-01-12 18:00:00+00:00,-0.0
2026-01-12 19:00:00+00:00,-0.0
2026-01-12 20:00:00+00:00,-0.0
2026-01-12 21:00:00+00:00,-0.0
2026-01-12 22:00:00+00:00,-0.0
2026-01-12 23:00:00+00:00,0.02615366206726929
2026-01-13 00:00:00+00:00,-0.0
2026-01-13 01:00:00+00:00,-0.0
2026-01-13 02:00:00+00:00,-0.0
2026-01-13 03:00:00+00:00,-0.0
2026-01-13 04:00:00+00:00,-0.0
2026-01-13 05:00:00+00:00,-0.0
2026-01-13 06:00:00+00:00,-0.0
2026-01-13 07:00:00+00:00,-0.0
2026-01-13 08:00:00+00:00,-0.0
2026-01-13 09:00:00+00:00,-0.0
2026-01-13 10:00:00+00:00,-0.0
2026-01-13 11:00:00+00:00,-0.0
2026-01-13 12:00:00+00:00,-0.0
2026-01-13 13:00:00+00:00,-0.0
2026-01-13 14:00:00+00:00,-0.0
2026-01-13 15:00:00+00:00,-0.0
2026-01-13 16:00:00+00:00,-0.0
2026-01-13 17:00:00+00:00,-0.0
2026-01-13 18:00:00+00:00,-0.0
2026-01-13 19:00:00+00:00,-0.0
2026-01-13 20:00:00+00:00,-0.0
2026-01-13 21:00:00+00:00,-0.0
2026-01-13 22:00:00+00:00,-0.0
2026-01-13 23:00:00+00:00,-0.0
2026-01-14 00:00:00+00:00,-0.0
2026-01-14 01:00:00+00:00,-0.0
2026-01-14 02:00:00+00:00,-0.0
2026-01-14 03:00:00+00:00,-0.0
2026-01-14 04:00:00+00:00,-0.0
2026-01-14 05:00:00+00:00,-0.0
2026-01-14 06:00:00+00:00,-0.0
2026-01-14 07:00:00+00:00,-0.0
2026-01-14 08:00:00+00:00,-0.0
2026-01-14 09:00:00+00:00,-0.0
2026-01-14 10:00:00+00:00,-0.0
2026-01-14 11:00:00+00:00,-0.0
2026-01-14 12:00:00+00:00,-0.0
2026-01-14 13:00:00+00:00,-0.0
2026-01-14 14:00:00+00:00,-0.0
2026-01-14 15:00:00+00:00,-0.0
2026-01-14 16:00:00+00:00,-0.0
2026-01-14 17:00:00+00:00,-0.0
2026-01-14 18:00:00+00:00,0.013880487269231443
2026-01-14 19:00:00+00:00,-0.0
2026-01-14 20:00:00+00:00,-0.0
2026-01-14 21:00:00+00:00,-0.0
2026-01-14 22:00:00+00:00,-0.0
2026-01-14 23:00:00+00:00,-0.0
2026-01-15 00:00:00+00:00,-0.0
2026-01-15 01:00:00+00:00,-0.0
2026-01-15 02:00:00+00:00,-0.0
2026-01-15 03:00:00+00:00,-0.0
2026-01-15 04:00:00+00:00,-0.0
2026-01-15 05:00:00+00:00,-0.0
2026-01-15 06:00:00+00:00,-0.0
2026-01-15 07:00:00+00:00,-0.0
2026-01-15 08:00:00+00:00,-0.0
2026-01-15 09:00:00+00:00,-0.0
2026-01-15 10:00:00+00:00,-0.0
2026-01-15 11:00:00+00:00,-0.0
2026-01-15 12:00:00+00:00,-0.0
2026-01-15 13:00:00+00:00,-0.0
2026-01-15 14:00:00+00:00,-0.0
2026-01-15 15:00:00+00:00,-0.0
2026-01-15 16:00:00+00:00,-0.0
2026-01-15 17:00:00+00:00,-0.0
2026-01-15 18:00:00+00:00,-0.0
2026-01-15 19:00:00+00:00,-0.0
2026-01-15 20:00:00+00:00,-0.0
2026-01-15 21:00:00+00:00,-0.0
2026-01-15 22:00:00+00:00,-0.0
2026-01-15 23:00:00+00:00,-0.0
2026-01-16 00:00:00+00:00,-0.0
2026-01-16 01:00:00+00:00,-0.0
2026-01-16 02:00:00+00:00,-0.0
2026-01-16 03:00:00+00:00,-0.0
2026-01-16 04:00:00+00:00,-0.0
2026-01-16 05:00:00+00:00,-0.0
2026-01-16 06:00:00+00:00,-0.0
2026-01-16 07:00:00+00:00,-0.0
2026-01-16 08:00:00+00:00,-0.0
2026-01-16 09:00:00+00:00,-0.0
2026-01-16 10:00:00+00:00,-0.0
2026-01-16 11:00:00+00:00,-0.0
2026-01-16 12:00:00+00:00,-0.0
2026-01-16 13:00:00+00:00,-0.0
2026-01-16 14:00:00+00:00,-0.0
2026-01-16 15:00:00+00:00,-0.0
2026-01-16 16:00:00+00:00,-0.0
2026-01-16 17:00:00+00:00,-0.0
2026-01-16 18:00:00+00:00,-0.0
2026-01-16 19:00:00+00:00,-0.0
2026-01-16 20:00:00+00:00,-0.0
2026-01-16 21:00:00+00:00,-0.0
2026-01-16 22:00:00+00:00,-0.0
2026-01-16 23:00:00+00:00,-0.0
2026-01-17 00:00:00+00:00,-0.0
2026-01-17 01:00:00+00:00,-0.0
2026-01-17 02:00:00+00:00,-0.0
2026-01-17 03:00:00+00:00,-0.0
2026-01-17 04:00:00+00:00,-0.0
2026-01-17 05:00:00+00:00,-0.0
2026-01-17 06:00:00+00:00,-0.0
2026-01-17 07:00:00+00:00,-0.0
2026-01-17 08:00:00+00:00,-0.0
2026-01-17 09:00:00+00:00,-0.0
2026-01-17 10:00:00+00:00,-0.0
2026-01-17 11:00:00+00:00,-0.023716428958348905
2026-01-17 12:00:00+00:00,-0.0
2026-01-17 13:00:00+00:00,-0.0
2026-01-17 14:00:00+00:00,-0.0
2026-01-17 15:00:00+00:00,-0.0
2026-01-17 16:00:00+00:00,-0.0
2026-01-17 17:00:00+00:00,-0.0
2026-01-17 18:00:00+00:00,-0.0
2026-01-17 19:00:00+00:00,-0.0
2026-01-17 20:00:00+00:00,-0.0
2026-01-17 21:00:00+00:00,-0.0
2026-01-17 22:00:00+00:00,-0.0
2026-01-17 23:00:00+00:00,-0.0
2026-01-18 00:00:00+00:00,-0.0
2026-01-18 01:00:00+00:00,-0.0
2026-01-18 02:00:00+00:00,-0.0
2026-01-18 03:00:00+00:00,-0.0
2026-01-18 04:00:00+00:00,-0.0
2026-01-18 05:00:00+00:00,0.01465785469225799
2026-01-18 06:00:00+00:00,-0.0
2026-01-18 07:00:00+00:00,-0.0
2026-01-18 08:00:00+00:00,-0.0
2026-01-18 09:00:00+00:00,-0.0
2026-01-18 10:00:00+00:00,-0.0
2026-01-18 11:00:00+00:00,-0.0
2026-01-18 12:00:00+00:00,-0.0
2026-01-18 13:00:00+00:00,-0.0
2026-01-18 14:00:00+00:00,-0.0
2026-01-18 15:00:00+00:00,-0.0
2026-01-18 16:00:00+00:00,-0.0
2026-01-18 17:00:00+00:00,-0.0
2026-01-18 18:00:00+00:00,-0.0
2026-01-18 19:00:00+00:00,-0.0
2026-01-18 20:00:00+00:00,-0.0
2026-01-18 21:00:00+00:00,-0.0
2026-01-18 22:00:00+00:00,-0.0
2026-01-18 23:00:00+00:00,-0.0
2026-01-19 00:00:00+00:00,-0.0
2026-01-19 01:00:00+00:00,-0.0
2026-01-19 02:00:00+00:00,-0.0
2026-01-19 03:00:00+00:00,-0.0
2026-01-19 04:00:00+00:00,-0.0
2026-01-19 05:00:00+00:00,-0.0
2026-01-19 06:00:00+00:00,-0.0
2026-01-19 07:00:00+00:00,-0.0
2026-01-19 08:00:00+00:00,-0.0
2026-01-19 09:00:00+00:00,-0.0
2026-01-19 10:00:00+00:00,-0.0
2026-01-19 11:00:00+00:00,-0.0
2026-01-19 12:00:00+00:00,-0.0
2026-01-19 13:00:00+00:00,-0.0
2026-01-19 14:00:00+00:00,-0.0
2026-01-19 15:00:00+00:00,-0.0
2026-01-19 16:00:00+00:00,-0.0
2026-01-19 17:00:00+00:00,-0.0
2026-01-19 18:00:00+00:00,-0.0
2026-01-19 19:00:00+00:00,-0.0
2026-01-19 20:00:00+00:00,-0.0
2026-01-19 21:00:00+00:00,-0.0
2026-01-19 22:00:00+00:00,-0.0
2026-01-19 23:00:00+00:00,-0.0
2026-01-20 00:00:00+00:00,-0.0
2026-01-20 01:00:00+00:00,-0.0
2026-01-20 02:00:00+00:00,-0.0
2026-01-20 03:00:00+00:00,-0.0
2026-01-20 04:00:00+00:00,-0.0
2026-01-20 05:00:00+00:00,-0.0
2026-01-20 06:00:00+00:00,-0.0
2026-01-20 07:00:00+00:00,-0.0
2026-01-20 08:00:00+00:00,-0.0
2026-01-20 09:00:00+00:00,-0.0
2026-01-20 10:00:00+00:00,-0.0
2026-01-20 11:00:00+00:00,-0.0
2026-01-20 12:00:00+00:00,-0.0
2026-01-20 13:00:00+00:00,-0.0
2026-01-20 14:00:00+00:00,-0.0
2026-01-20 15:00:00+00:00,-0.0
2026-01-20 16:00:00+00:00,-0.0
2026-01-20 17:00:00+00:00,-0.0
2026-01-20 18:00:00+00:00,-0.0
2026-01-20 19:00:00+00:00,-0.0
2026-01-20 20:00:00+00:00,-0.0
2026-01-20 21:00:00+00:00,-0.0
2026-01-20 22:00:00+00:00,-0.0
2026-01-20 23:00:00+00:00,-0.0
2026-01-21 00:00:00+00:00,-0.0
2026-01-21 01:00:00+00:00,-0.0
2026-01-21 02:00:00+00:00,-0.0
2026-01-21 03:00:00+00:00,-0.0
2026-01-21 04:00:00+00:00,-0.0
2026-01-21 05:00:00+00:00,-0.0
2026-01-21 06:00:00+00:00,-0.0
2026-01-21 07:00:00+00:00,-0.0
2026-01-21 08:00:00+00:00,-0.0
2026-01-21 09:00:00+00:00,-0.0
2026-01-21 10:00:00+00:00,-0.0
2026-01-21 11:00:00+00:00,-0.0
2026-01-21 12:00:00+00:00,-0.0
2026-01-21 13:00:00+00:00,-0.0
2026-01-21 14:00:00+00:00,-0.0
2026-01-21 15:00:00+00:00,-0.0
2026-01-21 16:00:00+00:00,-0.0
2026-01-21 17:00:00+00:00,-0.0
2026-01-21 18:00:00+00:00,-0.0
2026-01-21 19:00:00+00:00,-0.0
2026-01-21 20:00:00+00:00,-0.0
2026-01-21 21:00:00+00:00,-0.0
2026-01-21 22:00:00+00:00,-0.0
2026-01-21 23:00:00+00:00,-0.0
2026-01-22 00:00:00+00:00,-0.0
2026-01-22 01:00:00+00:00,-0.0
2026-01-22 02:00:00+00:00,-0.0
2026-01-22 03:00:00+00:00,-0.0
2026-01-22 04:00:00+00:00,-0.0
2026-01-22 05:00:00+00:00,-0.0
2026-01-22 06:00:00+00:00,-0.0
2026-01-22 07:00:00+00:00,-0.0
2026-01-22 08:00:00+00:00,-0.0
2026-01-22 09:00:00+00:00,-0.0
2026-01-22 10:00:00+00:00,-0.0
2026-01-22 11:00:00+00:00,-0.0
2026-01-22 12:00:00+00:00,-0.0
2026-01-22 13:00:00+00:00,-0.0
2026-01-22 14:00:00+00:00,-0.0
2026-01-22 15:00:00+00:00,-0.0
2026-01-22 16:00:00+00:00,-0.0
2026-01-22 17:00:00+00:00,-0.0
2026-01-22 18:00:00+00:00,-0.0
2026-01-22 19:00:00+00:00,-0.0
2026-01-22 20:00:00+00:00,-0.0
2026-01-22 21:00:00+00:00,-0.0
2026-01-22 22:00:00+00:00,-0.0
2026-01-22 23:00:00+00:00,-0.0
2026-01-23 00:00:00+00:00,-0.0
2026-01-23 01:00:00+00:00,-0.0
2026-01-23 02:00:00+00:00,-0.0
2026-01-23 03:00:00+00:00,-0.0
2026-01-23 04:00:00+00:00,-0.0
2026-01-23 05:00:00+00:00,-0.0
2026-01-23 06:00:00+00:00,-0.0
2026-01-23 07:00:00+00:00,-0.0
2026-01-23 08:00:00+00:00,-0.0
2026-01-23 09:00:00+00:00,-0.0
2026-01-23 10:00:00+00:00,-0.0
2026-01-23 11:00:00+00:00,-0.0
2026-01-23 12:00:00+00:00,-0.0
2026-01-23 13:00:00+00:00,-0.0
2026-01-23 14:00:00+00:00,-0.0
2026-01-23 15:00:00+00:00,-0.0
2026-01-23 16:00:00+00:00,-0.0
2026-01-23 17:00:00+00:00,-0.0
2026-01-23 18:00:00+00:00,-0.0
2026-01-23 19:00:00+00:00,-0.0
2026-01-23 20:00:00+00:00,-0.0
2026-01-23 21:00:00+00:00,-0.0
2026-01-23 22:00:00+00:00,-0.0
2026-01-23 23:00:00+00:00,-0.0
2026-01-24 00:00:00+00:00,-0.0
2026-01-24 01:00:00+00:00,-0.0
2026-01-24 02:00:00+00:00,-0.0
2026-01-24 03:00:00+00:00,-0.0
2026-01-24 04:00:00+00:00,-0.0
2026-01-24 05:00:00+00:00,-0.0
2026-01-24 06:00:00+00:00,-0.0
2026-01-24 07:00:00+00:00,-0.0
2026-01-24 08:00:00+00:00,-0.0
2026-01-24 09:00:00+00:00,-0.0
2026-01-24 10:00:00+00:00,-0.0
2026-01-24 11:00:00+00:00,-0.0
2026-01-24 12:00:00+00:00,-0.0
2026-01-24 13:00:00+00:00,-0.0
2026-01-24 14:00:00+00:00,-0.0
2026-01-24 15:00:00+00:00,-0.0
2026-01-24 16:00:00+00:00,-0.0
2026-01-24 17:00:00+00:00,-0.0
2026-01-24 18:00:00+00:00,-0.0
2026-01-24 19:00:00+00:00,-0.0
2026-01-24 20:00:00+00:00,-0.0
2026-01-24 21:00:00+00:00,-0.0
2026-01-24 22:00:00+00:00,-0.0
2026-01-24 23:00:00+00:00,-0.0
2026-01-25 00:00:00+00:00,-0.0
2026-01-25 01:00:00+00:00,-0.0
2026-01-25 02:00:00+00:00,-0.0
2026-01-25 03:00:00+00:00,-0.0
2026-01-25 04:00:00+00:00,-0.0
2026-01-25 05:00:00+00:00,-0.0
2026-01-25 06:00:00+00:00,-0.0
2026-01-25 07:00:00+00:00,-0.0
2026-01-25 08:00:00+00:00,-0.0
2026-01-25 09:00:00+00:00,-0.0
2026-01-25 10:00:00+00:00,-0.0
2026-01-25 11:00:00+00:00,-0.0
2026-01-25 12:00:00+00:00,-0.0
2026-01-25 13:00:00+00:00,-0.0
2026-01-25 14:00:00+00:00,-0.0
2026-01-25 15:00:00+00:00,-0.0
2026-01-25 16:00:00+00:00,-0.0
2026-01-25 17:00:00+00:00,-0.0
2026-01-25 18:00:00+00:00,-0.0
2026-01-25 19:00:00+00:00,-0.0
2026-01-25 20:00:00+00:00,-0.0
2026-01-25 21:00:00+00:00,-0.0
2026-01-25 22:00:00+00:00,-0.0
2026-01-25 23:00:00+00:00,-0.0
2026-01-26 00:00:00+00:00,-0.0
2026-01-26 01:00:00+00:00,-0.0
2026-01-26 02:00:00+00:00,-0.0
2026-01-26 03:00:00+00:00,-0.0
2026-01-26 04:00:00+00:00,-0.0
2026-01-26 05:00:00+00:00,-0.0
2026-01-26 06:00:00+00:00,-0.0
2026-01-26 07:00:00+00:00,-0.0
2026-01-26 08:00:00+00:00,-0.0
2026-01-26 09:00:00+00:00,-0.0
2026-01-26 10:00:00+00:00,-0.0
2026-01-26 11:00:00+00:00,-0.0
2026-01-26 12:00:00+00:00,-0.0
2026-01-26 13:00:00+00:00,-0.0
2026-01-26 14:00:00+00:00,-0.0
2026-01-26 15:00:00+00:00,-0.0
2026-01-26 16:00:00+00:00,0.01602194952675992
2026-01-26 17:00:00+00:00,-0.0
2026-01-26 18:00:00+00:00,-0.0
2026-01-26 19:00:00+00:00,-0.0
2026-01-26 20:00:00+00:00,-0.0
2026-01-26 21:00:00+00:00,-0.0
2026-01-26 22:00:00+00:00,-0.0
2026-01-26 23:00:00+00:00,-0.0
2026-01-27 00:00:00+00:00,-0.0
2026-01-27 01:00:00+00:00,-0.0
2026-01-27 02:00:00+00:00,-0.0
2026-01-27 03:00:00+00:00,-0.0
2026-01-27 04:00:00+00:00,-0.0
2026-01-27 05:00:00+00:00,-0.0
2026-01-27 06:00:00+00:00,-0.0
2026-01-27 07:00:00+00:00,-0.0
2026-01-27 08:00:00+00:00,-0.0
2026-01-27 09:00:00+00:00,-0.0
2026-01-27 10:00:00+00:00,-0.0
2026-01-27 11:00:00+00:00,-0.0
2026-01-27 12:00:00+00:00,-0.0
2026-01-27 13:00:00+00:00,-0.0
2026-01-27 14:00:00+00:00,-0.0
2026-01-27 15:00:00+00:00,-0.0
2026-01-27 16:00:00+00:00,-0.0
2026-01-27 17:00:00+00:00,-0.0
2026-01-27 18:00:00+00:00,-0.0
2026-01-27 19:00:00+00:00,-0.0
2026-01-27 20:00:00+00:00,-0.0
2026-01-27 21:00:00+00:00,-0.0
2026-01-27 22:00:00+00:00,-0.0
2026-01-27 23:00:00+00:00,-0.0
2026-01-28 00:00:00+00:00,-0.0
2026-01-28 01:00:00+00:00,-0.0
2026-01-28 02:00:00+00:00,-0.0
2026-01-28 03:00:00+00:00,-0.0
2026-01-28 04:00:00+00:00,-0.0
2026-01-28 05:00:00+00:00,-0.0
2026-01-28 06:00:00+00:00,-0.0
2026-01-28 07:00:00+00:00,-0.0
2026-01-28 08:00:00+00:00,-0.0
2026-01-28 09:00:00+00:00,-0.0
2026-01-28 10:00:00+00:00,-0.0
2026-01-28 11:00:00+00:00,-0.0
2026-01-28 12:00:00+00:00,-0.0
2026-01-28 13:00:00+00:00,-0.0
2026-01-28 14:00:00+00:00,-0.0
2026-01-28 15:00:00+00:00,-0.0
2026-01-28 16:00:00+00:00,-0.0
2026-01-28 17:00:00+00:00,-0.0
2026-01-28 18:00:00+00:00,-0.0
2026-01-28 19:00:00+00:00,-0.0
2026-01-28 20:00:00+00:00,-0.0
2026-01-28 21:00:00+00:00,-0.0
2026-01-28 22:00:00+00:00,-0.0
2026-01-28 23:00:00+00:00,-0.0
2026-01-29 00:00:00+00:00,-0.0
2026-01-29 01:00:00+00:00,-0.0
2026-01-29 02:00:00+00:00,-0.0
2026-01-29 03:00:00+00:00,-0.0
2026-01-29 04:00:00+00:00,-0.0
2026-01-29 05:00:00+00:00,-0.0
2026-01-29 06:00:00+00:00,-0.0
2026-01-29 07:00:00+00:00,-0.0
2026-01-29 08:00:00+00:00,-0.0
2026-01-29 09:00:00+00:00,-0.0
2026-01-29 10:00:00+00:00,-0.0
2026-01-29 11:00:00+00:00,-0.0
2026-01-29 12:00:00+00:00,-0.0
2026-01-29 13:00:00+00:00,-0.0
2026-01-29 14:00:00+00:00,-0.0
2026-01-29 15:00:00+00:00,-0.0
2026-01-29 16:00:00+00:00,-0.0
2026-01-29 17:00:00+00:00,-0.0
2026-01-29 18:00:00+00:00,-0.0
2026-01-29 19:00:00+00:00,-0.0
2026-01-29 20:00:00+00:00,-0.0
2026-01-29 21:00:00+00:00,-0.0
2026-01-29 22:00:00+00:00,-0.0
2026-01-29 23:00:00+00:00,-0.0
2026-01-30 00:00:00+00:00,-0.0
2026-01-30 01:00:00+00:00,-0.0
2026-01-30 02:00:00+00:00,-0.0
2026-01-30 03:00:00+00:00,-0.0
2026-01-30 04:00:00+00:00,-0.0
2026-01-30 05:00:00+00:00,-0.0
2026-01-30 06:00:00+00:00,-0.0
2026-01-30 07:00:00+00:00,-0.0
2026-01-30 08:00:00+00:00,-0.0
2026-01-30 09:00:00+00:00,-0.0
2026-01-30 10:00:00+00:00,-0.0
2026-01-30 11:00:00+00:00,-0.0
2026-01-30 12:00:00+00:00,-0.0
2026-01-30 13:00:00+00:00,-0.0
2026-01-30 14:00:00+00:00,-0.0
2026-01-30 15:00:00+00:00,-0.0
2026-01-30 16:00:00+00:00,-0.0
2026-01-30 17:00:00+00:00,-0.0
2026-01-30 18:00:00+00:00,-0.0
2026-01-30 19:00:00+00:00,-0.0
2026-01-30 20:00:00+00:00,-0.0
2026-01-30 21:00:00+00:00,-0.0
2026-01-30 22:00:00+00:00,-0.0
2026-01-30 23:00:00+00:00,-0.0
2026-01-31 00:00:00+00:00,-0.0
2026-01-31 01:00:00+00:00,-0.0
2026-01-31 02:00:00+00:00,-0.0
2026-01-31 03:00:00+00:00,-0.0
2026-01-31 04:00:00+00:00,-0.0
2026-01-31 05:00:00+00:00,0.020639796198023256
2026-01-31 06:00:00+00:00,-0.0
2026-01-31 07:00:00+00:00,-0.0
2026-01-31 08:00:00+00:00,-0.0
2026-01-31 09:00:00+00:00,-0.0
2026-01-31 10:00:00+00:00,-0.0
2026-01-31 11:00:00+00:00,-0.0
2026-01-31 12:00:00+00:00,-0.0
2026-01-31 13:00:00+00:00,-0.0
2026-01-31 14:00:00+00:00,-0.0
2026-01-31 15:00:00+00:00,-0.0
2026-01-31 16:00:00+00:00,-0.0
2026-01-31 17:00:00+00:00,-0.0
2026-01-31 18:00:00+00:00,-0.0
2026-01-31 19:00:00+00:00,-0.0
2026-01-31 20:00:00+00:00,-0.0
2026-01-31 21:00:00+00:00,-0.0
2026-01-31 22:00:00+00:00,-0.0
2026-01-31 23:00:00+00:00,-0.0
2026-02-01 00:00:00+00:00,-0.0
2026-02-01 01:00:00+00:00,-0.0
2026-02-01 02:00:00+00:00,-0.0
2026-02-01 03:00:00+00:00,-0.0
2026-02-01 04:00:00+00:00,-0.0
2026-02-01 05:00:00+00:00,-0.0
2026-02-01 06:00:00+00:00,-0.0
2026-02-01 07:00:00+00:00,-0.0
2026-02-01 08:00:00+00:00,-0.0
2026-02-01 09:00:00+00:00,-0.0
2026-02-01 10:00:00+00:00,-0.0
2026-02-01 11:00:00+00:00,-0.0
2026-02-01 12:00:00+00:00,-0.0
2026-02-01 13:00:00+00:00,-0.0
2026-02-01 14:00:00+00:00,-0.0
2026-02-01 15:00:00+00:00,-0.0
2026-02-01 16:00:00+00:00,-0.0
2026-02-01 17:00:00+00:00,-0.0
2026-02-01 18:00:00+00:00,-0.0
2026-02-01 19:00:00+00:00,-0.0
2026-02-01 20:00:00+00:00,-0.0
2026-02-01 21:00:00+00:00,-0.0
2026-02-01 22:00:00+00:00,-0.0
2026-02-01 23:00:00+00:00,-0.0
2026-02-02 00:00:00+00:00,-0.0
2026-02-02 01:00:00+00:00,-0.0
2026-02-02 02:00:00+00:00,-0.0
2026-02-02 03:00:00+00:00,-0.0
2026-02-02 04:00:00+00:00,-0.0
2026-02-02 05:00:00+00:00,-0.0
2026-02-02 06:00:00+00:00,-0.0
2026-02-02 07:00:00+00:00,-0.0
2026-02-02 08:00:00+00:00,-0.0
2026-02-02 09:00:00+00:00,-0.0
2026-02-02 10:00:00+00:00,-0.0
2026-02-02 11:00:00+00:00,-0.0
2026-02-02 12:00:00+00:00,-0.0
2026-02-02 13:00:00+00:00,-0.0
2026-02-02 14:00:00+00:00,-0.0
2026-02-02 15:00:00+00:00,-0.0
2026-02-02 16:00:00+00:00,-0.0
2026-02-02 17:00:00+00:00,-0.0
2026-02-02 18:00:00+00:00,-0.0
2026-02-02 19:00:00+00:00,-0.0
2026-02-02 20:00:00+00:00,-0.0
2026-02-02 21:00:00+00:00,-0.0
2026-02-02 22:00:00+00:00,-0.0
2026-02-02 23:00:00+00:00,-0.0
2026-02-03 00:00:00+00:00,-0.0
2026-02-03 01:00:00+00:00,-0.0
2026-02-03 02:00:00+00:00,-0.0
2026-02-03 03:00:00+00:00,-0.0
2026-02-03 04:00:00+00:00,-0.0
2026-02-03 05:00:00+00:00,-0.0
2026-02-03 06:00:00+00:00,-0.0
2026-02-03 07:00:00+00:00,-0.0
2026-02-03 08:00:00+00:00,-0.0
2026-02-03 09:00:00+00:00,-0.0
2026-02-03 10:00:00+00:00,-0.0
2026-02-03 11:00:00+00:00,-0.0
2026-02-03 12:00:00+00:00,-0.0
2026-02-03 13:00:00+00:00,-0.0
2026-02-03 14:00:00+00:00,-0.0
2026-02-03 15:00:00+00:00,-0.0
2026-02-03 16:00:00+00:00,-0.0
2026-02-03 17:00:00+00:00,-0.0
2026-02-03 18:00:00+00:00,-0.0
2026-02-03 19:00:00+00:00,-0.0
2026-02-03 20:00:00+00:00,-0.0
2026-02-03 21:00:00+00:00,-0.0
2026-02-03 22:00:00+00:00,-0.0
2026-02-03 23:00:00+00:00,-0.0
2026-02-04 00:00:00+00:00,-0.0
2026-02-04 01:00:00+00:00,-0.0
2026-02-04 02:00:00+00:00,-0.0
2026-02-04 03:00:00+00:00,-0.0
2026-02-04 04:00:00+00:00,-0.0
2026-02-04 05:00:00+00:00,-0.0
2026-02-04 06:00:00+00:00,-0.0
2026-02-04 07:00:00+00:00,-0.0
2026-02-04 08:00:00+00:00,-0.0
2026-02-04 09:00:00+00:00,-0.0
2026-02-04 10:00:00+00:00,-0.0
2026-02-04 11:00:00+00:00,-0.0
2026-02-04 12:00:00+00:00,-0.0
2026-02-04 13:00:00+00:00,-0.0
2026-02-04 14:00:00+00:00,-0.0
2026-02-04 15:00:00+00:00,-0.0
2026-02-04 16:00:00+00:00,-0.0
2026-02-04 17:00:00+00:00,-0.0
2026-02-04 18:00:00+00:00,-0.0
2026-02-04 19:00:00+00:00,-0.0
2026-02-04 20:00:00+00:00,-0.0
2026-02-04 21:00:00+00:00,-0.0
2026-02-04 22:00:00+00:00,-0.0
2026-02-04 23:00:00+00:00,-0.0
2026-02-05 00:00:00+00:00,-0.0
2026-02-05 01:00:00+00:00,-0.0
2026-02-05 02:00:00+00:00,-0.0
2026-02-05 03:00:00+00:00,-0.0
2026-02-05 04:00:00+00:00,-0.0
2026-02-05 05:00:00+00:00,-0.0
2026-02-05 06:00:00+00:00,-0.0
2026-02-05 07:00:00+00:00,-0.0
2026-02-05 08:00:00+00:00,-0.0
2026-02-05 09:00:00+00:00,-0.0
2026-02-05 10:00:00+00:00,-0.0
2026-02-05 11:00:00+00:00,-0.0
2026-02-05 12:00:00+00:00,-0.0
2026-02-05 13:00:00+00:00,-0.0
2026-02-05 14:00:00+00:00,-0.0
2026-02-05 15:00:00+00:00,-0.0
2026-02-05 16:00:00+00:00,-0.0
2026-02-05 17:00:00+00:00,-0.0
2026-02-05 18:00:00+00:00,-0.0
2026-02-05 19:00:00+00:00,-0.0
2026-02-05 20:00:00+00:00,-0.0
2026-02-05 21:00:00+00:00,-0.0
2026-02-05 22:00:00+00:00,-0.0
2026-02-05 23:00:00+00:00,-0.0
2026-02-06 00:00:00+00:00,-0.0
2026-02-06 01:00:00+00:00,-0.0
2026-02-06 02:00:00+00:00,-0.0
2026-02-06 03:00:00+00:00,-0.0
2026-02-06 04:00:00+00:00,-0.0
2026-02-06 05:00:00+00:00,-0.0
2026-02-06 06:00:00+00:00,-0.0
2026-02-06 07:00:00+00:00,-0.0
2026-02-06 08:00:00+00:00,-0.0
2026-02-06 09:00:00+00:00,-0.0
2026-02-06 10:00:00+00:00,-0.0
2026-02-06 11:00:00+00:00,-0.0
2026-02-06 12:00:00+00:00,-0.0
2026-02-06 13:00:00+00:00,-0.0
2026-02-06 14:00:00+00:00,-0.0
2026-02-06 15:00:00+00:00,-0.0
2026-02-06 16:00:00+00:00,-0.0
2026-02-06 17:00:00+00:00,-0.0
2026-02-06 18:00:00+00:00,-0.0
2026-02-06 19:00:00+00:00,-0.0
2026-02-06 20:00:00+00:00,-0.0
2026-02-06 21:00:00+00:00,-0.0
2026-02-06 22:00:00+00:00,-0.0
2026-02-06 23:00:00+00:00,-0.0
2026-02-07 00:00:00+00:00,-0.0
2026-02-07 01:00:00+00:00,-0.0
2026-02-07 02:00:00+00:00,-0.0
2026-02-07 03:00:00+00:00,-0.0
2026-02-07 04:00:00+00:00,-0.0
2026-02-07 05:00:00+00:00,-0.0
2026-02-07 06:00:00+00:00,-0.0
2026-02-07 07:00:00+00:00,-0.0
2026-02-07 08:00:00+00:00,-0.0
2026-02-07 09:00:00+00:00,-0.0
2026-02-07 10:00:00+00:00,-0.0
2026-02-07 11:00:00+00:00,-0.0
2026-02-07 12:00:00+00:00,-0.0
2026-02-07 13:00:00+00:00,-0.0
2026-02-07 14:00:00+00:00,-0.0
2026-02-07 15:00:00+00:00,-0.0
2026-02-07 16:00:00+00:00,-0.0
2026-02-07 17:00:00+00:00,-0.0
2026-02-07 18:00:00+00:00,-0.0
2026-02-07 19:00:00+00:00,-0.0
2026-02-07 20:00:00+00:00,-0.0
2026-02-07 21:00:00+00:00,-0.0
2026-02-07 22:00:00+00:00,-0.0
2026-02-07 23:00:00+00:00,-0.0
2026-02-08 00:00:00+00:00,-0.0
2026-02-08 01:00:00+00:00,-0.0
2026-02-08 02:00:00+00:00,-0.0
2026-02-08 03:00:00+00:00,-0.0
2026-02-08 04:00:00+00:00,-0.0
2026-02-08 05:00:00+00:00,-0.0
2026-02-08 06:00:00+00:00,-0.0
2026-02-08 07:00:00+00:00,-0.0
2026-02-08 08:00:00+00:00,-0.0
2026-02-08 09:00:00+00:00,-0.0
2026-02-08 10:00:00+00:00,-0.0
2026-02-08 11:00:00+00:00,-0.0
2026-02-08 12:00:00+00:00,-0.0
2026-02-08 13:00:00+00:00,-0.0
2026-02-08 14:00:00+00:00,-0.0
2026-02-08 15:00:00+00:00,-0.0
2026-02-08 16:00:00+00:00,-0.0
2026-02-08 17:00:00+00:00,-0.0
2026-02-08 18:00:00+00:00,-0.0
2026-02-08 19:00:00+00:00,-0.0
2026-02-08 20:00:00+00:00,-0.0
2026-02-08 21:00:00+00:00,-0.0
2026-02-08 22:00:00+00:00,-0.0
2026-02-08 23:00:00+00:00,-0.0
2026-02-09 00:00:00+00:00,-0.0
2026-02-09 01:00:00+00:00,-0.0
2026-02-09 02:00:00+00:00,-0.0
2026-02-09 03:00:00+00:00,-0.0
2026-02-09 04:00:00+00:00,-0.0
2026-02-09 05:00:00+00:00,-0.0
2026-02-09 06:00:00+00:00,-0.0
2026-02-09 07:00:00+00:00,-0.0
2026-02-09 08:00:00+00:00,-0.0
2026-02-09 09:00:00+00:00,-0.0
2026-02-09 10:00:00+00:00,-0.0
2026-02-09 11:00:00+00:00,-0.0
2026-02-09 12:00:00+00:00,-0.0
2026-02-09 13:00:00+00:00,-0.0
2026-02-09 14:00:00+00:00,-0.0
2026-02-09 15:00:00+00:00,-0.0
2026-02-09 16:00:00+00:00,-0.0
2026-02-09 17:00:00+00:00,-0.0
2026-02-09 18:00:00+00:00,-0.0
2026-02-09 19:00:00+00:00,-0.0
2026-02-09 20:00:00+00:00,-0.0
2026-02-09 21:00:00+00:00,-0.0
2026-02-09 22:00:00+00:00,-0.0
2026-02-09 23:00:00+00:00,-0.0
2026-02-10 00:00:00+00:00,-0.0
2026-02-10 01:00:00+00:00,-0.0
2026-02-10 02:00:00+00:00,-0.0
2026-02-10 03:00:00+00:00,-0.0
2026-02-10 04:00:00+00:00,-0.0
2026-02-10 05:00:00+00:00,-0.0
2026-02-10 06:00:00+00:00,-0.0
2026-02-10 07:00:00+00:00,-0.0
2026-02-10 08:00:00+00:00,-0.0
2026-02-10 09:00:00+00:00,-0.0
2026-02-10 10:00:00+00:00,-0.0
2026-02-10 11:00:00+00:00,-0.0
2026-02-10 12:00:00+00:00,-0.0
2026-02-10 13:00:00+00:00,-0.0
2026-02-10 14:00:00+00:00,-0.0
2026-02-10 15:00:00+00:00,-0.0
2026-02-10 16:00:00+00:00,-0.0
2026-02-10 17:00:00+00:00,-0.0
2026-02-10 18:00:00+00:00,-0.0
2026-02-10 19:00:00+00:00,-0.0
2026-02-10 20:00:00+00:00,-0.0
2026-02-10 21:00:00+00:00,-0.0
2026-02-10 22:00:00+00:00,-0.0
2026-02-10 23:00:00+00:00,-0.0
2026-02-11 00:00:00+00:00,-0.0
2026-02-11 01:00:00+00:00,-0.0
2026-02-11 02:00:00+00:00,-0.0
2026-02-11 03:00:00+00:00,-0.0
2026-02-11 04:00:00+00:00,-0.0
2026-02-11 05:00:00+00:00,-0.0
2026-02-11 06:00:00+00:00,-0.0
2026-02-11 07:00:00+00:00,-0.0
2026-02-11 08:00:00+00:00,-0.0
2026-02-11 09:00:00+00:00,-0.0
2026-02-11 10:00:00+00:00,-0.0
2026-02-11 11:00:00+00:00,-0.0
2026-02-11 12:00:00+00:00,-0.0
2026-02-11 13:00:00+00:00,-0.0
2026-02-11 14:00:00+00:00,-0.0
2026-02-11 15:00:00+00:00,-0.0
2026-02-11 16:00:00+00:00,-0.0
2026-02-11 17:00:00+00:00,-0.0
2026-02-11 18:00:00+00:00,-0.0
2026-02-11 19:00:00+00:00,-0.0
2026-02-11 20:00:00+00:00,-0.0
2026-02-11 21:00:00+00:00,-0.0
2026-02-11 22:00:00+00:00,-0.0
2026-02-11 23:00:00+00:00,-0.0
2026-02-12 00:00:00+00:00,-0.0
2026-02-12 01:00:00+00:00,-0.0
2026-02-12 02:00:00+00:00,-0.0
2026-02-12 03:00:00+00:00,-0.0
2026-02-12 04:00:00+00:00,-0.0
2026-02-12 05:00:00+00:00,-0.0
2026-02-12 06:00:00+00:00,-0.0
2026-02-12 07:00:00+00:00,-0.0
2026-02-12 08:00:00+00:00,-0.0
2026-02-12 09:00:00+00:00,-0.0
2026-02-12 10:00:00+00:00,-0.0
2026-02-12 11:00:00+00:00,-0.0
2026-02-12 12:00:00+00:00,-0.0
2026-02-12 13:00:00+00:00,-0.0
2026-02-12 14:00:00+00:00,-0.0
2026-02-12 15:00:00+00:00,-0.0
2026-02-12 16:00:00+00:00,-0.0
2026-02-12 17:00:00+00:00,-0.0
2026-02-12 18:00:00+00:00,-0.0
2026-02-12 19:00:00+00:00,-0.0
2026-02-12 20:00:00+00:00,-0.0
2026-02-12 21:00:00+00:00,-0.0
2026-02-12 22:00:00+00:00,-0.0
2026-02-12 23:00:00+00:00,-0.0
2026-02-13 00:00:00+00:00,-0.0
2026-02-13 01:00:00+00:00,-0.0
2026-02-13 02:00:00+00:00,-0.0
2026-02-13 03:00:00+00:00,-0.0
2026-02-13 04:00:00+00:00,-0.0
2026-02-13 05:00:00+00:00,-0.0
2026-02-13 06:00:00+00:00,-0.0
2026-02-13 07:00:00+00:00,-0.0
2026-02-13 08:00:00+00:00,-0.0
2026-02-13 09:00:00+00:00,-0.0
2026-02-13 10:00:00+00:00,-0.0
2026-02-13 11:00:00+00:00,-0.0
2026-02-13 12:00:00+00:00,-0.0
2026-02-13 13:00:00+00:00,-0.0
2026-02-13 14:00:00+00:00,-0.0
2026-02-13 15:00:00+00:00,-0.0
2026-02-13 16:00:00+00:00,-0.0
2026-02-13 17:00:00+00:00,-0.0
2026-02-13 18:00:00+00:00,-0.0
2026-02-13 19:00:00+00:00,-0.0
2026-02-13 20:00:00+00:00,-0.0
2026-02-13 21:00:00+00:00,-0.0
2026-02-13 22:00:00+00:00,-0.08163302138587164
